,,,,,,,,,,,,,,,,,,,,,
"Stock Market Data Used in ""Irrational Exuberance"" Princeton University Press, 2000, 2005, 2015, updated",,,,,,,,,,,,Cyclically,,Cyclically ,,,,,,,
Robert J. Shiller ,,,,,,,,,,,,Adjusted,,Adjusted,,,,,,,
,,,,,,,,,,,,Price,,Total Return Price,,,,,,,
,,,,  Consumer,,,,,Real,,Real,Earnings,,Earnings,,,Monthly,Real,,,
,S&P,,,Price,,Long,,,Total,,TR,Ratio,,Ratio,,Excess,Total,Total,10 Year,10 Year,Real 10 Year
,Comp.,Dividend,Earnings,Index,Date  ,Interest,Real,Real,Return,Real,Scaled,P/E10 or,,TR P/E10 or,,CAPE,Bond,Bond,Annualized Stock,Annualized Bonds ,Excess Annualized 
Date,P,D,E,CPI,Fraction,Rate GS10,Price,Dividend,Price,Earnings,Earnings,CAPE,,TR CAPE,,Yield,Returns,Returns,Real Return,Real Return,Returns
1871.01,4.44,0.26,0.4,12.46406116,1871.0416666666667,5.32,118.94058292634374,6.96498909028139,118.94058292634374,10.715367831202137,10.715367831202137,NA,,NA,,,1.0041769357097787,1,0.13060944596425683,0.09250367635209922,0.038105769612157614
1871.02,4.5,0.26,0.4,12.84464132,1871.125,5.323333333333333,116.97611576435986,6.758620021940792,117.5393340995216,10.397876956831986,10.447940808846363,NA,,NA,,,1.0041797523411402,0.974423686137471,0.1308584817139513,0.09463463434450947,0.03622384736944184
1871.03,4.61,0.26,0.4,13.0349719,1871.2083333333333,5.326666666666667,118.08574938316515,6.659933804690442,119.21197707810029,10.246052007216063,10.343772414585706,NA,,NA,,,1.0041825689642252,0.9642089857885741,0.1309508729293516,0.0961859956344644,0.0347648772948872
1871.04,4.74,0.26,0.4,12.55922645,1871.2916666666665,5.33,126.0149624899868,6.912213132362145,127.79832549489623,10.634174049787914,10.784668818134701,NA,,NA,,,1.0041853855790357,1.004919008380089,0.12205603761969885,0.09097190623902263,0.031084131380676228
1871.05,4.86,0.26,0.4,12.27381157,1871.3749999999998,5.333333333333334,132.20974924906722,7.072949548304008,134.6785346636494,10.881460843544627,11.084653058736578,NA,,NA,,,1.0041882021855737,1.0325911467539233,0.1226380989022473,0.08948843719041011,0.0331496617118372
1871.06,4.82,0.26,0.4,12.08348099,1871.458333333333,5.336666666666667,133.18693937052322,7.184357725380921,136.2838481832432,11.05285803904757,11.30986291977122,NA,,NA,,,1.0041910187838414,1.0532486237736511,0.12309279994112066,0.08772491101954372,0.03536788892157694
1871.07,4.73,0.26,0.4,12.08348099,1871.5416666666663,5.34,130.70004631173754,7.184357725380921,134.35174660111565,11.05285803904757,11.361669902842758,NA,,NA,,,1.0041938353738404,1.0576628085399415,0.12002181566560743,0.08658085614998545,0.03344095951562198
1871.08,4.79,0.26,0.4,11.8932314,1871.6249999999995,5.343333333333334,134.47523395534034,7.299282010101981,138.85767967102132,11.229664630926125,11.595630870231426,NA,,NA,,,1.004196651955573,1.0790882870419878,0.11193301028006641,0.08266861094518951,0.0292643993348769
1871.09,4.84,0.26,0.4,12.17864628,1871.7083333333328,5.346666666666668,132.69452637391154,7.128218358929133,137.63231698062867,10.966489782967896,11.374571651291626,NA,,NA,,,1.0041994685290414,1.0582215453478223,0.11002820544053638,0.08104790478423318,0.028980300656303193
1871.1,4.59,0.26,0.4,12.36889587,1871.791666666666,5.3500000000000005,123.90488133359958,7.01857715615161,129.1222400628536,10.797811009464017,11.252482794148463,NA,,NA,,,1.0042022850942474,1.046320345645266,0.11476525767910162,0.08165265212472672,0.033112605554374896
1871.11,4.64,0.26,0.4,12.36889587,1871.8749999999993,5.3533333333333335,125.25460770978259,7.01857715615161,131.1383098968052,10.797811009464017,11.305026715241828,NA,,NA,,,1.004205101651193,1.050717282037579,0.11526991934606379,0.08259325022901964,0.032676669117044144
1871.12,4.74,0.26,0.4,12.65439174,1871.9583333333326,5.3566666666666665,125.06728750915057,6.8602309604175415,131.54073078073213,10.554201477565448,11.100483610188363,NA,,NA,,,1.0042079181998806,1.031330727999685,0.11213517395572437,0.08499917774721588,0.027135996208508484
1872.01,4.86,0.2633,0.4025,12.65439174,1872.0416666666658,5.36,128.2335479524202,6.947303122607455,135.47978364182248,10.620165236800231,11.220290723422538,NA,,NA,,,1.0030599998857486,1.0356704833401311,0.10768446401001164,0.0849309891814114,0.02275347482860024
1872.02,4.88,0.2667,0.405,12.65439174,1872.124999999999,5.378333333333333,128.76125802629846,7.037013835166762,136.6568687990809,10.686128996035016,11.341399972054871,NA,,NA,,,1.0030764483003818,1.038839634900825,0.10375207603565961,0.0839098290029967,0.019842247032662907
1872.03,5.04,0.27,0.4075,12.84464132,1872.2083333333323,5.3966666666666665,131.01324965608305,7.0185669458615925,139.66769736004528,10.592837149772585,11.292576721075086,NA,,NA,,,1.0030928953450977,1.0266013661348654,0.10166592292535204,0.08551458849815541,0.01615133442719663
1872.04,5.18,0.2733,0.41,13.13013719,1872.2916666666656,5.415000000000001,131.72468230699423,6.949875612838132,141.0435397854082,10.426084893024639,11.16367785946281,NA,,NA,,,1.0031093410217495,1.0073855331848895,0.10007866793276321,0.08688549793064304,0.01319317000212017
1872.05,5.18,0.2767,0.4125,13.13013719,1872.3749999999989,5.433333333333334,131.72468230699423,7.03633582902419,141.67138321299223,10.489658581396741,11.28174625006936,NA,,NA,,,1.0031257853321864,1.0105178383479383,0.09776066372272174,0.08587668085729061,0.01188398286543113
1872.06,5.13,0.28,0.415,13.0349719,1872.4583333333321,5.451666666666666,131.40561699254602,7.172236405051246,141.97104330120322,10.630278957486667,11.484986933723068,NA,,NA,,,1.003142228278255,1.0210771159167262,0.09647170562254859,0.08408634200547294,0.012385363617075651
1872.07,5.1,0.2833,0.4175,12.84464132,1872.5416666666654,5.470000000000001,132.57293119960784,7.364296354676255,143.89524733964714,10.852784073693387,11.779659953784838,NA,,NA,,,1.0031586698618002,1.0394633320598912,0.10250040147031392,0.08345252066981468,0.01904788080049924
1872.08,5.04,0.2867,0.42,12.93980661,1872.6249999999986,5.488333333333333,130.04971795324226,7.397867884364,141.82568037795122,10.837476496103521,11.8188066981626,NA,,NA,,,1.0031751100846626,1.0350778150153286,0.10684171794485064,0.08324921768267268,0.023592500262177962
1872.09,4.95,0.29,0.4225,13.0349719,1872.708333333332,5.506666666666667,126.7948935892988,7.428387705231646,138.95121815347892,10.822392432621967,11.859977711079765,NA,,NA,,,1.0031915489486818,1.0307834454158584,0.11370306084803916,0.08699311713523294,0.026709943712806217
1872.1,4.97,0.2933,0.425,12.74947603,1872.7916666666652,5.5249999999999995,130.15795481283004,7.681152544588139,143.33817383623082,11.130207403511625,12.257288507122354,NA,,NA,,,1.0032079864556935,1.0572289881054313,0.10870071962282002,0.08557233270220443,0.023128386920615585
1872.11,4.95,0.2967,0.4275,13.13013719,1872.8749999999984,5.543333333333333,125.87590297676091,7.544925336001002,139.3149198886881,10.87110071162935,12.031743081295788,NA,,NA,,,1.0032244226075313,1.029871681217814,0.10855245783606438,0.0897661676855337,0.018786290150530682
1872.12,5.07,0.3,0.43,12.93980661,1872.9583333333317,5.5616666666666665,130.82382341724966,7.741054640073945,145.50506024604573,11.095511650772654,12.340665859132082,NA,,NA,,,1.0032408574060259,1.0483895674210992,0.10586247483438727,0.08917802028564115,0.01668445454874612
1873.01,5.11,0.3025,0.4325,12.93980661,1873.041666666665,5.58,131.8559640359262,7.805563428741227,147.3764887411564,11.160020439439936,12.473646062729967,NA,,NA,,,1.0053472215787504,1.051787248515076,0.1043883357395603,0.08914698112495523,0.015241354614605074
1873.02,5.15,0.305,0.435,13.22522149,1873.1249999999982,5.570833333333334,130.0202326516953,7.70022737063438,146.04189402435952,10.982291495822805,12.335577456426483,NA,,NA,,,1.0053398720295676,1.0345912828835473,0.10236955495561739,0.09024771897101957,0.012121835984597817
1873.03,5.11,0.3075,0.4375,13.22522149,1873.2083333333314,5.561666666666666,129.01036676702194,7.763343988426466,145.63425281531093,11.04540811361489,12.468686028708127,NA,,NA,,,1.0053325226495526,1.0401158679370517,0.10559090483294353,0.09103688685262346,0.014554017980320078
1873.04,5.04,0.31,0.44,13.22522149,1873.2916666666647,5.552499999999999,127.24310146884353,7.826460606218551,144.37550927336514,11.108524731406975,12.604211127039814,NA,,NA,,,1.0053251734388198,1.0456623093609851,0.11040916305818316,0.09183813332210611,0.01857102973607705
1873.05,5.05,0.3125,0.4425,12.93980661,1873.374999999998,5.543333333333333,130.3077531079114,8.063598583410359,148.61523738105583,11.418055594109068,13.022226245765784,NA,,NA,,,1.0053178243974839,1.0744177639884591,0.10688473560051936,0.09026951899961788,0.016615216600901483
1873.06,4.98,0.315,0.445,12.55922645,1873.4583333333312,5.534166666666667,132.39546691985953,8.374412064207982,151.7921769231027,11.830518630389053,13.563758781281264,NA,,NA,,,1.005310475525659,1.1128623698390758,0.10928658872736285,0.08999554254332143,0.019291046184041427
1873.07,4.97,0.3175,0.4475,12.55922645,1873.5416666666645,5.525,132.12961256861482,8.440875652019157,152.29383279563132,11.896982218200229,13.712573476065398,NA,,NA,,,1.0053031268234605,1.1187721982175332,0.10995788113977434,0.09195892378348636,0.01799895735628798
1873.08,4.97,0.32,0.45,12.55922645,1873.6249999999977,5.515833333333333,132.12961256861482,8.507339239830332,153.11096939010824,11.963445806011404,13.863166242565134,NA,,NA,,,1.005295778291002,1.1247051890712423,0.10477284115871521,0.09171831374615547,0.013054527412559747
1873.09,4.59,0.3225,0.4525,12.55922645,1873.708333333331,5.506666666666667,122.02714722131631,8.573802827641506,142.23223476920643,12.029909393822578,14.021805279535057,NA,,NA,,,1.0052884299283993,1.130661378395303,0.11585285902884634,0.09259876333025585,0.023254095698590493
1873.1,4.19,0.325,0.455,12.27381157,1873.7916666666642,5.4975000000000005,113.98330233612998,8.84118693538001,133.71525929964685,12.377661709532013,14.520392119651387,NA,,NA,,,1.005281081735767,1.1630722161205505,0.12024919033565862,0.0898512573985164,0.030397932937142214
1873.11,4.04,0.3275,0.4575,11.8932314,1873.8749999999975,5.488333333333332,113.41961277235387,9.194287916570765,133.95281590659596,12.843928921621757,15.169161702293973,NA,,NA,,,1.0052737337132196,1.2066290414056366,0.12342998034291397,0.08731201737128536,0.036117962971628614
1873.12,4.42,0.33,0.46,12.17864628,1873.9583333333308,5.479166666666666,121.17971210179526,9.047354070948515,144.0082229202101,12.611463250413083,14.987281118392907,NA,,NA,,,1.0052663858608724,1.1845651757323503,0.11227108128967789,0.08852845532822085,0.023742625961457042
1874.01,4.66,0.33,0.46,12.36889587,1874.041666666664,5.47,125.79449826025579,8.908194082807814,150.3745657158018,12.41748266088362,14.843841250916059,NA,,NA,,,1.007109145660312,1.1724874567369146,0.10468779814198337,0.08998045264656684,0.014707345495416524
1874.02,4.8,0.33,0.46,12.36889587,1874.1249999999973,5.4366666666666665,129.57373211356818,8.908194082807814,155.77966008434186,12.41748266088362,14.928884091416098,NA,,NA,,,1.0070852297331554,1.180822840851746,0.10429674065200834,0.08961205036884956,0.014684690283158774
1874.03,4.73,0.33,0.46,12.36889587,1874.2083333333305,5.403333333333332,127.68411518691201,8.908194082807814,154.40036101067844,12.41748266088362,15.015679929156887,NA,,NA,,,1.0070613220358624,1.1891892419533379,0.10542636932176053,0.08924563509070738,0.01618073423105315
1874.04,4.6,0.33,0.46,12.17864628,1874.2916666666638,5.37,126.11463250413081,9.047354070948515,153.41418405821827,12.611463250413083,15.341418405821829,NA,,NA,,,1.007037422588707,1.2162946727781339,0.10390272399850331,0.08946159627440897,0.014441127724094338
1874.05,4.48,0.33,0.46,12.08348099,1874.374999999997,5.336666666666667,123.7920100373328,9.118607882214246,151.51316556793176,12.710786744904707,15.557155393135853,NA,,NA,,,1.0070135314120179,1.2345007781010944,0.098946329803004,0.09056336273159538,0.00838296707140862
1874.06,4.46,0.33,0.46,11.79806612,1874.4583333333303,5.303333333333334,126.22073269072338,9.339202194605093,155.4383068705666,13.018281847025284,16.03175362342167,NA,,NA,,,1.0069896485261771,1.273233074582096,0.09222672713125957,0.08759934236332301,0.00462738476793656
1874.07,4.46,0.33,0.46,11.8932314,1874.5416666666636,5.27,125.21076063482629,9.264473320514053,155.1452976188285,12.914114325565045,16.001532938264823,NA,,NA,,,1.006965773951622,1.2718733715616586,0.09426240001379371,0.08929108193502922,0.004971318078764497
1874.08,4.47,0.33,0.46,11.79806612,1874.6249999999968,5.236666666666666,126.50373881783263,9.339202194605093,157.71172182540872,13.018281847025284,16.229841619617005,NA,,NA,,,1.0069419077088448,1.291063571619315,0.09975115768984244,0.08805959345912306,0.011691564230719376
1874.09,4.54,0.33,0.46,11.79806612,1874.70833333333,5.203333333333333,128.48478170759734,9.339202194605093,161.1517426034797,13.018281847025284,16.328150131630107,NA,,NA,,,1.0069180498183923,1.3000260157797479,0.0956785588115232,0.08889449576664332,0.006784063044879884
1874.1,4.53,0.33,0.46,11.60773554,1874.7916666666633,5.17,130.30388397356612,9.492335918604155,164.42549249120657,13.231740977448217,16.696628376590514,NA,,NA,,,1.0068942003008658,1.330483491289112,0.09169518026330503,0.08797415230288252,0.003721027960422507
1874.11,4.57,0.33,0.46,11.51265124,1874.8749999999966,5.136666666666667,132.54016761129645,9.570734203879175,168.25378535314184,13.341023435710365,16.935829597909244,NA,,NA,,,1.0068703591769228,1.350720483628871,0.09005090275792615,0.08917331041191146,0.0008775923460146995
1874.12,4.54,0.33,0.46,11.51265124,1874.9583333333298,5.1033333333333335,131.67010086548925,9.570734203879175,168.16174280097925,13.341023435710365,17.03841446882169,NA,,NA,,,1.0068465264672748,1.3600004184990284,0.09175396091007504,0.09006911079930058,0.0016848501107744607
1875.01,4.54,0.3275,0.4517,11.51265124,1875.041666666663,5.07,131.67010086548925,9.498228641728575,169.1726269927436,13.100304969370374,16.831558504982883,NA,,NA,,,1.0073431926888408,1.3693116973597868,0.0892083982740628,0.08972112928294762,-0.0005127310088848258
1875.02,4.53,0.325,0.4433,11.51265124,1875.1249999999964,5.03,131.38007861688686,9.425723079577976,169.809198001068,12.85668628054436,16.617310700634317,NA,,NA,,,1.007315568235935,1.3793668170045832,0.09146378058280402,0.08811211747288672,0.003351663109917302
1875.03,4.59,0.3225,0.435,11.51265124,1875.2083333333296,4.99,133.12021210850125,9.353217517427375,173.0657485697971,12.615967814204366,16.401655910209527,NA,,NA,,,1.0072879584453418,1.3894576690767646,0.09275612529953525,0.0902541770867007,0.0025019482128345594
1875.04,4.65,0.32,0.4267,11.60773554,1875.2916666666629,4.95,133.75564248942217,9.20468937561615,174.88908254832816,12.273877989298162,16.048423983520784,NA,,NA,,,1.0072603633605304,1.3881193428160883,0.09069527484105944,0.08952962295902567,0.0011656518820337691
1875.05,4.47,0.3175,0.4183,11.32232066,1875.3749999999961,4.91,131.819219735824,9.362998269826425,173.3773555393098,12.33556590950675,16.224552085479484,NA,,NA,,,1.0072327830251093,1.433443583424613,0.09351657903820443,0.08899258683421118,0.004523992203993243
1875.06,4.38,0.315,0.41,11.13207107,1875.4583333333294,4.87,131.37260270832962,9.448029646831925,173.8254914071646,12.29743541333679,16.271335953638697,NA,,NA,,,1.0072052174828279,1.468486429803929,0.095914444065069,0.08938360406139712,0.006530840003671878
1875.07,4.39,0.3125,0.4017,11.13207107,1875.5416666666626,4.83,131.6725401574354,9.37304528455548,175.25584766731683,12.048487330578999,16.03650888564036,NA,,NA,,,1.0071776667775758,1.4790671939012479,0.09826006026682488,0.08772544482871258,0.010534615438112294
1875.08,4.41,0.31,0.3933,11.22715537,1875.624999999996,4.79,131.1521820509018,9.219314384530513,175.58582607697343,11.696633378825325,15.659388978701507,NA,,NA,,,1.0071501309533841,1.4770671144241894,0.10457179338880329,0.08829836215479658,0.016273431234006708
1875.09,4.37,0.3075,0.385,11.13207107,1875.7083333333292,4.75,131.07266525922384,9.223076560002594,176.50835314655131,11.547591790572353,15.550507084993653,NA,,NA,,,1.0071226100544257,1.5003348770741327,0.10440819145589186,0.08832540736684091,0.01608278408905095
1875.1,4.3,0.305,0.3767,11.13207107,1875.7916666666624,4.710000000000001,128.9731031154834,9.14809219772615,174.70759096246653,11.29864370781456,15.305197561758405,NA,,NA,,,1.0070951041250158,1.5110211773545867,0.1122718302690342,0.08797672773658127,0.024295102532452928
1875.11,4.37,0.3025,0.3683,11.03690579,1875.8749999999957,4.67,132.20283408797673,9.151340345906856,180.11563770222654,11.141945948421473,15.179997566528614,NA,,NA,,,1.0070676132096117,1.5348631899060345,0.11499503759337615,0.08539607874346267,0.02959895884991348
1875.12,4.37,0.3,0.36,10.9417405,1875.958333333329,4.63,133.35266222042097,9.154645003690227,182.72155703265977,10.98557400442827,15.052576780722543,NA,,NA,,,1.0070401373528144,1.5591547604140388,0.11035320886148181,0.081565062593568,0.028788146267913817
1876.01,4.46,0.3,0.3533,10.84657521,1876.0416666666622,4.59,137.29315670323922,9.234965697527302,189.17536317094957,10.875711269787987,14.985573051187552,NA,,NA,,,1.0047535252938302,1.5839073864861757,0.1095351820791517,0.08282497021690594,0.02671021186224576
1876.02,4.52,0.3,0.3467,10.84657521,1876.1249999999955,4.578333333333333,139.14014984274468,9.234965697527302,192.78072323138244,10.672542024442388,14.786963881486793,NA,,NA,,,1.0047443025681573,1.5914365303109221,0.109966211808318,0.08250154311141644,0.027464668696901562
1876.03,4.51,0.3,0.34,10.84657521,1876.2083333333287,4.566666666666666,138.83231765282713,9.234965697527302,193.42048226865475,10.46629445719761,14.581588463712333,NA,,NA,,,1.0047350802178763,1.5989867867287357,0.10901821433351011,0.08347715093962482,0.025541063393885288
1876.04,4.34,0.3,0.3333,10.75149091,1876.291666666662,4.555000000000001,134.78069805669398,9.316638114518017,188.85744410966748,10.350784945229517,14.503729521141054,NA,,NA,,,1.0047258582433127,1.6207662356618915,0.11192838192299148,0.08351723085888385,0.02841115106410763
1876.05,4.18,0.3,0.3267,10.37091074,1876.3749999999952,4.543333333333333,134.57551462833243,9.658529758014291,189.69774756143707,10.518138906477562,14.826376585722846,NA,,NA,,,1.0047166366447913,1.6881839075548075,0.11241410249312955,0.08197173467791474,0.03044236781521481
1876.06,4.15,0.3,0.32,10.08541488,1876.4583333333285,4.531666666666666,137.39185660550635,9.931941441361904,194.83433803286567,10.59407087078603,15.023370643498074,NA,,NA,,,1.0047074154226387,1.7441606243682406,0.11623666750572381,0.07999981760301189,0.03623684990271192
1876.07,4.1,0.3,0.3133,10.08541488,1876.5416666666617,4.52,135.736533031946,9.931941441361904,193.66063720134238,10.372257511928948,14.798506740287944,NA,,NA,,,1.0046981945771802,1.752371112990951,0.11759364095515057,0.07833082394635626,0.039262817008794304
1876.08,3.93,0.3,0.3067,10.18058017,1876.624999999995,4.508333333333334,128.8922146958546,9.839100358462183,185.06539890864636,10.058840266467838,14.44263558404118,NA,,NA,,,1.0046889741087426,1.7441464460155387,0.12251791865412565,0.07769518507067019,0.044822733583455454
1876.09,3.69,0.3,0.3,10.27574545,1876.7083333333283,4.496666666666667,119.90014067543876,9.747978916702339,173.32080050954718,9.747978916702339,14.091121992646114,NA,,NA,,,1.004679754017652,1.736096151378347,0.13319853175354224,0.07839142070578209,0.05480711104776015
1876.1,3.67,0.3,0.2933,10.46599504,1876.7916666666615,4.485,117.082558353668,9.5707813368121,170.4007789151433,9.357033886956629,13.618133094226573,NA,,NA,,,1.004670534304236,1.7125144225562385,0.13835154000468108,0.0800663118999938,0.05828522810468728
1876.11,3.6,0.3,0.2867,10.56116033,1876.8749999999948,4.473333333333334,113.81448273117921,9.484540227598268,166.79476320543537,9.064058944174745,13.2833496141662,NA,,NA,,,1.004661314968821,1.705009455228019,0.1439490540823818,0.08074114453889969,0.0632079095434821
1876.12,3.58,0.3,0.28,10.75149091,1876.958333333328,4.461666666666667,111.17854816658166,9.316638114518017,164.06960143279434,8.695528906883483,12.832259329939225,NA,,NA,,,1.0046520960117353,1.6826330509190333,0.14180043980962043,0.08104437021333677,0.06075606959628366
1877.01,3.55,0.2908,0.2817,10.9417405,1877.0416666666613,4.45,108.329965877001,8.873902556910393,160.95715187634397,8.596211658465123,12.772290051708762,NA,,NA,,,1.004442533161084,1.6610679219869882,0.14039429114462587,0.08003707003321958,0.06035722111140629
1877.02,3.34,0.2817,0.2833,10.65632562,1877.1249999999945,4.440833333333333,104.65154592376278,8.826449247522149,156.58460376153178,8.876581724611375,13.281562348994596,NA,,NA,,,1.0044352053538859,1.7131343139871542,0.1417511780828007,0.07563823739010123,0.06611294069269946
1877.03,3.17,0.2725,0.285,10.18058017,1877.2083333333278,4.431666666666667,103.96649378775038,8.93718282560315,156.67394933148898,9.347145340539072,14.085828252200114,NA,,NA,,,1.0044278777306086,1.8011434150689984,0.1447192704429554,0.07046624603850593,0.07425302440444947
1877.04,2.94,0.2633,0.2867,10.46599504,1877.291666666661,4.4225,93.79365710075857,8.399955753275417,142.39870296369702,9.146476697546763,13.886295285609503,NA,,NA,,,1.0044205502913774,1.7597827500645762,0.15871290353602885,0.07316083061404854,0.0855520729219803
1877.05,2.94,0.2542,0.2883,10.65632562,1877.3749999999943,4.413333333333333,92.11842665145586,7.964797297551047,140.86303505302374,9.033245715515212,13.813201702648552,NA,,NA,,,1.0044132230363174,1.7359918744254137,0.16233557057379455,0.07482890996850311,0.08750666060529144
1877.06,2.73,0.245,0.29,10.08541488,1877.4583333333276,4.404166666666667,90.38066711639333,8.111085510445555,139.23932727970447,9.60087672664984,14.790990809931976,NA,,NA,,,1.0044058959655546,1.8423571486255097,0.16205707677969516,0.06992805582859263,0.09212902095110254
1877.07,2.85,0.2358,0.2917,10.18058017,1877.5416666666608,4.395,93.47145340539073,7.733532881751277,144.99380272858295,9.56688524854473,14.840242896816722,NA,,NA,,,1.0043985690792139,1.8331766521383228,0.15629330873783331,0.07195354761241424,0.08433976112541908
1877.08,3.05,0.2267,0.2933,9.8,1877.624999999994,4.385833333333333,103.91552295918365,7.723819362244898,162.1931806891512,9.992925535714285,15.597134392173134,NA,,NA,,,1.0043912423774213,1.9127440302159064,0.1395598918938108,0.06633936445065092,0.07322052744315988
1877.09,3.24,0.2175,0.295,9.704834711,1877.7083333333273,4.376666666666667,111.47141937139995,7.483035096691199,174.95986147855172,10.149403924247833,15.929987387707637,NA,,NA,,,1.004383915860302,1.939982021195476,0.13127468006042053,0.06631802870475378,0.06495665135566675
1877.1,3.31,0.2083,0.2967,9.704834711,1877.7916666666606,4.367500000000001,113.87975250596722,7.166511313290928,179.67720774367427,10.207892014658754,16.10580892373056,NA,,NA,,,1.0043765895279828,1.9484867391468959,0.12353034304649135,0.06478631940556157,0.05874402364092979
1877.11,3.26,0.1992,0.2983,9.514585124,1877.8749999999939,4.358333333333333,114.40220837946437,6.990466229812669,181.4206464372686,10.46815299374056,16.6005456540605,NA,,NA,,,1.0043692633805883,1.9961460925673595,0.12369224054914918,0.061170700598773164,0.06252153995037601
1877.12,3.25,0.19,0.3,9.514585124,1877.9583333333271,4.349166666666666,114.05128135989548,6.667613371809274,181.7452743833476,10.527810587067275,16.776486866155164,NA,,NA,,,1.0043619374182455,2.0048677805919186,0.12068740905577857,0.05845543064635628,0.062231978409422295
1878.01,3.25,0.1892,0.3008,9.229089256,1878.0416666666604,4.34,117.5793835014136,6.844929033374601,188.27641845868325,10.882424171453913,17.425706668422134,NA,,NA,,,1.0044217286102688,2.0759026922234454,0.116739978924576,0.05378307635288948,0.06295690257168651
1878.02,3.18,0.1883,0.3017,9.134004959,1878.1249999999936,4.33,116.24453399861572,6.883284827653879,187.05746327494612,11.028608775906402,17.746929770456365,NA,,NA,,,1.0044137681563745,2.1067873132148214,0.11854460093593122,0.053913136018938435,0.06463146491699279
1878.03,3.24,0.1875,0.3025,8.94367438,1878.208333333327,4.32,120.95830572937295,6.999901951931306,195.58140391559766,11.293175149115838,18.260300828539595,NA,,NA,,,1.0044058079432483,2.1611186719048097,0.10972463559295131,0.05171228411044737,0.05801235148250394
1878.04,3.33,0.1867,0.3033,8.848509091,1878.2916666666601,4.3100000000000005,125.65529554926914,7.044998101816382,204.12539275978776,11.44482016219019,18.591961448661753,NA,,NA,,,1.0043978479710691,2.1939852759131644,0.10714224225389746,0.05181882271441829,0.05532341953947917
1878.05,3.34,0.1858,0.3042,8.563094215,1878.3749999999934,4.3,130.23340885897284,7.24472076826262,212.54322448617705,11.861378136197466,19.357978709190135,NA,,NA,,,1.0043898882400162,2.2770830012558188,0.10590338286570189,0.04961739972388535,0.05628598314181654
1878.06,3.41,0.185,0.305,8.372844628,1878.4583333333267,4.29,135.98406223763504,7.377434461572574,222.9317343644406,12.162797355565596,19.939641929957293,NA,,NA,,,1.0043819287502689,2.3390466481712737,0.09892094350792924,0.04851612002550332,0.05040482348242592
1878.07,3.48,0.1842,0.3058,8.467928926,1878.54166666666,4.279999999999999,137.2172475884099,7.263050863731351,225.94566496372832,12.05776848061372,19.854650674111532,NA,,NA,,,1.0043739695020064,2.3229165130070015,0.09938361771645687,0.048472788674609246,0.05091082904184763
1878.08,3.45,0.1833,0.3067,8.563094215,1878.6249999999932,4.27,134.52253310283123,7.147240671811293,222.48921134136674,11.958858232648792,19.778968440115122,NA,,NA,,,1.0043660104954082,2.307148408524934,0.10382760299540661,0.0496581283649129,0.05416947463049371
1878.09,3.52,0.1825,0.3075,8.563094215,1878.7083333333264,4.26,137.25197580346838,7.116047040946869,227.98426493065529,11.990051863513218,19.91623905289105,NA,,NA,,,1.0043580517306545,2.317221442691018,0.10423562132954345,0.04967045110529145,0.054565170224252
1878.1,3.48,0.1817,0.3083,8.467928926,1878.7916666666597,4.25,137.2172475884099,7.164475254831632,228.9182999275964,12.156344089513441,20.280319502206314,NA,,NA,,,1.004350093207925,2.3534751790138597,0.1022776192460364,0.047284254876306386,0.05499336436973001
1878.11,3.47,0.1808,0.3092,8.372844628,1878.874999999993,4.239999999999999,138.37674368463152,7.2099467602828184,231.85503427972517,12.33028505685535,20.65982034561701,NA,,NA,,,1.004342134927399,2.390555982488441,0.09772281052939258,0.04490438843299871,0.05281842209639387
1878.12,3.45,0.18,0.31,8.18251405,1878.9583333333262,4.2299999999999995,140.77936413686942,7.3450103027931855,236.90627648992424,12.649739965921599,21.287230641123625,NA,,NA,,,1.0043341768892575,2.4567834282733547,0.09365794506517244,0.042514842079854676,0.05114310298531777
1879.01,3.58,0.1817,0.3158,8.277679339,1879.0416666666595,4.22,144.40462127691026,7.329139577099049,244.0347320021519,12.738262402024654,21.526862672145132,NA,,NA,,,1.0048663382006082,2.439064452549838,0.09676324324512309,0.04739993705323253,0.049363306191890555
1879.02,3.71,0.1833,0.3217,8.372844628,1879.1249999999927,4.203333333333333,147.94746947261757,7.309641820574339,251.05132566259348,12.828760358312957,21.769059694246987,NA,,NA,,,1.004853493821275,2.4230765874387807,0.09660940875928525,0.049668133462527964,0.04694127529675729
1879.03,3.65,0.185,0.3275,8.277679339,1879.208333333326,4.186666666666666,147.22817532422417,7.462249982186703,250.8859802393503,13.210199292789977,22.511002336544443,NA,,NA,,,1.0048406505677119,2.4628293569541437,0.09611097124769374,0.049555504087045454,0.04655546716064829
1879.04,3.77,0.1867,0.3333,8.18251405,1879.2916666666592,4.17,153.83716023072395,7.618407908508266,263.2299555958641,13.600510744005382,23.271762387294828,NA,,NA,,,1.004827808441316,2.503533209685912,0.09104578035076294,0.048158813833927505,0.042886966516835434
1879.05,3.94,0.1883,0.3392,8.18251405,1879.3749999999925,4.153333333333332,160.77411440558416,7.683696888977538,276.1953691691237,13.841263859485824,23.778037873646387,NA,,NA,,,1.0048149674434854,2.515619788448749,0.0917891406454241,0.05056711008668979,0.0412220305587343
1879.06,3.96,0.19,0.345,8.087381157,1879.4583333333258,4.136666666666667,163.49103304665724,7.844266737087089,281.98576768025714,14.243536969973926,24.566941881234523,NA,,NA,,,1.00480212757562,2.5574664536825686,0.09173318523057694,0.049157552491394085,0.042575632739182856
1879.07,4.04,0.1917,0.3508,8.18251405,1879.541666666659,4.119999999999999,164.85467568491373,7.822435972474744,285.4620793368344,14.314608967888052,24.787152829544926,NA,,NA,,,1.0047892888391219,2.5398709093681653,0.08854171073645167,0.050204458524767626,0.03833725221168405
1879.08,4.07,0.1933,0.3567,8.18251405,1879.6249999999923,4.103333333333333,166.0788440687126,7.8877249529440165,288.72004485863874,14.555362083368498,25.303793612058094,NA,,NA,,,1.0047764512353945,2.5520350847672124,0.08911138689372722,0.050024868987590176,0.03908651790613704
1879.09,4.22,0.195,0.3625,8.467928926,1879.7083333333255,4.086666666666666,166.39562782272694,7.688897494178141,290.38465616823964,14.293463290459364,24.944179587911584,NA,,NA,,,1.0047636147658443,2.477796551656441,0.09010455155763819,0.05214439452799713,0.03796015702964106
1879.1,4.68,0.1967,0.3683,8.94367438,1879.7916666666588,4.069999999999999,174.71755272020536,7.3433638077060674,305.9755665094113,13.749674074113598,24.079231013977818,NA,,NA,,,1.004750779431878,2.357169261015449,0.08280008983503073,0.057732581236854985,0.025067508598175747
1879.11,4.93,0.1983,0.3742,9.419419835,1879.874999999992,4.053333333333333,174.75492693122962,7.0291890487754225,307.06684555301183,13.264359768289273,23.30718328720832,NA,,NA,,,1.0047379452349057,2.2487488045936366,0.08177957154300253,0.06305032386033349,0.018729247682669037
1879.12,4.92,0.2,0.38,9.704834711,1879.9583333333253,4.036666666666667,169.27141460101473,6.8809518130493785,298.43916994868476,13.073808444793821,23.050179792784597,NA,,NA,,,1.004725112176339,2.192955207681907,0.08330007728470679,0.06474328622394743,0.01855679106075936
1880.01,5.11,0.205,0.3892,9.990330579,1880.0416666666586,4.02,170.78420593873724,6.851421177581434,302.1129772679445,13.007673767388752,23.010248679585903,NA,,NA,,,1.0055306639798018,2.1403524891297896,0.08623703204470545,0.07029751573647802,0.01593951630822743
1880.02,5.2,0.21,0.3983,9.990330579,1880.1249999999918,3.993333333333333,173.79214694352908,7.0185290111809815,308.4685829541096,13.311810024539927,23.62750703665804,NA,,NA,,,1.0055111531554377,2.152190059545499,0.08313550008808135,0.0698624871855944,0.013273012902486947
1880.03,5.3,0.215,0.4075,10.08541488,1880.208333333325,3.9666666666666663,175.46429879739364,7.117891366309364,312.4893446153848,13.490887124516584,24.026303383164016,NA,,NA,,,1.005491647018348,2.143648647263011,0.08129234207764924,0.07044482301499544,0.010847519062653799
1880.04,5.18,0.22,0.4167,9.704834711,1880.2916666666583,3.9399999999999995,178.21665195797888,7.569046994354317,318.51441592865416,14.33646310248838,25.622578594106216,NA,,NA,,,1.005472145577851,2.239946763313674,0.0818241996053255,0.06590905378504397,0.01591514582028153
1880.05,4.77,0.225,0.4258,9.419419835,1880.3749999999916,3.913333333333333,169.0833674365041,7.975630539457741,303.3789802291574,15.093437705338252,27.081503098862733,NA,,NA,,,1.0054526488432851,2.320447405059896,0.0906559524396584,0.060992209032631806,0.0296637434070266
1880.06,4.79,0.23,0.435,9.229089256,1880.4583333333248,3.8866666666666667,173.29392214516037,8.321002524715425,312.1779645485699,15.737548253266128,28.350190934995386,NA,,NA,,,1.005433156824009,2.381215276230429,0.08712214361342796,0.058412780526710506,0.028709363086717454
1880.07,5.01,0.235,0.4442,9.229089256,1880.541666666658,3.8600000000000003,181.2531419514099,8.501893883948368,327.7922938470587,16.070388354254746,29.06294150236796,NA,,NA,,,1.0054136695294011,2.3941527922579144,0.08140838182329424,0.058000756739075454,0.023407625084218786
1880.08,5.19,0.24,0.4533,9.229089256,1880.6249999999914,3.8333333333333335,187.76523088379588,8.682785243181312,340.87781455951614,16.399610628058703,29.772622994186637,NA,,NA,,,1.0053941869688605,2.407113944278092,0.07109000397857934,0.05375326390602253,0.01733674007255681
1880.09,5.18,0.245,0.4625,9.324254545,1880.7083333333246,3.8066666666666666,185.49076943930638,8.773212068075303,338.0759255676879,16.561675842795218,30.185350497115,NA,,NA,,,1.005374709151806,2.3953983376449153,0.0692795846262324,0.053184267575099975,0.01609531705113243
1880.1,5.33,0.25,0.4717,9.324254545,1880.7916666666579,3.7800000000000002,190.86212376669945,8.952257212321738,349.22546944500067,16.891118908208657,30.906126442252692,NA,,NA,,,1.0053552360876774,2.408272907012476,0.06128925706337118,0.05278512270498581,0.008504134358385373
1880.11,5.61,0.255,0.4808,9.419419835,1880.8749999999911,3.7533333333333334,198.85905478381304,9.039047944718773,365.235914096966,17.043036281650146,31.302215240253346,NA,,NA,,,1.0053357677859338,2.396708469608671,0.0514909165915689,0.05597025673668732,-0.004479340145118416
1880.12,5.84,0.26,0.49,9.514585124,1880.9583333333244,3.726666666666667,204.94137942824295,9.124102508791639,377.8035468058172,17.19542395887655,31.699270194323702,NA,,NA,,,1.0053163042560556,2.385396859492788,0.045882043257927,0.05663894316368645,-0.010756899905759454
1881.01,6.19,0.265,0.4858,9.419419835,1881.0416666666576,3.7,219.41845795219297,9.393520413139118,405.93468235577404,17.220272515860316,31.858330967437006,18.473952301404942,,24.135057421965016,,-0.01048874481343709,1.003636193113409,2.422306367277153,0.04535327605849804,0.05646796550221045,-0.011114689443712411
1881.02,6.17,0.27,0.4817,9.514585124,1881.124999999991,3.693333333333334,216.52197107401693,9.475029528360547,402.0368141894861,16.904154532634355,31.38754187926669,18.14725816499024,,23.6555032661501,,-0.011392839551264078,1.0036308102375502,2.406798230969046,0.04677401903063272,0.05619874876652009,-0.009424729735887372
1881.03,6.24,0.275,0.4775,9.514585124,1881.2083333333242,3.686666666666667,218.97846021099932,9.650493038145001,408.09125837940076,16.75676518441541,31.22813715964164,18.270119140204997,,23.767712891469255,,-0.013123118077292363,1.0036254274364746,2.415536858625766,0.04242258109867714,0.05488451380323034,-0.012461932704553202
1881.04,6.22,0.28,0.4733,9.609669421,1881.2916666666574,3.68,216.11683597164605,9.728732165926191,404.26917945572734,16.445031907617377,30.762154764693854,17.950108278222896,,23.308850117141485,,-0.007503501721981776,1.0036200447102193,2.4003066741761567,0.04597073304042709,0.05463536055914475,-0.00866462751871766
1881.05,6.5,0.285,0.4692,9.514585124,1881.3749999999907,3.673333333333334,228.10256271979097,10.00142005771391,428.24879547081974,16.46549575817322,30.912974589985943,18.8697186931526,,24.456686047737893,,-0.00888108998627423,1.0036146620588215,2.4330702656658305,0.04115741733591283,0.05478552314378082,-0.013628105807867996
1881.06,6.58,0.29,0.465,9.514585124,1881.458333333324,3.666666666666667,230.90997887634225,10.176883567498365,435.1117569366983,16.318106409954275,30.748779175617734,19.02871073111579,,24.616330670871356,,-0.007732465433510229,1.0036092794823186,2.44186499244158,0.04027935161521179,0.057281368771541885,-0.017002017156330096
1881.07,6.35,0.295,0.4608,9.609669421,1881.5416666666572,3.66,220.6337473343975,10.249914246243662,417.3574167770573,16.010713507352815,30.28634608675087,18.116367187389752,,23.397455434510498,,-0.004047872140695727,1.0036038969807477,2.426429765693857,0.04456726849941983,0.05958401113314027,-0.015016742633720437
1881.08,6.2,0.3,0.4567,9.8,1881.6249999999905,3.6533333333333333,211.23811224489793,10.221198979591836,401.1955787409127,15.560071913265304,29.552584001770132,17.28624355397345,,22.294300579943215,,0.0021436052233798214,1.0035985145541462,2.3878796596676124,0.05255711098609872,0.06161583387755387,-0.009058722891455151
1881.09,6.25,0.305,0.4525,10.18058017,1881.7083333333237,3.646666666666667,204.98125746796214,10.003085364436552,390.8954030369353,14.840643040680458,28.300827179874116,16.724836648772907,,21.542784022650437,,0.005564050621919711,1.0035931322025515,2.3068852566080684,0.0652507750753617,0.06694470171395306,-0.0016939266385913587
1881.1,6.15,0.31,0.4483,10.27574545,1881.791666666657,3.64,199.83356779239796,10.072911547259084,382.679593375491,14.566729827858861,27.895164505728875,16.26198941118135,,20.927319306516623,,0.006724035747653748,1.0035877499260009,2.293733011241884,0.06788260087672637,0.06789011597922157,-7.515102495192494e-06
1881.11,6.19,0.315,0.4442,10.18058017,1881.8749999999902,3.6333333333333337,203.0134373962697,10.331055376385292,390.4176737688931,14.568427930763004,28.016725474659502,16.47864231664487,,21.18977465045719,,0.005069307365658436,1.0035823677245315,2.3234804663770237,0.0658473434837683,0.06819254694835664,-0.00234520346458833
1881.12,6.01,0.32,0.44,10.18058017,1881.9583333333235,3.626666666666667,197.1099771811924,10.495040382359662,380.74658438097225,14.430680525744535,27.87495792473008,15.958754206105084,,20.509855894384813,,0.004877507108947091,1.0035769855981806,2.331804027808352,0.0720994492776843,0.06814562197563823,0.003953827302046076
1882.01,5.92,0.32,0.4392,10.18058017,1882.0416666666567,3.62,194.15824707365374,10.495040382359662,376.7342798312005,14.404442924788635,27.949610760449875,15.678764160028747,,20.142053775383264,,0.006063178135554355,1.0029473239550168,2.3401448572336023,0.07832481367087984,0.07084148900561615,0.007483324665263691
1882.02,5.79,0.32,0.4383,10.27574545,1882.12499999999,3.6208333333333336,188.13599309235514,10.397844177815829,366.73030531881346,14.241797197302118,27.761294096931945,15.153861528363045,,19.462129672651724,,0.009174922369645351,1.0029480211096595,2.3253057002951274,0.0817909365931333,0.07173267696399543,0.010058259629137867
1882.03,5.78,0.32,0.4375,10.27574545,1882.2083333333233,3.621666666666667,187.8110604617984,10.397844177815829,367.7859481090231,14.215802586857578,27.83846925565702,15.09167029948675,,19.377440588099798,,0.00797812806574854,1.0029487182641554,2.332160750586009,0.08586702325543394,0.07445210648996503,0.011414916765468908
1882.04,5.78,0.32,0.4367,10.37091074,1882.2916666666565,3.6225,186.08767333774202,10.30243174188191,366.0923306098027,14.059599817749467,27.659605670813285,14.916997168375307,,19.149099336903035,,0.00749817273575875,1.0029494154185046,2.317574217329899,0.08800081153422123,0.07678374533490495,0.011217066199316283
1882.05,5.71,0.32,0.4358,10.46599504,1882.3749999999898,3.6233333333333335,182.1638714439903,10.208833425932905,360.0466544428636,13.903155021942379,27.479567776917683,14.567103202191767,,18.69842050025918,,0.009991834775673024,1.002950112572707,2.303292281025816,0.09018572267114022,0.07766405967638024,0.012521662994759986
1882.06,5.68,0.32,0.435,10.56116033,1882.458333333323,3.6241666666666665,179.5739616425272,10.116842909438152,356.5940283316352,13.752583330017488,27.309577873989667,14.327404890131675,,18.39019781872344,,0.012729276253183229,1.0029508097267625,2.2892713462933485,0.09102426945949138,0.07853813008224053,0.012486139377250849
1882.07,6,0.32,0.4342,10.46599504,1882.5416666666563,3.625,191.415626736242,10.208833425932905,381.79831984574525,13.85211085481271,27.629471746170424,15.24055976121783,,19.55702412921713,,0.009093141918662694,1.0029515068806714,2.316903880477162,0.08108859838569282,0.0745920020030304,0.006496596382662423
1882.08,6.18,0.32,0.4333,10.56116033,1882.6249999999895,3.6258333333333335,195.38152868852433,10.116842909438152,391.3903136418677,13.698837602061099,27.441654191103765,15.525429331463037,,19.913629768832696,,0.008044514050340734,1.0029522040344336,2.3028032886110448,0.07891847533921936,0.07406092727070024,0.004857548068519124
1882.09,6.24,0.32,0.4325,10.27574545,1882.7083333333228,3.626666666666667,202.75796146740865,10.397844177815829,407.9026164426359,14.053336271579205,28.272096412089745,16.081106624462315,,20.61719470598177,,0.0024137828797115776,1.002952901188049,2.3737521789893026,0.07214453292436529,0.07102454557233062,0.0011199873520346681
1882.1,6.07,0.32,0.4317,10.18058017,1882.791666666656,3.6275,199.07779725288484,10.495040382359662,402.2584365489134,14.15846541582708,28.608726039236558,15.755581030526558,,20.192326679272217,,0.004945010915350101,1.0029535983415176,2.403016343465269,0.0761543603164081,0.06993187653122335,0.006222483785184751
1882.11,5.81,0.32,0.4308,10.08541488,1882.8749999999893,3.6283333333333334,192.34859924770885,10.59407087078603,390.44523000782823,14.262267909795696,28.95074097889371,15.192670313165342,,19.46618580570175,,0.003500861849316736,1.0029542954948398,2.4328555595556973,0.07659991971065838,0.06609486578286883,0.010505053927789554
1882.12,5.84,0.32,0.43,9.990330579,1882.9583333333226,3.629166666666667,195.18194964427113,10.694901350371019,398.00571786392703,14.371273689561058,29.305215527652162,15.382128332081978,,19.704614063292855,,0.0031815143101115995,1.0029549926480152,2.4632663671671393,0.07241309462243817,0.06365265886144345,0.008760435760994723
1883.01,5.81,0.3208,0.4275,9.990330579,1883.0416666666558,3.63,194.1793026426738,10.721638603746946,397.7830890948021,14.287719772761283,29.268893388645076,15.270259119098574,,19.556713466650184,,0.0036494449665530476,1.0030943156162713,2.4705453011722214,0.07083801135081091,0.059651685724352754,0.01118632562645816
1883.02,5.68,0.3217,0.425,10.08541488,1883.124999999989,3.629166666666667,188.04475795645206,10.65035187228708,387.034394710653,14.070250375262699,28.95943974507527,14.757590146176227,,18.8982221884684,,0.004730537555653086,1.0030936238807047,2.4548258166309074,0.07095371079227153,0.059426127509803583,0.011527583282467946
1883.03,5.75,0.3225,0.4225,9.990330579,1883.2083333333223,3.6283333333333334,192.17400863947927,10.778455267170793,397.38192120228945,14.120611939161737,29.198932470950833,15.051254121401639,,19.273105236150062,,0.0024952795648935516,1.0030929321452842,2.485856535682642,0.06716270953053294,0.06101605802777765,0.006146651502755285
1883.04,5.87,0.3233,0.42,9.895165289,1883.2916666666556,3.6275,198.07137301473733,10.909109862975225,411.456472304604,14.172057353695005,29.43981573559347,15.482067222036676,,19.821692820458182,,-0.0002753950050816967,1.0030922404100109,2.5175264230135626,0.06516643821007784,0.06134161489508161,0.0038248233149962285
1883.05,5.77,0.3242,0.4175,9.8,1883.3749999999889,3.626666666666667,196.5877270408163,11.045709030612244,410.28659081660794,14.224501913265303,29.687114673472063,15.335497637337065,,19.63264291950356,,0.0015315856185122295,1.0030915486748841,2.5498338701624506,0.057396602854010714,0.06167323542397618,-0.004276632569965466
1883.06,5.82,0.325,0.415,9.514585124,1883.4583333333221,3.6258333333333335,204.23952538910513,11.405128135989548,428.2397860955004,14.563471312109728,30.53599849306403,15.903388388583794,,20.35644802334545,,-0.000759769689806386,1.0030908569399042,2.634442213616405,0.05088439774641862,0.06126186231879216,-0.01037746457237354
1883.07,5.73,0.3258,0.4125,9.324254545,1883.5416666666554,3.625,205.18573530641424,11.666581599097688,432.2622490919748,14.771224400330865,31.118355628348965,15.948783127017029,,20.410434017234646,,-0.002893784310230893,1.0030901652050708,2.696526444490802,0.04288601169453288,0.06191251595689362,-0.019026504262360744
1883.08,5.47,0.3267,0.41,9.324254545,1883.6249999999886,3.6241666666666665,195.87538780559962,11.698809725062047,414.70206671285007,14.681701828207649,31.083701526922944,15.19681087662985,,19.448085508176298,,0.00021712055410356979,1.0030894734703844,2.7048591566841207,0.04943056978393834,0.06623607049767788,-0.01680550071373954
1883.09,5.53,0.3275,0.4075,9.229089256,1883.708333333322,3.6233333333333335,200.0658433116361,11.848384029757833,425.6644087826715,14.742645777484935,31.366771533261954,15.494692425793458,,19.828736618724495,,-0.0020348484115957077,1.0030887817358447,2.741192934805083,0.050166423843972074,0.06089935044470307,-0.010732926600730996
1883.1,5.38,0.3283,0.405,9.229089256,1883.7916666666551,3.6225,194.63910253464775,11.877326647235101,416.2242293009738,14.652200097868464,31.332864845147654,15.048056270223842,,19.25930818643971,,0.002120613484408937,1.0030880900014516,2.7496598814765356,0.054719040933593366,0.05955085829005213,-0.004831817356458767
1883.11,5.46,0.3292,0.4025,9.134004959,1883.8749999999884,3.621666666666667,199.58967158252887,12.03386811080009,428.9552053019296,14.713341174353088,31.62169782674481,15.408218142448874,,19.720544543933176,,0.0026325881891270317,1.0030873982672053,2.786863221640819,0.05642467791418415,0.061280485508864,-0.004855807594679851
1883.12,5.34,0.33,0.4,9.229089256,1883.9583333333217,3.6208333333333336,193.1919716607842,11.938829709374303,417.343591989165,14.47130873863552,31.261692283832588,14.896403941887167,,19.066539273012438,,0.0035706001324259107,1.003086706533106,2.766666589524873,0.0574753534465029,0.0638441000932859,-0.006368746646782997
1884.01,5.18,0.3283,0.3925,9.229089256,1884.041666666655,3.62,187.40344816532996,11.877326647235101,406.9770845707949,14.199971699786106,30.837549361783214,14.432821721970726,,18.478450440666556,,0.004228642188965986,1.0037103920018629,2.7752064773616856,0.06136130363660941,0.06679964414719475,-0.005438340510585338
1884.02,5.32,0.3267,0.385,9.229089256,1884.1249999999882,3.611666666666667,192.46840622385244,11.819441412280561,420.1154519390095,13.928634660936687,30.40309191663884,14.805960228816716,,18.96024883164489,,0.0025658227261833033,1.0037037188195472,2.7855035812788063,0.061427589579871045,0.0684025156002177,-0.006974926020346661
1884.03,5.3,0.325,0.3775,9.229089256,1884.2083333333214,3.6033333333333335,191.74484078692066,11.75793835014136,420.67481618422903,13.657297622087272,29.963159077272913,14.736023454014472,,18.875642451992512,,0.0029697008462466062,1.0036970457842034,2.795820303314705,0.0679130971063544,0.07156892219779754,-0.0036558250914431323
1884.04,5.06,0.3233,0.37,9.038839669,1884.2916666666547,3.5949999999999998,186.91514750442684,11.942621973948855,412.2622457673047,13.667708414355324,30.145658287332562,14.353453682579472,,18.395357641018045,,0.004344405478574287,1.003690372895923,2.865220590486206,0.07194923831290856,0.06944737600753315,0.002501862305375413
1884.05,4.65,0.3217,0.3625,8.848509091,1884.374999999988,3.586666666666667,175.4646018931236,12.13913170516513,389.2379721067736,13.678692083066085,30.343820406173208,13.465050313804905,,17.27291894887987,,0.0077210795261653115,1.0036837001547976,2.9376523816989404,0.07452166645408176,0.06728086395563193,0.007240802498449828
1884.06,4.46,0.32,0.355,8.848509091,1884.4583333333212,3.5783333333333336,168.29508052544756,12.074983356085923,375.5658139467507,13.395684660657823,29.89369146885572,12.906876483666863,,16.575562457475296,,0.013335959139286285,1.0036770275609186,2.9484738122321463,0.07736576607772361,0.0673870271988859,0.009978738878837712
1884.07,4.46,0.3183,0.3475,8.753424793,1884.5416666666545,3.57,170.12319009022184,12.141303005766282,381.90327579546425,13.255114026087911,29.755916667920136,13.043931585991668,,16.76976853063277,,0.01077658287522544,1.0036703551143773,2.991461070356741,0.0737890696962098,0.06633961526216159,0.007449454434048208
1884.08,4.74,0.3167,0.34,8.753424793,1884.6249999999877,3.5616666666666665,180.80356973714163,12.08027226492674,408.1391460143953,12.969032428402562,29.275803722551554,13.859813341769325,,17.83206263060006,,0.0071264007069202495,1.003663682815266,3.0024407947957856,0.06802251680426541,0.06340107659244532,0.004621440211820094
1884.09,4.59,0.315,0.3325,8.658259504,1884.708333333321,3.5533333333333337,177.00631105962748,12.14749193546463,401.8524652070098,12.822352598545999,29.110227599418465,13.569154744335723,,17.474388100341244,,0.007694843940038734,1.0036570106636764,3.046562334172693,0.07030730533177065,0.06085755897565748,0.009449746356113176
1884.1,4.44,0.3133,0.325,8.563094215,1884.7916666666542,3.545,173.1246512975567,12.216205687280295,395.3512176525113,12.672412538672507,28.93899678762752,13.273251319134156,,17.112421679154775,,0.009926540077895465,1.0036503386596998,3.0916851994187473,0.07211602161981578,0.0627772943813234,0.009338727238492384
1884.11,4.35,0.3117,0.3175,8.372844628,1884.8749999999875,3.536666666666667,173.46940490724702,12.429980117146872,398.5039522275676,12.661272657023202,29.086208007414417,13.30443760211973,,17.173051638572854,,0.008452660831066022,1.0036436668034285,3.1734772734469385,0.07170273307209296,0.06049317042161695,0.011209562650476013
1884.12,4.34,0.31,0.31,8.277679339,1884.9583333333208,3.5283333333333333,175.06035093346102,12.504310780961504,404.55256765130355,12.504310780961504,28.896611975093112,13.432292746944764,,17.357970009963747,,0.00671391540782626,1.0036369950949544,3.2216575487722565,0.07107339396509116,0.0609069899599195,0.010166404005171659
1885.01,4.24,0.3042,0.3067,8.277679339,1885.041666666654,3.52,171.0267022944412,12.270359159898353,397.5940770579465,12.371200375873848,28.759930055111365,13.129817425635963,,16.987379177257107,,0.00851231582248363,1.0039790233810126,3.233374701474764,0.07211606230696122,0.061006296117269265,0.01110976618969195
1885.02,4.37,0.2983,0.3033,8.372844628,1885.1249999999873,3.5075,174.26696538957918,11.89561459398432,407.4314000273591,12.095004714567361,28.277790303958355,13.384817593597965,,17.334064590871233,,0.008292950963367282,1.0039692212858526,3.2093437864353462,0.06841757762908873,0.06200026643535117,0.006417311193737563
1885.03,4.38,0.2925,0.3,8.18251405,1885.2083333333205,3.495,178.7285840346342,11.935641742038925,420.1879760929293,12.241683837988644,28.77999836252941,13.734194093452514,,17.803189669171854,,0.004292613198831882,1.0039594196907509,3.297030105801086,0.0655622375678031,0.05934418850820089,0.006218049059602215
1885.04,4.37,0.2867,0.2967,8.277679339,1885.2916666666538,3.4825,176.270445525167,11.56447064806988,416.67458945535856,11.967835511971865,28.29001159986382,13.548548541030058,,17.577505686645956,,0.005737937472184734,1.0039496185961747,3.272029666775143,0.06681708592633062,0.05585171169812164,0.01096537422820898
1885.05,4.32,0.2808,0.2933,8.087381157,1885.374999999987,3.4699999999999998,178.353854232717,11.593000525126604,423.8830914741212,12.109070705198123,28.778914520685127,13.711371872561942,,17.804975054591768,,0.005144821410869263,1.003939818002592,3.362248732932718,0.06961135314375322,0.05173573114962049,0.01787562199413273
1885.06,4.3,0.275,0.29,7.897091074,1885.4583333333203,3.4575,181.8058999885354,11.627121510894709,434.39015631551155,12.261328138761693,29.296080309650783,13.978784368698353,,18.166486027738838,,0.003211112584522613,1.0039300179104702,3.456832077051594,0.0679850775488553,0.04759976109487374,0.02038531645398156
1885.07,4.46,0.2692,0.2867,7.992232066,1885.5416666666536,3.445,186.3259897488567,11.246402789325613,447.4292989020052,11.977502524887269,28.761878922691686,14.326658777089326,,18.627238981582376,,0.0027569141791608243,1.0039202183202782,3.429105004626336,0.06710657279017118,0.050076419680159745,0.017030153110011437
1885.08,4.71,0.2633,0.2833,7.992232066,1885.6249999999868,3.4325,196.7702716854518,10.999917735621965,474.7106148793392,11.835460290549575,28.553188364186155,15.130410796707155,,19.676139676121828,,-0.0016484217982207783,1.003910419232485,3.44254784488763,0.06420211250971386,0.05132113952714179,0.01288097298257207
1885.09,4.65,0.2575,0.28,7.897091074,1885.70833333332,3.42,196.60405463876506,10.887213778383225,476.4984086492293,11.838523720183703,28.692377295007358,15.116285028724242,,19.662671854522625,,-0.0017970460660680782,1.0039006206475598,3.4976462709902125,0.06482487617040067,0.04986052009694153,0.01496435607345914
1885.1,4.92,0.2517,0.2767,7.897091074,1885.7916666666533,3.4075,208.01977394037078,10.641987215607992,506.3154246614249,11.698998262052966,28.47509715524721,15.991023962168983,,20.799074639680097,,-0.0052907838125080126,1.0038908225659726,3.5112892622526974,0.05719209047962259,0.049660305629274815,0.007531784850347778
1885.11,5.24,0.2458,0.2733,7.992232066,1885.8749999999866,3.3950000000000005,218.91214939103347,10.26881800006031,534.9100593672501,11.41768901308577,27.899030386463632,16.82403449861902,,21.87509966239492,,-0.006273332459197541,1.003881024988194,3.4829894036788773,0.04816762451290235,0.05071977508059389,-0.0025521505676915357
1885.12,5.2,0.24,0.27,8.18251405,1885.9583333333198,3.3825000000000003,212.18918652513648,9.793347070390913,520.4767178680478,11.01751545418978,27.024752658533256,16.304475952278526,,21.192987772511717,,-0.001132552627127921,1.0038712279146946,3.4151967200486206,0.04653091365010398,0.05447203073438689,-0.007941117084282912
1886.01,5.2,0.2383,0.275,7.992232066,1886.041666666653,3.37,217.24106428117824,9.955489541962457,534.9033945857926,11.488710130254619,28.288160290594803,16.692317470797658,,21.692296410859058,,-0.0038685591279262604,1.001756475011806,3.510042747984378,0.04432382893878084,0.05329258107383916,-0.008968752135058322
1886.02,5.3,0.2367,0.28,7.992232066,1886.1249999999864,3.3825000000000003,221.4187770558163,9.888646137568248,547.2190309159434,11.697595768986522,28.909684652163055,17.006648259461002,,22.092422581197702,,-0.005100824088172008,1.0017675107673607,3.516208050361583,0.04813579771009269,0.055086050760473126,-0.006950253050380439
1886.03,5.19,0.235,0.285,7.897091074,1886.2083333333196,3.3950000000000005,219.4354932419765,9.935903836582751,544.363818351531,12.049925929472696,29.892810834332625,16.843266101570137,,21.87322355959163,,-0.005816297274969698,1.0017785460191069,3.564859728035608,0.04739575755254588,0.054097412247031906,-0.006701654694486026
1886.04,5.12,0.2333,0.29,7.801941983,1886.2916666666529,3.4075,219.11590777334288,9.984324469437675,545.6350559524797,12.4108619637245,30.90511059105842,16.801716131246305,,21.812473807208228,,-0.006115746325158274,1.001789580767515,3.6147527969742783,0.05000403561012212,0.05463036811154387,-0.004626332501421748
1886.05,5.02,0.2317,0.295,7.611651901,1886.3749999999861,3.42,220.2071733968539,10.163745433476304,550.4616069210849,12.940461384874881,32.347843434605586,16.863195515097832,,21.88583969576427,,-0.005358207123118956,1.0018006150130552,3.711751653002988,0.05052773807254907,0.05385830780665768,-0.0033305697341086127
1886.06,5.25,0.23,0.3,7.51650281,1886.4583333333194,3.4325,233.2115971097468,10.216889016236529,585.0976405792796,13.326376977699818,33.43415089024455,17.831494055376883,,23.128666989576484,,-0.00721543808205416,1.0018116487561965,3.7655056117860193,0.04416291429899921,0.054384063894723944,-0.010221149595724732
1886.07,5.33,0.2283,0.305,7.611651901,1886.5416666666526,3.445,233.8056243436716,10.014601132769274,588.6817557542769,13.379121092836742,33.68629183959746,17.84584504153221,,23.13006740187336,,-0.006163286740313315,1.001822681997408,3.725171587057657,0.0369492476017419,0.055975824039454336,-0.01902657643771244
1886.08,5.37,0.2267,0.31,7.706792893,1886.624999999986,3.4575,232.6522523563032,9.821650951429039,587.8385332986971,13.43057695166741,33.934812909235774,17.72391279961927,,22.9549738392198,,-0.005608130449167907,1.0018337147371585,3.6858900200017954,0.03144929431652588,0.05755083708046427,-0.02610154276393839
1886.09,5.51,0.225,0.315,7.706792893,1886.7083333333192,3.4699999999999998,238.7176742054433,9.747999400403764,605.2164415223783,13.64719916056527,34.599488036215824,18.14714392580003,,23.484613598095915,,-0.007953456270479255,1.0018447469759157,3.6926488908510184,0.03411527970161665,0.05781086342808428,-0.02369558372646763
1886.1,5.65,0.2233,0.32,7.706792893,1886.7916666666524,3.4825,244.78309605458344,9.674347849378492,622.6379244798729,13.863821369463132,35.26444882009899,18.562381342866566,,24.001461288727935,,-0.011092002599045261,1.0018557787141473,3.6994608937255347,0.030775345256867315,0.05491452298286936,-0.024139177726002048
1886.11,5.79,0.2217,0.325,7.706792893,1886.8749999999857,3.495,250.84851790372355,9.605028742531177,640.1020917510141,14.080443578360994,35.929737447164,18.968312634942837,,24.504279362629482,,-0.013247391881082073,1.0018668099523205,3.706326274505931,0.03210031519203316,0.052114662125251066,-0.020014346933217908
1886.12,5.64,0.22,0.33,7.801941983,1886.958333333319,3.5075,241.369867156573,9.415136662135827,617.9170555622227,14.12270499320374,36.1547213360875,18.194057556886438,,23.485324841739722,,-0.011670475276021254,1.0018778406909017,3.6679601573689107,0.03226629558902694,0.05365795647510074,-0.021391660886073804
1887.01,5.58,0.2225,0.3325,7.992232066,1887.0416666666522,3.52,233.11637282480282,9.295410923569646,598.7708151566433,13.890894975671493,35.67944373469245,17.512222096304956,,22.59075438151064,,-0.009020288675654763,1.001888870930357,3.5873521530383266,0.03889511615068786,0.05951653034094839,-0.020621414190260534
1887.02,5.54,0.225,0.335,8.087381157,1887.1249999999854,3.5324999999999998,228.72230380769724,9.289263241287342,589.472761067338,13.830680825916712,35.645013530245166,17.125366596972317,,22.080922961887403,,-0.004139971811610806,1.0018999006711522,3.5518428126023083,0.03990422891352252,0.060908215040206715,-0.021003986126684193
1887.03,5.67,0.2275,0.3375,8.087381157,1887.2083333333187,3.5450000000000004,234.08943368044103,9.392477277301648,605.3223784019929,13.933894861931016,36.03109395249958,17.473213711513754,,22.517438233129706,,-0.0009743604392796132,1.0019109299137525,3.5585909611457986,0.037767384509683755,0.061043721247201255,-0.0232763367375175
1887.04,5.8,0.23,0.34,8.087381157,1887.291666666652,3.5575,239.45656355318485,9.495691313315952,621.247232272357,14.037108897945318,36.41794120217265,17.82298363910071,,22.953677448902006,,-0.004920784000872508,1.0019219586586225,3.5653911790642616,0.03372980245728341,0.06275108319013212,-0.02902128073284871
1887.05,5.9,0.2325,0.3425,8.087381157,1887.3749999999852,3.5700000000000003,243.585124993757,9.598905349330254,634.0336785400316,14.140322933959624,36.80619235592556,18.07544542745824,,23.264710044683643,,-0.0075842111504657375,1.0019329869062263,3.5722437135122407,0.03406560603378561,0.06448323964063807,-0.030417633606852457
1887.06,5.73,0.235,0.345,7.992232066,1887.4583333333185,3.5825,239.38294198675987,9.8176250203994,625.2252583172084,14.413109072501248,37.64445272590522,17.707695663272986,,22.781332053852907,,-0.0023459262036217773,1.0019440146570282,3.6217592827738923,0.040602202850867686,0.06335538917605632,-0.022753186325188635
1887.07,5.59,0.2375,0.3475,7.897091074,1887.5416666666517,3.5949999999999998,236.34766998509605,10.041604941227247,619.4832453053912,14.69245354558513,38.50991551764283,17.43146053561307,,22.416555953423345,,-0.003661378497069989,1.001955041911491,3.672518366102936,0.04645836123488767,0.062212256832081314,-0.015753895597193646
1887.08,5.45,0.24,0.35,7.992232066,1887.624999999985,3.6075,227.68534621777334,10.026510659131302,598.9687218237104,14.62199471123315,38.465881218036444,16.739849614820702,,21.52061467573705,,0.00347795762355306,1.0019660686700782,3.635894492062445,0.052268982363676164,0.0588957684251179,-0.006626786061441736
1887.09,5.38,0.2425,0.3525,7.897091074,1887.7083333333183,3.62,227.46877719495828,10.253007150516243,600.6467004517331,14.903855754874124,39.35463976008102,16.676629667380144,,21.434140136239726,,0.003362178487072695,1.0019770949332516,3.68693283295944,0.054261979497677304,0.054736357356398146,-0.0004743778587208425
1887.1,5.2,0.245,0.355,7.992232066,1887.7916666666515,3.6325,217.24106428117824,10.235396297863206,575.8920037130265,14.830880349965053,39.31570409963931,15.880666812517312,,20.40860138764957,,0.007416502541443132,1.0019881207014731,3.650245551990593,0.05708306691488385,0.057623650152356376,-0.000540583237472525
1887.11,5.3,0.2475,0.3575,8.087381157,1887.8749999999848,3.6450000000000005,218.81375635032407,10.218189565416077,582.3184218956984,14.759607150045444,39.27902562787022,15.950712201066773,,20.4958572795052,,0.010122384862189325,1.0019991459752047,3.6144716860752424,0.05246491945396836,0.058999124724486984,-0.006534205270518623
1887.12,5.27,0.25,0.36,8.277679339,1887.958333333318,3.6574999999999998,212.57328327634553,10.084121597549599,567.9473192578622,14.521135100471422,38.79716032881032,15.455513454469944,,19.85794687505821,,0.014297028255089134,1.0020101707549067,3.5384371951168614,0.057678975826847,0.061586799125739944,-0.003907823298892943
1888.01,5.31,0.2483,0.3517,8.372844628,1888.0416666666513,3.67,211.75230805919117,9.901713388153894,567.9584540413215,14.025101081811213,37.61788856616437,15.358662514259905,,19.731734100274647,,0.018720415575164698,1.0045816690372138,3.505251532203257,0.06086515718443031,0.06292143988869325,-0.002056282704262946
1888.02,5.28,0.2467,0.3433,8.277679339,1888.1249999999845,3.6516666666666664,212.97664814024753,9.951011192461944,573.4665610749558,13.84751577775511,37.2861875789834,15.418178318820534,,19.807302727374452,,0.01854597359622894,1.004567701185391,3.5617945950055767,0.058453781626417234,0.06019869636975139,-0.0017449147433341583
1888.03,5.08,0.245,0.335,8.277679339,1888.2083333333178,3.6333333333333337,204.90935086220787,9.882439165598608,553.9618192959703,13.512722940716463,36.530946744911425,14.808972366946568,,19.02661149319171,,0.023484775724689662,1.0045537348950258,3.5780638083993033,0.057574262323824676,0.06019509124745426,-0.002620828923629581
1888.04,5.1,0.2433,0.3267,8.18251405,1888.291666666651,3.615,208.1086252458069,9.92800559260879,564.8475460100103,13.331193699569633,36.18346927087655,15.02010868184446,,19.29957161656765,,0.022632996042627557,1.0045397701682555,3.6361609028814996,0.05404622858914099,0.05896609723118362,-0.004919868642042635
1888.05,5.17,0.2417,0.3183,8.087381157,1888.3749999999843,3.5966666666666667,213.44662647758028,9.978733001862892,581.5929458203998,13.141211065341162,35.806776528942606,15.38791695722913,,19.772685839694237,,0.02332002716084857,1.0045258070072212,3.695635038655013,0.05083934721123051,0.05055071098822439,0.00028863622300612235
1888.06,5.01,0.24,0.31,7.992232066,1888.4583333333176,3.578333333333333,209.30341000936596,10.026510659131302,572.5802954600355,12.950909601377935,35.42912007836547,15.077628818434691,,19.375983676114195,,0.025898537334721222,1.0045118454140671,3.756557153019307,0.06406453432512826,0.056469285824678916,0.0075952485004493475
1888.07,5.14,0.2383,0.3017,8.087381157,1888.5416666666508,3.5600000000000005,212.20805804540862,9.838361912883439,582.769245136008,12.455869866206186,34.20651386333339,15.279642515498175,,19.635009581546463,,0.025259012921316798,1.0044978853909405,3.7291103675228134,0.06445100416172855,0.059217498387454715,0.005233505774273839
1888.08,5.25,0.2367,0.2933,8.087381157,1888.624999999984,3.541666666666667,216.749475630038,9.772304929834284,597.4773658218579,12.109070705198123,33.37906883724779,15.602911670088805,,20.049771885586612,,0.022974575191211176,1.0044839269399921,3.7458834785660993,0.06603245633340649,0.059213019345224716,0.006819436988181771
1888.09,5.38,0.235,0.285,8.087381157,1888.7083333333173,3.5233333333333334,222.1166055027818,9.702119385344558,614.5007288639251,11.766400105630634,32.55254790450161,15.987828821761422,,20.542902549349098,,0.021614886504528343,1.0044699700633755,3.762679746409713,0.06316778330778416,0.059208365106472316,0.003959418201311848
1888.1,5.35,0.2333,0.2767,8.18251405,1888.7916666666506,3.505,218.31002844413078,9.519949464675836,606.1643730606578,11.290913059904858,31.350594771193276,15.715941874329705,,20.193130565349648,,0.025156877140990908,1.004456014763247,3.735556980432807,0.06271097495862565,0.06044294371587311,0.002268031242752544
1888.11,5.24,0.2317,0.2683,8.277679339,1888.8749999999839,3.486666666666667,211.36318868463962,9.345963896608968,589.0381439143925,10.82227929849023,30.160101910731203,15.223749016946284,,19.562485773849474,,0.029677725599002655,1.0044420610417675,3.709065049467174,0.06955961555554979,0.061664849508068054,0.007894766047481738
1888.12,5.14,0.23,0.26,8.277679339,1888.9583333333171,3.4683333333333333,207.32954004561975,9.277391869745632,579.951518602736,10.487486461451583,29.33606903437964,14.946748301089228,,19.210201901691885,,0.033377840719047064,1.0044281089010998,3.725540942824794,0.07647939067323994,0.06015474570359802,0.01632464496964192
1889.01,5.24,0.2292,0.2633,7.992232066,1889.0416666666504,3.45,218.91214939103347,9.575317679470395,614.5829571013267,10.999917735621965,30.881620726102913,15.802286071028163,,20.312198653655688,,0.025278875559769445,1.0030847289110842,3.875687135384792,0.07842938386041998,0.056435569327559776,0.0219938145328602
1889.02,5.3,0.2283,0.2667,7.897091074,1889.1249999999836,3.4475000000000002,224.08634184633436,9.652624876135496,631.3674620805698,11.276193843474976,31.770887195639236,16.192720447848995,,20.81330768748955,,0.021448301616429702,1.0030826702487605,3.934479341090042,0.07682024183515868,0.05215414990575917,0.024666091929399503
1889.03,5.19,0.2275,0.27,7.801941983,1889.208333333317,3.445,222.11163307493158,9.736107230163185,628.0896551873614,11.55494044898488,32.67518437390898,16.06504536076929,,20.648519003321095,,0.021895429954547865,1.0030806115904525,3.994739158635705,0.0791919281115534,0.050790327947483505,0.028401600164069896
1889.04,5.18,0.2267,0.2733,7.801941983,1889.2916666666501,3.4425,221.68367231756173,9.701870369573601,629.1657175863415,11.696167498916916,33.195171933657754,16.050104533967485,,20.6264588171422,,0.023128536760698468,1.0030785529361603,4.007045398388633,0.07916136669875407,0.04927322118305333,0.029888145515700737
1889.05,5.32,0.2258,0.2767,7.611651901,1889.3749999999834,3.4400000000000004,233.36696463570976,9.904936205778808,664.6669678023449,12.137714119304679,34.5701785697197,16.915421076068377,,21.731410413817354,,0.0175118181723821,1.0030764942858854,4.1198651903935755,0.06898838670988705,0.04659783474588308,0.02239055196400397
1889.06,5.41,0.225,0.28,7.611651901,1889.4583333333167,3.4375,237.3149020073665,9.86984342914186,678.2539100483043,12.282471822932093,35.103714383276376,17.21930294394768,,22.1106233839953,,0.01765522513178453,1.003074435639628,4.13253993211044,0.06326851799543687,0.04510691505192699,0.01816160294350988
1889.07,5.3,0.2242,0.2833,7.611651901,1889.54166666665,3.4350000000000005,232.48964521978604,9.834750652504912,666.8055022443774,12.427229526559506,35.64264128034568,16.889214491107513,,21.675368705170957,,0.017653549602927927,1.003072376997389,4.145245160159906,0.06758521200959478,0.04363725864485013,0.023947953364744645
1889.08,5.37,0.2233,0.2867,7.611651901,1889.6249999999832,3.4325,235.56026317551908,9.795271278788343,677.9535256804852,12.576373827266538,36.19539586826724,17.131853975345724,,21.973135389628155,,0.01683996350396518,1.0030703183591692,4.157980916038519,0.06739070504908118,0.042188412475791415,0.025202292573289764
1889.09,5.5,0.2225,0.29,7.706792893,1889.7083333333164,3.4299999999999997,238.28442978764755,9.639688295954834,688.1057618112891,12.564088116075963,36.281940168231614,17.35078802634859,,22.236764738619264,,0.013960101329211425,1.0030682597249694,4.119259023525739,0.06086723944556449,0.03941832854095262,0.021448910904611873
1889.1,5.4,0.2217,0.2933,7.706792893,1889.7916666666497,3.4275,233.95198560969038,9.605028742531177,677.9061577691683,12.707058773948551,36.82034742105501,17.053214402955483,,21.84047081016849,,0.009590759257984229,1.0030662010947902,4.13189798008434,0.06092296094744909,0.03804392053629835,0.02287904041115074
1889.11,5.35,0.2208,0.2967,7.706792893,1889.874999999983,3.4250000000000003,231.78576352071173,9.56603674492956,673.9391513644449,12.854361875999098,37.37527966538894,16.90602117024936,,21.6386436771663,,0.005033391836815386,1.0030641424686324,4.144567210194436,0.06252022234958443,0.036687601738395026,0.025832620611189405
1889.12,5.32,0.22,0.3,7.801941983,1889.9583333333162,3.4225,227.6751229207391,9.415136662135827,664.2683566510135,12.83882272109431,37.45874191641053,16.610338076603384,,21.24815598812764,,0.004389764903388424,1.0030620838464972,4.106566537978267,0.05560377887709422,0.03662024249758944,0.018983536379504784
1890.01,5.38,0.22,0.2992,7.611651901,1890.0416666666495,3.42,235.9989228834809,9.65051357516093,690.9003739922492,13.124698462218866,38.42330704432732,17.220071982181892,,22.015486326741613,,-0.002955558999891632,1.0014510943480162,4.222119060968099,0.05316383043716488,0.03398173910976676,0.01918209132739812
1890.02,5.32,0.22,0.2983,7.611651901,1890.1249999999827,3.4366666666666665,233.36696463570976,9.65051357516093,685.5495346645522,13.085219088502297,38.439741765119535,17.0268149826714,,21.755939559525387,,-0.0024631020800412115,1.0014660798155122,4.228245754074122,0.05492262491872468,0.03290173893789117,0.022020885980833516
1890.03,5.28,0.22,0.2975,7.611651901,1890.208333333316,3.4533333333333336,231.61232580386232,9.65051357516093,682.7575096173595,13.050126311865348,38.46976498317508,16.901122288589896,,21.582789932235595,,-0.003114404003578798,1.0014810640939893,4.2344446998291945,0.05652632867781193,0.03305738106633749,0.023468947611474444
1890.04,5.39,0.22,0.2967,7.611651901,1890.2916666666492,3.4699999999999998,236.43758259144278,9.65051357516093,699.3523101983369,13.0150335352284,38.496814552105114,17.25785454260319,,22.023576461344508,,-0.0007570330080329743,1.0014960471849268,4.240716183832094,0.05566384924301637,0.03321115024381305,0.022452698999203324
1890.05,5.62,0.22,0.2958,7.706792893,1890.3749999999825,3.4866666666666664,243.48336280119628,9.531377191505904,722.5422158030204,12.815369878397483,38.02989100258602,17.786430487858613,,22.677242329476794,,0.0014888374225166742,1.0015110290898022,4.194630184286729,0.05002171534259392,0.03714371642727765,0.012877998915316269
1890.06,5.58,0.22,0.295,7.706792893,1890.4583333333157,3.5033333333333334,241.75038513001337,9.531377191505904,719.7566141406719,12.780710324973823,38.05164895546562,17.684360844450154,,22.525314186078045,,0.00364947464729163,1.0015260098100913,4.200968392516149,0.04891962252619808,0.03856788392862098,0.010351738597577098
1890.07,5.54,0.22,0.2942,7.706792893,1890.541666666649,3.5199999999999996,240.01740745883046,9.531377191505904,716.9618602625868,12.746050771550166,38.07403958289766,17.589295440864852,,22.381223142941973,,0.003788430030732627,1.0015409893472669,4.207379111495012,0.04843156023871287,0.03744297468389557,0.010988585554817298
1890.08,5.41,0.22,0.2933,7.992232066,1890.6249999999823,3.536666666666667,226.01426110791812,9.190968104203696,677.4206002127703,12.25323156801338,36.72596340894742,16.596791133979092,,21.0974179134709,,0.010599942338932994,1.0015559677028012,4.063366323894735,0.05752302434111667,0.0426487529392785,0.014874271401838168
1890.09,5.32,0.22,0.2925,8.087381157,1890.7083333333155,3.5533333333333337,219.63946863843853,9.082835169258736,660.5823967977058,12.076042213673544,36.31961486152799,16.169702000615295,,20.53595374370967,,0.012180107583306364,1.0015709448781633,4.0218083728124885,0.056785962529206646,0.042748953207462304,0.014037009321744343
1890.1,5.08,0.22,0.2917,8.087381157,1890.7916666666488,3.57,209.73092118106536,9.082835169258736,633.058130264468,12.04301372214897,36.350995393335694,15.482849163344424,,19.649063391074286,,0.014756977765159746,1.0015859208748206,4.028126412076713,0.06680295760561172,0.04417315415425471,0.02262980345135701
1890.11,4.71,0.22,0.2908,7.897091074,1890.874999999982,3.586666666666667,199.14088115023299,9.301697208715767,603.4325446835792,12.295152492247931,37.25651464840442,14.745043493292792,,18.703194594453656,,0.01447929318876745,1.0016008956942393,4.1317312756751186,0.08043540495526202,0.04183155666264793,0.038603848292614096
1890.12,4.6,0.22,0.29,7.897091074,1890.9583333333153,3.6033333333333335,194.4900325458751,9.301697208715767,591.6884576497515,12.261328138761693,37.30209841704956,14.442991231338429,,18.311029377300343,,0.014743783055441051,1.001615869337882,4.1383457464841005,0.09065595207307364,0.043266469458853374,0.04738948261422027
1891.01,4.84,0.22,0.2942,7.801941983,1891.0416666666486,3.62,207.1330065669882,9.415136662135827,632.5385584775803,12.59060548181982,38.44893469093061,15.428980086469084,,19.54697672773733,,0.009949380825188835,1.003155368352917,4.195583789312564,0.08554876990816473,0.04084676662798237,0.04470200328018237
1891.02,4.9,0.22,0.2983,7.897091074,1891.1249999999818,3.618333333333333,207.17416510321482,9.301697208715767,635.0313587079635,12.612255806181423,38.65915393930316,15.476522332432529,,19.59076059677419,,0.009970047115819308,1.0031539903074633,4.158111877717503,0.0895847089347257,0.04328585441142119,0.04629885452330451
1891.03,4.81,0.22,0.3025,7.992232066,1891.208333333315,3.616666666666667,200.94798446008986,9.190968104203696,618.2945202220956,12.63758114328008,38.88442668756423,15.051623357657373,,19.038836516513694,,0.01298688803478782,1.0031526122631842,4.121571478991527,0.0967254048650037,0.044417938971399895,0.0523074658936038
1891.04,4.97,0.22,0.3067,8.087381157,1891.2916666666483,3.6149999999999998,205.18950359643597,9.082835169258736,633.6741070448231,12.662297938234792,39.10419489550247,15.408945125474114,,19.47415288315956,,0.011648752704439345,1.00315123422008,4.0859214985901,0.10461707356759886,0.046853315298751586,0.057763758268847276
1891.05,4.95,0.22,0.3108,7.992232066,1891.3749999999816,3.6133333333333333,206.79678234458314,9.190968104203696,641.0030920790075,12.98433130357504,40.247224448112235,15.566495230713242,,19.65739202302478,,0.01082274110961124,1.0031498561781502,4.147594179109879,0.09802429218534914,0.045498409289771224,0.05252588289557791
1891.06,4.85,0.22,0.315,7.801941983,1891.4583333333148,3.611666666666667,207.560967324358,9.415136662135827,645.8038078659343,13.480763857149025,41.943958655210174,15.658211395638135,,19.75748390427354,,0.008097887936257812,1.003148478137396,4.262137348095381,0.1080098855166145,0.042866396856341415,0.06514348866027309
1891.07,4.77,0.22,0.3192,7.706792893,1891.541666666648,3.61,206.65758728855977,9.531377191505904,645.4643592004649,13.829161816039473,43.19333825089904,15.617919238645978,,19.690897636411623,,0.0061039371490866565,1.0031471000978167,4.328343184683838,0.09937943185506137,0.04016348611416842,0.05921594574089295
1891.08,4.93,0.22,0.3233,7.706792893,1891.6249999999814,3.6083333333333334,213.58949797329134,9.531377191505904,669.5959757044656,14.006792027335718,43.91082737226242,16.163998509963022,,20.36026349443654,,0.0020408967091835664,1.0031457220594129,4.341964913943741,0.09585516806571204,0.0387584702306214,0.05709669783509064
1891.09,5.33,0.22,0.3275,7.611651901,1891.7083333333146,3.6066666666666665,233.8056243436716,9.65051357516093,735.4940297596186,14.36610543575093,45.192175374535665,17.711261413256512,,22.282941160981,,-0.008266833211186105,1.0031443440221843,4.410066158120088,0.0840998616835682,0.03608397692971277,0.04801588475385543
1891.1,5.33,0.22,0.3317,7.611651901,1891.7916666666479,3.6049999999999995,233.8056243436716,9.65051357516093,738.0238716380912,14.55034251309491,45.92917790288083,17.71656858982635,,22.264637311753678,,-0.009170423000387846,1.0031429659861315,4.423932923281811,0.08286289799011626,0.035972016765844606,0.04689088122427165
1891.11,5.25,0.22,0.3358,7.51650281,1891.8749999999811,3.6033333333333335,233.2115971097468,9.7726764503132,738.7194612498786,14.91665796370533,47.24990382623033,17.671739174763985,,22.185040648627997,,-0.009328328165197304,1.0031415879512546,4.49401440640471,0.08410648408110499,0.033305277516018306,0.05080120656508669
1891.12,5.41,0.22,0.34,7.51650281,1891.9583333333144,3.601666666666667,240.31899816452005,9.7726764503132,763.8124715209062,15.103227241393128,48.003001907044016,18.20630300020992,,22.828744233682695,,-0.01097315446446738,1.0031402099175537,4.508132747916636,0.07780981928363606,0.03195851091253088,0.04585130837110518
1892.01,5.51,0.2217,0.3425,7.326212727,1892.0416666666476,3.6,251.11851696850132,10.103988241727178,800.8130273213777,15.609454094684521,49.77830523730887,19.016388404225253,,23.81522219945757,,-0.015780715423090827,1.0019594526744053,4.639750575052512,0.0766373167458767,0.03043996194385512,0.046197354802021584
1892.02,5.52,0.2233,0.345,7.326212727,1892.124999999981,3.6125000000000003,251.57426745301768,10.176908319249792,804.970908632319,15.723391715813605,50.31068178951994,19.036425040978425,,23.810068229783084,,-0.016860961424131272,1.0019704792347714,4.648841946725372,0.07735600264397724,0.030423648145837978,0.04693235449813926
1892.03,5.58,0.225,0.3475,7.135922645,1892.2083333333142,3.625,261.0902952129745,10.527834484394134,838.2268624497526,16.25965548145316,52.20140406833136,19.738054849323,,24.656692455919977,,-0.02139410041243374,1.0019815052999086,4.782215014580441,0.0734855343525147,0.02769892676172847,0.04578660759078623
1892.04,5.57,0.2267,0.35,7.040773554,1892.2916666666474,3.6374999999999997,264.14444531360084,10.750726346964688,850.9084251820522,16.597945396725365,53.468213431547255,19.943265241638635,,24.88113364867214,,-0.02422107274966885,1.0019925308702788,4.856445963670827,0.07453344597651457,0.025075276650222245,0.04945816932629232
1892.05,5.57,0.2283,0.3525,7.040773554,1892.3749999999807,3.65,264.14444531360084,10.826602668778287,853.814804497867,16.71650214955912,54.034060787342575,19.911465213489794,,24.81009139083564,,-0.025143580225281452,1.0020035559463432,4.866122582173282,0.07298534383410771,0.02384591749367071,0.049139426340437
1892.06,5.54,0.23,0.355,7.040773554,1892.458333333314,3.6625,262.7217642795958,10.90722126070524,852.1541832443553,16.83505890239287,54.605547843275474,19.76928439713673,,24.603632002808602,,-0.025776978828835694,1.0020145805285625,4.87587213100843,0.07164922125802042,0.022632157413557286,0.04901706384446314
1892.07,5.54,0.2317,0.3575,7.231071736,1892.5416666666472,3.675,255.807785834971,10.69867580829653,832.6200870757864,16.507451883754896,53.729545330251554,19.211886434505548,,23.882788577933074,,-0.020998101755070588,1.0020256046173972,4.757119439542385,0.07687902407356706,0.025345671985546492,0.05153335208802057
1892.08,5.62,0.2333,0.36,7.326212727,1892.6249999999804,3.6875,256.13177229818103,10.632658803766128,836.5586096745964,16.40701744258811,53.587384249618275,19.20430380317381,,23.846985014935314,,-0.02071509094524404,1.0020366282133073,4.704852579006287,0.08081104988555454,0.027870499187624853,0.05294055069792969
1892.09,5.48,0.235,0.3625,7.326212727,1892.7083333333137,3.7,249.75126551495234,10.710136386133906,818.6341258225829,16.520955063717192,54.152348651585086,18.694271809588194,,23.191984913721964,,-0.016774511432559903,1.0020476513167518,4.714434614508143,0.08246664449733476,0.02665126432467768,0.05581538017265708
1892.1,5.59,0.2367,0.365,7.326212727,1892.791666666647,3.7125,254.76452084463202,10.787613968501683,838.0131973503811,16.634892684846278,54.718214138262816,19.0402149153247,,23.596821279777313,,-0.016971520676857067,1.0020586739281898,4.72408813275428,0.06957556491189698,0.01973224446061672,0.04984332045128026
1892.11,5.57,0.2383,0.3675,7.51650281,1892.8749999999802,3.725,247.4263992192933,10.585585445952889,816.7770990542879,16.324811797682276,53.88969190349206,18.46331269079999,,22.858807224266272,,-0.012059526892530634,1.0020696960480802,4.613970820350112,0.07202588336820748,0.025727722107278694,0.04629816126092878
1892.12,5.51,0.24,0.37,7.611651901,1892.9583333333135,3.7375,241.70149908698508,10.527832991084649,800.7747932071627,16.230409194588837,53.77253602298553,18.013009251275733,,22.28136209283735,,-0.008686892998924334,1.0020807176768802,4.565724242397063,0.07081441960388823,0.02585311813181157,0.044961301472076665
1893.01,5.61,0.2408,0.3608,7.897091074,1893.0416666666467,3.75,237.19327882225204,10.181130399357983,788.6496314734499,15.254783422293857,50.720995906527754,17.65664370809877,,21.820189744893504,,-0.004102154836255763,1.00346968908532,4.4098534317855815,0.07695105906310662,0.02848047383769914,0.04847058522540748
1893.02,5.51,0.2417,0.3517,7.992232066,1893.12499999998,3.7458333333333336,230.19197388255617,10.09753177630015,768.1686183022575,14.693015828401998,49.03174284154337,17.12519385487245,,21.14892073079713,,-0.0020583817590019635,1.0034662840811108,4.372476406690109,0.07950455644409549,0.029566725037911024,0.04993783140618446
1893.03,5.31,0.2425,0.3425,7.801941983,1893.2083333333132,3.7416666666666667,227.24716216336927,10.3780483662179,761.2275812204985,14.657655939916005,49.0998957755218,16.899589031582316,,20.8617504506818,,-0.002664983959911771,1.0034628790950846,4.494647416243394,0.08015422570368669,0.03039212595054641,0.049762099753140276
1893.04,5.31,0.2433,0.3333,7.706792893,1893.2916666666465,3.7375000000000003,230.05278584952882,10.540836684969937,773.5682535537019,14.440036445131442,48.55561184735384,17.102541578254915,,21.10403480151056,,-0.0035887991634665703,1.0034594741272465,4.565895511981077,0.07431920692221605,0.028984664515630643,0.04533454240658541
1893.05,4.84,0.2442,0.3242,7.611651901,1893.3749999999798,3.7333333333333334,212.31129865354043,10.712070068428632,716.9129598293326,14.221347732123515,48.021318507576375,15.780987310776249,,19.47376764016998,,0.0010804606415404441,1.0034560691776027,4.6389594451887906,0.08329609490993906,0.02993018558755467,0.053365909322384386
1893.06,4.61,0.245,0.315,7.421361818,1893.458333333313,3.729166666666667,207.40727412948243,11.022729319245812,703.4552181566087,14.172080553316043,48.06689668532141,15.41650386359769,,19.029235819010776,,0.003033680296041702,1.003452664246159,4.774349998094368,0.07962343257523918,0.02718448252896466,0.052438950046274524
1893.07,4.18,0.2458,0.3058,7.231071736,1893.5416666666463,3.7250000000000005,193.01020664082648,11.349738945529941,657.8331144947817,14.120220380565728,48.12568574461825,14.349854182760946,,17.725059871200937,,0.0073343907719461005,1.0034492593329205,4.916907962821066,0.08223393161314485,0.024379812473846796,0.057854119139298055
1893.08,4.08,0.2467,0.2967,6.945632562,1893.6249999999795,3.7208333333333337,196.13496507908127,11.859435265933666,671.8515286449942,14.263050034059662,48.85743836984554,14.58805653580781,,18.033912740781616,,0.0023197397456332786,1.0034458544378932,5.136630914452232,0.0768982678491621,0.020124175219046636,0.05677409263011546
1893.09,4.37,0.2475,0.2875,7.231071736,1893.7083333333128,3.716666666666667,201.78339785177315,11.42823591952262,694.4622243225718,13.275223542879813,45.68830423174815,15.01206907913876,,18.56701455194229,,0.005344300356698847,1.0034424495610827,4.950869043250731,0.06995766175317186,0.02291964142433156,0.0470380203288403
1893.1,4.5,0.2483,0.2783,7.326212727,1893.791666666646,3.7125000000000004,205.08771803235138,11.316284530540633,709.079977406949,12.683535984089641,43.85265726941198,15.271794153520188,,18.89753357063084,,0.005529562016369893,1.0034390447024946,4.903396959287622,0.06593592811540172,0.025305820298042736,0.040630107817358985
1893.11,4.57,0.2492,0.2692,7.135922645,1893.8749999999793,3.7083333333333335,213.8320159719164,11.660161571160081,742.6724595741466,12.595969080884004,43.74779564931297,15.942411400571675,,19.737917734430308,,0.001258378497180808,1.0034356398621347,5.0514660734074015,0.06308396429185614,0.023672093881791145,0.039411870410065
1893.12,4.41,0.25,0.26,7.040773554,1893.9583333333126,3.704166666666667,209.1341119987396,11.85567528337526,729.7872814939249,12.329902294710271,43.026007525718924,15.612694335464935,,19.343520628210005,,0.0003074989231913877,1.0034322350400087,5.137321195415279,0.07023861221615024,0.02216461985327367,0.04807399236287657
1894.01,4.32,0.2467,0.2517,6.850483471,1894.0416666666458,3.7,210.55675940335394,12.024155681668383,738.2482938508215,12.267855634681522,43.01321656533605,15.739869351948228,,19.51707032777289,,-0.002831422459346686,1.0047429489760904,5.2981460010668515,0.06875576790712645,0.01686728883389632,0.05188847907323013
1894.02,4.38,0.2433,0.2433,6.755342479,1894.124999999979,3.6800000000000006,216.48778793173602,12.025451781687527,762.5571111569659,12.025451781687527,42.35848062659584,16.20273659644993,,20.105790744253227,,-0.005802921443880442,1.004727838446956,5.398246853851432,0.060447161392130244,0.012891990188189428,0.047555171203940816
1894.03,4.51,0.24,0.235,6.565052397,1894.2083333333123,3.66,229.3744335823006,12.20617828375879,811.5319858382824,11.951882902847151,42.28603473880186,17.187622088121934,,21.341016645575817,,-0.011905071655421207,1.004712729940988,5.580978518168151,0.05519267464560107,0.01089638514334057,0.0442962895022605
1894.04,4.57,0.2367,0.2267,6.565052397,1894.2916666666456,3.64,232.42597815324032,12.038343332357108,825.8777480491377,11.529752570533827,40.96859638571981,17.43484907805246,,21.659778276889046,,-0.010514783387850009,1.0046976234612084,5.607280162730732,0.057571252586669175,0.011807735519989926,0.04576351706667925
1894.05,4.4,0.2333,0.2183,6.565052397,1894.3749999999789,3.62,223.7799352022445,11.865422473337192,798.6692628667821,11.102536330602266,39.62488638268603,16.808751920918013,,20.896769439678692,,-0.0061149548233006695,1.0046825190106428,5.633621053576745,0.06177939942559085,0.013920429738360163,0.04785896968723069
1894.06,4.34,0.23,0.21,6.565052397,1894.458333333312,3.6000000000000005,220.7283906313048,11.69758752193551,791.2573700863895,10.680405998288943,38.28664693966402,16.60631969529253,,20.661031027566573,,-0.005189733127550049,1.004667416592323,5.660000591258875,0.06338137568501767,0.013679316075972281,0.04970205960904539
1894.07,4.25,0.2267,0.2017,6.565052397,1894.5416666666454,3.58,216.15107377489525,11.529752570533827,778.2930860254311,10.258275665975617,36.936874223842224,16.289679714916954,,20.285465268221326,,-0.0027700206733355104,1.0046523162092853,5.6864181719310745,0.0699055022658559,0.0134403626481856,0.0564651396176703
1894.08,4.41,0.2233,0.1933,6.755342479,1894.6249999999786,3.5599999999999996,217.9705809997616,11.036923069670468,788.1562800045197,9.55413000164488,34.546623338973625,16.457777072998372,,20.510549550602153,,-0.00041677578936872434,1.0046372178645702,5.551948243787691,0.07128751878257278,0.014915167923215567,0.05637235085935721
1894.09,4.48,0.22,0.185,6.850483471,1894.7083333333119,3.54,218.35515789977447,10.72279793257821,792.7778979238633,9.01689826148622,32.73748015980238,16.522315444877222,,20.60726506505564,,0.0019768623530273394,1.0046221215612239,5.500229622322007,0.0744523834894788,0.014925954105185602,0.0595264293842932
1894.1,4.34,0.2167,0.1767,6.660193388,1894.7916666666451,3.5200000000000005,217.57528131403862,10.863724299712482,793.2333079242771,8.858422167785859,32.295927536917006,16.50290420570843,,20.602914844137324,,0.0005772497776944177,1.0046070273022971,5.683527174119334,0.08090851314592995,0.011838582492177174,0.06906993065375278
1894.11,4.34,0.2133,0.1683,6.660193388,1894.8749999999784,3.5,217.57528131403862,10.693273618498718,796.4820918063863,8.437308720081267,30.886621209911247,16.542784447444557,,20.672276347819015,,0.0028246636689232343,1.0045919350908457,5.709711338983849,0.08406461337980131,0.009312358491794681,0.07475225488800663
1894.12,4.3,0.21,0.16,6.565052397,1894.9583333333117,3.4800000000000004,218.69402758401165,10.680405998288943,803.8356724561919,8.137452189172528,29.91016455650947,16.67246633376773,,20.85501361117496,,0.002265509077856484,1.0045768449299304,5.81905527974076,0.08446367646293917,0.007634070197377163,0.07682960626556201
1895.01,4.25,0.2083,0.1675,6.565052397,1895.041666666645,3.46,216.15107377489525,10.593945568778985,797.7336873224499,8.51889526053999,31.440092382708325,16.52444393516272,,20.692167083108192,,0.003002789151904224,1.0019057103862152,5.845688193394826,0.08796999613205236,0.007409079986725464,0.0805609161453269
1895.02,4.19,0.2067,0.175,6.565052397,1895.1249999999782,3.4716666666666667,213.0995292039556,10.51257104688726,789.7047323871046,8.900338331907452,32.982894550774056,16.331237693211413,,20.47204638542373,,0.0024857878192883834,1.0019159687965034,5.856828382099555,0.09408334193457879,0.007544073682910657,0.08653926825166813
1895.03,4.19,0.205,0.1825,6.565052397,1895.2083333333114,3.4833333333333334,213.0995292039556,10.426110617377299,792.9244911408706,9.281781403274914,34.53668726329567,16.364625427174804,,20.53464199020349,,0.004490944019723456,1.001926226799871,5.868049882526133,0.09826335109633733,0.008816251758872573,0.08944709933746475
1895.04,4.37,0.2033,0.19,6.850483471,1895.2916666666447,3.495,212.99375893348534,9.90884008951432,795.6034224195552,9.260598214499362,34.59145314867631,16.387543823686304,,20.57845339795945,,0.007325555809035135,1.0019364843966725,5.634384956546428,0.09687445683860307,0.013251792109497007,0.08362266472910607
1895.05,4.61,0.2017,0.1975,6.945632562,1895.374999999978,3.506666666666667,221.61328162121688,9.696181974620268,830.8184513378849,9.494278334097686,35.5936321343237,17.080369553382397,,21.46014976867637,,0.008376111407965604,1.001946741587262,5.567960239625587,0.08821791803637424,0.01594289640178448,0.07227502163458976
1895.06,4.7,0.2,0.205,7.040773554,1895.4583333333112,3.518333333333333,222.88669532745493,9.484540226700208,838.5555170469084,9.721653732367713,36.57529382864174,17.207413539783396,,21.628273210067615,,0.011519126998025937,1.0019569983719931,5.503414077452792,0.08881905554683178,0.01745680141711725,0.07136225412971453
1895.07,4.72,0.1983,0.2125,6.945632562,1895.5416666666445,3.53,226.90123411109403,9.5327361703877,856.647927999691,10.215362764535485,38.56730608049457,17.54601464874056,,22.060403147384225,,0.007755338058063561,1.0019672547512195,5.58971732115309,0.09019010633265667,0.016202722618998022,0.07398738371365865
1895.08,4.79,0.1967,0.22,6.850483471,1895.6249999999777,3.541666666666667,233.46455498658918,9.587156151536972,884.443531262419,10.72279793257821,40.62162356528856,18.074072547241798,,22.7283696447251,,0.0046143262527669,1.0019775107252942,5.678504260695588,0.08976394336906646,0.013770134429317515,0.07599380893974894
1895.09,4.82,0.195,0.2275,6.850483471,1895.708333333311,3.5533333333333332,234.92675470466804,9.504298167512504,892.9833043983035,11.08834786209792,42.14807090261702,18.200335946605467,,22.888669564420344,,0.005293774765856435,1.0019877662945698,5.689733563774742,0.0906369055337013,0.01505595747176236,0.07558094806193894
1895.1,4.75,0.1933,0.235,6.850483471,1895.7916666666442,3.5649999999999995,231.51495536248405,9.421440183488036,882.9989976390644,11.453897791617633,43.68521356740635,17.944706622466477,,22.56789252073991,,0.00595980732627055,1.0019980214593986,5.701043424377896,0.09370967769665217,0.015180906399945293,0.07852877129670688
1895.11,4.59,0.1917,0.2425,6.850483471,1895.8749999999775,3.5766666666666667,223.7165568660635,9.343456198523832,856.2255385580189,11.819447721137344,45.23631657959033,17.342998991921693,,21.812946556051376,,0.006596607147556548,1.0020082762201332,5.712434231480766,0.09556369643871832,0.014144552514070652,0.08141914392464766
1895.12,4.32,0.19,0.25,6.755342479,1895.9583333333107,3.588333333333334,213.52220179568485,9.391022764162065,820.2040754488313,12.356608900213242,47.465513625511065,16.54841515666796,,20.818648077628062,,0.005561347625954199,1.0020185305771252,5.804520814331399,0.10204345563779182,0.011706016420445886,0.09033743921734594
1896.01,4.27,0.1892,0.2467,6.660193388,1896.041666666644,3.6,214.066002583167,9.485079084012929,825.329238029789,12.36770089865745,47.68354169132295,16.57622482856819,,20.85855215609437,,0.0062604116349686476,1.004389296452507,5.899329554355938,0.10542179599888413,0.010392143209894567,0.09502965278898956
1896.02,4.45,0.1883,0.2433,6.565052397,1896.1249999999773,3.5833333333333335,226.32288901136096,9.576764045132418,875.6624618364337,12.374013235160474,47.876107183102086,17.51540335263728,,22.040592031270307,,0.001780523381933248,1.0043764949070104,6.011092026168325,0.09843401141894703,0.008616655488722813,0.08981735593022422
1896.03,4.38,0.1875,0.24,6.565052397,1896.2083333333105,3.5666666666666664,222.76275367859793,9.536076784186557,864.9626536651176,12.20617828375879,47.3952138994585,17.23236271229861,,21.685007699222606,,0.004059869954454731,1.0043636945405117,6.0373995398064215,0.09739365528308386,0.008297103694313135,0.08909655158877072
1896.04,4.42,0.1867,0.2367,6.469903306,1896.2916666666438,3.55,228.10307669225622,9.635032673856163,888.8161712006391,12.215384220148652,47.597915774477656,17.643699378130005,,22.201842765217222,,0.002630457406601623,1.0043508953544789,6.152920863748466,0.09325569142388979,0.006510264064587101,0.08674542735930268
1896.05,4.4,0.1858,0.2333,6.374754215,1896.374999999977,3.533333333333333,230.460179396893,9.7317048481688,901.1607616175171,12.21962723938526,47.782001292128804,17.828266894232826,,22.432252972027978,,0.0031802127213657536,1.0043380973503815,6.271929179645656,0.08795727833794897,0.003585771330191223,0.08437150700775775
1896.06,4.32,0.185,0.23,6.279613223,1896.4583333333103,3.5166666666666666,229.69815954857575,9.836610999186693,901.3863751482611,12.229300161151023,47.99047830650464,17.777578616430464,,22.36626040060286,,0.0032653672633128003,1.0043253005296922,6.394574217655608,0.08969963656906033,0.001769623504406681,0.08793001306465364
1896.07,4.04,0.1842,0.2267,6.279613223,1896.5416666666436,3.5,214.81031587413102,9.794074302973993,846.1660269577546,12.05383628927364,47.48164314636708,16.637100103394587,,20.933061531248498,,0.006053299737138161,1.0043125048938841,6.4222326729063886,0.09783469588933613,0.0048652627988323704,0.09296943309050376
1896.08,3.81,0.1833,0.2233,6.279613223,1896.6249999999768,3.4833333333333334,202.58101571298002,9.746220519734706,801.1925120719865,11.873055330369667,46.95703095686996,15.703370546226878,,19.764265040091683,,0.008576166713634738,1.0042997104444336,6.44992858273796,0.10958433281852131,0.0022823428152958236,0.10730199000322549
1896.09,4.01,0.1825,0.22,6.279613223,1896.70833333331,3.466666666666667,213.2151897661548,9.703683823522008,846.4479727549676,11.697591458492283,46.43854214615783,16.544339943032018,,20.824903901677764,,0.005505869389791793,1.0042869171828182,6.477661408031009,0.10597480400938997,0.0008642533750038428,0.10511055063438612
1896.1,4.1,0.1817,0.2167,6.469903306,1896.7916666666433,3.4499999999999997,211.58882679598426,9.376997519226913,843.0935998256318,11.183243601631657,44.5605812395645,16.43886680472589,,20.69215179083557,,0.008989479904527226,1.0042741251105176,6.314095608974949,0.1010025725114112,0.0013565299172224599,0.09964604259418874
1896.11,4.38,0.1808,0.2133,6.660193388,1896.8749999999766,3.4333333333333336,219.58058344596523,9.063965636308337,877.947109244749,10.693273618498718,42.75482155294634,17.08942524237112,,21.506675169836154,,0.009693020080220334,1.0042613342290143,6.159910150227173,0.09796107338676685,0.002885998081023189,0.09507507530574366
1896.12,4.22,0.18,0.21,6.660193388,1896.9583333333098,3.4166666666666665,211.55937491825875,9.023859593669805,848.8826501487471,10.527836192614773,42.24297548133576,16.501404180590093,,20.765764121097316,,0.010736338168094939,1.0042485445397913,6.18615958619799,0.09985613087975409,0.0015242332623721655,0.09833189761738192
1897.01,4.22,0.18,0.2183,6.469903306,1897.041666666643,3.4,217.78167050708623,9.289265566652967,876.9557311428042,11.265814851113014,45.36479528636828,17.026521282380557,,21.42590894619321,,0.003822704751421782,1.0031837326593216,6.395159491762335,0.09467740758149779,-0.0005916575122566492,0.09526906509375443
1897.02,4.18,0.18,0.2267,6.469903306,1897.1249999999764,3.3958333333333335,215.71738927005222,9.289265566652967,871.7604957687354,11.699313910890156,47.279450811189555,16.894025883254095,,21.257060362377864,,0.00316693280238816,1.003180329202354,6.4155199698978285,0.08991823036327795,-0.0028663324199870166,0.09278456278326497
1897.03,4.19,0.18,0.235,6.469903306,1897.2083333333096,3.3916666666666666,216.23345957931076,9.289265566652967,876.9743743319457,12.127652267574708,49.185913596183106,16.95803071672104,,21.33376024719598,,0.0029851886508370645,1.0031769257640506,6.43592343540638,0.07964134355712282,-0.00195869632266632,0.08160003987978914
1897.04,4.06,0.18,0.2433,6.374754215,1897.2916666666429,3.3874999999999997,212.65189280713307,9.427916429872896,865.6350614527064,12.743400374378197,51.87414050528165,16.69685743473466,,21.001906820502263,,0.0025014578482112013,1.0031735223444171,6.552737166616118,0.0820072695885028,-0.003582512916880831,0.08558978250538363
1897.05,4.08,0.18,0.2517,6.279613223,1897.3749999999761,3.3833333333333333,216.93715068476595,9.570756647857323,886.325533338077,13.383108045920489,54.67846488754755,17.047755129229383,,21.43690630537203,,-0.00015688683077023924,1.0031701189434596,6.673126519417112,0.07386058309522725,-0.007316470669228692,0.08117705376445594
1897.06,4.27,0.18,0.26,6.279613223,1897.4583333333094,3.3791666666666664,227.039616035282,9.570756647857323,930.8590466553086,13.824426269127244,56.679941950908734,17.85049728069061,,22.433196984133865,,-0.0015985160058095693,1.0031667155611836,6.694281124208418,0.06449991054971438,-0.008485868004217134,0.07298577855393151
1897.07,4.46,0.18,0.2683,6.279613223,1897.5416666666426,3.375,237.1420813857981,9.570756647857323,975.5490008858329,14.265744492333997,58.68605312503789,18.65197575582029,,23.420666317964155,,-0.002794348769244434,1.0031633121975951,6.715480008415387,0.06396598452000135,-0.008625925653494515,0.07259191017349587
1897.08,4.75,0.18,0.2767,6.565052397,1897.624999999976,3.3708333333333336,241.5806118660594,9.154633712819093,996.9464549357526,14.07270637965024,58.074754543310064,19.00639601051944,,23.838146387477522,,-0.0005732139020454205,1.0031599088527,6.443819992403067,0.053918740350290095,-0.0043480874288223115,0.05826682777911241
1897.09,4.98,0.18,0.285,6.755342479,1897.7083333333092,3.3666666666666667,246.14364929224783,8.896758408153534,1018.8366082523418,14.086534146243096,58.30691432769425,19.37237029339779,,24.2667489111082,,0.002458461223091124,1.0031565055265037,6.28209344725189,0.05101369240214515,-0.001636509967011035,0.052650202369156185
1897.1,4.82,0.18,0.2933,6.660193388,1897.7916666666424,3.3625000000000003,241.6389068971581,9.023859593669805,1003.3032265649509,14.703877882351964,61.05162579906641,19.02803122390242,,23.80721709774229,,0.0008620890733763431,1.0031531022190128,6.3919536645254835,0.040080107097376416,-0.004209115288293486,0.0442892223856699
1897.11,4.65,0.18,0.3017,6.660193388,1897.8749999999757,3.3583333333333334,233.11637283646996,9.023859593669805,971.0393261256216,15.124991330056558,63.00270208432259,18.35844809805022,,22.94302165832023,,0.0016591271266084354,1.0031496989302324,6.412108147808926,0.04212419453945704,-0.0001846661492059809,0.04230886068866302
1897.12,4.75,0.18,0.31,6.660193388,1897.958333333309,3.3541666666666665,238.1296281662865,9.023859593669805,995.0542772018466,15.541091522431332,64.94038440685738,18.748757662525502,,23.401121903654268,,-0.001711571829162671,1.0031462956601689,6.432304357982614,0.0476169556943733,0.0018350429548992242,0.04578191273947407
1898.01,4.88,0.1817,0.3133,6.660193388,1898.0416666666422,3.35,244.64686009504803,9.109084934276687,1025.459295352767,15.706528948315277,65.83532730205367,19.24900002181375,,23.993240200753725,,-0.004173901424534915,1.0045491757317953,6.45254228926902,0.050540328754759,0.0028001337431431406,0.04774019501161586
1898.02,4.87,0.1833,0.3167,6.755342479,1898.1249999999754,3.3291666666666666,240.70674137615396,9.059865645636348,1012.108537133073,15.653352154790136,65.81822868789409,18.91813188800214,,23.551290011325065,,-0.0005501052134226983,1.0045335421733654,6.390598443911833,0.04974578612211955,0.005277072232022784,0.04446871389009677
1898.03,4.65,0.185,0.32,6.755342479,1898.2083333333087,3.308333333333333,229.83292554396633,9.1438905861578,969.5909728164801,15.81645939227295,66.72454006479002,18.042174923468675,,22.437784146714662,,0.0022245766228676453,1.0045179109625422,6.419570491470351,0.059046936241138104,0.0052208557343700335,0.05382608050676807
1898.04,4.57,0.1867,0.3233,6.755342479,1898.291666666642,3.2875,225.8788106958981,9.22791552667925,956.1539710372869,15.979566629755764,67.6421397891367,17.705089426411774,,21.998739622916386,,0.004621868235449425,1.0045022821029856,6.448573539368577,0.06544798558744613,0.004055166505996688,0.061392819081449446
1898.05,4.87,0.1883,0.3267,7.231071736,1898.3749999999752,3.2666666666666666,224.87074314373805,8.694694236953978,954.9538632282882,15.085271413769862,64.06230536276834,17.595635274512816,,21.839402613257256,,0.013036233662140274,1.0044866555983616,6.051447727689406,0.07168145213836907,0.01085656649906297,0.0608248856393061
1898.06,5.06,0.19,0.33,6.755342479,1898.4583333333085,3.2458333333333336,250.097764140316,9.391022764162065,1065.4083118604601,16.31072374828148,69.48315077350827,19.54481748054799,,24.234946843797776,,0.002033044597252988,1.0044710314523426,6.506669627582099,0.06063933623885176,0.003947025832330864,0.056692310406520896
1898.07,5.08,0.1917,0.3333,6.660193388,1898.5416666666417,3.225,254.67337075468117,9.610410467258342,1088.3119162614119,16.709180014278587,71.40440190746624,19.858943014167306,,24.597156500082143,,-0.0011232274275904258,1.0044554096686071,6.629132574915737,0.06150596761712346,0.001375942333538216,0.06013002528358524
1898.08,5.27,0.1933,0.3367,6.660193388,1898.624999999975,3.2041666666666666,264.1985558813326,9.690622552535407,1132.4674586250824,16.879630695492352,72.35328146471828,20.54491517915327,,25.41705356257015,,-0.0025961971848833323,1.0044397902508402,6.658668076284495,0.06218802984556793,0.0013240844829440768,0.06086394536262385
1898.09,5.26,0.195,0.34,6.660193388,1898.7083333333082,3.1833333333333336,263.69723034835096,9.77584789314229,1133.8105177553307,17.0450681213763,73.28813232639021,20.442732862691297,,25.263043091810584,,-0.002144569269449649,1.0044241732027328,6.688231165893163,0.061342048655665726,0.0012730567834109419,0.060068991872254784
1898.1,5.15,0.1967,0.3433,6.660193388,1898.7916666666415,3.1625,258.18264948555276,9.86107323374917,1113.6329297547834,17.210505547260244,74.2349873368577,19.94719982577366,,24.627181229803433,,-0.0018673158147902089,1.0044085585279816,6.717821058990991,0.06382934157282683,0.0001417266865753053,0.06368761488625152
1898.11,5.32,0.1983,0.3467,6.660193388,1898.8749999999748,3.1416666666666666,266.7051835462409,9.941285319026235,1153.966984555271,17.38095622847401,75.2030739746828,20.52741632481129,,25.319043685503765,,-0.004208102351561174,1.0043929462302907,6.74743696631006,0.0662836489721601,-0.0009768680664692386,0.06726051703862934
1898.12,5.65,0.2,0.35,6.755342479,1898.958333333308,3.1208333333333336,279.2593611448193,9.885287120170593,1211.850052952603,17.29925246029854,75.07035726255062,21.40363198544818,,26.37185846063143,,-0.004605071180203098,1.0043773363133697,6.681622856660114,0.06272342557680255,-0.0006655227153693488,0.0633889482921719
1899.01,6.08,0.2008,0.3608,6.755342479,1899.0416666666413,3.1,300.51272845318607,9.924828268651277,1307.6684270509556,17.833057964787752,77.59979744736592,22.932807416487186,,28.222949576087554,,-0.004067429276464862,1.0022280750454438,6.7108705670228135,0.05652529312071186,0.000345087580399861,0.056180205540312
1899.02,6.31,0.2017,0.3717,6.945632562,1899.1249999999745,3.104166666666667,303.3361837375007,9.696181974620268,1323.4706171085752,17.868472186248656,77.96101876057963,23.048117549980198,,28.32599306959267,,-0.0004102598870393409,1.0022316173344918,6.541554951441897,0.051479835829899345,0.002053918205269678,0.04942591762462967
1899.03,6.4,0.2025,0.3825,6.945632562,1899.2083333333078,3.1083333333333334,307.6626903201275,9.734639810910284,1345.8867695972408,18.38765297616387,80.43776396421008,23.279682245508724,,28.57038968466712,,0.00031393768145793893,1.0022351596044756,6.556153198866065,0.051539949525162276,0.0020419155161419678,0.04949803400902031
1899.04,6.48,0.2033,0.3933,7.040773554,1899.291666666641,3.1125000000000003,307.2991033450868,9.641035140440763,1347.8108407398092,18.65134835580596,81.8046301949023,23.152421525686496,,28.371517887505842,,0.0018540732642901292,1.0022387018554013,6.482016844871181,0.0542034181579476,0.0013069980447215634,0.05289642011322604
1899.05,6.21,0.2042,0.4042,7.040773554,1899.3749999999743,3.116666666666667,294.4949740390415,9.683715571460914,1295.1914458025933,19.168255798161123,84.30215497478393,22.09126936083419,,27.03336388465909,,0.0063341790783615695,1.0022422440872751,6.496528148008537,0.06117191940222222,0.0002698303404358171,0.0609020890617864
1899.06,6.07,0.205,0.415,7.135922645,1899.4583333333076,3.1208333333333336,284.01757920121065,9.59202697467021,1252.6272573914596,19.418005826771402,85.64090804241445,21.21209192504683,,25.92074319093127,,0.0095015040646233,1.0022457863001029,6.424277197358808,0.06588601617685996,0.000587129924949803,0.06529888625191016
1899.07,6.28,0.2058,0.4258,7.231071736,1899.5416666666408,3.125,289.97705686707906,9.502751322172749,1282.4034234715,19.661183250637304,86.95021938123642,21.561425634523125,,26.307639638375708,,0.01001295900582612,1.0022493284938903,6.353981915147372,0.06527163597209884,0.001904345402575558,0.06336729056952328
1899.08,6.44,0.2067,0.4367,7.326212727,1899.624999999974,3.129166666666667,293.5033120285206,9.420362514952673,1301.4697840280671,19.902623658828407,88.25339358463617,21.726237373055454,,26.466629854714558,,0.010920774676827769,1.002252870668643,6.28557327276553,0.06554163428520865,0.0021986043489110596,0.06334302993629759
1899.09,6.37,0.2075,0.4475,7.611651901,1899.7083333333073,3.1333333333333337,279.4262339717051,9.102188940208604,1242.4118255481442,19.630021931293253,87.28089355302897,20.591140514113782,,25.04468382842009,,0.015989821882392674,1.002256412824368,6.06349199305966,0.06991803701451982,0.005029051787194483,0.06488898522732534
1899.1,6.34,0.2083,0.4583,7.706792893,1899.7916666666406,3.1374999999999997,274.6769608824883,9.024481222684908,1224.6389433733507,19.85559166757798,88.5255564271304,20.15371346068661,,24.476723296282405,,0.018243647300443026,1.0022599549610702,6.002150524674138,0.07015741059257197,0.004299845672929514,0.06585756491964245
1899.11,6.46,0.2092,0.4692,7.801941983,1899.8749999999739,3.1416666666666666,276.4626492608975,8.952939044176432,1235.9267485217326,20.0799187357915,89.7673112084206,20.1964575208023,,24.49141414818265,,0.01932477428948865,1.0022634970787563,5.942350070275878,0.06800107284532686,0.004555627479092772,0.06344544536623409
1899.12,6.02,0.21,0.48,7.897091074,1899.958333333307,3.145833333333333,254.5282599839496,8.878892790137776,1141.1767823622927,20.29461209174349,90.99083978968447,18.512649643600202,,22.419855109110483,,0.02377170054783692,1.0022670391774313,5.884041353198449,0.07716755110233087,0.0048065722079799755,0.07236097889435089
1900.01,6.1,0.2175,0.48,7.897091074,1900.0416666666404,3.15,257.9106953325735,9.195996104071268,1159.7777743505485,20.29461209174349,91.26120191610875,18.674275362444785,,22.587334824329037,,0.025737811567035203,1.0029795584767995,5.897380705467776,0.07452784268981794,0.005764228469135935,0.068763614220682
1900.02,6.21,0.225,0.48,7.992232066,1900.1249999999736,3.145833333333333,259.4359633050225,9.399853742935596,1170.1590822887715,20.053021318262605,90.44707882425286,18.703797417251437,,22.59574910485338,,0.02689765296308927,1.0029761561500405,5.844539622378424,0.07008089132474593,0.006949334932825346,0.06313155639192058
1900.03,6.26,0.2325,0.48,7.992232066,1900.2083333333069,3.1416666666666666,261.5248196923415,9.71318220103345,1183.2315116500895,20.053021318262605,90.72701686773848,18.775793421238376,,22.658551692872035,,0.026734307147491386,1.0029727538422986,5.861933884919721,0.06986422418760285,0.005014324075594212,0.06484990011200864
1900.04,6.34,0.24,0.48,7.992232066,1900.2916666666401,3.1374999999999997,264.8669899120519,10.026510659131302,1202.1329734975347,20.053021318262605,91.01322196826762,18.936402033322736,,22.830122957226415,,0.02632424991793153,1.002969351553579,5.879359971399416,0.0649775014996945,0.004052548662532018,0.06092495283716248
1900.05,6.04,0.2475,0.48,7.801941983,1900.3749999999734,3.1333333333333337,258.48829745136544,10.592028744902805,1177.1885628981681,20.542116353750895,93.55140897203985,18.40319701695042,,22.172115694151763,,0.024232858651637643,1.0029659492838876,6.040641788323442,0.06787513880126483,0.003509766605165332,0.0643653721960995
1900.06,5.86,0.255,0.48,7.706792893,1900.4583333333067,3.129166666666667,253.88122882829362,11.047732653790932,1160.4001183514654,20.795732054194698,95.04983904585382,17.992711584303983,,21.66709132606772,,0.024286393111291098,1.0029625470332306,6.133357788633393,0.0656115362169214,0.0032222961753032298,0.062389240041618166
1900.07,5.86,0.2625,0.48,7.801941983,1900.54166666664,3.125,250.78500381870887,11.233969880957522,1150.5272542533671,20.542116353750895,94.24114028013928,17.689545468952808,,21.293889709957174,,0.02650837224507272,1.0029591448016137,6.07650678861387,0.06147177297999051,0.00443823474032401,0.057033538239666504
1900.08,5.94,0.27,0.48,7.706792893,1900.6249999999732,3.1208333333333336,257.34718417065943,11.697599280484518,1185.1046855537436,20.795732054194698,95.76603519626208,18.06961466678419,,21.745469843487978,,0.020503000596817957,1.002955742589043,6.169731412099583,0.06236272961900524,0.0041614673758820775,0.058201262243123164
1900.09,5.8,0.2775,0.48,7.801941983,1900.7083333333064,3.116666666666667,248.21723927449,11.875911017012237,1147.6180089832174,20.542116353750895,94.97528350205936,17.341874151224708,,20.86922595392475,,0.022910446651602426,1.0029523403955243,6.112501789983341,0.06800541543833383,0.006361776127812524,0.0616436393105213
1900.1,6.01,0.285,0.48,7.706792893,1900.7916666666397,3.1125000000000003,260.3798950952294,12.347465907178101,1208.6086587646741,20.795732054194698,96.52781301281925,18.102398784556048,,21.78469252513005,,0.01930761348008883,1.0029489382210637,6.206236536561333,0.07091507795643648,0.008119179050946945,0.06279589890548953
1900.11,6.48,0.2925,0.48,7.706792893,1900.874999999973,3.1083333333333334,280.7423827316284,12.672399220524893,1308.027278677617,20.795732054194698,96.89090953167535,19.419584603760754,,23.36547649184723,,0.017974812589310545,1.0029455360656672,6.22453834469296,0.06498425053323276,0.010166633797672686,0.05481761673556007
1900.12,6.87,0.3,0.48,7.611651901,1900.9583333333062,3.104166666666667,301.3592193697981,13.159791238855814,1409.1941620195369,21.055665982169298,98.45898075245671,20.74405116087084,,24.951139917086632,,0.013490267445614545,1.0029421339293405,6.320905039363542,0.054545251575951914,0.008900918904485966,0.04564433267146595
1901.01,7.07,0.3017,0.4817,7.706792893,1901.0416666666395,3.1,306.3038033815761,13.070984084896962,1437.4091335502494,20.869383605219973,97.93493346975322,20.978581834536186,,25.223107928844342,,0.015441362892157355,1.0020149873405235,6.261240315192958,0.05543255675133851,0.010144103392990989,0.045288453358347525
1901.02,7.25,0.3033,0.4833,7.611651901,1901.1249999999727,3.106666666666667,318.02828827234885,13.304548942483226,1497.6322023199723,21.200423685796714,99.83526115603345,21.679149848206187,,26.05325136080883,,0.011385946036258691,1.0020207222232298,6.352276004796133,0.05666056345384152,0.012175146255171132,0.044485417198670385
1901.03,7.51,0.305,0.485,7.611651901,1901.208333333306,3.1133333333333333,329.4334406793572,13.379121092836742,1556.5907114342929,21.274995836150232,100.52549867451825,22.347583950683845,,26.84086878778499,,0.008747130120826403,1.002026457027879,6.365112190087114,0.05068238447058837,0.011214684565742816,0.039467699904845555
1901.04,8.14,0.3067,0.4867,7.51650281,1901.2916666666392,3.12,361.58902866158843,13.623999396868447,1713.8921035145813,21.61982558348834,102.47558805657822,24.4097169948272,,29.29380498925427,,0.002473621989021131,1.0020321917545103,6.458748088379452,0.04395103973848569,0.013299288449727165,0.030651751288758522
1901.05,7.73,0.3083,0.4883,7.51650281,1901.3749999999725,3.126666666666667,343.376313458732,13.695073407416182,1632.9752708591943,21.690899594036072,103.15418172840162,23.064012684863545,,27.66110204535111,,0.005972805426365128,1.0020379264031627,6.471873502989116,0.0516848399483949,0.013409081904786735,0.038275758043608166
1901.06,8.5,0.31,0.49,7.51650281,1901.4583333333057,3.1333333333333333,377.58068103482816,13.770589543623146,1801.096377335103,21.766415730243036,103.8279088110824,25.23846620596033,,30.240388110984235,,0.004568493362102827,1.0020436609738748,6.4850627048787866,0.043920055045181705,0.013518520118390498,0.030401534926791207
1901.07,7.93,0.3117,0.4917,7.611651901,1901.541666666639,3.14,347.8571484137553,13.673023097171189,1664.7473880620716,21.568897840484677,103.22273527239857,23.14484855370808,,27.711150600769958,,0.010564738337857427,1.0020493954666856,6.41708408601071,0.05102524976865297,0.013807567083109928,0.03721768268554304
1901.08,8.04,0.3133,0.4933,7.706792893,1901.6249999999723,3.146666666666667,348.32851190776114,13.573547609539999,1672.4164704764542,21.37194712986301,102.61231901567598,23.077177713844357,,27.6089094728204,,0.011866188520390474,1.0020551298816345,6.35085344637982,0.04254264958651466,0.011957966427019073,0.030584683159495585
1901.09,8,0.315,0.495,7.801941983,1901.7083333333055,3.1533333333333333,342.36860589584825,13.480763857149025,1649.1951231720402,21.18405748980561,102.04394824626998,22.590468316860218,,27.007461920877034,,0.015205420693573585,1.0020608642187594,6.2862938551084,0.03755717103051204,0.012259919407023867,0.02529725162348817
1901.1,7.91,0.3167,0.4967,7.801941983,1901.7916666666388,3.16,338.51695907951995,13.553517185901892,1636.082304031236,21.25681081855848,102.73604050724589,22.252901618408902,,26.586455006647935,,0.015810256650797133,1.0020665984781,6.299249053183,0.039448782911181146,0.012367766741104624,0.02708101617007652
1901.11,8.08,0.3183,0.4983,7.897091074,1901.874999999972,3.1666666666666665,341.62597021101544,13.457864643337404,1656.528682740043,21.068344177741213,102.15943596650538,22.37507477765278,,26.7132152490284,,0.01797748962142054,1.0020723326596945,6.236212931197434,0.043781729004302106,0.014753651561353998,0.029028077442948108
1901.12,7.95,0.32,0.5,7.992232066,1901.9583333333053,3.173333333333334,332.1281655837244,13.368680878841737,1615.8762732181897,20.888563873190215,101.62743856718176,21.68021514102967,,25.866784338435302,,0.02054744964153324,1.0020780667635822,6.174745576020542,0.048385624474672984,0.01714185538330959,0.031243769091363394
1902.01,8.12,0.3208,0.5108,7.897091074,1902.0416666666385,3.18,343.3171878853273,13.563565747981897,1675.8124606898232,21.5968497009637,105.41933558132536,22.340290796033557,,26.635699508412856,,0.020493974303292313,1.0018008349940293,6.262122561662389,0.04404338172305855,0.01496805110298105,0.0290753306200775
1902.02,8.19,0.3217,0.5217,7.897091074,1902.1249999999718,3.1900000000000004,346.2768188153733,13.601618145653918,1695.7918463177314,22.05770651721371,108.02131944126504,22.459957452460387,,26.756070389465783,,0.0201554814301438,1.0018095695807507,6.273399611108331,0.04126162800789124,0.01377061867643703,0.027491009331454208
1902.03,8.2,0.3225,0.5325,7.897091074,1902.208333333305,3.1999999999999997,346.6996232339513,13.635442499140158,1703.427050753991,22.514335289277934,110.61889079591465,22.410652288217324,,26.674136055631255,,0.022808465227320197,1.0018183039057333,6.284751764212486,0.04206107141062976,0.011559486573487154,0.030501584837142603
1902.04,8.48,0.3233,0.5433,7.992232066,1902.2916666666383,3.21,354.27004328930605,13.506545400404793,1746.1526318669148,22.69751350460849,111.87319869024704,22.823108698497833,,27.13631887951851,,0.024471114945135097,1.0018270379691732,6.22122848253464,0.039998523549566345,0.00961210473193197,0.030386418817634375
1902.05,8.46,0.3242,0.5542,8.087381157,1902.3749999999716,3.2199999999999998,349.27629787240414,13.384796190334917,1727.0367519339436,22.880487503650873,113.13519715387608,22.427954493329793,,26.637764485324812,,0.026342382656398572,1.0018357717712656,6.159267613660758,0.04146396905071437,0.010669421674553758,0.030794547376160608
1902.06,8.41,0.325,0.565,8.18251405,1902.4583333333048,3.2300000000000004,343.175203591615,13.26182415782103,1702.3337418547944,23.05517122821194,114.36605994624952,21.963742295514617,,26.05879162661761,,0.028371212083532382,1.001844505312206,6.098833271927901,0.04442433297828696,0.012713833691679,0.03171049928660796
1902.07,8.6,0.3258,0.5758,8.18251405,1902.541666666638,3.2399999999999998,350.92827002234105,13.294468648055666,1746.2887682571447,23.495871846379533,116.9201247398214,22.385686589401352,,26.529400003167872,,0.024709335896387817,1.0018532385921899,6.110082602296231,0.0423038584455071,0.012580760952309644,0.02972309749319746
1902.08,8.83,0.3267,0.5867,8.087381157,1902.6249999999714,3.25,364.5519752025211,13.488010226349223,1819.6762824641262,24.222269971836816,120.90646375104221,23.168671834092848,,27.424898531949346,,0.020595372474778453,1.001861971611412,6.193412920904672,0.0397743947254563,0.010271060426152445,0.02950333429930385
1902.09,8.85,0.3275,0.5975,8.18251405,1902.7083333333046,3.26,361.1296732206649,13.36383818980427,1808.1525663673376,24.381353643994046,122.07583710785133,22.856566381954487,,27.022746801513012,,0.022266499788554106,1.0018707043700679,6.132803927450595,0.040367881670050565,0.010339344178422971,0.030028537491627594
1902.1,8.57,0.3283,0.6083,8.753424793,1902.7916666666379,3.27,326.895905621794,12.522745136013414,1641.971386279115,23.20312478293317,116.54739723145688,20.604425401859793,,24.333335259523263,,0.0337912354989396,1.001879436868352,5.743538182853339,0.05065774219030916,0.017051199726382027,0.033606542463927136
1902.11,8.24,0.3292,0.6192,8.467928926,1902.8749999999711,3.2800000000000002,324.9052069334763,12.980436179915095,1637.4055753889118,24.415206812282587,123.04387527679783,20.408541255072173,,24.081790733787198,,0.028188898983770708,1.0018881691064587,5.948339888209355,0.05019959701026888,0.013562018219297034,0.03663757879097185
1902.12,8.05,0.33,0.63,8.563094215,1902.9583333333044,3.29,313.88591057327284,12.86737273157516,1587.2761900731903,24.564984305734395,124.22161487529316,19.63323212682383,,23.14832792923753,,0.029881822071487346,1.001896901084583,5.893340121843948,0.05108980366024962,0.015566176169387047,0.035523627490862575
1903.01,8.46,0.3317,0.6217,8.658259504,1903.0416666666376,3.3,326.24692626676443,12.791501825376566,1655.1744795505172,23.974907099296384,121.6338030657868,20.318132053828485,,23.933621799528527,,0.025461515467494603,1.002046305352876,5.839621025946394,0.04522865077921123,0.015580471861217804,0.02964817891799343
1903.02,8.41,0.3333,0.6133,8.658259504,1903.124999999971,3.308333333333333,324.3187529436748,12.853203371715432,1650.826222717419,23.650973981017327,120.38664951160438,20.107051517552804,,23.668501052173472,,0.024686947627897804,1.0020535263183528,5.8515706737105555,0.04219679236855112,0.015944643441854867,0.02625214892669625
1903.03,8.08,0.335,0.605,8.372844628,1903.2083333333042,3.3166666666666664,322.21443486219675,13.359138079063852,1645.7816109977011,24.12620459054815,123.22993498188232,19.884560384872824,,23.396709569309298,,0.024210704457160614,1.002060747133676,6.063465926948874,0.0409949668206222,0.012905437447038093,0.02808952937358411
1903.04,7.75,0.3367,0.5967,8.372844628,1903.2916666666374,3.325,309.05468690371595,13.426930720062087,1584.2803681024045,23.7952169903803,121.97936718021998,18.98002260182625,,22.32632674182848,,0.02776058170571822,1.0020679677989401,6.075961196977976,0.0453228631931728,0.013263567777560104,0.0320592954156127
1903.05,7.6,0.3383,0.5883,8.18251405,1903.3749999999707,3.333333333333333,310.1226572290456,13.80453880797186,1595.6520968645875,24.00594200629573,123.51606955071537,18.954858723039862,,22.294345532415107,,0.026681724642753778,1.0020751883142376,6.230149150480122,0.04324351970997031,0.012328983172058772,0.03091453653791154
1903.06,7.18,0.34,0.58,8.18251405,1903.458333333304,3.341666666666667,292.98429985586154,13.873908349720462,1513.4200260831892,23.667255420111378,122.25398539390665,17.8185517229685,,20.961154591653795,,0.03251612460807795,1.0020824086796625,6.2430778831931555,0.04282285076860304,0.011643707225901911,0.031179143542701127
1903.07,6.85,0.3417,0.5717,8.18251405,1903.5416666666372,3.3499999999999996,279.518447634074,13.943277891469064,1449.8637623833654,23.328568833927022,121.00541794957225,16.918178414766643,,19.91040456555084,,0.03804595244435384,1.0020896288953078,6.256078522764926,0.04816053386810526,0.010966888103656869,0.03719364576444839
1903.08,6.63,0.3433,0.5633,8.18251405,1903.6249999999704,3.3583333333333334,270.541212819549,14.008566871938337,1409.354004438525,22.985801686463343,119.74194731526714,16.299118790903485,,19.19401744926609,,0.044293346247704965,1.0020968489612667,6.269151405217411,0.054409472760096556,0.011314192453266925,0.04309528030682963
1903.09,6.47,0.345,0.555,8.277679339,1903.7083333333037,3.3666666666666663,260.9770669445836,13.916087804618446,1365.5718538682872,22.386749946560112,117.13947123599684,15.654359115196906,,18.449326201499165,,0.043822618555605986,1.0021040688776328,6.210071723034172,0.05817082509926941,0.011812143966502653,0.046358681132766755
1903.1,6.26,0.3467,0.5467,8.18251405,1903.791666666637,3.3749999999999996,255.4431360860297,14.147305955435543,1342.784219474764,22.308428514094633,117.26839181898616,15.252943825778832,,17.996685085169766,,0.04292651107252165,1.0021112886444992,6.295515254151219,0.05705971582127356,0.010984966738773583,0.04607474908249998
1903.11,6.28,0.3483,0.5383,8.087381157,1903.8749999999702,3.3833333333333333,259.27365846793117,14.379779497512807,1369.219235603834,22.224046234599896,117.36476345948151,15.407877534297885,,18.20173331810417,,0.04366353068275037,1.0021185082619586,6.383018201904322,0.05176219450109665,0.009138049510294621,0.042624144990802026
1903.12,6.57,0.35,0.53,8.087381157,1903.9583333333035,3.3916666666666666,271.24648664559044,14.449965042002532,1438.806678177649,21.88137563503241,116.06811863533545,16.04289414005013,,18.97207317179524,,0.0423713950434659,1.0021257277301043,6.396540678701288,0.04799279335741069,0.010479569279762124,0.037513224077648566
1904.01,6.68,0.3467,0.5267,8.277679339,1904.0416666666367,3.4,269.44772908652527,13.984659831481785,1435.4470184703096,21.24522738171749,113.18112943537604,15.86183391403363,,18.77706621361902,,0.048148955439236515,1.0022729803355197,6.262773298065667,0.05295949917903031,0.013167700236935698,0.039791798942094614
1904.02,6.5,0.3433,0.5233,8.467928926,1904.12499999997,3.4066666666666667,256.2965831392714,13.536402614109516,1371.3954827598652,20.633846454889337,110.40788555819037,15.02149838033143,,17.803035506120388,,0.05535702310916061,1.0022787117439262,6.135982444195394,0.06071267478718445,0.016559863540962727,0.044152811246221724
1904.03,6.48,0.34,0.52,8.372844628,1904.2083333333032,3.4133333333333336,258.40959627562313,13.558528199646894,1388.7475883149,20.736572540636427,111.4427077042821,15.081930176258854,,17.8965473238072,,0.05679272206609215,1.002284443076008,6.21980524779575,0.057855251797339635,0.015478709372075405,0.04237654242526423
1904.04,6.64,0.3367,0.5167,8.277679339,1904.2916666666365,3.42,267.83426963091733,13.581294967579801,1445.4801625825833,20.841862517815514,112.48186747084652,15.565490611691471,,18.49032705873975,,0.053495648241962714,1.0022901743318027,6.305684095535998,0.052630836776946355,0.015414992283073303,0.03721584449387305
1904.05,6.5,0.3333,0.5133,8.087381157,1904.3749999999698,3.4266666666666667,268.35649363718994,13.760495281426984,1454.4872550078119,21.191905874456857,114.85973969161688,15.525820896254631,,18.46478328377086,,0.05121558713443858,1.0022959055113485,6.468839401365946,0.052042026397904007,0.012094047598224078,0.03994797879967993
1904.06,6.51,0.33,0.51,8.087381157,1904.458333333303,3.4333333333333336,268.7693497812471,13.624252753888102,1462.878527632857,21.055663346917974,114.60338695741275,15.474433638652645,,18.424664376078873,,0.05136280831355531,1.0023016366146833,6.48369124539957,0.05140481907663319,0.012159952916464434,0.039244866160168757
1904.07,6.78,0.3267,0.5067,8.087381157,1904.5416666666363,3.44,279.916465670792,13.488010226349223,1529.6687074140673,20.9194208193791,114.31904631957343,16.036401629624102,,19.112780970977084,,0.0490315500476062,1.0023073676418448,6.498614346568283,0.04023349913802554,0.011209051360418165,0.029024447777607376
1904.08,7.01,0.3233,0.5033,8.18251405,1904.6249999999695,3.4466666666666663,286.0473456810013,13.192454616072427,1569.180098871655,20.537464918865613,112.66310182055692,16.304651978851027,,19.44975342795369,,0.04621695794790072,1.0023130985928717,6.437879444435909,0.036024747280043456,0.010455272278984129,0.025569475001059327
1904.09,7.32,0.32,0.5,8.277679339,1904.7083333333028,3.453333333333333,295.2630803762523,12.907675644863486,1625.6358571094156,20.168243195099198,111.04070062222783,16.74260004916368,,19.988235376712076,,0.04429908922806986,1.002318829467801,6.378585874357188,0.032855552495609563,0.011690229927997953,0.02116532256761161
1904.1,7.75,0.3167,0.4967,8.277679339,1904.791666666636,3.46,312.60776952403756,12.774565239775832,1726.9919579590414,20.035132790011545,110.68347167977497,17.633197370821392,,21.065460476613346,,0.04409069249065881,1.002324560266671,6.3933767272455455,0.028117912245603893,0.012753407351731472,0.015364504893872422
1904.11,8.17,0.3133,0.4933,8.467928926,1904.8749999999693,3.466666666666667,322.1450898842841,12.35349530731288,1785.3677980022285,19.4509391480927,107.79950241793138,18.07620022377006,,21.60536546382676,,0.04495909013171534,1.0023302909895195,6.264264146887279,0.02416781580547811,0.014123789299223866,0.010044026506254244
1904.12,8.25,0.31,0.49,8.467928926,1904.9583333333026,3.473333333333333,325.29950936907517,12.223375503565249,1808.4952674377942,19.32081934434507,107.41365830842658,18.159679118703192,,21.7167982300782,,0.0461129478955936,1.0023360216363848,6.278861705184741,0.019856255223533736,0.015189521670460282,0.004666733553073454
1905.01,8.43,0.3117,0.505,8.467928926,1905.0416666666358,3.48,332.396953209855,12.290406917617057,1853.647365948158,19.91227299774339,111.04293236106997,18.459852032455835,,22.087689801665377,,0.04515084406533426,1.003249082644516,6.293529261979921,0.019606368980848776,0.015255619939742227,0.00435074904110655
1905.02,8.8,0.3133,0.52,8.467928926,1905.124999999969,3.475833333333333,346.9861433270135,12.35349530731288,1940.7464369699192,20.503726651141708,114.68047127549522,19.168996375829813,,22.944184172180947,,0.043188467656359704,1.00324567883032,6.3139774586777735,0.015061356791900016,0.01642477527488362,-0.0013634184829836027
1905.03,9.05,0.315,0.535,8.372844628,1905.2083333333023,3.4716666666666667,360.89611825530704,12.56157759673168,2024.401950556336,21.334742902385553,119.67459044725301,19.831506074218407,,23.74209332467076,,0.0403296918235847,1.0032422750346768,6.406406570502179,0.014849064026413172,0.016456099531714674,-0.0016070355053015017
1905.04,8.94,0.3167,0.55,8.372844628,1905.2916666666356,3.4675,356.50953560248007,12.629370237729916,2005.6995336411132,21.93291326413468,123.39314804279779,19.482927524711275,,23.328639790056272,,0.03692213921951107,1.0032388712575924,6.427177902587708,0.02260688265714128,0.015591562541891868,0.007015320115249413
1905.05,8.5,0.3183,0.565,8.277679339,1905.3749999999688,3.463333333333333,342.86013431668636,12.83910361800015,1934.928217321315,22.79011481046209,128.6158167984168,18.62948750984511,,22.313429429486135,,0.036744785710864314,1.0032354674990727,6.522124814311456,0.023301547076080897,0.013577729460267252,0.009723817615813646
1905.06,8.6,0.32,0.58,8.277679339,1905.458333333302,3.4591666666666665,346.8937829557062,12.907675644863486,1963.7624417362993,23.39516210631507,132.43979258221555,18.735862386183527,,22.4452965425369,,0.03509804968754175,1.003232063759123,6.543226937173056,0.02338960813555757,0.013732181416571843,0.009657426718985729
1905.07,8.87,0.3217,0.595,8.277679339,1905.5416666666354,3.455,357.78463428105977,12.976247671726824,2031.5369832937815,24.000209402168046,136.27559245319054,19.205883309548042,,23.009841754484825,,0.03521715586649458,1.0032286600377496,6.564375063824411,0.019992629211455615,0.01388576484920101,0.006106864362254605
1905.08,9.2,0.3233,0.61,8.372844628,1905.6249999999686,3.4508333333333336,366.8778218727983,12.89256519689953,2089.269452755669,24.325594711131192,138.52764849793024,19.573308430803714,,23.4474985177437,,0.036851800488857715,1.003225256334958,6.510717983947418,0.021809669392637954,0.015198292703166416,0.0066113766894715376
1905.09,9.23,0.325,0.625,8.277679339,1905.7083333333019,3.4466666666666663,372.30576938153126,13.10935807681448,2126.4013239770206,25.210303993873996,143.98708856832476,19.743492419697777,,23.647692425098636,,0.035287476611482196,1.0032218526507541,6.606809348045016,0.024156587650628003,0.014190324866121928,0.009966262784506075
1905.1,9.36,0.3267,0.64,8.277679339,1905.7916666666351,3.4425000000000003,377.54951261225693,13.177930103677816,2162.622715977268,25.815351289726973,147.8716386993004,19.89739481432952,,23.82564560155492,,0.0349373786853821,1.0032184489851437,6.628095514256042,0.02734668130173068,0.013342433836232459,0.01400424746549822
1905.11,9.31,0.3283,0.655,8.372844628,1905.8749999999684,3.438333333333334,371.26440452562525,13.091955317482572,2132.870580655229,26.120105796378578,150.05695277434748,19.443525693264977,,23.275233759234016,,0.03731781877907997,1.0032150453381325,6.573850674013709,0.03169975301138894,0.01366215175418617,0.018037601257202773
1905.12,9.54,0.33,0.67,8.467928926,1905.9583333333017,3.434166666666667,376.1645235613305,13.011980374763006,2167.250550174229,26.418263185124893,152.20732375437458,19.577960809096115,,23.42709697236225,,0.039588610620698385,1.0032116417097265,6.520932422042152,0.03065765638735285,0.014956735840993218,0.01570092054635963
1906.01,9.87,0.3358,0.6775,8.467928926,1906.041666666635,3.43,389.1765039360935,13.240675787410357,2248.575453331448,26.713990011824052,154.3475045219915,20.132402260807893,,24.078997473407558,,0.03967556692417593,1.0011806993806183,6.54187532059509,0.024643925931032484,0.014124835827980409,0.010519090103052076
1906.02,9.8,0.3417,0.685,8.467928926,1906.1249999999682,3.45,386.4163868869015,13.473314224413695,2239.115261264621,27.00971683852321,156.5095871394148,19.866752563675888,,23.751613317696677,,0.04161458175295275,1.0011989435794537,6.549599308734199,0.024056735147999886,0.01422322553881572,0.009833509609184166
1906.03,9.56,0.3475,0.6925,8.467928926,1906.2083333333014,3.4700000000000006,376.95312843252833,13.702009637061042,2190.8962187548195,27.30544366522237,158.70247191294064,19.25945302085411,,23.019077336408866,,0.04300178346278496,1.0012171857262209,6.5574519087734,0.025402069708234,0.013350942575860891,0.012051127132373107
1906.04,9.43,0.3533,0.7,8.467928926,1906.2916666666347,3.49,371.82719676974284,13.930705049708395,2167.8509392292663,27.601170491921525,160.9221269841449,18.876204996115877,,22.557115123058143,,0.045354641484752115,1.0012354258239826,6.565433545637139,0.02483515425954974,0.012488097936725229,0.012347056322824512
1906.05,9.18,0.3592,0.7075,8.563094215,1906.374999999968,3.51,357.9469141692726,14.005940258126659,2093.7300805355526,27.586867295725533,161.3631843114274,18.05404446092639,,21.573872118633183,,0.050240640291034394,1.0012536638757978,6.500490068846372,0.030132211723306712,0.01276569471892497,0.017366517004381743
1906.06,9.3,0.365,0.715,8.563094215,1906.4583333333012,3.5300000000000002,362.6259587989363,14.232094081893738,2128.036387683035,27.879307585079513,163.60709862294303,18.172666376497496,,21.71557632675157,,0.05122900541207512,1.0012718998847194,6.508639498420668,0.028948695273894653,0.011920202925411294,0.01702849234848336
1906.07,9.06,0.3708,0.7225,8.277679339,1906.5416666666345,3.55,365.4485666951975,14.956769153485567,2151.914963346742,29.143111416918345,171.60690518962707,18.19520014351374,,21.745449504726235,,0.04747009624297462,1.0012901338537958,6.741621550895992,0.026832427406096482,0.008591082732467559,0.018241344673628923
1906.08,9.73,0.3767,0.73,8.467928926,1906.6249999999677,3.5700000000000003,383.6562698377093,14.85337274900977,2266.4181581698067,28.78407779871817,170.0395946006124,18.9672514775493,,22.66560945231646,,0.047371634291944055,1.0013083657860706,6.598659224381098,0.021825045749794603,0.01004929021590395,0.011775755533890653
1906.09,10.03,0.3825,0.7375,8.563094215,1906.708333333301,3.59,391.0901469627238,14.914454757053027,2317.6753421940293,28.75662845314146,170.4173045730904,19.20099368200136,,22.94287642232474,,0.04768194519702299,1.0013265956845823,6.533863045241129,0.0222371346091379,0.009436296089672114,0.012800838519465785
1906.1,9.73,0.3883,0.745,8.753424793,1906.7916666666342,3.61,371.1431927304616,14.811397917496219,2206.780458576859,28.4174387034115,168.9672601890812,18.095380908869103,,21.62396308597395,,0.049852624506333064,1.0013448235523643,6.400272957187566,0.029024565722619133,0.009946877871997328,0.019077687850621805
1906.11,9.93,0.3942,0.7525,8.848509091,1906.8749999999675,3.6300000000000003,374.7018272685413,14.874870121778347,2235.310119790193,28.395078048295805,169.39283636879358,18.141851654007965,,21.683247782770636,,0.04763862542710335,1.0013630493924461,6.3400116581624895,0.02870226621647598,0.009359840316808254,0.019342425899667726
1906.12,9.84,0.4,0.76,8.94367438,1906.9583333333007,3.6499999999999995,367.3548544373549,14.933124164120116,2198.9049532560393,28.372935911828222,169.83412240595425,17.660003667768663,,21.11396362190011,,0.05004375945682995,1.0013812732078506,6.281100474191055,0.02577748822357817,0.009658724607502611,0.01611876361607556
1907.01,9.56,0.4033,0.7517,8.848509091,1907.041666666634,3.67,360.740127763067,15.21825246096704,2166.9017528623144,28.364890589905592,170.38285017014664,17.218913853705985,,20.596389814753078,,0.053179729321433264,1.0016757521839021,6.3574226320585465,0.024474170310737398,0.007806194599943028,0.01666797571079437
1907.02,9.26,0.4067,0.7433,9.038839669,1907.1249999999673,3.6866666666666665,342.06210788359544,15.02339733004949,2062.226450772673,27.45731801186571,165.53487266299436,16.217071288766157,,19.409252150981242,,0.058799011605750996,1.0016907199705527,6.233983707998943,0.021555245006929402,0.007355333812584686,0.014199911194344716
1907.03,8.35,0.41,0.735,8.94367438,1907.2083333333005,3.7033333333333336,311.7289669260074,15.306452268223119,1887.043767056959,27.439615651570715,166.1050501541156,14.687545255978653,,17.597254765750463,,0.06395998613068168,1.0017056865901681,6.310968567435117,0.0343635446095194,0.006246707889070446,0.028116836720448957
1907.04,8.39,0.4133,0.7267,8.94367438,1907.2916666666338,3.7199999999999998,313.2222793424195,15.429650542577113,1903.8670823973987,27.129753325165225,164.90348137999877,14.66970990560274,,17.59427766957998,,0.0654075495452477,1.0017206520441981,6.321733101891563,0.027420507283378637,0.0013075721906814497,0.026112935092697187
1907.05,8.1,0.4167,0.7183,9.134004959,1907.374999999967,3.736666666666667,296.09456773232296,15.232420540007285,1807.474904536686,26.257373827423162,160.2850893739138,13.790107153424247,,16.559343931780724,,0.07332950822119558,1.0017356163340905,6.200654310959372,0.028199354106526853,0.001798892600798574,0.02640046150572828
1907.06,7.84,0.42,0.71,9.229089256,1907.4583333333003,3.753333333333333,283.6376512772562,15.194874175567296,1739.1627166788485,25.68657301107805,157.50070520943652,13.144269952673206,,15.806056111254946,,0.07780157555740236,1.0017505794612918,6.1474220715976005,0.03323750721977259,0.0012440241796076723,0.031993483040164916
1907.07,8.14,0.4233,0.7017,9.229089256,1907.5416666666335,3.7699999999999996,294.49113283123285,15.314262472661039,1813.5374334944738,25.386293354751363,156.33405615271158,13.58500735796184,,16.35709805076724,,0.0751666906208552,1.0017655414272453,6.158183622416031,0.028248081950838833,0.0027594135998711966,0.025488668350967636
1907.08,7.53,0.4267,0.6933,9.229089256,1907.6249999999668,3.7866666666666666,272.4223870048137,15.437268596939443,1685.5556809319487,25.082395871240017,155.19199914875432,12.513471604446611,,15.092007281741033,,0.07669387939475067,1.0017805022333937,6.1690561507179895,0.031745176431771105,0.0011689827046155177,0.030576193727155587
1907.09,7.45,0.43,0.685,9.229089256,1907.7083333333,3.8033333333333337,269.5281252570866,15.556656894033184,1675.6691768273236,24.78211621491333,154.07159545325055,12.32856965773663,,14.895547932371393,,0.07477365329913242,1.0017954618811766,6.1800401689722735,0.025627995423637584,-0.0011482418265564842,0.026776237250194068
1907.1,6.64,0.4333,0.6767,9.324254545,1907.7916666666333,3.82,237.77195155926535,15.516052200396038,1486.2782037855686,24.231969822312475,151.47055128037562,10.831840153050607,,13.118926370609234,,0.08833993148156212,1.0018104203720324,6.127948166660065,0.031441932710293274,-0.0016488140824669761,0.03309074679276025
1907.11,6.25,0.4367,0.6683,8.94367438,1907.8749999999666,3.836666666666667,233.33006506437684,16.303238306178137,1467.0050441935418,24.949517197203686,156.86391536552705,10.591177559189786,,12.863256624926697,,0.08597017044490043,1.0018253777073978,6.400276989603223,0.02466179657670331,-0.005833756349844288,0.030495552926547598
1907.12,6.57,0.44,0.66,8.753424793,1907.9583333332998,3.853333333333333,250.6074795723672,16.783453730873905,1584.4259967818866,25.175180596310856,159.1660818685,11.333306235811177,,13.798214088041618,,0.07740870289309013,1.0018403338887065,6.551319392295588,0.012644818624587995,-0.009458836613646437,0.022103655238234432
1908.01,6.85,0.4367,0.6533,8.658259504,1908.041666666633,3.87,264.15974526327847,16.840665803864773,1678.9807476681717,25.193512639489025,160.12819305863016,11.90296862826698,,14.522352358595427,,0.07189638260406482,1.0039792502497789,6.635515861163309,0.01130383699354054,-0.01271273213252555,0.02401656912606609
1908.02,6.6,0.4333,0.6467,8.563094215,1908.1249999999663,3.8608333333333333,257.3474546315032,16.895250316943994,1644.6310597228637,25.21615135002926,161.14892520042062,11.554846295144793,,14.12921457572451,,0.07193161672945622,1.003971934330245,6.735956977545252,0.01648449627079618,-0.01447614349951587,0.03096063977031205
1908.03,6.87,0.43,0.64,8.563094215,1908.2083333332996,3.8516666666666666,267.8753050482465,16.766576589628237,1720.84060504083,24.954904691539703,160.31120629201328,11.984662664464294,,14.683723501046028,,0.06891948886036453,1.003964618602741,6.7627117563114165,0.011308788673356052,-0.013745354989635472,0.025054143662991524
1908.04,7.24,0.4267,0.6333,8.658259504,1908.2916666666329,3.8425,279.19949718337756,16.455031139246852,1802.3965991128416,24.422243310253176,157.65991246107217,12.448889158370367,,15.277960676657012,,0.06703198777698424,1.0039573030673983,6.714897828547813,0.004991112678435439,-0.014024911459982747,0.019016024138418186
1908.05,7.63,0.4233,0.6267,8.658259504,1908.3749999999661,3.833333333333333,294.2392491034766,16.323915353276757,1908.2687280752327,24.167724431605347,156.73814048292903,13.078451355438336,,16.073179553710755,,0.05630417127224625,1.0039499877243483,6.741470714321991,0.0010351254982814417,-0.016054572047676796,0.017089697545958238
1908.06,7.64,0.42,0.62,8.658259504,1908.4583333332994,3.8241666666666663,294.6248837680945,16.196655913952842,1919.523261858114,23.909349206311337,155.7728301507894,13.051684129229988,,16.06348249370654,,0.06350533344627632,1.003942672573722,6.7680994408876165,-8.679041295833745e-05,-0.017371794560152476,0.01728500414719414
1908.07,7.92,0.4167,0.6133,8.753424793,1908.5416666666326,3.8149999999999995,302.1021671557303,15.894693567398082,1976.8685162220709,23.39384584805674,153.08250770189343,13.345487104834403,,16.444418748089593,,0.06448822843687024,1.0039353576156511,6.720912461074575,-0.004218554887409298,-0.018904544061945416,0.014685989174536118
1908.08,8.26,0.4133,0.6067,8.753424793,1908.624999999966,3.805833333333333,315.07119958413284,15.765003243114057,2070.3308826355874,23.142094042093632,152.06655526573982,13.884232895208614,,17.12491755251081,,0.06167234257339617,1.0039280428502675,6.74736165511239,-0.009175680242368145,-0.02080258716543948,0.011626906923071334
1908.09,8.17,0.41,0.6,8.753424793,1908.7083333332992,3.7966666666666664,311.6382204119086,15.6391273401325,2056.3365152892816,22.886527814828053,151.01614555368045,13.701442268825112,,16.91621368985677,,0.06272488169991658,1.0039207282777027,6.773865580819923,-0.010284027999792333,-0.022659611603715102,0.012375583603922768
1908.1,8.27,0.4067,0.5933,8.848509091,1908.7916666666324,3.7874999999999996,312.0628511088456,15.346549159125455,2067.577079389411,22.38777382864306,148.33052977046404,13.690810359178707,,16.91853241822484,,0.06398415573784291,1.0039134138980883,6.727348078657495,-0.007963316168790313,-0.02342271912416216,0.015459402955371848
1908.11,8.83,0.4033,0.5867,8.94367438,1908.8749999999657,3.778333333333333,329.6487159229516,15.056322438474107,2192.4054800474128,21.90315986772318,145.67206060518876,14.43501409125626,,17.849788804262825,,0.06141129381418598,1.0039060997115568,6.681812405597472,-0.012525345121440767,-0.02416105263099999,0.011635707509559223
1908.12,9.03,0.4,0.58,9.038839669,1908.958333333299,3.769166666666667,333.5659648152124,14.775900988492243,2226.6472691131335,21.425056433313753,143.01831850339062,14.58248290896244,,18.042310998691583,,0.060431599334800086,1.0038987857182395,6.637288076964356,-0.016639366110550946,-0.02428720334207468,0.007647837231523735
1909.01,9.06,0.4033,0.595,8.94367438,1909.0416666666322,3.76,338.23526231732063,15.056322438474107,2266.1915867588586,22.213022194128673,148.82825542180143,14.764418456441348,,18.27886897506247,,0.05858911263235585,1.0021005553726343,6.734064943513499,-0.0184034106637031,-0.025288120751928433,0.006884710088225332
1909.02,8.8,0.4067,0.61,9.038839669,1909.1249999999654,3.7725,325.06982174682935,15.02339733004949,2186.3706585119753,22.53324900745067,151.555238828671,14.16715751670136,,17.551012942214424,,0.059552576468414296,1.0021115756288155,6.677161788892357,-0.012104931460708124,-0.022607681822931602,0.010502750362223479
1909.03,8.92,0.41,0.625,9.038839669,1909.2083333332987,3.7849999999999997,329.502592043377,15.145298513204548,2224.6735535711337,23.087345294519128,155.87679046882943,14.33605838058621,,17.77099922483692,,0.05859596707282838,1.002122595395643,6.691261120995439,-0.011502568489839327,-0.023947180086188236,0.012444611596348909
1909.04,9.32,0.4133,0.64,9.229089256,1909.291666666632,3.7975,337.1814936102076,14.952479754195153,2284.931293281759,23.154093981816832,156.90515318673022,14.645198603086111,,18.16114452192187,,0.05774055990348483,1.0021336146735726,6.5672366978910794,-0.012157588476801151,-0.023821721065581003,0.011664132588779852
1909.05,9.63,0.4167,0.655,9.324254545,1909.3749999999652,3.8099999999999996,344.84094781863337,14.921622321497873,2345.2625010878555,23.454913896282953,159.5168160137638,14.953509786582776,,18.54840515207684,,0.05726227688797468,1.0021446334630597,6.514079052435278,-0.008792614510547359,-0.024118035898860413,0.015325421388313054
1909.06,9.8,0.42,0.67,9.419419835,1909.4583333332985,3.8225,347.38301905193725,14.887843673654451,2370.988804336267,23.749655384163056,162.09821417401008,15.040444676080995,,18.65937322726256,,0.056414579208054955,1.0021556517645591,6.462095863842009,-0.006762671298828127,-0.023259661419105626,0.0164969901202775
1909.07,9.94,0.4233,0.685,9.419419835,1909.5416666666317,3.835,352.34563360982196,15.004819588233165,2413.3944229770864,24.28136408679357,166.31541043654974,15.231503240497679,,18.898339079013784,,0.05409462646479069,1.0021666695785254,6.47602589219365,-0.007760430000646079,-0.02623338755150706,0.01847295755086098
1909.08,10.18,0.4267,0.7,9.514585124,1909.624999999965,3.8474999999999997,357.2437059211495,14.974055925005356,2455.4908880373514,24.564891369823638,168.84514947211647,15.417580706254752,,19.128911647815677,,0.05286729833582769,1.0021776869054124,6.425143468658679,-0.01753166674630724,-0.027046155414689355,0.009514488668382115
1909.09,10.19,0.43,0.715,9.609669421,1909.7083333332982,3.8600000000000003,354.05635989567094,14.940552969100933,2442.1406183557674,24.843012495132946,171.3572661554832,15.254446436821171,,18.92589078547679,,0.05053739405890741,1.0021887037456738,6.375422440598376,-0.015519457540474235,-0.026751385623001833,0.011231928082527598
1909.1,10.23,0.4333,0.73,9.8,1909.7916666666315,3.8724999999999996,348.54288520408164,14.762818392857143,2412.5965255476663,24.871584183673466,172.15986936948153,14.988845296121763,,18.595961438316653,,0.0523103042391405,1.0021997200997625,6.265285157651503,-0.010588345651889264,-0.02659124381084832,0.016002898158959056
1909.11,10.18,0.4367,0.745,9.895165289,1909.8749999999648,3.885,343.50367585860744,14.735565348472875,2386.2152731912865,25.138530305958994,174.6297031952366,14.745631176824585,,18.29434091490157,,0.05301875245129045,1.0022107359681312,6.218679032635473,-0.014149002264422283,-0.027896832418933037,0.013747830154510754
1909.12,10.3,0.44,0.76,9.990330579,1909.958333333298,3.8975000000000004,344.24213721506726,14.705489356760154,2399.858018151642,25.400390707131173,177.07690231021823,14.750638489265034,,18.299718545945847,,0.052609590345711825,1.002221751351232,6.1730584129277295,-0.01925947491508273,-0.029161621238060542,0.009902146322977812
1910.01,10.08,0.4425,0.7575,9.895165289,1910.0416666666313,3.91,340.1293764886801,14.931274711928666,2379.860572215969,25.560317727199916,178.84368883468218,14.547885040564147,,18.048500786602396,,0.052449986402138195,1.002779586495825,6.2462737929116,-0.020998057698949357,-0.03223304818464823,0.01123499048569887
1910.02,9.72,0.445,0.755,9.895165289,1910.1249999999645,3.9158333333333335,327.9818987569416,15.015632196176849,2303.620825875552,25.475960242951732,178.9335106518561,14.0020379030327,,17.374142485913502,,0.05384716903319012,1.002784577867381,6.263635851195604,-0.026721783232239726,-0.03317426611059138,0.006452482878351651
1910.03,9.96,0.4475,0.7525,10.08541488,1910.2083333332978,3.921666666666667,329.7404558532152,14.81514598336484,2324.643597799059,24.912619782082775,175.6319585686538,14.05000696507782,,17.4357304745636,,0.055492369388224765,1.0027895691897077,6.16259223161568,-0.021476384341976407,-0.03226284431330062,0.010786459971324214
1910.04,9.72,0.45,0.75,10.18058017,1910.291666666631,3.9274999999999998,318.78685161417474,14.758650537693274,2256.092179982975,24.597750896155457,174.0811867270814,13.559883620820079,,16.832242284802884,,0.058968363511062584,1.0027945604628268,6.122016279113776,-0.021781476735930005,-0.03419872367828669,0.012417246942356686
1910.05,9.56,0.4525,0.7475,9.990330579,1910.3749999999643,3.9333333333333336,319.5101778423342,15.12325894075902,2270.13033581325,24.982621123132304,177.50234581803394,13.568792287251444,,16.849954664554467,,0.059397879275674546,1.0027995516867598,6.2560342634895605,-0.029609238270532967,-0.037375270968179275,0.007766032697646308
1910.06,9.1,0.455,0.745,9.895165289,1910.4583333332976,3.9391666666666665,307.06124266339174,15.353062133169589,2190.7705757324366,25.138530305958994,179.3542943868863,13.019657302315933,,16.17690827240452,,0.0627246645627964,1.0028045428615282,6.333883279050431,-0.028729672024374486,-0.03962861546325824,0.010898943438883757
1910.07,8.64,0.4575,0.7425,9.895165289,1910.5416666666308,3.9450000000000003,291.5394655617258,15.437419617417774,2089.2066925855006,25.054172821710814,179.54120014406647,12.342581259985213,,15.347332499645285,,0.06562238501354806,1.0028095339871532,6.3516469261864446,-0.023231619699657258,-0.039110493662960266,0.01587887396330301
1910.08,8.85,0.46,0.74,9.8,1910.624999999964,3.9508333333333336,301.52536989795914,15.672505102040816,2170.12613175778,25.212290816326526,181.45687429387087,12.745055150886246,,15.85895531084853,,0.06327249337475838,1.002814525063656,6.431344599805905,-0.027908749373704578,-0.03764216442128365,0.009733415047579075
1910.09,8.91,0.4625,0.7375,9.704834711,1910.7083333332973,3.956666666666667,306.54640327134985,15.91220106767669,2215.806862865901,25.373509810619588,183.407133710842,12.937161101070838,,16.108720433280777,,0.0597951059369585,1.0028195160910582,6.512688832921191,-0.02455846145594387,-0.03709007797887842,0.012531616522934552
1910.1,9.32,0.465,0.735,9.419419835,1910.7916666666306,3.9625,330.3683405677607,16.482969781546,2397.927420632137,26.05372642889529,189.10693714212667,13.918866656445807,,17.339823908583153,,0.05248976494758457,1.002824507069381,6.728946798877468,-0.031100384277508275,-0.03942035649371756,0.008319972216209282
1910.11,9.31,0.4675,0.7325,9.229089256,1910.8749999999638,3.9683333333333333,336.81971089174175,16.913342088280263,2454.9839321574254,26.500584127626297,193.15528789530765,14.16452317578035,,17.653921691005696,,0.04910485347643048,1.0028294979986456,6.887115107332553,-0.037367043454423765,-0.04083743452595323,0.003470391071529466
1910.12,9.05,0.47,0.73,9.229089256,1910.958333333297,3.9741666666666666,327.4133602116286,17.003787767896736,2396.7516781275544,26.410138448009825,193.329140887637,13.741478417781543,,17.13631638581223,,0.05248554838487445,1.0028344888788736,6.906602185745193,-0.04151708031343149,-0.03881870530310494,-0.002698375010326548
1911.01,9.27,0.47,0.7183,9.229089256,1911.0416666666304,3.98,335.3725800178782,17.003787767896736,2465.387937049992,25.986852667404737,191.03432094746594,14.049215181401202,,17.527975125717887,,0.04956762270364157,1.0031121262053728,6.926178872831492,-0.03751954617958486,-0.036754414872576135,-0.0007651313070087262
1911.02,9.43,0.47,0.7067,8.94367438,1911.1249999999636,3.9825,352.04840216913175,17.546420892841137,2598.7240174882777,26.383097116959217,194.75273204230817,14.721488469928298,,18.374592785196658,,0.044360278841051703,1.0031142333635612,7.16945347432957,-0.03960930937600249,-0.036089686175194036,-0.0035196232008084527
1911.03,9.32,0.47,0.695,9.038839669,1911.2083333332969,3.985,344.2784930318693,17.361683661478384,2552.048624669561,25.67312796750527,190.30834701130306,14.370623221979526,,17.94421195551447,,0.04706997640103834,1.0031163405178931,7.116062268095743,-0.039248597113910044,-0.03394579691896371,-0.005302800194946333
1911.04,9.28,0.47,0.6833,8.753424793,1911.2916666666301,3.9875,353.9782968693405,17.927780121615307,2635.0253005431273,26.06394075978668,194.02077455399987,14.75293542032935,,18.430686396998265,,0.04325916070830984,1.0031184476683683,7.370988317331735,-0.040278429128642435,-0.03538942530173894,-0.004889003826903493
1911.05,9.48,0.47,0.6717,8.753424793,1911.3749999999634,3.99,361.60713947428326,17.927780121615307,2702.935884348433,25.621467888700003,191.51498243848545,15.047660591685036,,18.805342832580806,,0.0419065528920549,1.0031205548149882,7.393974358663488,-0.037149546920214216,-0.03264137087186314,-0.004508176048351076
1911.06,9.67,0.47,0.66,8.753424793,1911.4583333332967,3.9924999999999997,368.85453994897875,17.927780121615307,2768.275842874788,25.175180596310856,188.94126745577663,15.328355684719273,,19.161771874042575,,0.0406646098153202,1.0031226619577531,7.417047660950314,-0.04630210294596615,-0.031506404362893425,-0.014795698583072725
1911.07,9.63,0.47,0.6483,8.848509091,1911.54166666663,3.995,363.3815303722108,17.7351318042512,2738.292509095769,24.463161592970327,184.34424025407966,15.083110578700255,,18.861627429791678,,0.04152012374329106,1.003124769096664,7.360257609256681,-0.04551179669832872,-0.030425216669317967,-0.015086580029010754
1911.08,9.17,0.47,0.6367,9.134004959,1911.6249999999632,3.9975,335.2082945809138,17.18079590545578,2536.7796343991904,23.2744952191568,176.13605160544873,13.899790665654434,,17.392599372771908,,0.04910389645939891,1.0031268762317218,7.1524828873148145,-0.03878268346864544,-0.026759746446060495,-0.012022937022584945
1911.09,8.67,0.47,0.625,9.229089256,1911.7083333332964,4,313.6656169099249,17.003787767896736,2384.4729792981193,22.611419904118,171.8910740555161,12.997953983252426,,16.279970359273157,,0.053875847855920915,1.0031289833629269,7.100927698720917,-0.028760687778725536,-0.024064280389012316,-0.00469640738971322
1911.1,8.72,0.47,0.6133,9.229089256,1911.7916666666297,4.0024999999999995,315.47453050225437,17.003787767896736,2408.9961058633735,22.18813412351291,169.4308843722485,13.066472850619185,,16.382298462120715,,0.05344740984881339,1.00313109049028,7.1231463833515605,-0.027876494527275697,-0.023488603821643195,-0.004387890705632502
1911.11,9.07,0.47,0.6017,9.134004959,1911.874999999963,4.005,331.55280609039136,17.18079590545578,2542.7043403009397,21.995074247473923,168.68194063495872,13.727997586413089,,17.22646715336685,,0.04745119494291525,1.003133197613782,7.219833186184121,-0.02695114101777285,-0.023368393912026275,-0.0035827471057465754
1911.12,9.11,0.47,0.59,9.038839669,1911.9583333332962,4.0075,336.5211450129108,17.361683661478384,2591.9025947252344,21.794453958026057,167.86196826431268,13.929258419578225,,17.49407644299605,,0.04409843542917362,1.0031353047334335,7.318706423989944,-0.02435663420569978,-0.023260362364417753,-0.001096271841282026
1912.01,9.12,0.4708,0.5992,9.134004959,1912.0416666666295,4.01,333.3805503356526,17.21003981337996,2578.759626877471,21.903687035210858,169.42903162554612,13.794952631845817,,17.340766146480284,,0.04704764082383564,1.000350690754655,7.265161651701131,-0.02119113480239132,-0.019380715036719343,-0.0018104197656719778
1912.02,9.04,0.4717,0.6083,9.229089256,1912.1249999999627,4.046666666666667,327.0515774931627,17.065290830035938,2540.8041251284176,22.007242764279965,170.97025988004606,13.531634369686586,,17.02447044213642,,0.04914293070284791,1.000386344417337,7.192832635983704,-0.017098368530148456,-0.018087330716241246,0.00098896218609279
1912.03,9.3,0.4725,0.6175,9.419419835,1912.208333333296,4.083333333333333,329.65939563092,16.748824132861255,2571.9070027864936,21.88867492495625,170.7690940022215,13.639769173944165,,17.172513777043747,,0.05026588130344872,1.0004219860003025,7.050215658654695,-0.012995211417226926,-0.014633648542101474,0.0016384371248745477
1912.04,9.59,0.4733,0.6267,9.704834711,1912.2916666666292,4.12,329.9416394357177,16.283772465581354,2584.6957596375396,21.561462506190228,168.90811601301834,13.65439269055323,,17.200337051440428,,0.05164162062953906,1.0004576155364637,6.8457595454299085,-0.007172738093949027,-0.011414869605843148,0.0042421315118941205
1912.05,9.58,0.4742,0.6358,9.704834711,1912.3749999999625,4.156666666666666,329.59759184506527,16.314736748740078,2592.651088435451,21.874545813683977,172.06759520117535,13.64550068561236,,17.19887872315537,,0.050116700725255446,1.0004932330586358,6.8488922713567915,-0.0032084820167705974,-0.011144897810831833,0.007936415794061236
1912.06,9.58,0.475,0.645,9.609669421,1912.4583333332957,4.193333333333333,332.86162196276035,16.504099210053354,2629.144899171074,22.4108294536514,177.01445302352218,13.78541740450252,,17.384332578345738,,0.0468140577436883,1.0005288385995368,6.920128928117513,-0.005063677024350732,-0.011852190205361546,0.0067885131810108135
1912.07,9.59,0.4758,0.6542,9.609669421,1912.541666666629,4.23,333.209076682972,16.531895587670288,2642.7708954386985,22.730487796246116,180.28161833117792,13.802876645015775,,17.414315464952494,,0.04635563479227689,1.0005644321917888,6.923788559408473,-0.004992531481539997,-0.012178456771505752,0.0071859252899657555
1912.08,9.81,0.4767,0.6633,9.704834711,1912.6249999999623,4.266666666666667,337.51068643007204,16.400748646403194,2687.7280165285724,22.820676687978263,181.7298668056475,13.984761763426267,,17.649150043747625,,0.047238873758240714,1.000600013867917,6.859763803849793,-0.0013375699452521372,-0.009758589923553163,0.008421019978301025
1912.09,9.86,0.4775,0.6725,9.8,1912.7083333332955,4.303333333333334,335.9367397959183,16.268741709183672,2685.990261009719,22.912521045918364,183.19761161552088,13.92628500131586,,17.579229265969396,,0.04697529258614512,1.0006355836603513,6.797226379634047,0.0017557145178130895,-0.008533559680529157,0.010289274198342246
1912.1,9.84,0.4783,0.6817,9.8,1912.7916666666288,4.34,335.2553265306122,16.295998239795917,2691.399925303149,23.22597114795918,186.45602937796306,13.905092701178457,,17.556109765014845,,0.03987384801686803,1.000671141601426,6.80154658565665,0.003592781402295797,-0.00887378703770969,0.012466568440005488
1912.11,9.73,0.4792,0.6908,9.8,1912.874999999962,4.376666666666667,331.50755357142856,16.326661836734694,2672.235553206309,23.536014183673466,189.72048511355788,13.749541018606523,,17.3651099454777,,0.04367991882974324,1.0007066877233795,6.8061113865243215,-0.0009130488621297284,-0.00921344500882837,0.008300396146698641
1912.12,9.38,0.48,0.7,9.704834711,1912.9583333332953,4.413333333333333,322.7166400320159,16.51428435131851,2612.466517246873,24.083331345672825,194.96018785424423,13.388999452579622,,16.915632310225796,,0.04314976142510915,1.0007422220583555,6.877708850292884,0.0010109874232953064,-0.010518602010658795,0.011529589433954102
1913.01,9.3,0.48,0.6942,9.8,1913.0416666666285,4.45,316.8571683673469,16.353918367346935,2576.065125451585,23.65185443877551,192.29079678370863,13.148088791761552,,16.616510711718934,,0.04402058279252281,1.0056452933353177,6.8159763978240475,0.004854328294987775,-0.008718783807048491,0.013573112102036267
1913.02,8.97,0.48,0.6883,9.8,1913.1249999999618,4.425833333333333,305.61384948979594,16.353918367346935,2495.736212937504,23.450837525510202,191.5067152023282,12.682960516236747,,16.037450941848554,,0.04705151250289684,1.0056273197322045,6.854454583956366,0.012731790139462129,-0.00871876123578752,0.02145055137524965
1913.03,8.8,0.48,0.6825,9.8,1913.208333333295,4.401666666666667,299.8218367346938,16.353918367346935,2459.566122894931,23.253227678571427,190.75612259952166,12.44345351518365,,15.745059939032133,,0.05221025365417402,1.0056093495067409,6.893026791490165,0.0163002555224967,-0.008718790795405384,0.025019046317902083
1913.04,8.79,0.48,0.6767,9.8,1913.2916666666283,4.3775,299.4811301020407,16.353918367346935,2467.9510074048003,23.05561783163265,189.9957277259191,12.433067081795157,,15.742029169880434,,0.052519055048822864,1.0055913826649947,6.931692187922962,0.01221896292004998,-0.00930699704594573,0.02152595996599571
1913.05,8.55,0.48,0.6708,9.7,1913.3749999999616,4.3533333333333335,294.30730670103094,16.522515463917525,2436.6612915960145,23.09021536082474,191.17104028100658,12.221401061154117,,15.48645540852973,,0.055448529180466284,1.0055734192130459,7.042310240033363,0.009118559310598018,-0.01032271393151829,0.019441273242116308
1913.06,8.12,0.48,0.665,9.8,1913.4583333332948,4.3291666666666675,276.6537857142857,16.353918367346935,2301.785589597896,22.656991071428568,188.50830259637942,11.491962852761217,,14.577005951226642,,0.06192763674690531,1.005555459156987,7.009299171033176,0.010878047528940726,-0.00989162507784469,0.020769672606785416
1913.07,8.23,0.48,0.6592,9.9,1913.541666666628,4.305,277.5692196969697,16.18872727272727,2320.6263981508573,22.232518787878785,185.8756891447199,11.534022795459853,,14.645116150014811,,0.06288622755167772,1.0055375025029214,6.9770447124959745,0.005975262507255552,-0.010044690574377735,0.016019953081633287
1913.08,8.45,0.48,0.6533,9.9,1913.6249999999613,4.280833333333334,284.989053030303,16.18872727272727,2393.939018262549,22.033532348484847,185.08406634685483,11.846840543564623,,15.056415065211743,,0.060838566129037736,1.0055195492569646,7.015680115054415,0.004472226525260359,-0.009467576648290565,0.013939803173550924
1913.09,8.53,0.48,0.6475,10,1913.7083333332946,4.256666666666667,284.8103024999999,16.02684,2403.6564275319456,21.619539374999995,182.4580934146465,11.843316826625964,,15.065935573976567,,0.06095116122182334,1.005501599425245,6.983859471950359,0.0046355399792463725,-0.009049883136874493,0.013685423116120865
1913.1,8.26,0.48,0.6417,10,1913.7916666666279,4.2325,275.795205,16.02684,2338.845058442574,21.425881725,181.69937941920097,11.471490240312288,,14.609857401411734,,0.06510872196035136,1.0054836530139013,7.022281869207232,0.005857357230798055,-0.009624575196906848,0.015481932427704903
1913.11,8.05,0.48,0.6358,10.1,1913.8749999999611,4.208333333333334,266.1222400990099,15.868158415841583,2268.028734782972,21.01869816831683,179.13200864285884,11.072537845038003,,14.120136915548976,,0.0707020157401893,1.0054657100290856,6.990880818162154,0.012467904587126322,-0.008639073767631511,0.021106978354757833
1913.12,8.04,0.48,0.63,10,1913.9583333332944,4.184166666666667,268.44956999999994,16.02684,2299.2458259399846,21.035227499999998,180.16478486843167,11.174040870036787,,14.268761140269412,,0.06910640285813469,1.005447770476961,7.099381855017745,0.01497981548849614,-0.009625516722059357,0.024605332210555497
1914.01,8.37,0.475,0.6208,10,1914.0416666666276,4.16,279.46802249999996,15.859893749999998,2404.937733465315,20.7280464,178.37339843910007,11.636092105046128,,14.875360055450988,,0.06342152742930664,1.0029258782902253,7.138057657892185,0.014197189323069681,-0.009626065077590007,0.023823254400659688
1914.02,8.48,0.47,0.6117,9.9,1914.124999999961,4.166666666666667,286.00084848484846,15.851462121212121,2472.522763398211,20.63050931818182,178.35402999654312,11.910233879798234,,15.24217817036937,,0.058042327223677304,1.0029316012375706,7.231255298815947,0.012940338427730014,-0.009867979777921532,0.022808318205651545
1914.03,8.32,0.465,0.6025,9.9,1914.2083333332941,4.173333333333334,280.60460606060605,15.682829545454544,2437.169769876745,20.320225378787878,176.4897579748484,11.685526018836823,,14.971980169053355,,0.06073786169466492,1.002937324112795,7.252454455799146,0.013547488395359464,-0.009112944045038596,0.02266043244039806
1914.04,8.12,0.46,0.5933,9.8,1914.2916666666274,4.18,276.6537857142857,15.672505102040816,2414.1987513309455,20.21412451530612,176.3970590104249,11.522662536200231,,14.781642625967603,,0.062010776197820146,1.0029430469159344,7.347979278058797,0.01327652339938279,-0.00936201677253301,0.0226385401719158
1914.05,8.17,0.455,0.5842,9.9,1914.3749999999607,4.1866666666666665,275.54562878787874,15.345564393939393,2415.6878295692413,19.70303015151515,172.73498531632202,11.479008694164479,,14.742681655780244,,0.06567771883351264,1.0029487696470247,7.2951642740355656,0.01339102029937167,-0.008181742108324674,0.021572762407696344
1914.06,8.13,0.45,0.575,9.9,1914.458333333294,4.193333333333333,274.1965681818182,15.176931818181817,2414.94863500695,19.39274621212121,170.79895020036855,11.428715168831884,,14.694917610765904,,0.06599441524600619,1.0029544923061013,7.316676033016901,0.01584851559026701,-0.008009512887569015,0.023858028477836024
1914.07,7.68,0.445,0.5658,10,1914.5416666666272,4.2,256.42944,14.858216249999998,2269.3722341263883,18.89163765,167.18890756103002,10.69434518304014,,13.769849699257307,,0.07296229128121012,1.0029602148931998,7.2649101651020604,0.026735809697336466,-0.007423759053683643,0.03415956875102011
1914.08,7.68,0.44,0.5567,10.2,1914.6249999999604,4.206666666666667,251.40141176470587,14.403205882352943,2235.4969711680405,18.223328897058824,162.0444223762042,10.492046265076432,,13.52814006705135,,0.07552710247656484,1.0029659374083564,7.143544961147604,0.032862520619821645,-0.004703640668017317,0.03756616128783896
1914.09,7.68,0.435,0.5475,10.2,1914.7083333332937,4.213333333333333,251.40141176470587,14.239533088235294,2246.0486333040876,17.922170955882354,160.1187013976547,10.50049730180213,,13.558230015308235,,0.07420232310027501,1.0029716598516059,7.164732268376146,0.0312773778941724,-0.005120004658752619,0.03639738255292502
1914.1,7.68,0.43,0.5383,10.1,1914.791666666627,4.220000000000001,253.89053465346532,14.215225247524751,2278.8701076988145,17.79547849009901,159.72861705394166,10.612759466126223,,13.722477893212883,,0.07212274741887861,1.002977382222985,7.257172162294747,0.02835080578332172,-0.006513924700286333,0.03486473048360805
1914.11,7.68,0.425,0.5292,10.2,1914.8749999999602,4.226666666666667,251.40141176470587,13.912187500000002,2266.9343257517585,17.323128529411765,156.20594338383214,10.516917642992121,,13.61709230320716,,0.07160265201032104,1.0029831045225286,7.207418953977161,0.034988066159721276,-0.005371128359994537,0.04035919451971581
1914.12,7.35,0.42,0.52,10.1,1914.9583333332935,4.233333333333333,242.98117574257424,13.884638613861386,2201.440825545363,17.19050495049505,155.74819446035224,10.172217991997861,,13.191719327709963,,0.07375482593558744,1.0029888267502722,7.3004928978372465,0.04335935079532227,-0.006765008181241927,0.0501243589765642
1915.01,7.48,0.4208,0.55,10.1,1915.0416666666267,4.24,247.278801980198,13.911085544554455,2250.880893427906,18.182264851485147,165.50594804616955,10.359834197757268,,13.455503012706075,,0.07190782363139472,1.0048142824374222,7.322312806300475,0.045725557855251564,-0.006605377801164103,0.05233093565641567
1915.02,7.38,0.4217,0.58,10,1915.12499999996,4.224166666666667,246.41266499999998,14.080246725,2253.677367186734,19.365765,177.11827546996017,10.32978620966069,,13.435767253018053,,0.071334717986857,1.004802029369261,7.431140133127611,0.04754429639737445,-0.00705369658820354,0.05459799298557799
1915.03,7.57,0.4225,0.61,9.9,1915.2083333332932,4.208333333333334,255.3097196969697,14.249452651515151,2345.9097606927376,20.57317424242424,189.03632153534608,10.707013188682813,,13.942381087442433,,0.06820863900793092,1.0047897772647538,7.542247157872711,0.04044536855608771,-0.008661725253685582,0.049107093809773295
1915.04,8.14,0.4233,0.64,10,1915.2916666666265,4.1925,271.788495,14.133669524999998,2508.1470072204556,21.36912,197.2007474964486,11.401123789000188,,14.855567969356304,,0.06370342372985316,1.0047775261250353,7.502589113416297,0.033483833698883636,-0.007125163467761597,0.04060899716664523
1915.05,7.95,0.4242,0.67,10.1,1915.3749999999598,4.176666666666667,262.8163737623762,14.023485,2436.1339557870756,22.149304455445545,205.30940256318752,11.026929876471314,,14.376666202260218,,0.06901695385902701,1.0047652759512427,7.463794979119851,0.03964147928245465,-0.006748370970229178,0.04638985025268383
1915.06,8.04,0.425,0.7,10.1,1915.458333333293,4.160833333333333,265.7916534653465,14.04993193069307,2474.5656287793136,23.141064356435642,215.44725623700495,11.154262189096343,,14.54859526342043,,0.06814004213571456,1.004753026744514,7.499362021838857,0.03912482048340493,-0.007924948513514551,0.04704976899691948
1915.07,8.01,0.4258,0.73,10.1,1915.5416666666263,4.145,264.7998935643564,14.07637886138614,2476.2532989531705,24.132824257425742,225.6760185063439,11.113629393949605,,14.499550030038991,,0.06862615357373833,1.0047407785059888,7.535006690095448,0.041173118926300045,-0.009087128439592251,0.0502602473658923
1915.08,8.35,0.4267,0.76,10.1,1915.6249999999595,4.129166666666666,276.0398391089109,14.106131658415844,2592.3553666018624,25.124584158415843,235.95090761885214,11.584831641604604,,15.113448857043245,,0.06395924085947774,1.0047285312368082,7.570728487854335,0.038253007101227254,-0.009122516699330618,0.04737552380055787
1915.09,8.66,0.4275,0.79,10.1,1915.7083333332928,4.113333333333333,286.2880247524753,14.13257858910891,2699.658698767344,26.116344059405943,246.27371501457296,12.011570757825899,,15.664883714157849,,0.06221627196136808,1.0047162849381146,7.606526913994547,0.036855850443499705,-0.009157843139077637,0.04601369358257734
1915.1,9.14,0.4283,0.82,10.2,1915.791666666626,4.0975,299.1938676470588,14.020211544117648,2832.3765094614555,26.842338235294115,254.108176997636,12.549076133220161,,16.354096721194875,,0.059814212715783195,1.0047040396110525,7.56747595777793,0.03567753212264679,-0.008216454419006203,0.043893986541652996
1915.11,9.46,0.4292,0.85,10.3,1915.8749999999593,4.081666666666667,306.66243203883494,13.913268058252426,2914.0551693095163,27.5542354368932,261.83370971597134,12.857714453559321,,16.740136872288538,,0.05788871956874933,1.0046917952567669,7.529257415269693,0.03458538094031338,-0.008950721615963997,0.04353610255627738
1915.12,9.48,0.43,0.88,10.3,1915.9583333332926,4.065833333333333,307.31076699029126,13.939201456310677,2931.25405024184,28.526737864077667,272.09953208995984,12.878444602185995,,16.74931303094313,,0.056769648712160496,1.004679551876405,7.564583149497632,0.036643430275943745,-0.008433620292233601,0.045077050568177346
1916.01,9.33,0.4408,0.9342,10.4,1916.0416666666258,4.05,299.5400985576923,14.15190519230769,2868.38316207143,29.992535913461538,287.20724008650905,12.543563692516182,,16.297027766820733,,0.059986791585310735,1.0021524623582816,7.526905258684766,0.04088256566064641,-0.007510257365601736,0.048392823026248144
1916.02,9.2,0.4517,0.9883,10.4,1916.124999999959,4.0649999999999995,295.3664423076923,14.501850216346153,2839.9888332171627,31.729419014423073,305.08271346396975,12.354652326458808,,16.0348356121369,,0.06105579976767135,1.002165815139745,7.543106638928437,0.04250396100323317,-0.007187037842556809,0.04969099884578998
1916.03,9.17,0.4625,1.042,10.5,1916.2083333332923,4.08,291.59945,14.707169642857144,2815.552973466897,33.13485571428571,319.9352451856605,12.177052795748489,,15.786513243251898,,0.06306359144997688,1.0021791670939835,7.487448912406904,0.03713187600548595,-0.005359163713233195,0.04249103971871915
1916.04,9.07,0.4733,1.097,10.6,1916.2916666666256,4.095,285.6985825471698,14.908615117924528,2770.572760824562,34.55472382075472,335.0957352397513,11.906481776593191,,15.418161727089258,,0.06574872264458738,1.0021925182219196,7.432975075876829,0.03575598232778687,-0.004656179010833483,0.040412161338620356
1916.05,9.27,0.4842,1.151,10.7,1916.3749999999588,4.109999999999999,289.2694836448598,15.109415747663553,2817.412052671077,35.91684742990655,349.821065008027,12.026256671905172,,15.553193893472132,,0.06457962029551496,1.002205868524475,7.379652644602046,0.035794006515664556,-0.0028482834417464797,0.038642289957411036
1916.06,9.36,0.495,1.205,10.8,1916.458333333292,4.125,289.3734999999999,15.303406249999998,2830.8460899742436,37.25374652777778,364.44119000202613,11.99596122294659,,15.49303551115823,,0.06559125517042996,1.0022192180025706,7.327450343758142,0.0411719119160725,-0.0010460409510723023,0.0422179528671448
1916.07,9.23,0.5058,1.259,10.8,1916.5416666666254,4.140000000000001,285.3544236111111,15.637298749999998,2804.2766637985774,38.923209027777766,382.51184395692394,11.79116527525456,,15.208320664732781,,0.07036450096274419,1.002232566657126,7.343711553473953,0.048102474134000595,0.00039863792948291454,0.04770383620451768
1916.08,9.3,0.5167,1.313,10.9,1916.6249999999586,4.155,284.88075688073394,15.827729793577982,2812.5838250707743,40.2202616972477,397.0884475610673,11.73208263887417,,15.109356185858465,,0.06925546337440294,1.0022459144890594,7.292582962706434,0.052914948266491235,0.002201115096196471,0.050713833170294764
1916.09,9.68,0.5275,1.368,11.1,1916.7083333332919,4.17,291.1783243243243,15.867413851351351,2887.8134493030216,41.149994594594595,408.1124791990221,11.94455241750448,,15.357396326406269,,0.0683081137699123,1.0022592614992878,7.1772684807973866,0.05156487310398217,0.003752924284976533,0.047811948819005634
1916.1,9.98,0.5383,1.422,11.3,1916.7916666666251,4.1850000000000005,294.8891283185841,15.905693163716812,2937.7616472077084,42.01726858407079,418.58687999292187,12.045741763370806,,15.460165685093678,,0.06703148891235838,1.0022726076887278,7.066165509674492,0.04722925315936344,0.005274394098080393,0.041954859061283045
1916.11,10.21,0.5492,1.476,11.5,1916.8749999999584,4.2,296.4384717391304,15.945544434782608,2966.4344090729605,42.85437652173913,428.8400771588334,12.05323040323051,,15.442014290555159,,0.06752161327959094,1.0022859530582944,6.959055016406966,0.04742788448969404,0.006766489861528724,0.040661394628165315
1916.12,9.8,0.56,1.53,11.6,1916.9583333332916,4.215,282.08159482758623,16.11894827586207,2836.208115511544,44.039269396551724,442.79575680945527,11.413559188849499,,14.599793322642697,,0.07181205034640306,1.0022992976089014,6.914834097353658,0.054958154235523526,0.007932750761769247,0.04702540347375428
1917.01,9.57,0.5708,1.509,11.7,1917.041666666625,4.23,273.1069423076923,16.28938794871795,2759.620437162832,43.06357115384615,435.13764259965654,10.99236142738343,,14.041135988701305,,0.0770000617564158,1.0012364045421127,6.871496321604443,0.058801810018854095,0.010236826164424118,0.04856498385442998
1917.02,9.03,0.5817,1.488,12,1917.1249999999582,4.258333333333333,251.25410624999998,16.1854389375,2552.4364179273816,41.40266999999999,420.60081836942896,10.063187738735735,,12.842799550212751,,0.08553166973413762,1.001263019210337,6.707992464095896,0.07022113427245946,0.0135418945692527,0.05667923970320676
1917.03,9.31,0.5925,1.468,12,1917.2083333332914,4.286666666666667,259.04493125,16.4859421875,2645.538161576865,40.8461825,417.1482299887044,10.327157080107881,,13.1703930397845,,0.0837977454129413,1.001289628388616,6.716464787440844,0.06909271759419999,0.014287155119889317,0.054805562474310676
1917.04,9.17,0.6033,1.447,12.6,1917.2916666666247,4.315000000000001,242.99954166666666,15.987090892857141,2495.277926728365,38.344638690476195,393.7477818948685,9.644531197281239,,12.294303251461328,,0.09540489143548547,1.0013162320884976,6.404882410573206,0.07842214181408602,0.0194069207356935,0.05901522107839252
1917.05,8.86,0.6142,1.426,12.8,1917.374999999958,4.343333333333334,231.11621484374996,16.021622929687496,2386.962209616737,37.197711328124996,384.1769876877502,9.138988813373581,,11.651154264223987,,0.10030784408299677,1.0013428303215028,6.313104711038727,0.08671548823313291,0.020581622841253644,0.06613386539187927
1917.06,9.04,0.625,1.405,13,1917.4583333332912,4.371666666666667,232.18370769230765,16.052524038461538,2411.8030850748073,36.08607403846154,374.843289217932,9.148220259539588,,11.66616164643314,,0.10044670647542242,1.0013694230991275,6.22432702962957,0.08618722622392516,0.021151300928393457,0.0650359252955317
1917.07,8.79,0.6358,1.384,12.8,1917.5416666666245,4.4,229.29024023437495,16.585066523437497,2396.103673774368,36.10212656249999,377.27047605275595,9.003472377228809,,11.489562693980325,,0.10031754123277203,1.0013960104328399,6.3302390600723495,0.0915956406481464,0.021474629807934686,0.07012101084021172
1917.08,8.53,0.6467,1.363,13,1917.6249999999577,4.428333333333334,219.08484807692304,16.609867673076923,2303.920957203108,35.00734442307692,368.1411799141661,8.572680466753784,,10.950858128288129,,0.10721879004303456,1.001422592334083,6.241551891537311,0.10264761118331611,0.023801300523448754,0.07884631065986736
1917.09,8.12,0.6575,1.343,13.3,1917.708333333291,4.456666666666667,203.8501578947368,16.506339755639097,2158.176448808139,33.71561109022556,356.9496269395727,7.950823264217068,,10.172312597694537,,0.11842264421516818,1.0014491688142735,6.109443908296459,0.11578614421476363,0.025691002334874646,0.09009514187988898
1917.1,7.68,0.6683,1.322,13.5,1917.7916666666242,4.485,189.9477333333333,16.528915388888887,2025.5732045631303,32.696732222222224,348.6728875563097,7.387133711108148,,9.471824730904867,,0.12822085584760265,1.001475739884802,6.02765607908268,0.12092534378923614,0.026774482831725788,0.09415086095751035
1917.11,7.04,0.6792,1.301,13.5,1917.8749999999575,4.513333333333334,174.11875555555557,16.798502666666668,1871.7034900394158,32.177343888888885,345.8929318950681,6.753013604774311,,8.685566999658072,,0.14498243667172822,1.0015023055570336,6.036551331570452,0.1334386458559116,0.02750707884041348,0.10593156701549811
1917.12,6.8,0.69,1.28,13.7,1917.9583333332907,4.541666666666667,165.72766423357666,16.816483576642334,1796.5669606395309,31.195795620437956,338.1773102380293,6.412593898119822,,8.276399642938673,,0.15633999923668368,1.0015288658423072,5.957362848791683,0.1411512630450893,0.029157305756109198,0.1119939572889801
1918.01,7.21,0.68,1.256,14,1918.041666666624,4.57,171.9546375,16.217635714285713,1878.720897985302,29.95492714285714,327.2778707169957,6.640646028655352,,8.595793073444538,,0.15411544909528263,1.0042728992704246,5.8386179104179705,0.13693373732090253,0.03152459014733622,0.10540914717356631
1918.02,7.43,0.67,1.232,14.1,1918.1249999999573,4.564166666666667,175.94477127659573,15.865813829787236,1936.7612094151764,29.17415319148936,321.14263930006695,6.784343551630282,,8.805231160083416,,0.15289235664348771,1.0042681631239432,5.8219801640274875,0.1338581782045949,0.03311026038935827,0.10074791781523662
1918.03,7.28,0.66,1.208,14,1918.2083333332905,4.558333333333334,173.6241,15.740646428571427,1925.654902345227,28.810152857142857,319.5317475320102,6.686355760455896,,8.70198991891961,,0.15436291759318094,1.0042634270244146,5.888592391679574,0.14087057280347093,0.03202841522041466,0.10884215758305626
1918.04,7.21,0.65,1.183,14.2,1918.2916666666238,4.5525,169.5327411971831,15.28381161971831,1894.4038668905,27.816537147887324,310.8293723344607,6.520727730547161,,8.509743222676185,,0.15854915404352546,1.0042586909718596,5.830406454834671,0.1501360755601615,0.03314880879793125,0.11698726676223026
1918.05,7.44,0.64,1.159,14.5,1918.374999999957,4.546666666666667,171.32139310344826,14.737324137931033,1928.1139693379816,26.688372931034483,300.36076484713993,6.582363231621083,,8.611793024214064,,0.1593704909540824,1.0042539549662983,5.734093533045468,0.15132497355288943,0.034365222142025864,0.11695975141086357
1918.06,7.45,0.63,1.135,14.7,1918.4583333332903,4.5408333333333335,169.2176275510204,14.309678571428572,1917.8579501947006,25.780135204081635,292.1837279826826,6.496291318641057,,8.520437710799532,,0.1628850485196715,1.004249219007751,5.680139358929251,0.14724108245885215,0.03604705549737863,0.11119402696147351
1918.07,7.51,0.62,1.111,15.1,1918.5416666666235,4.535,166.0617665562914,13.709493377483444,1895.0386883045223,24.566527649006623,280.3446048876597,6.371324093848991,,8.376754187586183,,0.1676420933086085,1.004244483096238,5.553168878899361,0.14986543186353485,0.03849390218616433,0.11137152967737052
1918.08,7.58,0.61,1.087,15.4,1918.6249999999568,4.529166666666667,164.34449025974027,13.225612012987012,1888.0189037916844,23.56760698051948,270.748885016037,6.303073760914596,,8.306783093578108,,0.17147949792457623,1.00423974723178,5.468101433511669,0.1543610061605596,0.04020261624748778,0.11415838991307181
1918.09,7.54,0.6,1.063,15.7,1918.70833333329,4.523333333333333,160.35346815286624,12.760222929936306,1854.3853048467709,22.60686162420382,261.4338964260103,6.1491705624316815,,8.123455571657985,,0.17755205758811698,1.004235011414397,5.386355792483018,0.1633446674639638,0.0406664507985508,0.12267821666541301
1918.1,7.86,0.59,1.038,16,1918.7916666666233,4.5175,164.024690625,12.312285937499999,1908.7059541771737,21.6612759375,252.06574814706187,6.290515321191323,,8.327848122326698,,0.17481795180631343,1.0042302756441095,5.3077451881696955,0.16337444076672858,0.04291082526736423,0.12046361549936435
1918.11,8.06,0.58,1.014,16.3,1918.8749999999566,4.511666666666667,165.1026717791411,11.880837423312883,1932.7712404859997,20.770981288343556,243.15509154501285,6.333327495354157,,8.401160261482259,,0.17463797411724724,1.004225539920938,5.232096602075434,0.1698982195241432,0.04452025187686659,0.1253779676472766
1918.12,7.9,0.57,0.99,16.5,1918.9583333332898,4.505833333333333,159.86368181818182,11.53446818181818,1882.6934413890401,20.033549999999998,235.9324692373607,6.134580411283433,,8.154692711003744,,0.1799828351150252,1.0042208042449028,5.190517701378464,0.17447357005386244,0.04607726615997376,0.12839630389388867
1919.01,7.85,0.5667,0.985,16.5,1919.041666666623,4.5,158.85188636363634,11.46768968181818,1882.0321155282988,19.932370454545453,236.1530743688375,6.098467639950105,,8.124580564550628,,0.1821311332968038,1.000627173423876,5.212425860525685,0.18325551576602428,0.0457524711083237,0.13750304465770058
1919.02,7.88,0.5633,0.98,16.2,1919.1249999999563,4.539166666666667,162.4119074074074,11.609978101851853,1935.6728796938778,20.198435185185186,240.7308911294417,6.239692771364979,,8.32997519543046,,0.17495652068251058,1.0006654468310299,5.31228189911969,0.1808925171529434,0.044306671110342144,0.13658584604260127
1919.03,8.12,0.56,0.975,16.4,1919.2083333332896,4.578333333333333,165.31750609756097,11.401207317073172,1981.6262379557697,19.85031631097561,237.9415741387778,6.356074004869144,,8.500546247332402,,0.1729319074547065,1.0007037060469857,5.250989904417984,0.18121561867449487,0.04666866389957636,0.13454695477491851
1919.04,8.39,0.5567,0.97,16.7,1919.2916666666229,4.6175,167.74599251497008,11.130416452095808,2021.8541585612845,19.39375598802395,233.754294851543,6.456139555819275,,8.647742227531763,,0.169814974654537,1.0007419511129143,5.160289517806508,0.17918756948696402,0.049648274311074214,0.1295392951758898
1919.05,8.97,0.5533,0.965,16.9,1919.3749999999561,4.656666666666666,177.21986538461542,10.931521908284024,2147.023276047684,19.065459319526628,230.97853527157352,6.829002261482032,,9.15802248053966,,0.16114095836448952,1.0007801820698572,5.103004375500906,0.17352592506401177,0.05073502993592749,0.12279089512808428
1919.06,9.21,0.55,0.96,16.9,1919.4583333332894,4.695833333333333,181.96153402366866,10.866323964497042,2215.4391979804554,18.966674556213018,230.92525842141552,7.021615214784132,,9.425904150649673,,0.15565526932897691,1.0008183989587263,5.1069856480170746,0.17171752509691496,0.050569117240239825,0.12114840785667513
1919.07,9.51,0.5467,0.955,17.4,1919.5416666666226,4.734999999999999,182.48952155172415,10.490748836206896,2232.5116283232696,18.325709051724136,224.19017929008643,7.052837165446311,,9.47541850809658,,0.15772882117381556,1.0008566018203051,4.96429263654233,0.1797992583198813,0.052857385544895275,0.12694187277498603
1919.08,8.87,0.5433,0.95,17.7,1919.624999999956,4.774166666666666,167.32352966101692,10.248801991525424,2057.424648839909,17.920783898305082,220.3555148137445,6.479131101705276,,8.714460950481726,,0.17064096355555292,1.00089479069525,4.884332430538585,0.19638077411163768,0.05509882292006307,0.1412819511915746
1919.09,9.01,0.54,0.945,17.8,1919.7083333332891,4.813333333333333,169.0096306179775,10.129323033707864,2088.536345564795,17.72631530898876,219.05292414636304,6.55848167206126,,8.83018354582364,,0.16792341432674907,1.0009329656240877,4.861238262796285,0.19956546211141046,0.05612792933128152,0.14343753278012894
1919.1,9.47,0.5367,0.94,18.1,1919.7916666666224,4.852499999999999,174.6940317679558,9.90055827348066,2168.976838833838,17.340273480662983,215.2944275083218,6.794704199949302,,9.154895912259956,,0.16192257750459024,1.0009711266472197,4.785125449256925,0.1820917423547188,0.05832395927490719,0.12376778307981162
1919.11,9.19,0.5333,0.935,18.5,1919.8749999999557,4.891666666666667,165.8633554054054,9.625128121621621,2069.295075267986,16.875107432432433,210.53219753814656,6.46702257413313,,8.720924139143508,,0.17028557703903743,1.0010092738049188,4.686209765343074,0.15214509279830746,0.06106433055266991,0.09108076224563755
1919.12,8.92,0.53,0.93,18.9,1919.958333333289,4.930833333333333,157.58312698412698,9.363123015873017,1975.7262025002633,16.429630952380954,205.9893910678526,6.160717033799177,,8.316097713382979,,0.17884105892950652,1.0010474071373323,4.59166029264108,0.16313220849180432,0.0643728535390804,0.09875935495272392
1920.01,8.83,0.5283,0.9192,19.3,1920.0416666666222,4.97,152.7601437823834,9.139658432642486,1924.8063744353453,15.90227906735751,200.37168962411883,5.989667771139438,,8.093561310184848,,0.1863420961521563,1.003360333897,4.501206011120818,0.16896747118832156,0.06764139689307469,0.10132607429524687
1920.02,8.1,0.5267,0.9083,19.5,1920.1249999999554,4.9799999999999995,138.69380769230767,9.018522038461537,1757.037498268259,15.552541423076923,197.02680983667406,5.455347649907772,,7.382545880838516,,0.20369703325046373,1.003369024607683,4.470010216859856,0.18797880726469263,0.06926614317005142,0.11871266409464121
1920.03,8.67,0.525,0.8975,19.7,1920.2083333332887,4.99,146.94659771573603,8.89815038071066,1870.9814956472603,15.211599936548224,193.6800337189638,5.798822727557158,,7.8563273114693555,,0.1917938399849513,1.003377715089267,4.43953608781231,0.1860158496149651,0.07088525264840806,0.11513059696655703
1920.04,8.6,0.5233,0.8867,20.3,1920.291666666622,5,141.4519950738916,8.607189421182266,1810.1545762330652,14.584358608374385,186.63535613323947,5.599858725506184,,7.596115367581555,,0.20002702354681734,1.0033864053419226,4.322870544047071,0.19696434381990313,0.07336446569154997,0.12359987812835316
1920.05,8.06,0.5217,0.8758,20.6,1920.3749999999552,5.01,130.6394927184466,8.455908604368933,1680.8049774170067,14.19529376213592,182.636352260771,5.188950462047495,,7.050218771960482,,0.2176673789194917,1.0033950953658182,4.27434192134866,0.19958456398027824,0.07546887767294619,0.12411568630733205
1920.06,7.92,0.52,0.865,20.9,1920.4583333332885,5.02,126.52768421052632,8.307373205741627,1636.8094094058144,13.818995813397128,178.76769433535725,5.04363968045162,,6.8644453350168195,,0.22570609227300797,1.0034037851611233,4.227291226212141,0.1911761957298188,0.0775577799731424,0.11361841575667642
1920.07,7.91,0.5183,0.8542,20.8,1920.5416666666217,5.029999999999999,126.97546514423075,8.320023209134614,1651.5713150464096,13.712066033653844,178.3529983960358,5.080592919540795,,6.926495758932951,,0.22364726750461542,1.0034124747280067,4.26207270975082,0.18941984411646207,0.07822460780743956,0.1111952363090225
1920.08,7.6,0.5167,0.8433,20.3,1920.624999999955,5.039999999999999,125.00408866995072,8.498633238916256,1635.1414171326614,13.870519470443348,181.436152245786,5.020701077922857,,6.857875483818916,,0.22431643473371804,1.003421164066638,4.381952317407134,0.1902579739728847,0.07614687650893393,0.11411109746395076
1920.09,7.87,0.515,0.8325,20,1920.7083333332882,5.05,131.38669875,8.597731875,1728.0024787586551,13.8982753125,182.79060528164933,5.297162770108058,,7.2473452714932485,,0.21326971272005238,1.0034298531771852,4.462897850645426,0.18339246211333848,0.07378895807924923,0.10960350403408925
1920.1,7.88,0.5133,0.8217,19.9,1920.7916666666215,5.0600000000000005,132.21471859296483,8.612413077889446,1748.3318547818005,13.78690790201005,182.31018846119358,5.351177393424156,,7.332765891083624,,0.21393756305947345,1.0034385420598178,4.50070847740494,0.16586868535422217,0.07379118990267908,0.09207749545154309
1920.11,7.48,0.5117,0.8108,19.8,1920.8749999999548,5.069999999999999,126.13716666666666,8.62892890151515,1677.4744510655382,13.672729242424241,181.83105413421634,5.1264079309479245,,7.037251050845026,,0.22368938063015112,1.0034472307147033,4.538993364686321,0.16319479470239706,0.07379410391150132,0.08940069079089574
1920.12,6.81,0.51,0.8,19.4,1920.958333333288,5.079999999999999,117.20659407216493,8.777586340206184,1568.4360685770073,13.768762886597939,184.2509331661683,4.784241045083246,,6.5824249808668895,,0.2353400608539374,1.003455919142011,4.648550431759416,0.16573358508088298,0.07347565849920468,0.0922579265816783
1921.01,7.11,0.5058,0.7575,19,1921.0416666666213,5.09,124.94608815789475,8.888569815789474,1681.9165819672082,13.311766776315787,179.19153457667508,5.122184146887372,,7.060922716237087,,0.21920796290222033,1.0093750608638843,4.762817876625013,0.1631167364205932,0.07247153869065537,0.09064519772993784
1921.02,7.06,0.5017,0.715,18.4,1921.1249999999545,5.024166666666666,128.11310054347825,9.104014524456522,1734.760707193928,12.974627038043478,175.687522045844,5.2748571912050455,,7.285788401716891,,0.21414317843259154,1.0093356823927233,4.964234896627032,0.17010499357006514,0.06943390595272048,0.10067108761734467
1921.03,6.88,0.4975,0.6725,18.3,1921.2083333332878,4.958333333333333,125.52898360655736,9.077132172131147,1710.0122350028496,12.270093237704916,167.14872500572912,5.192348158684176,,7.186643149633991,,0.2160920578171753,1.009296369442242,5.037959632337957,0.1752908484236808,0.06858640026629148,0.10670444815738933
1921.04,6.91,0.4933,0.63,18.1,1921.291666666621,4.8925,127.46945718232043,9.099954157458562,1746.7765436849052,11.6216726519337,159.2574851695355,5.297085922739674,,7.3471112451693426,,0.21520858180944383,1.0092571223325355,5.140979939423729,0.1624222384357481,0.06715965299135296,0.09526258544439514
1921.05,7.12,0.4892,0.5875,17.7,1921.3749999999543,4.826666666666666,134.3115593220339,9.228260508474577,1851.075509915433,11.082590042372882,152.73972781956698,5.609469225330776,,7.795301223200645,,0.2029534231978358,1.0092179413853946,5.305826452844111,0.14612928022673488,0.06523017509741025,0.08089910512932463
1921.06,6.55,0.485,0.545,17.6,1921.4583333332876,4.760833333333333,124.2611292613636,9.201014914772726,1723.1282908656108,10.339284801136364,143.37479672087912,5.216110960989321,,7.26637410349085,,0.21644775043781012,1.0091788269243167,5.3851598821902735,0.15274418739271223,0.06510461008824575,0.08763957730446648
1921.07,6.53,0.4808,0.5025,17.7,1921.5416666666208,4.695,123.1818093220339,9.069803050847458,1718.6422765621567,9.479151483050845,132.25386584570958,5.1977793619054715,,7.259080472195279,,0.21723137134873216,1.0091397792745151,5.403885438173596,0.15740803163018824,0.064791523394093,0.09261650823609524
1921.08,6.45,0.4767,0.46,17.7,1921.624999999954,4.629166666666666,121.6726906779661,8.992460720338983,1708.0422279115378,8.67743220338983,121.81386431617169,5.161294823215732,,7.2275602020151375,,0.21585157871859106,1.009100798762928,5.453275758303269,0.15520438301000405,0.06388255625816353,0.09132182675184053
1921.09,6.61,0.4725,0.4175,17.5,1921.7083333332873,4.5633333333333335,126.11596714285716,9.015097499999998,1780.963147013788,7.965721071428571,112.48897335525815,5.37752442545826,,7.550587578930369,,0.20640123633622978,1.0090618857182294,5.565795265562092,0.13342049673951006,0.062479788382081125,0.07094070835742894
1921.1,6.7,0.4683,0.375,17.5,1921.7916666666206,4.4975,127.83312857142856,8.9349633,1815.7269548872298,7.154839285714286,101.62650866906138,5.479257678053349,,7.714162098732495,,0.2036068699196353,1.009023040470837,5.616231866189678,0.11664170789688089,0.062296997971143186,0.0543447099257377
1921.11,7.06,0.4642,0.3325,17.4,1921.8749999999538,4.431666666666667,135.47592241379309,8.907637844827587,1934.8279016082183,6.380417025862069,91.12326873721427,5.838196993200892,,8.239946078763095,,0.19353770826111436,1.0089842633529238,5.699475786678647,0.11332002889117776,0.06223737527495987,0.05108265361621789
1921.12,7.31,0.46,0.29,17.3,1921.958333333287,4.365833333333333,141.08405635838147,8.87806647398844,2025.4878115535573,5.59704190751445,80.35450962387574,6.114158849417271,,8.649852794077939,,0.186967523203809,1.008945554698427,5.783922310941281,0.0870527916664059,0.06147104495697908,0.02558174670942681
1922.01,7.3,0.4642,0.3233,16.9,1922.0416666666204,4.3,144.22575443786982,9.171177426035504,2081.564170425207,6.387422795857988,92.18762962992733,6.287087290347129,,8.91709647318322,,0.17951956182160134,1.0031803360364855,5.973784898530947,0.08538647188416593,0.0603205063320329,0.02506596555213303
1922.02,7.46,0.4683,0.3567,16.9,1922.1249999999536,4.305,147.38686686390534,9.252180931952662,2138.315308646971,7.047305014792901,102.24357514669902,6.4613058726969825,,9.18553786904006,,0.174080106815289,1.0031845960283758,5.992783541917958,0.08391675412169941,0.06207388042973694,0.021842873691962472
1922.03,7.74,0.4725,0.39,16.7,1922.2083333332869,4.3100000000000005,154.7501766467066,9.44695845808383,2256.5650531864435,7.797489520958084,113.7028902768363,6.82138724903604,,9.717409145828125,,0.16243257308781897,1.003188855990148,6.083866557381884,0.08006147078286507,0.061821595873386315,0.01823987490947876
1922.04,8.21,0.4767,0.4233,16.7,1922.2916666666201,4.3149999999999995,164.1471511976048,9.530931422155689,2405.1732730489066,8.463275164670659,124.00850748862388,7.27325339020986,,10.378612240077569,,0.15011860019363654,1.0031931159218126,6.1032671316966525,0.04591656758098073,0.06283656014897288,-0.016919992567992148
1922.05,8.53,0.4808,0.4567,16.7,1922.3749999999534,4.32,170.54509131736523,9.612905029940121,2510.6571613780743,9.131060164670657,134.42170288409926,7.593467258919377,,10.851308007115504,,0.14427069252660307,1.0031973758233814,6.122755571149948,0.030457950462606576,0.06462922234057467,-0.03417127187796809
1922.06,8.45,0.485,0.49,16.7,1922.4583333332866,4.325,168.94560628742514,9.696877994011976,2499.0064955744933,9.796845808383233,144.91280270195287,7.557987351755126,,10.815617689535216,,0.1458798179770855,1.0032016356948654,6.142332321785617,0.018087288159285952,0.06565809846692883,-0.047570810307642875
1922.07,8.51,0.4892,0.5233,16.8,1922.54166666662,4.33,169.13245089285712,9.722631607142857,2513.7548470257047,10.40035388392857,154.57672284941847,7.60209504577403,,10.892058792535375,,0.14569327464091722,1.003205895536276,6.12531927367179,0.023567495778983538,0.06654056752054638,-0.04297307174156284
1922.08,8.83,0.4933,0.5567,16.6,1922.6249999999532,4.335,177.60667319277107,9.922239171686746,2651.9933911884955,11.197467153614456,167.19872263585904,8.020030689895775,,11.501719558533326,,0.13648243579404423,1.0032101553476238,6.218992026755659,0.06193612576567342,0.06629371583037291,-0.00435759006469949
1922.09,9.06,0.4975,0.59,16.6,1922.7083333332864,4.34,182.23289457831322,10.00671799698795,2733.5229162148876,11.867263554216866,178.01087423474434,8.265083002284301,,11.86154330888268,,0.13170642498863805,1.0032144151289202,6.238955957267178,0.0699861536956039,0.0673274784051221,0.0026586752904818045
1922.1,9.26,0.5017,0.6233,16.7,1922.7916666666197,4.345,185.14039221556885,10.030770494011977,2789.674449824375,12.461987739520957,187.77581906863207,8.432151998761896,,12.10747181909754,,0.12989248661951508,1.0032186748801766,6.221531446584976,0.05353926210913906,0.06900726449456718,-0.015468002385428115
1922.11,8.8,0.5058,0.6567,16.8,1922.874999999953,4.35,174.89607142857142,10.05254919642857,2647.936741102243,13.05161933035714,197.60227930475486,7.998253772269836,,11.49176715541015,,0.136905980432102,1.0032229346014039,6.204404411344706,0.05945750983869602,0.07068911847756465,-0.011231608638868629
1922.12,8.78,0.51,0.69,16.9,1922.9583333332862,4.3549999999999995,173.46604437869823,10.076045857988165,2638.9987082617827,13.632297337278107,207.39283698184852,7.964679864940001,,11.44971327639581,,0.13904051336828618,1.0032271942926132,6.1875700270327,0.057754057837540396,0.072373180407453,-0.014619122569912602
1923.01,8.9,0.5117,0.7142,16.8,1923.0416666666194,4.36,176.88352678571428,10.169809062499999,2703.8831132349255,14.194406160714284,216.97902465981838,8.154200483069156,,11.72595361411514,,0.13441486988785212,1.005645522318621,6.244488151743066,0.061539389511198195,0.0736179858261683,-0.012078596314970103
1923.02,9.28,0.5133,0.7383,16.8,1923.1249999999527,4.335,184.43585714285712,10.201608348214284,2832.3251562908686,14.673382901785713,225.3346619493048,8.533360579065972,,12.272020083350819,,0.12921581550482797,1.0056270198581208,6.279741548972095,0.04569585724391101,0.07513108654325773,-0.02943522929934672
1923.03,9.43,0.515,0.7625,16.8,1923.208333333286,4.31,187.4170401785714,10.235395089285714,2891.204760608517,15.154347098214282,233.77981229734826,8.700737500978533,,12.511853851855697,,0.1272114755240691,1.0056085211624202,6.315077779372027,0.044712447628235896,0.07581612745544564,-0.03110367982720974
1923.04,9.1,0.5167,0.7867,16.9,1923.2916666666192,4.285,179.78826923076923,10.208417440828404,2786.6423004860426,15.542794659763313,240.9067579991615,8.372809668463818,,12.04067197655176,,0.13258943586124272,1.0055900262385207,6.312919127173457,0.05979300965651557,0.07629017997406895,-0.016497170317553378
1923.05,8.67,0.5183,0.8108,16.9,1923.3749999999525,4.26,171.29277958579883,10.240028565088757,2668.1921396237162,16.018937218934912,249.52366629837476,8.000497867598213,,11.507770660192872,,0.139481083596842,1.0055715350934378,6.348208510736015,0.09212231329578291,0.07612627220909762,0.015996041086685286
1923.06,8.34,0.52,0.835,17,1923.4583333332857,4.234999999999999,163.80373235294118,10.213182352941176,2564.794187902766,16.400013970588233,256.7869480694016,7.671825282673083,,11.038669785687139,,0.1446254893400403,1.0055530477342007,6.346027319720898,0.11346615187144016,0.07574730331878032,0.037718848552659834
1923.07,8.06,0.5217,0.8592,17.2,1923.541666666619,4.21,156.4635784883721,10.12742542151163,2463.0784318419305,16.67909511627907,262.56538320578,7.345985119490652,,10.574996358749738,,0.15082031447916538,1.0055345641678535,6.307066331973689,0.12360512033295934,0.07350942081880718,0.05009569951415216
1923.08,8.1,0.5233,0.8833,17.1,1923.6249999999523,4.185,158.15960526315786,10.217891535087718,2503.181924622832,17.2472073245614,272.9704437060923,7.441783174217374,,10.717769172275755,,0.1487019019438562,1.0055160844014541,6.379060757844513,0.11561987147598662,0.07190681665087606,0.043713054825110564
1923.09,8.15,0.525,0.9075,17.2,1923.7083333332855,4.16,158.21069040697677,10.191486191860466,2517.432112420468,17.616711845930233,280.3152934995797,7.458183867189799,,10.745088848507418,,0.14821085527765065,1.0054976084420746,6.376956054715935,0.11444129250825585,0.07237136151654489,0.04206993099171097
1923.1,8.03,0.5267,0.9317,17.3,1923.7916666666188,4.135,154.98016040462423,10.16538611271676,2479.507467971031,17.981944638728322,287.6907979960909,7.3174003956214815,,10.546507102779904,,0.1516527076029616,1.005479136296801,6.374950397057906,0.10519370076487355,0.07283315028013226,0.03236055048474129
1923.11,8.27,0.5283,0.9558,17.3,1923.874999999952,4.109999999999999,159.61219508670519,10.196266343930635,2567.208851357143,18.44707812138728,296.7035332680964,7.546327911916237,,10.87867181185551,,0.1467063621149533,1.0054606679727343,6.4098796191687315,0.10440085308835823,0.0726737850523187,0.03172706803603953
1923.12,8.55,0.53,0.98,17.3,1923.9583333332853,4.085,165.01623554913294,10.229076589595374,2667.838057642706,18.91414161849711,305.787286139164,7.8097391449387485,,11.258350617018136,,0.14353740233689558,1.0054422034769896,6.444881843514208,0.10268626500295097,0.07251511178260417,0.030171153220346802
1924.01,8.83,0.5317,0.9758,17.3,1924.0416666666185,4.06,170.42027601156067,10.261886835260114,2769.0312873593543,18.833081011560694,306.00461270727726,8.072249446037382,,11.633992739691037,,0.13962335892935626,1.0047430787771652,6.479956201891769,0.10509792838807575,0.07235712989448428,0.03274079849359146
1924.02,8.87,0.5333,0.9717,17.2,1924.1249999999518,4.043333333333333,172.18758575581393,10.352608735465116,2811.7646263996926,18.862985014534885,308.02612034640157,8.16206622085036,,11.760979709538777,,0.13887619650281108,1.0047302452630666,6.548544000121956,0.11083473751217987,0.0709487230755983,0.039886014436581574
1924.03,8.7,0.535,0.9675,17.1,1924.208333333285,4.026666666666666,169.87513157894733,10.446344298245613,2788.2184743597304,18.891286184210525,310.06912344172866,8.058077044116096,,11.610015219838782,,0.1400079261336404,1.004717412888221,6.617996945787513,0.10631629825857325,0.07034531010374079,0.03597098815483246
1924.04,8.5,0.5367,0.9633,17,1924.2916666666183,4.01,166.94625,10.54118263235294,2754.56374419764,18.91992030882353,312.1730887983044,7.923620348327986,,11.416959092815109,,0.14273334858362072,1.0047045816540427,6.688329809696565,0.1098779277696531,0.06973783154917257,0.04014009622048054
1924.05,8.47,0.5383,0.9592,17,1924.3749999999516,3.993333333333333,166.35702794117648,10.572607808823529,2759.3788296446055,18.839393294117645,312.4906934350774,7.899698330665295,,11.38353172277583,,0.14221000739146006,1.0046917515619485,6.719795603415451,0.0982660733953844,0.06975719290035287,0.02850888049503153
1924.06,8.63,0.54,0.955,17,1924.4583333332848,3.9766666666666666,169.4995455882353,10.60599705882353,2826.164267670242,18.75690220588235,312.7447132821647,8.05167694639665,,11.603299337130556,,0.1399872917927616,1.004678922613356,6.75132321493375,0.09667288096274396,0.06897477442131383,0.027698106541430123
1924.07,9.03,0.5417,0.9508,17.1,1924.541666666618,3.96,176.31867105263154,10.577167675438595,2954.560107475201,18.565204035087717,311.09587488232796,8.377712139971836,,12.071823287457525,,0.13487887811364763,1.0046660948096857,6.743245980964972,0.08696098883015302,0.06961979176114008,0.017341197069012937
1924.08,9.34,0.5433,0.9467,17,1924.6249999999513,3.943333333333333,183.44446764705881,10.670811485294118,3088.867440732864,18.593884102941175,313.0868100794221,8.717418308548332,,12.559042780803473,,0.12768930742272608,1.0046532681523594,6.81456184489623,0.07827552453266318,0.06900974283212435,0.009265781700538822
1924.09,9.25,0.545,0.9425,17.1,1924.7083333332846,3.9266666666666667,180.6143640350877,10.641603070175439,3056.1457863750747,18.403139254385962,311.39647607119,8.581670375209056,,12.36273087610069,,0.1302879751442184,1.0046404426428017,6.806235151141712,0.07564265175194618,0.06806976384517927,0.007572887906766912
1924.1,9.13,0.5467,0.9383,17.2,1924.7916666666179,3.91,177.2347979651163,10.612734287790696,3013.9254012617657,18.214612369186046,309.7443815995525,8.419491035872426,,12.130082536261687,,0.13435201723474416,1.004627618282438,6.798064332793926,0.0792314551311788,0.06949735688995595,0.009734098241222844
1924.11,9.64,0.5483,0.9342,17.2,1924.8749999999511,3.8933333333333335,187.1350988372093,10.643794055232558,3197.3660616600296,18.13502171511628,309.85263224095434,8.888327361250973,,12.80395081495657,,0.12721517587619613,1.004614795072696,6.8295231795855535,0.07627050011067893,0.06951224389848809,0.0067582562121908385
1924.12,10.16,0.55,0.93,17.3,1924.9583333332844,3.876666666666667,196.08946820809248,10.615079479768786,3365.4732464231934,17.94913439306358,308.06005109976076,9.310639680416376,,13.4083915943481,,0.123928919192219,1.0046019730150058,6.8213808385815815,0.07269632194344022,0.07094253199348954,0.0017537899499506793
1925.01,10.58,0.5542,0.9567,17.3,1925.0416666666176,3.86,204.1955289017341,10.696140086705203,3519.895248023756,18.464448251445084,318.2876922291424,9.692618852254999,,13.953065695481383,,0.1198628708532386,1.004451807401011,6.852772649125812,0.06674481569512047,0.06937049498737724,-0.0026256792922567662
1925.02,10.67,0.5583,0.9833,17.2,1925.124999999951,3.845,207.12982412790697,10.837917601744186,3586.044785108589,19.08816832848837,330.4740241047118,9.830804722819575,,14.143902484635953,,0.11900102849113872,1.0044401732636803,6.923298942152419,0.06116103451401256,0.06784928599827911,-0.00668825148426655
1925.03,10.39,0.5625,1.01,17.3,1925.2083333332841,3.83,200.5285014450867,10.856331286127167,3487.418888597925,19.493145953757224,339.00799590797925,9.518537538810033,,13.685923349947965,,0.12416250134532482,1.0044285399691208,6.9138428283817035,0.05763944644689167,0.06834993896086372,-0.010710492513972047
1925.04,10.28,0.5667,1.037,17.2,1925.2916666666174,3.815,199.5590058139535,11.000981380813952,3486.501555051549,20.13061177325581,351.70254013506377,9.476566787903069,,13.615545452014175,,0.12310340370448428,1.0044169075182756,6.984835831278618,0.06499829085530084,0.06683638910577616,-0.0018380982504753174
1925.05,10.61,0.5708,1.063,17.3,1925.3749999999507,3.8,204.7745332369942,11.016522485549132,3593.66136282394,20.51605361271676,360.04354652986325,9.729007694021332,,13.963817337114971,,0.1200769852726628,1.004405275912088,6.975134099943483,0.0702421504175541,0.06733709054517756,0.0029050598723765475
1925.06,10.8,0.575,1.09,17.5,1925.458333333284,3.785,206.05937142857144,10.97075357142857,3632.2535859104137,20.79673285714286,366.5885563557733,9.796386180450611,,14.043411328040774,,0.12073372793126161,1.004393645151504,6.925794501718377,0.07425815803831615,0.06922417579358453,0.005033982244731616
1925.07,11.1,0.5792,1.117,17.7,1925.5416666666172,3.77,209.39021186440678,10.926018983050847,3707.0166488386526,21.07106906779661,373.03942313088066,9.9639938917878,,14.263012384495758,,0.12036790116256756,1.0043820152374694,6.877622584189005,0.07792860758855658,0.07032216640223088,0.0076064411863256964
1925.08,11.25,0.5833,1.143,17.7,1925.6249999999504,3.7550000000000003,212.21980932203388,11.003361313559322,3773.3449730066495,21.561532627118645,383.3718492574756,10.110918458488943,,14.449940451105398,,0.11905952231040802,1.0043703861709314,6.907760431150485,0.08342964520027385,0.07020470103126053,0.01322494416901332
1925.09,11.51,0.5875,1.17,17.7,1925.7083333332837,3.74,217.12444491525423,11.082590042372882,3876.972206246814,22.070860169491525,394.0970878634902,10.359247611348502,,14.777258376991174,,0.1168386460659949,1.0043587579528388,6.9379500118108925,0.0830991506935368,0.07008751073467323,0.013011639958863563
1925.1,11.89,0.5917,1.197,17.7,1925.791666666617,3.725,224.29275847457626,11.161818771186441,4021.5783292914257,22.580187711864408,404.8636888277407,10.718495997022927,,15.25679610015136,,0.11271163979524518,1.0043471305841412,6.968190856601272,0.08232738684440322,0.06997059538599681,0.012356791458406402
1925.11,12.26,0.5958,1.223,18,1925.8749999999502,3.71,227.41789166666663,11.05184175,4094.1254263927244,22.686140416666667,408.410717494152,10.886317440307932,,15.45834517203625,,0.11216870688545683,1.0043355040657889,6.8818411173203,0.08966737817501147,0.070874478450492,0.018792899724519474
1925.12,12.46,0.6,1.25,17.9,1925.9583333332835,3.6950000000000003,232.41902513966483,11.191927374301677,4200.949463282118,23.31651536312849,421.4435657385752,11.147365239137253,,15.788866974247389,,0.10957865215542237,1.0043238783987345,6.9502900901878215,0.08719029349640839,0.07016164364448896,0.01702864985191943
1926.01,12.65,0.6075,1.249,17.9,1926.0416666666167,3.68,235.96313547486037,11.331826466480448,4282.077349686793,23.297862150837993,422.79166875563675,11.340966188506236,,16.0188508360703,,0.10717666605596018,1.0054209127544818,6.980342299373723,0.09127702195110676,0.07004550636264129,0.021231515588465477
1926.02,12.67,0.615,1.248,17.9,1926.12499999995,3.651666666666667,236.33619972067038,11.471725558659218,4306.195769541748,23.279208938547487,424.16198266678,11.389435672748013,,16.041273315196623,,0.10708475333291058,1.0054004313264016,7.018182125975047,0.0970773550878814,0.06967985956692857,0.02739749552095283
1926.03,11.81,0.6225,1.248,17.8,1926.2083333332832,3.6233333333333335,221.5320463483146,11.676858497191011,4054.1846678192805,23.409991011235952,428.4184983436462,10.712352062732489,,15.04686940175299,,0.11131698916246477,1.0053799556662915,7.0957242542038035,0.10715725991272818,0.06949538583248893,0.037661874080239244
1926.04,11.48,0.63,1.247,17.9,1926.2916666666165,3.595,214.1388770949721,11.75152374301676,3936.806452882655,23.260555726256985,427.6304570335079,10.395587685954737,,14.56236672825741,,0.11403621939591524,1.005359485786362,7.094044752111026,0.11088512929981276,0.06973385688883038,0.041151272410982376
1926.05,11.56,0.6375,1.246,17.8,1926.3749999999498,3.566666666666667,216.84254494382023,11.958228581460672,4004.832025127131,23.372474999999998,431.6626905976129,10.575158463806105,,14.771860041900325,,0.11110746549615284,1.0053390216988511,7.172132966061082,0.10329769326495719,0.06877660182708745,0.034521091437869744
1926.06,12.11,0.645,1.245,17.7,1926.458333333283,3.5383333333333336,228.4428347457627,12.16726906779661,4237.802302467081,23.485658898305086,435.6782713931888,11.197979740229965,,15.591949753085153,,0.10456095641367756,1.0053185634160247,7.251162004789374,0.10120351831446595,0.06704291455749933,0.03416060375696661
1926.07,12.62,0.6525,1.244,17.5,1926.5416666666163,3.51,240.78419142857138,12.449420357142856,4485.990191646867,23.734986857142854,442.2006179404678,11.869694058481281,,16.469124743360346,,0.09859739029953632,1.0052981109501766,7.373038944263162,0.10081264835027293,0.06470977858943172,0.036102869760841205
1926.08,13.12,0.66,1.243,17.4,1926.6249999999495,3.4816666666666665,251.76262068965514,12.664887931034484,4710.189598528065,23.85220560344828,446.24738345810874,12.488808219521882,,17.260693795594303,,0.09313677086725099,1.0052776643136292,7.454700410690934,0.0971731074824167,0.06298824946529025,0.03418485801712645
1926.09,13.32,0.6675,1.242,17.5,1926.7083333332828,3.453333333333333,254.13989142857142,12.735613928571427,4774.5213311381885,23.696827714285714,445.1918538493717,12.692614823344726,,17.470213778374863,,0.0908304118401953,1.0052572235187336,7.4512207094914205,0.09726910703377722,0.06325086106693312,0.03401824596684411
1926.1,13.02,0.675,1.242,17.6,1926.791666666616,3.425,247.00456534090907,12.80553622159091,4660.518208841691,23.56218664772727,444.57477844711065,12.426517521583357,,17.033811722274994,,0.0915290187875892,1.005236788577868,7.447834388599493,0.10590168770457797,0.06351245118495408,0.042389236519623896
1926.11,13.19,0.6825,1.241,17.7,1926.8749999999493,3.3966666666666665,248.81593644067794,12.874668432203391,4714.938850271187,23.410202966101696,443.61175990800183,12.615251212344491,,17.21908527437661,,0.08936747716515256,1.0052163595034402,7.444538607838301,0.10801736537684681,0.06377305781836129,0.04424430755848552
1926.12,13.49,0.69,1.24,17.7,1926.9583333332826,3.3683333333333327,254.4751313559322,13.016148305084746,4842.731923733807,23.391338983050847,445.143631240172,13.009052728993137,,17.677841903544778,,0.08634766050322903,1.0051959363078855,7.483371997554026,0.1035208278604256,0.06343343053180917,0.040087397328616436
1927.01,13.4,0.6967,1.229,17.5,1927.0416666666158,3.34,255.66625714285712,13.292737414285712,4886.479747473475,23.448793285714284,448.17041863021655,13.185930628677799,,17.836264453737655,,0.08352108254310006,1.0028536005602389,7.608223751785205,0.10550186110804294,0.06113337747844905,0.04436848362959389
1927.02,13.66,0.7033,1.218,17.4,1927.124999999949,3.339166666666666,262.12480172413797,13.495781336206898,5031.415256588601,23.372475,448.6283881789835,13.633966132216223,,18.358019636037508,,0.07780984486131412,1.002852908876278,7.673784782100584,0.10586716757743009,0.06055189898433189,0.0453152685930982
1927.03,13.87,0.71,1.208,17.3,1927.2083333332823,3.3383333333333334,267.69300433526007,13.703102601156068,5160.214360316341,23.314574566473986,449.4260235949633,14.033257507604493,,18.811934763187693,,0.07513322496269459,1.002852217192467,7.740161075160086,0.1025545418595506,0.05921764308154054,0.04333689877801006
1927.04,14.21,0.7167,1.197,17.3,1927.2916666666156,3.3375,274.2550534682081,13.83241356936416,5308.928613032813,23.102272976878613,447.2053166643404,14.488222209157062,,19.335123464058157,,0.06785537727855775,1.002851525508806,7.762237695651121,0.09232937680251663,0.05849946231893455,0.03382991448358208
1927.05,14.7,0.7233,1.186,17.4,1927.3749999999488,3.336666666666667,282.0815948275862,13.879565818965519,5482.821554792154,22.758419827586206,442.3555349648635,15.002347055737118,,19.93609668295842,,0.06446825650369489,1.002850833825295,7.7396341448224355,0.08354306367052322,0.05839603191839071,0.02514703175213251
1927.06,14.89,0.73,1.175,17.6,1927.458333333282,3.3358333333333334,282.48064346590905,13.848950284090908,5513.009709186099,22.291118607954544,435.0427406510186,15.120333481747526,,20.01058803113645,,0.06353629006855142,1.002850142141934,7.673497435687472,0.0792945740129769,0.05962970423251823,0.01966486978045867
1927.07,15.22,0.7367,1.164,17.3,1927.5416666666154,3.335,293.7481994219653,14.21841645953757,5756.036394276626,22.46536820809248,440.21198179618875,15.820802594477751,,20.854728675080462,,0.060442434969226265,1.0028494504587229,7.828813681863993,0.08056910807862572,0.05710026875943219,0.023468839319193524
1927.08,16.03,0.7433,1.153,17.2,1927.6249999999486,3.3341666666666665,311.1800450581395,14.429203212209302,6121.177660440821,22.3824449127907,440.2818367116823,16.862861852763807,,22.135608380554537,,0.05435182187608263,1.0028487587756614,7.896767553825462,0.07546399231356471,0.05650941433821122,0.018954577975353493
1927.09,16.94,0.75,1.143,17.3,1927.7083333332819,3.3333333333333335,326.9444479768786,14.47510838150289,6455.005097206809,22.0600651734104,435.5413710807191,17.818723713516434,,23.292169691516687,,0.049430399146075575,1.0028480670927502,7.873487449868961,0.05330671932016329,0.05641678390068572,-0.0031100645805224314
1927.1,16.68,0.7567,1.132,17.4,1927.7916666666151,3.3325,320.07625862068966,14.520485905172414,6343.293826425275,21.722201724137932,430.49212299241077,17.537237852261097,,22.835106977288756,,0.04939933865737844,1.0028473754099891,7.850532867676781,0.03924145761444753,0.0570461167457168,-0.017804659131269274
1927.11,17.06,0.7633,1.121,17.3,1927.8749999999484,3.3316666666666666,329.260465317919,14.731800303468207,6549.636735937483,21.63546199421965,430.37179255486046,18.131301434952434,,23.520186815644788,,0.04694837409275164,1.0028466837273777,7.9183942951098,0.027735139391429797,0.05718287926230703,-0.029447739870877232
1927.12,17.46,0.77,1.11,17.3,1927.9583333332816,3.3308333333333335,336.98052312138725,14.861111271676299,6727.838556078026,21.423160404624277,427.7148222936203,18.64662402140254,,24.099196924913038,,0.04392604268999946,1.0028459920449164,7.940935459296649,0.02464687233165641,0.05793351295260307,-0.03328664062094666
1928.01,17.53,0.7767,1.133,17.3,1928.041666666615,3.33,338.3315332369942,14.990422239884388,6779.751960973078,21.8670637283237,438.18933096306324,18.80612857170078,,24.22041735776547,,0.04126463782849271,1.0008789768522124,7.963535298443001,0.028558581777757164,0.05943222632038103,-0.030873644542623868
1928.02,17.32,0.7833,1.155,17.1,1928.1249999999482,3.3525,338.18819298245614,15.294619605263156,6802.420059607751,22.552388157894733,453.6255871158747,18.868850519584047,,24.221421773126774,,0.03895002692749823,1.0008997359696088,8.063757693931901,0.02706696264617614,0.059235920714716395,-0.032168958068540254
1928.03,18.25,0.79,1.177,17.1,1928.2083333332814,3.375,356.3472587719298,15.42544298245614,7193.533029740124,22.98195745614035,463.93360964406173,19.94341779906455,,25.5137629486994,,0.03659535294259057,1.000920492144399,8.07101294677934,0.015015754780042023,0.05951923499828826,-0.04450348021824624
1928.04,19.4,0.7967,1.2,17.1,1928.2916666666147,3.3975,378.80201754385956,15.55626635964912,7672.993502686277,23.431052631578947,474.6181548053368,21.257909249487504,,27.0986391894648,,0.031823715303227085,1.000941245381527,8.078442250794193,0.004238839007983497,0.059050370510822514,-0.05481153150283902
1928.05,20,0.8033,1.222,17.2,1928.374999999948,3.42,388.2470930232558,15.59394449127907,7890.634957934895,23.72189738372093,482.1177959298221,21.832732178740038,,27.733593696413877,,0.028825490853708953,1.0009619956859277,8.039034151629124,0.00367933106035756,0.0606937661608955,-0.05701443510053794
1928.06,19.02,0.81,1.245,17.1,1928.4583333332812,3.4425,371.38218421052625,15.815960526315788,7574.663479136887,24.309717105263157,495.81787757757235,20.913421576866714,,26.482054104053237,,0.028629212973394956,1.0009827430625267,8.093824788666357,0.010696773439133445,0.06034837484820632,-0.049651601409072876
1928.07,19.16,0.8167,1.268,17.1,1928.5416666666144,3.465,374.11580701754383,15.946783903508768,7657.5221468040845,24.75881228070175,506.7712986507087,21.081905435296804,,26.613845391227315,,0.025300092823006853,1.0010034875162417,8.101778938826724,0.028571206438092966,0.06061781287373558,-0.03204660643564261
1928.08,19.78,0.8233,1.29,17.1,1928.6249999999477,3.4875,386.22185087719294,16.075654692982454,7932.732666792281,25.188381578947364,517.3521304429748,21.762131502579248,,27.390718137541477,,0.021602490360549072,1.0010242290519806,8.109908972851187,0.026006191754111674,0.06088377622711727,-0.034877584473005596
1928.09,21.17,0.83,1.312,17.3,1928.708333333281,3.51,408.5840592485549,16.01911994219653,8419.455613099944,25.321789595375723,521.7914862724198,23.00464944615924,,28.866481380789015,,0.018121294561627824,1.0010449676746427,8.024363176337266,0.015651364291484615,0.06238088531270103,-0.046729521021216414
1928.1,21.6,0.8367,1.335,17.2,1928.7916666666142,3.5324999999999998,419.3068604651163,16.242317136627907,8668.305518698497,25.915493459302322,535.7494383084487,23.578344239585046,,29.500230182003204,,0.014345079847843722,1.0010657033891182,8.079450401910702,0.024584984968320844,0.06278050915244582,-0.038195524184124974
1928.11,23.06,0.8433,1.357,17.2,1928.8749999999475,3.555,447.64889825581395,16.37043867732558,9282.420853310827,26.342565261627907,546.2378620096614,25.121984571109596,,31.338079943327802,,0.009644668141462504,1.0010864362002887,8.08806069958623,0.018036415439050657,0.06303636665880474,-0.044999951219754086
1928.12,23.15,0.85,1.38,17.1,1928.9583333332807,3.5775,452.0240570175438,16.596995614035087,9401.823410353161,26.945710526315786,560.4542680901669,25.301591027426152,,31.472825431435925,,0.007326400993958579,1.0011071661130269,8.144197849014661,0.01407958398751874,0.06266892202039953,-0.04858933803288079
1929.01,24.86,0.86,1.399,17.1,1929.041666666614,3.6,485.4133070175438,16.79225438596491,10125.405068068607,27.316702192982454,569.8085957452929,27.083199620832776,,33.5909376991064,,0.004501453984911356,1.005154336235617,8.153214828890876,0.005414671060999021,0.06291765705354901,-0.05750298599254999
1929.02,24.99,0.87,1.418,17.1,1929.1249999999472,3.5741666666666667,487.9516710526315,16.987513157894735,10207.882723993142,27.687693859649116,579.2227972237804,27.13167279824739,,33.55503953254025,,0.006536990647710128,1.005135423137138,8.195239239520198,0.004860831028036028,0.06345927334252766,-0.05859844231449163
1929.03,25.43,0.88,1.438,17,1929.2083333332805,3.5483333333333333,499.4638985294117,17.28384705882353,10478.848271337893,28.243377352941174,592.5514673292918,27.67574843786187,,34.12929095561018,,0.004249048378068408,1.0051165144351146,8.285780115200067,0.002500779898800598,0.06261625762979195,-0.06011547773099135
1929.04,25.28,0.89,1.457,16.9,1929.2916666666138,3.5225,499.45576331360957,17.583687869822484,10509.420021280413,28.7858800295858,605.7051017011694,27.568454472898292,,33.90256313811528,,0.0022395419813420053,1.005097610138035,8.377453567397424,-0.010075621235658971,0.06253810316661124,-0.07261372440227021
1929.05,25.66,0.9,1.476,17,1929.374999999947,3.4966666666666666,503.98126764705876,17.67666176470588,10635.640170758812,28.989725294117644,611.7772756056121,27.698586875008125,,33.970071523184764,,0.0017264044494609415,1.0050787102544052,8.370628215165073,-0.007277053560236113,0.06294755285144382,-0.07022460641167994
1929.06,26.15,0.91,1.495,17.1,1929.4583333332803,3.470833333333333,510.6016885964911,17.768548245614035,10806.600371701996,29.19118640350877,617.8152028946266,27.93546783028868,,34.16978639311385,,0.0022656304519138026,1.0050598147927496,8.363940560163343,-0.006724656939746443,0.06335444653416022,-0.07007910347390667
1929.07,28.48,0.92,1.514,17.3,1929.5416666666135,3.4450000000000003,549.6681156069363,17.75613294797688,11664.73609767824,29.220418786127166,620.0986815970807,29.93328940684221,,36.510951968420386,,-0.001618582994118066,1.0050409237616102,8.309078347441286,-0.01151812043731415,0.06437567599268634,-0.07589379643000049
1929.08,30.1,0.93,1.533,17.3,1929.6249999999468,3.4191666666666665,580.9343497109826,17.94913439306358,12359.992050129391,29.587121531791905,629.4972695298458,31.480313247173008,,38.2916955584372,,-0.004708985320823887,1.0050220371695462,8.350963777919985,-0.01827144510165446,0.0641607231804957,-0.08243216828215016
1929.09,31.3,0.94,1.552,17.3,1929.70833333328,3.3933333333333335,604.0945231213873,18.14213583815029,12884.915300541867,29.953824277456643,638.8942027616924,32.56378859877671,,39.500688697971846,,-0.006069516310864977,1.005003155025136,8.392902628414232,-0.014156423600160895,0.06166109180293655,-0.07581751540309745
1929.1,27.99,0.95,1.572,17.3,1929.7916666666133,3.3674999999999997,540.2110447976878,18.335137283236993,11554.914858044505,30.339827167630055,648.9577047819208,28.961067164354795,,35.04745819008634,,-0.0036562270419569984,1.0049842773369742,8.434893621375059,-0.0012635553549187328,0.06220436403359497,-0.0634679193885137
1929.11,20.58,0.96,1.591,17.3,1929.8749999999466,3.341666666666667,397.19697398843925,18.528138728323697,8528.92250686672,30.706529913294794,659.3545047825535,21.17103600009704,,25.588770763962717,,0.0071336922722850735,1.0049654041136753,8.476935470491867,0.028082333031989926,0.06199273854137677,-0.03391040550938684
1929.12,21.4,0.97,1.61,17.2,1929.9583333332798,3.315833333333333,415.4243895348837,18.829984011627907,8954.010096375201,31.253890988372092,673.6428156618726,22.00737317641834,,26.566024428345138,,0.00290000804849367,1.0049465353638702,8.56855610679927,0.02107085626475147,0.06116676798133791,-0.04009591171658644
1930.01,21.71,0.9708,1.557,17.1,1930.041666666613,3.29,423.9067938596491,18.955721578947365,9170.886331301746,30.40179078947368,657.718563695846,22.310724294336858,,26.898469896328518,,-0.00010822635497042404,1.002389584127794,8.661297151385986,0.019211684678503094,0.06109919115137408,-0.04188750647287098
1930.02,23.07,0.9717,1.503,17,1930.1249999999463,3.2941666666666665,453.11176323529406,19.08490248529412,9837.119839442717,29.520025147058817,640.8838803069962,23.69711774933589,,28.533590991681248,,-0.004368862214401088,1.0023931255535405,8.733064602817901,0.011135166996763202,0.05986310701888864,-0.04872794002212544
1930.03,23.94,0.9725,1.45,16.9,1930.2083333332796,3.2983333333333333,472.98144674556215,19.213636464497043,10303.254346137679,28.647581360946745,624.0484044235436,24.586607792668854,,29.568429499384266,,-0.007524372205196812,1.0023966669604922,8.805762525973588,0.006320524458623744,0.05938187845837839,-0.053061353999754646
1930.04,25.46,0.9733,1.397,17,1930.2916666666129,3.3024999999999998,500.05312058823523,19.116327661764704,10927.675681718929,27.43810720588235,599.6057709097149,25.84343686201832,,31.040920119317008,,-0.011914769695241939,1.0024002083486547,8.774944258986933,0.0018327063012248956,0.06014898142559799,-0.058316275124373096
1930.05,23.94,0.9742,1.343,16.9,1930.374999999946,3.3066666666666666,472.98144674556215,19.24722328402367,10371.128435095401,26.533587426035503,581.8055759537644,24.309760633908184,,29.174802108988985,,-0.011533983314308091,1.0024037497180343,8.848053325961994,-0.007229176556583172,0.059663488081115545,-0.06689266463769872
1930.06,21.52,0.975,1.29,16.8,1930.4583333332794,3.310833333333333,427.7003928571428,19.377689732142855,9413.652718192843,25.638174107142856,564.2942382188089,21.866899333389487,,26.23584668157191,,-0.008977438069471905,1.0024072910686364,8.92211541398067,-0.006693324612722873,0.05841884806504827,-0.06511217267777114
1930.07,21.06,0.9758,1.237,16.6,1930.5416666666126,3.3150000000000004,423.6009668674698,19.62724707831325,9359.424184198928,24.88102545180723,549.7439561184271,21.548797592546656,,25.853225798800068,,-0.009046264539737378,1.002410832400467,9.051347681799125,-0.0016231278533330729,0.058040156060954695,-0.05966328391428777
1930.08,20.79,0.9767,1.183,16.5,1930.6249999999459,3.319166666666667,420.7045499999999,19.76441240909091,9331.819193415466,23.939080454545454,531.0025062919913,21.30060224111816,,25.558473871970424,,-0.006757379401212953,1.0024143737135318,9.128157866870774,0.001292555437326648,0.05753436071056006,-0.056241805273233414
1930.09,20.78,0.9775,1.13,16.6,1930.7083333332791,3.3233333333333333,417.96904518072284,19.661440888554214,9307.48504865352,22.72882680722891,506.13369128866583,21.072581788447327,,25.29005155186122,,-0.004238740822291517,1.002417915007837,9.095074984703553,0.006225239071727229,0.05830489581456244,-0.05207965674283521
1930.1,17.92,0.9783,1.077,16.5,1930.7916666666124,3.3275,362.6274909090909,19.796789863636363,8111.856247328954,21.79407409090909,487.52618182886624,18.214870154658634,,21.881118207635726,,0.003063690708103771,1.0024214562833882,9.172321049085298,0.021641346294053898,0.057794849026483686,-0.03615350273242979
1930.11,16.62,0.9792,1.023,16.4,1930.8749999999457,3.3316666666666666,338.37154573170733,19.935825365853656,7606.421976931426,20.82756265243902,468.1931216847682,16.939711377775176,,20.377938385497806,,0.007052520682752958,1.0024249975401915,9.25059563951995,0.031128960962345964,0.057279103473887094,-0.02615014251154113
1930.12,15.51,0.98,0.97,16.1,1930.958333333279,3.3358333333333325,321.6566878881987,20.323891304347825,7268.752958873498,20.11650465838509,454.5899658354154,16.05500185653133,,19.349603578733856,,0.010454922060588331,1.002428538778252,9.44581765860459,0.03130755440285138,0.05470282140297855,-0.023395267000127173
1931.01,15.98,0.9667,0.94,15.9,1931.0416666666122,3.34,335.57246226415094,20.30024400943396,7621.448193682677,19.739556603773583,448.3204819813339,16.705478731547622,,20.16754087441771,,0.008806309954358008,1.0003975293854486,9.58786105714472,0.02717211210930448,0.05350778743929574,-0.02633567532999126
1931.02,17.2,0.9533,0.91,15.7,1931.1249999999454,3.3683333333333327,365.79305732484073,20.273867531847134,8346.183026172697,19.353004777070066,441.5713112684393,18.161492436976097,,21.95500716746244,,0.005634474734884647,1.000424322533243,9.713859424660553,0.011904383362798976,0.051901915980160584,-0.03999753261736161
1931.03,17.53,0.94,0.88,15.6,1931.2083333332787,3.3966666666666665,375.2009951923077,20.119163461538463,8599.095306864805,18.83496153846154,431.67164118887786,18.57956103279129,,22.489225916378572,,0.004019637285697021,1.0004511098145998,9.780275985599827,0.009358355226678938,0.05021636140899677,-0.04085800618231783
1931.04,15.86,0.9267,0.85,15.5,1931.291666666612,3.425,341.6474225806451,19.962463209677416,7868.219202290619,18.310233870967743,421.6889231996865,16.87231533160967,,20.459812584802652,,0.009631114351787089,1.0004778912419263,9.847814983209565,0.015031281808771002,0.04853613387295086,-0.03350485206417986
1931.05,14.33,0.9133,0.82,15.3,1931.3749999999452,3.453333333333333,312.7241519607843,19.930981715686272,7240.360846905892,17.894892156862742,414.3123443449288,15.401539999110119,,18.720726910122227,,0.015929703538700588,1.0005046668276012,9.981312294117865,0.021161915537703635,0.04617931208523385,-0.025017396547530213
1931.06,13.87,0.9,0.79,15.1,1931.4583333332785,3.4816666666666665,306.69463410596023,19.900877483443708,7139.158481741036,17.468548013245034,406.6283489960648,15.062476074643255,,18.355604584013694,,0.016369824995931717,1.0005314365839755,10.118619061544909,0.02461182939728057,0.04238777793117188,-0.017775948533891306
1931.07,14.33,0.8867,0.76,15.1,1931.5416666666117,3.51,316.8661937086093,19.606786738410598,7413.962895613725,16.805185430463577,393.2038939753267,15.516750095516326,,18.955242288187456,,0.013585027838757278,1.000558200523371,10.123996465893525,0.02643785914864938,0.042125786651003194,-0.015687927502353816
1931.08,13.9,0.8733,0.73,15.1,1931.624999999945,3.5383333333333336,307.3579966887417,19.31048478476821,7229.144131106703,16.141822847682118,379.6600874609995,15.006276602886548,,18.380525991208902,,0.015493991974094151,1.0005849586580824,10.129647686019393,0.027723308433181826,0.04045858069249464,-0.012735272259312813
1931.09,11.83,0.86,0.7,15,1931.7083333332782,3.566666666666667,263.329885,19.143169999999998,6231.1119538570565,15.581649999999998,368.70484934065416,12.817745261106888,,15.756886512834587,,0.02705331082436037,1.0006117110003754,10.203143598544234,0.04261361438062172,0.03812445419179089,0.004489160188830832
1931.1,10.25,0.8467,0.67,14.9,1931.7916666666115,3.595,229.69114932885904,18.97360937919463,5472.540611797363,15.013958053691276,357.71728877114475,11.145926407660932,,13.764337388796354,,0.037813566467066705,1.0006384575624876,10.277904335961615,0.05117042496034507,0.03581083605299673,0.015359588907348343
1931.11,10.39,0.8333,0.64,14.7,1931.8749999999447,3.6233333333333335,235.9961275510204,18.927389132653065,5660.340584261668,14.536816326530612,348.66390509407773,11.41560029564468,,14.160676478302927,,0.03464519086289502,1.0006651983566295,10.424391053843564,0.04259478303615705,0.033485331501043714,0.009109451535113333
1931.12,8.44,0.82,0.61,14.6,1931.958333333278,3.651666666666667,193.01730821917806,18.75286643835616,4666.980551142875,13.95030308219178,337.30546637407036,9.306032867968321,,11.61319908856785,,0.054115164894184095,1.0006919333949829,10.502772775488301,0.05580545834392292,0.031860940414411676,0.023944517929511244
1932.01,8.3,0.7933,0.5933,14.3,1932.0416666666113,3.68,193.79774475524474,18.522861555944054,4723.172929888863,13.85303638111888,337.62150594012803,9.312406455177848,,11.690735613244433,,0.05401698211852561,1.0056289406128645,10.730530344250981,0.05590821881018537,0.028153148068261746,0.027755070741923626
1932.02,8.23,0.7667,0.5767,14.1,1932.1249999999445,3.649166666666667,194.88902659574467,18.15570069148936,4786.64299606136,13.656440053191488,335.4139751918088,9.336932251008408,,11.788158853263369,,0.05265908011265315,1.0056069534178527,10.943994725598394,0.051181432415602135,0.02568111963983921,0.025500312775762923
1932.03,8.26,0.74,0.56,14,1932.2083333332778,3.6183333333333336,196.99657499999998,17.64860357142857,4874.528287314335,13.3557,330.47649405520923,9.413065028012216,,11.947423933156468,,0.05257143929266863,1.0055849736590832,11.08396688847455,0.042843570261301256,0.02329283054414777,0.019550739717153487
1932.04,6.28,0.7133,0.5433,13.9,1932.291666666611,3.5875000000000004,150.8521510791367,17.134210089928057,3768.051180337252,13.050632751798561,325.9844277511511,7.192233196115491,,9.194748213584605,,0.08497925765276117,1.0055630013536887,11.226056670660979,0.06561226104946116,0.02155549758352482,0.044056763465936344
1932.05,5.51,0.6867,0.5267,13.7,1932.3749999999443,3.5566666666666666,134.28815145985402,16.736056916058395,3389.145048364609,12.836582463503648,323.967821592312,6.390857289881446,,8.236318664933407,,0.10130033260620125,1.0055410365188449,11.453302965234942,0.07762117774999489,0.01845371154997366,0.059167466200021224
1932.06,4.77,0.66,0.51,13.6,1932.4583333332776,3.525833333333334,117.10788419117645,16.203606617647058,2989.630625594127,12.52096875,319.6460417301897,5.5650593715289665,,7.237633926294592,,0.12410976098602763,1.0055190791717696,11.601448239162194,0.09732776467230742,0.01734682547307531,0.0799809391992321
1932.07,5.01,0.6333,0.4933,13.6,1932.5416666666108,3.495,123.00010477941176,15.548097077205881,3173.129390040316,12.110968400735294,312.4360734744287,5.8387636718512015,,7.654884014145598,,0.1154099184175704,1.0054971293297246,11.665477550501317,0.09481471831784649,0.016366386145706846,0.07844833217213965
1932.08,7.53,0.6067,0.4767,13.5,1932.624999999944,3.464166666666667,186.23781666666667,15.005376277777778,4836.7806193486285,11.790115166666666,306.200972276692,8.834653205181214,,11.631377927995503,,0.05808985339692295,1.0054751870100134,11.816490146247121,0.04901987647437056,0.014643859788938451,0.03437601668543211
1932.09,8.26,0.58,0.46,13.4,1932.7083333332773,3.4333333333333336,205.8173171641791,14.45206343283582,5376.557513405984,11.461981343283583,299.4208784705512,9.761168564063711,,12.893505025072663,,0.046926287026324946,1.0054532522299842,11.969853218999802,0.03967912686817798,0.01353692220977143,0.026142204658406554
1932.1,7.12,0.5533,0.4433,13.3,1932.7916666666106,3.4025,178.7454586466165,13.89043009398496,4699.59870250346,11.128913176691729,292.60282371064386,8.478606607689084,,11.242814157261988,,0.06141159533027664,1.0054313250070273,12.125617530824751,0.060586935659509455,0.011208760058187384,0.04937817560132207
1932.11,7.05,0.5267,0.4267,13.2,1932.8749999999438,3.3716666666666666,178.32894886363638,13.32281664772727,4717.838208232021,10.793328011363638,285.54632105710687,8.4633095671229,,11.262911076993218,,0.06061268616557144,1.005409405358577,12.283835364943643,0.061795471835995874,0.009495915175874448,0.05229955666012143
1932.12,6.82,0.5,0.41,13.1,1932.958333333277,3.3408333333333338,173.8280038167939,12.74398854961832,4626.858078852331,10.450070610687021,278.15422468173836,8.257073999100685,,11.026422344303821,,0.06255143145346906,1.0053874933021107,12.444560583911183,0.06434206590433922,0.0077860255456307925,0.056556040358708426
1933.01,7.09,0.495,0.4125,12.9,1933.0416666666104,3.31,183.51145930232556,12.81215406976744,4913.025869422872,10.676795058139533,285.8424782985804,8.72804616281353,,11.691967993175695,,0.05540385057403729,1.0040962469810495,12.705583951645876,0.06466130799872527,0.0058956312347697715,0.0587656767639555
1933.02,6.25,0.49,0.415,12.7,1933.1249999999436,3.2941666666666674,164.3171751968504,12.882466535433071,4427.8916417593555,10.910660433070866,294.0120050128212,7.826051751316599,,10.523079525637069,,0.06724674762850746,1.0040840524872445,12.958536707401464,0.08251673619806033,0.0041137524297429895,0.07840298376831734
1933.03,6.23,0.485,0.4175,12.6,1933.2083333332769,3.2783333333333333,165.09129166666668,12.85221130952381,4477.612882136636,11.063501488095238,300.06474771942936,7.87468132294317,,10.626790503904568,,0.06584759037932625,1.0040718590262971,13.114725607436442,0.08366474044582217,0.001346936196712667,0.0823178042491095
1933.04,6.89,0.48,0.42,12.6,1933.2916666666101,3.2624999999999997,182.5808988095238,12.719714285714286,4980.715453163223,11.12975,303.614004401822,8.723101646068114,,11.805335595835263,,0.053078308378454626,1.0040596665994306,13.168126921278493,0.07493557165153186,-1.7958247594429544e-05,0.07495352989912629
1933.05,8.87,0.475,0.4225,12.6,1933.3749999999434,3.2466666666666666,235.0497202380952,12.58721726190476,6440.653031869206,11.195998511904762,306.7842058584825,11.249651251932447,,15.246808142532835,,0.027490163162586796,1.0040474752078703,13.22158512631787,0.051536946445796206,-0.000797329999828178,0.052334276445624384
1933.06,10.39,0.47,0.425,12.7,1933.4583333332766,3.2308333333333334,273.1608720472441,12.35665157480315,7513.161353277461,11.173567913385828,307.3237319675574,13.09887551726952,,17.765664123579917,,0.01529404546720984,1.0040352848528435,13.17057082444881,0.03769976604681591,-0.00021244585716229114,0.0379122119039782
1933.07,11.23,0.465,0.4275,13.1,1933.54166666661,3.215,286.2299828244275,11.851909351145038,7899.786200007101,10.896110209923663,300.7265004900298,13.754304493874537,,18.66129596476301,,0.013692183456504498,1.0040230955355782,12.81994018575421,0.035626183953910484,0.0032628797449480995,0.032363304208962385
1933.08,10.67,0.46,0.43,13.2,1933.6249999999432,3.1991666666666667,269.8964375,11.635647727272728,7475.750998285364,10.876801136363635,301.2720645981918,12.99952705036774,,17.646361139482373,,0.019380219800860868,1.0040109072573054,12.774004544807035,0.03712964795088958,0.004401284866152322,0.032728363084737255
1933.09,10.58,0.455,0.4325,13.2,1933.7083333332764,3.1833333333333336,267.6198977272727,11.509173295454547,7439.259711391204,10.940038352272728,304.1096243078163,12.92292061488599,,17.55045364052348,,0.01942653984521707,1.0039987200192555,12.825239892340653,0.039659400079868234,0.0036203071778433404,0.036039092902024894
1933.1,9.55,0.45,0.435,13.2,1933.7916666666097,3.1675000000000004,241.56616477272732,11.382698863636364,6741.38964867327,11.003275568181818,307.0685337353793,11.696253568143698,,15.896625559601672,,0.02713604235410371,1.0039865338226626,12.87652443584991,0.049427041432104746,0.003419398523857975,0.04600764290824677
1933.11,9.78,0.445,0.4375,13.2,1933.874999999943,3.151666666666667,247.38398863636363,11.25622443181818,6929.925022355623,11.066512784090909,310.00431465036655,12.011766193389938,,16.334983881493507,,0.025048616954833264,1.0039743486687611,12.927857136031767,0.042051162884508164,0.0032198175913822347,0.03883134529312593
1933.12,9.97,0.44,0.44,13.2,1933.9583333332762,3.1358333333333333,252.19001704545457,11.129750000000001,7090.536781564957,11.129750000000001,312.9223855454946,12.281801622601114,,16.709206885291184,,0.02337652587398356,1.0039621645587875,12.97923694783029,0.04149469763294644,0.0030215635146513264,0.038473134118295116
1934.01,10.54,0.4408,0.4442,13.2,1934.0416666666094,3.12,266.60810227272725,11.149985909090908,7522.037786239129,11.235988522727272,317.0103590747079,13.02511982833238,,17.72357732468964,,0.01888830546946972,1.0049460002047168,13.030662820465087,0.03909674809213248,0.002824635433106293,0.03627211265902619
1934.02,11.32,0.4417,0.4483,13.3,1934.1249999999427,3.0925,284.1851954887218,11.088745657894735,8044.026384772622,11.254436672932329,318.5633417220465,13.926922904274294,,18.94940244124684,,0.015491638140697567,1.0049261411367563,12.996652989101028,0.03189902862455707,0.0033744785010205725,0.028524550123536496
1934.03,10.74,0.4425,0.4525,13.3,1934.208333333276,3.065,269.62446992481205,11.108829417293233,7658.080110017355,11.359876409774435,322.6518854546418,13.254537629740089,,18.03649356197154,,0.019977583686114575,1.0049062875674284,13.060676336030784,0.04029976471534824,0.0031684800054778695,0.03713128470987037
1934.04,10.92,0.4433,0.4567,13.3,1934.2916666666092,3.0375000000000005,274.14331578947366,11.128913176691729,7812.768812301712,11.465316146616539,326.7483073789553,13.518389284490091,,18.396276947912707,,0.019352156359813792,1.0048864395080688,13.124755769960458,0.03626321252539322,0.002389175467176319,0.0338740370582169
1934.05,9.81,0.4442,0.4608,13.3,1934.3749999999425,3.0100000000000002,246.27709962406013,11.151507406015035,7045.097500691255,11.568245413533834,330.9256807664149,12.181583235024025,,16.583942576102277,,0.027744981955740003,1.0048665969700379,13.188889095088546,0.04932316947008686,0.0021858826627716432,0.047137286807315215
1934.06,9.94,0.445,0.465,13.4,1934.4583333332757,2.9825,247.6784664179104,11.08822108208955,7111.618365229449,11.586568097014924,332.6863722164682,12.287726483952426,,16.73447898214168,,0.02804204524269345,1.0048467599647228,13.154170564716297,0.05300968567713449,0.002163518598120362,0.050846167079014126
1934.07,9.47,0.4458,0.4692,13.4,1934.541666666609,2.955,235.9673115671642,11.108154962686564,6801.933857242572,11.691220970149253,337.0081695689772,11.741524229318244,,15.999498232451348,,0.03153029135162574,1.0048269285035347,13.2179256719785,0.0602604038954877,0.0013952474012906002,0.0588651564941971
1934.08,9.1,0.4467,0.4733,13.4,1934.6249999999422,2.9275,226.74789179104474,11.130580578358208,6562.9144761080515,11.793382108208954,341.3436726969166,11.315025981829047,,15.429440235825348,,0.03558808145589271,1.0048071025979108,13.281727654162175,0.06293372843797118,0.0011959038505688913,0.06173782458740229
1934.09,8.88,0.4475,0.4775,13.6,1934.7083333332755,2.9000000000000004,218.0121617647059,10.986536305147059,6336.569670295044,11.72306387867647,340.7333353114733,10.909954083288843,,14.889060036884642,,0.040018781641811475,1.0047872822593136,13.14931583635452,0.06535910785491295,0.0024819339375721228,0.06287717391734082
1934.1,8.95,0.4483,0.4817,13.5,1934.7916666666088,2.8724999999999996,221.3583611111111,11.087704277777776,6460.683202724378,11.913779055555555,347.721910475121,11.10835260535173,,15.17197463603116,,0.03736637727212226,1.0047674674992313,13.310133954800603,0.0663216186556026,0.0015454486364046005,0.064776170019198
1934.11,9.2,0.4492,0.4858,13.5,1934.874999999942,2.8449999999999998,227.54155555555553,11.109963777777777,6668.170991391388,12.015183444444444,352.108420393254,11.448808690205704,,15.647600135571409,,0.03496436017184485,1.0047476583291777,13.37358958584053,0.0626539558495991,0.0013498189515908088,0.06130413689800829
1934.12,9.26,0.45,0.49,13.4,1934.9583333332753,2.8175,230.73466791044774,11.212807835820895,6789.128951964871,12.209501865671642,359.2519639808625,11.63933756647589,,15.918287827037348,,0.03251888039989977,1.004727854760692,13.53735955729016,0.06287266206597542,-0.0001520609469868317,0.06302472301296225
1935.01,9.26,0.45,0.57,13.6,1935.0416666666085,2.79,227.34151102941175,11.047913602941176,6716.378272884413,13.994023897058822,413.42717230498005,11.495907968201598,,15.731975583272817,,0.035311025162538555,1.0033352317261985,13.401342194368524,0.06756774959312328,0.0011372253044716896,0.0664305242886516
1935.02,8.98,0.45,0.65,13.7,1935.1249999999418,2.7783333333333333,218.85800364963507,10.96727189781022,6492.7495911305095,15.84161496350365,469.9651708502039,11.087812159055568,,15.17997313931075,,0.03991129006012651,1.0033260709525895,13.34789250759066,0.07512445941483348,0.0018674549898307635,0.07325700442500271
1935.03,8.41,0.45,0.73,13.7,1935.208333333275,2.7666666666666666,204.96612591240878,10.96727189781022,6107.739662703227,17.791352189781023,530.1605176900541,10.398272404790033,,14.24112074864101,,0.04544215282497625,1.0033169106083266,13.392288545138442,0.08205899020700858,0.0018637406386492472,0.08019524956835933
1935.04,9.04,0.446667,0.756667,13.8,1935.2916666666083,2.755,218.7237826086956,10.807156615760869,6544.537662030292,18.30764031141304,547.7915574242783,11.104210207149519,,15.203114450417107,,0.040722612186610906,1.0033077506937862,13.339342108438048,0.07768844316916934,0.002588681703337592,0.07509976146583175
1935.05,9.75,0.443333,0.783333,13.8,1935.3749999999416,2.743333333333333,235.90230978260865,10.726490123369564,7085.290523348684,18.9528270798913,569.2453211821841,11.985576683480094,,16.397052898465702,,0.03365004319948616,1.0032985912093437,13.383465326551885,0.07293273867313022,0.002022971969042109,0.0709097667040881
1935.06,10.12,0.44,0.81,13.7,1935.4583333332748,2.731666666666667,246.64175912408757,10.723554744525549,7434.688304949267,19.741089416058394,595.0689255937655,12.539519324443889,,17.136505102037557,,0.02824791923225721,1.0032894321553765,13.525623673377721,0.06890510253711257,0.0001781255406505533,0.06872697699646202
1935.07,10.65,0.44,0.793333,13.7,1935.541666666608,2.72,259.55876824817517,10.723554744525549,7850.991668533382,19.33488603667883,584.8310585326378,13.202137936511006,,18.016989509797174,,0.02325375540417303,1.0032802735322615,13.570115294810451,0.06128293189719747,0.00017346680865371056,0.06110946508854376
1935.08,11.37,0.44,0.776667,13.7,1935.6249999999413,2.708333333333333,277.1064032846715,10.723554744525549,8408.792954529335,18.928707029014596,574.391556518508,14.105056846668951,,19.219226540421463,,0.018521673753049445,1.003271115340376,13.614628984841755,0.05476787870681288,0.00016857055472474514,0.05459930815208813
1935.09,11.61,0.44,0.76,13.7,1935.7083333332746,2.6966666666666668,282.95561496350365,10.723554744525549,8613.404451224127,18.522503649635038,563.8404291929662,14.418891702707432,,19.615521489913746,,0.017095239052496825,1.0032619575800976,13.659164006567597,0.05955795284923182,0.00016343682892983047,0.05939451602030199
1935.1,11.92,0.45,0.76,13.7,1935.7916666666079,2.685,290.51084671532846,10.96727189781022,8871.213068519595,18.522503649635038,565.6142560465514,14.826232627114088,,20.137764924493,,0.015306465382436352,1.0032528002518044,13.703719620136617,0.06111217938451885,0.00015806568157428202,0.06095411370294457
1935.11,13.04,0.46,0.76,13.8,1935.874999999941,2.6733333333333333,315.5042173913043,11.12975,9662.747651379806,18.38828260869565,563.1662741601729,16.12960516325114,,21.86806017074908,,0.009044033083028327,1.0032436433558753,13.648669756080931,0.055815546898600576,0.0008801085441312306,0.054935438354469346
1935.12,13.04,0.47,0.76,13.8,1935.9583333332744,2.6616666666666666,315.5042173913043,11.37170108695652,9691.770474719202,18.38828260869565,564.8577884038799,16.159192714615326,,21.869913075541863,,0.009589829641508826,1.0032344868926886,13.69294117305178,0.057034186856732116,0.00032296307136503444,0.05671122378536708
1936.01,13.76,0.48,0.77,13.8,1936.0416666666076,2.65,332.92469565217385,11.613652173913042,10256.62826312308,18.630233695652173,573.9537618172074,17.087359845997245,,23.08229070469261,,0.0063450083552025124,1.0019905526047752,13.737230811798373,0.05549989226809093,0.0003168788909402309,0.0551830133771507
1936.02,14.55,0.49,0.78,13.8,1936.1249999999409,2.6525,352.0388315217391,11.855603260869565,10875.926856772167,18.872184782608695,583.0393778888172,18.10453645951779,,24.406816425328504,,0.0030319918323534548,1.0019926619203892,13.764575492373197,0.05052476140234874,0.0008071457231515478,0.04971761567919719
1936.03,14.86,0.5,0.79,13.7,1936.2083333332741,2.6550000000000002,362.1636897810219,12.185857664233577,11220.097958748833,19.253655109489053,596.4924217639017,18.66047820392602,,25.104585822781512,,0.0011986641291621969,1.0019947712317432,13.892675197207225,0.04327438101265235,-0.0010795426547715037,0.044353923667423856
1936.04,14.88,0.516667,0.82,13.7,1936.2916666666074,2.6574999999999998,362.65112408759126,12.592061043613137,11267.708310151662,19.984806569343064,620.9355385970673,18.718999665151493,,25.13235182642463,,0.0004605313200986075,1.0019968805388375,13.920387906022567,0.049113882159924405,-0.0016842079616904426,0.05079809012161485
1936.05,14.09,0.533333,0.85,13.7,1936.3749999999407,2.66,343.3974689781022,12.99824005127737,10703.144947113693,20.715958029197083,645.6829811956451,17.75019251932864,,23.78763740930131,,0.003896886535635802,1.0019989898416737,13.948185257725171,0.05449388161950286,-0.0022853445081115753,0.056779226127614435
1936.06,14.69,0.55,0.88,13.8,1936.458333333274,2.6625,355.4261467391304,13.307309782608694,11112.623369125566,21.291695652173914,665.6983366120149,18.39300106583134,,24.60018864260261,,0.0031610941699746764,1.0020010991402517,13.874791686637861,0.04905732523340478,-0.002692441050966332,0.05174976628437111
1936.07,15.56,0.57,0.9,13.9,1936.5416666666072,2.665,373.7674316546762,13.691994604316545,11721.749320117226,21.618938848920862,677.9932126031815,19.360464512319133,,25.838977130610214,,0.002233642935978754,1.002003208434573,13.802538128120407,0.034854338574694,-0.00771982943865801,0.04257416801335201
1936.08,15.87,0.59,0.92,14,1936.6249999999404,2.6675000000000004,378.4909982142857,14.071183928571427,11906.659413424883,21.941507142857144,690.2411254159354,19.623060162983755,,26.13339080364112,,0.0027788018202817844,1.002005317724638,13.731400435424906,0.029486460079607424,-0.009051462469449323,0.03853792254905675
1936.09,16.05,0.61,0.94,14,1936.7083333332737,2.67,382.78390178571425,14.548173214285713,12079.844913189569,22.418496428571427,707.4800136073642,19.862024243287628,,26.39571021198165,,0.001580104129227107,1.0020074270104475,13.758936256102166,0.011119267030271995,-0.010086155877858771,0.021205422908130767
1936.1,16.89,0.646667,0.966667,14,1936.791666666607,2.6725000000000003,402.81745178571424,15.422661521249998,12752.619958856383,23.054490092678574,729.8719288198831,20.913091852533118,,27.73333727400837,,-0.0015323636777370767,1.0020095362920027,13.78655631637769,0.0018118004661056286,-0.012065044998046281,0.01387684546415191
1936.11,17.36,0.683333,0.993333,14,1936.8749999999402,2.675,414.02669999999995,16.29712597875,13150.48389522058,23.69045990732143,752.4659918831305,21.49976534102416,,28.451474941810396,,-0.0034157639075073076,1.0020116455693042,13.814260901637189,-0.003640204485496401,-0.014467184715541426,0.010826980230045025
1936.12,17.06,0.72,1.02,14,1936.9583333332735,2.6774999999999998,406.8718607142856,17.171614285714284,12968.67997040186,24.32645357142857,775.3841482889742,21.12566354815544,,27.902761077390355,,-0.002617108202557873,1.0020137548423524,13.842050298373179,0.00015225947387853545,-0.01544572474978212,0.015597984223660655
1937.01,17.59,0.73,1.05,14.1,1937.0416666666067,2.68,416.5368138297872,17.286632978723404,13322.658127562383,24.86433510638298,795.2695300705233,21.618741582953508,,28.49563792663865,,-0.0019147817965586567,1.0031037291014482,13.771556533237916,-0.0016219133904044059,-0.014802451668775474,0.013180538278371068
1937.02,18.11,0.74,1.08,14.1,1937.12499999994,2.67,428.85057978723404,17.523436170212765,13763.212200569706,25.574744680851065,820.7768733636268,22.24422155280516,,29.256928436697695,,-0.002554466582997496,1.003095811177983,13.814299714022365,-0.0006933345052346773,-0.015061434916469607,0.01436810041123493
1937.03,18.09,0.75,1.11,14.2,1937.2083333332732,2.66,425.36023415492957,17.63516725352113,13698.359802532514,26.10004753521127,840.5295401222274,22.042197016050576,,28.928361986280784,,-0.0007852409874235383,1.0030878935270666,13.759481204412108,-0.00578777513764861,-0.016436775195656006,0.010649000058007396
1937.04,17.01,0.78,1.13,14.3,1937.2916666666065,2.6500000000000004,397.16863111888114,18.21231818181818,12839.349520930878,26.38451223776223,852.9373873399111,20.556579457432868,,26.92894686820966,,0.0032817335242658896,1.0030799761489029,13.705451751503347,-0.0026710585636945394,-0.016000686562638533,0.013329627998943994
1937.05,16.25,0.81,1.15,14.4,1937.3749999999397,2.64,376.7884114583333,18.781453125,12231.110078431768,26.665026041666664,865.5862517044019,19.474174686572113,,25.47260246691418,,0.006203796510338193,1.0030720590436968,13.652194325618973,0.0008149910266523896,-0.015567038605830974,0.016382029632483364
1937.06,15.64,0.84,1.17,14.4,1937.458333333273,2.63,362.6443541666667,19.4770625,11824.660881979267,27.128765624999996,884.5814086902648,18.71165996036497,,24.446563497204846,,0.007275546932276514,1.0030641422116537,13.694134672663296,0.007620720744647258,-0.016265375639800128,0.023886096384447386
1937.07,16.57,0.816667,1.18667,14.5,1937.5416666666063,2.62,381.5585327586207,18.80544733086207,12492.489885005349,27.32553192931034,894.6567876788953,19.646723279607635,,25.628756089453557,,0.007198237782659912,1.003056225652979,13.641363756015766,0.007706732972186048,-0.016722484634776547,0.024429217606962594
1937.08,16.74,0.793333,1.20333,14.5,1937.6249999999395,2.6100000000000003,385.47313448275855,18.268133703620688,12670.49925858889,27.70916289827586,910.79999240369,19.806982577380968,,25.793551964451087,,0.007456142262218066,1.0030483093678773,13.683054841868518,0.003359865816855212,-0.018286541991184957,0.02164640780804017
1937.09,14.37,0.77,1.22,14.6,1937.7083333332728,2.6,328.63254965753424,17.60939897260274,10850.384697881595,27.90060616438356,921.1878449140951,16.847882862705816,,21.91340053366968,,0.016529295513579886,1.0030403933565546,13.630759786219205,0.014584059864123367,-0.020010888104683655,0.03459494796880702
1937.1,12.28,0.78,1.19,14.6,1937.791666666606,2.59,280.8356095890411,17.838092465753427,9321.363889725002,27.214525684931505,903.2917775873575,14.361659574753363,,18.67277487158366,,0.026337983197570573,1.0030324776192163,13.672202657718017,0.03319787214831327,-0.020251145661065006,0.053449017809378274
1937.11,11.2,0.79,1.16,14.5,1937.8749999999393,2.58,257.9031724137931,18.19138448275862,8610.51784514493,26.711399999999998,891.8036339614392,13.158119166486069,,17.11371804346068,,0.03269786862229941,1.0030245621560687,13.80824029460213,0.04022158911946372,-0.021586717669969002,0.06180830678943272
1937.12,11.02,0.8,1.13,14.4,1937.9583333332725,2.57,255.52051041666664,18.54958333333333,8582.577796746953,26.20128645833333,880.0646924069016,13.008483033706138,,16.92880600119706,,0.03299238138244401,1.0030166469673172,13.946184760192136,0.03805512879959627,-0.02375946205406332,0.06181459085365959
1938.01,11.31,0.793333,1.07667,14.2,1938.0416666666058,2.56,265.9383221830986,18.6540801903169,8984.711286258453,25.316340702464792,855.3111494762059,13.511461918562414,,17.591202047422126,,0.028858466812653638,1.0035927963643612,14.185273158917358,0.031103047120271787,-0.026597243407654902,0.05770029052792669
1938.02,11.04,0.786667,1.02333,14.1,1938.124999999939,2.5433333333333334,261.43072340425533,18.62852562393617,8884.869288926433,24.23278099468085,823.5646095504608,13.263076236460867,,17.278131157697942,,0.030858458141780898,1.0035800712783167,14.337204183393803,0.028442462730988938,-0.026518995026350467,0.054961457757339405
1938.03,10.31,0.78,0.97,14.1,1938.2083333332723,2.5266666666666664,244.1440904255319,18.470648936170214,8349.684680490194,22.969909574468083,785.5668419083888,12.377286234697683,,16.140609995378334,,0.036420989784192115,1.003567347466768,14.388532396302134,0.03726465851191341,-0.0261621543400955,0.06342681285200891
1938.04,9.89,0.766667,0.903333,14.2,1938.2916666666056,2.51,232.54907218309862,18.02706769700704,8004.513985894856,21.2405713875,731.1164441274375,11.789517720684183,,15.393610143198424,,0.04130907317683165,1.0035546249313114,14.338172126876191,0.048104893599344,-0.027181975581121565,0.07528686918046557
1938.05,9.98,0.753333,0.836667,14.1,1938.3749999999388,2.493333333333333,236.329585106383,17.83916586542553,8185.811876678522,19.81254158138298,686.252371285069,11.99227593054569,,15.6778212703159,,0.03877639074427319,1.0035419036735465,14.49118958184589,0.05076408263158316,-0.028334194709689453,0.07909827734127262
1938.06,10.21,0.74,0.77,14.1,1938.458333333272,2.4766666666666666,241.7760585106383,17.523436170212765,8425.043185699687,18.23384574468085,635.3852353563917,12.288966307788128,,16.083606052598867,,0.03750164444043317,1.003529183695074,14.542515979459887,0.051574684693841855,-0.029200565630217,0.08077525032405886
1938.07,12.24,0.713333,0.72,14.1,1938.5416666666054,2.46,289.8471063829787,16.891953099468083,10149.201799268321,17.049829787234042,597.0118705451954,14.770328017492066,,19.332142114203567,,0.023997805336053377,1.0035164649974975,14.593839189739949,0.028868789327310074,-0.030457331358398787,0.05932612068570886
1938.08,12.31,0.686667,0.67,14.1,1938.6249999999386,2.4433333333333334,291.50472872340424,16.260493709042553,10254.692345723137,15.865813829787236,558.1351642270107,14.903588512604365,,19.505140465262315,,0.02355910264939684,1.0035037475824222,14.645157914429776,0.024802991904072202,-0.030909865462287356,0.05571285736635956
1938.09,11.75,0.66,0.62,14.1,1938.7083333332719,2.4266666666666667,278.24375,15.629010638297872,9834.00837865651,14.681797872340425,518.9008676397478,14.28233050863997,,18.692886470097655,,0.025504494672704117,1.0034910314514565,14.696470851066652,0.028408621378166687,-0.03096553203422925,0.059374153412395936
1938.1,13.06,0.61,0.626667,14,1938.7916666666051,2.4099999999999997,311.47400357142857,14.548173214285713,11051.318130100206,14.945672235535712,530.2830305233924,16.06114764333344,,21.00776068533958,,0.017787274932387652,1.0034783166062096,14.853117955126233,0.020099522250725865,-0.03131410402448809,0.05141362627521395
1938.11,13.07,0.56,0.633333,14,1938.8749999999384,2.393333333333333,311.71249821428574,13.3557,11099.269229694823,15.104652764464287,537.8372975554943,16.149571800715513,,21.100739467650822,,0.01761303662031906,1.0034656030482938,14.904781801963539,0.015179610781114627,-0.03057138038039353,0.04575099116150816
1938.12,12.69,0.51,0.64,14,1938.9583333332716,2.3766666666666665,302.6497017857142,12.163226785714285,10812.658413702316,15.263657142857141,545.3192580590609,15.756484438994008,,20.558601794186632,,0.019895869007101573,1.0034528907793234,14.956435859210577,0.01811058708591262,-0.030224374065182524,0.048334961151095146
1939.01,12.5,0.513333,0.663333,14,1939.041666666605,2.36,298.11830357142856,12.242717050178571,10687.216025983902,15.820136693035712,567.1346454531184,15.599634410919288,,20.324966524351193,,0.020700668161540856,1.0030715805683288,15.008078798680387,0.021381882689988085,-0.02987516925474043,0.051257051944728516
1939.02,12.4,0.516667,0.686667,13.9,1939.1249999999382,2.3474999999999997,297.86093525179854,12.41088030917266,10715.066029316366,16.494457647302156,593.3614713832726,15.664696928954774,,20.37879531680514,,0.019857014083435112,1.003061826930466,15.162480755856766,0.018527802313304642,-0.02987687810634021,0.04840468041964485
1939.03,12.39,0.52,0.71,13.9,1939.2083333332714,2.335,297.6207248201439,12.490942446043166,10743.869970255388,17.054940647482013,615.6697077386057,15.72922374321423,,20.428999210181136,,0.020294782447704857,1.0030520738380837,15.208905647767722,0.019772370842840337,-0.029993960539809184,0.04976633138264952
1939.04,10.83,0.523333,0.726667,13.8,1939.2916666666047,2.3225,262.033027173913,12.66209881902174,9497.273536698656,17.581787050543475,637.244253840462,13.91699457981241,,18.05203776064043,,0.028569036467798153,1.0030423212916948,15.365870179430152,0.03242806109918028,-0.031216334501771414,0.0636443956009517
1939.05,11.23,0.526667,0.743333,13.8,1939.374999999938,2.31,271.71107065217393,12.742765311413043,9886.538029911231,17.985022732065218,654.4069433114876,14.502929499657785,,18.782552949801342,,0.025213062237963615,1.0030325692918127,15.41261809344245,0.028539893194470922,-0.03092500054130587,0.05946489373577679
1939.06,11.43,0.53,0.76,13.8,1939.4583333332712,2.2975000000000003,276.5500923913043,12.82340760869565,10101.494667100602,18.38828260869565,671.6654371825423,14.833828921489793,,19.17798664484765,,0.0232257148276565,1.0030228178389522,15.459357925779061,0.020752726070569327,-0.03144511621502333,0.052197842285592655
1939.07,11.71,0.54,0.776667,13.8,1939.5416666666044,2.285,283.32472282608694,13.065358695652174,10388.720018527347,18.791542485326083,689.0329641869835,15.270952598570267,,19.706503149702854,,0.020283560367290794,1.0030130669336272,15.506088748695856,0.024962247495403433,-0.0307438097296876,0.05570605722509103
1939.08,11.54,0.55,0.793333,13.8,1939.6249999999377,2.2725,279.21155434782605,13.307309782608694,10278.563508225569,19.194778166847822,706.6138322072023,15.120082343333998,,19.47632269488879,,0.021061966700567106,1.0030033165763537,15.55280963197444,0.029826313231360313,-0.03126371444582321,0.06109002767718352
1939.09,12.77,0.56,0.81,14.1,1939.708333333271,2.26,302.39767553191484,13.260978723404257,11172.791079439114,19.181058510638298,708.6891757514239,16.452835577060974,,21.145000339724778,,0.017934373511527386,1.0029935667676464,15.267614969696748,0.022741005106948542,-0.02969610919625154,0.05243711430320008
1939.1,12.9,0.58,0.84,14,1939.7916666666042,2.2475,307.65808928571425,13.832689285714284,11409.73949300715,20.033549999999998,742.9597809400005,16.821204806265644,,21.56969282096798,,0.01603126167156034,1.0029838175080226,15.422700448737618,0.02463749491137701,-0.029681368728167845,0.054318863639544857
1939.11,12.67,0.6,0.87,14,1939.8749999999375,2.2350000000000003,302.17271249999993,14.309678571428572,11250.533825662862,20.74903392857143,772.5307362530933,16.599238509946648,,21.237270183870653,,0.016951215255656592,1.0029740687979982,15.46871897235755,0.027644050803828035,-0.030198812680253595,0.05784286348408163
1939.12,12.37,0.62,0.9,14,1939.9583333332707,2.2225,295.0178732142857,14.786667857142858,11030.022178724721,21.464517857142855,802.5076767059214,16.280412901283846,,20.7840151299076,,0.018823727111642034,1.0029643206380907,15.514724006798241,0.03385970447103115,-0.02948810779112232,0.06334781226215347
1940.01,12.3,0.623333,0.93,13.9,1940.041666666604,2.21,295.45883093525174,14.973108899460431,11093.159315162095,22.339570143884888,838.7510701707926,16.37848034261367,,20.860773184593874,,0.018449926158429525,1.0037715554144664,15.672662210584335,0.03640069618915631,-0.029878658206996644,0.06627935439615296
1940.02,12.22,0.626667,0.96,14,1940.1249999999372,2.1883333333333335,291.4404535714286,14.945672235535712,10989.049130821986,22.895485714285712,863.2968220613017,16.216119847731058,,20.60653362319491,,0.020555367211535183,1.0037555134840215,15.619402720856597,0.039971189749723024,-0.029539517735034382,0.0695107074847574
1940.03,12.15,0.63,0.99,14,1940.2083333332705,2.166666666666667,289.77099107142857,15.025162499999999,10973.311949169827,23.61096964285714,894.1217143768007,16.172906305307908,,20.505754657089806,,0.021515605176069597,1.0037394744304893,15.678061598387135,0.0411046034255218,-0.030304361536501623,0.07140896496202342
1940.04,12.27,0.636667,1.00667,14,1940.2916666666038,2.145,292.63292678571423,15.184166878392857,11129.607661142023,24.008540212499998,913.108569212864,16.370988707128785,,20.710720299995632,,0.02040533302472749,1.0037234382585667,15.73668930885394,0.0431059313744111,-0.030653668957569047,0.07375960033198015
1940.05,10.58,0.643333,1.02333,14,1940.374999999937,2.1233333333333335,252.32733214285713,15.343147407321428,9645.307202825707,24.4058722875,932.9236502710426,14.138747694800728,,17.861798289357655,,0.0308447546487374,1.0037074049729597,15.795283899889702,0.061770599522881,-0.03140908192693814,0.09317968144981914
1940.06,9.67,0.65,1.04,14.1,1940.4583333332703,2.1016666666666666,228.98868617021273,15.392207446808511,8802.209756671136,24.627531914893616,946.6699221238865,12.843765598268805,,16.21264775114824,,0.0394743005712911,1.0036913745783809,15.741404808196632,0.07337695693526047,-0.031469676625855425,0.1048466335611159
1940.07,9.99,0.656667,1.05333,14,1940.5416666666035,2.08,238.2561482142857,15.661156164107142,9208.613575913898,25.12135621607143,970.9418356273661,13.369884763210054,,16.862230313337157,,0.03710469109993486,1.0036753470795532,15.912365888517423,0.059825000658282335,-0.03370837290542916,0.0935333735637115
1940.08,10.2,0.663333,1.06667,14,1940.6249999999368,2.0583333333333336,243.2645357142857,15.820136693035712,9453.142133475249,25.43950806964286,988.566972501377,13.649399392391636,,17.199450235230618,,0.03638389967306204,1.0036593224812065,15.970849356014567,0.0630079979701772,-0.034840854558174206,0.0978488525283514
1940.09,10.63,0.67,1.08,14,1940.70833333327,2.0366666666666666,253.51980535714284,15.979141071428572,9903.402089669373,25.75742142857143,1006.1781991385628,14.214842598620637,,17.89452729562805,,0.033092066814589156,1.0036433007880792,16.029291844106993,0.061925878084512886,-0.0355677191860454,0.09749359727055829
1940.1,10.73,0.67,1.07,14,1940.7916666666033,2.015,255.9047517857143,15.979141071428572,10048.583666242608,25.518926785714285,1002.048883772562,14.328290323104957,,18.02116744041566,,0.03334593345226504,1.0036272820049184,16.08769137571498,0.06443612995041215,-0.03668150183557217,0.10111763178598432
1940.11,10.98,0.67,1.06,14,1940.8749999999366,1.9933333333333334,261.8671178571429,15.979141071428572,10334.994834735235,25.28043214285714,997.7317417868256,14.636689248763613,,18.39338133016444,,0.032690244174055805,1.0036112661364796,16.14604596914279,0.061437338019165066,-0.03739540388716489,0.09883274190632996
1940.12,10.53,0.67,1.05,14.1,1940.9583333332698,1.9716666666666665,249.35376063829787,15.865813829787236,9893.316407001465,24.86433510638298,986.5130320371832,13.90842612235384,,17.470115111948232,,0.03900533222390959,1.0035952531875263,16.08942914430133,0.06502516778789613,-0.038191801895766986,0.10321696968366312
1941.01,10.55,0.673333,1.05333,14.1,1941.041666666603,1.95,249.82736702127661,15.944740333510637,9964.825526611754,24.94319056914894,994.9051821749724,13.904158267950834,,17.459724031152362,,0.04047838438753473,0.9978035430605655,16.14727471571786,0.07079913927299653,-0.04003285245580568,0.1108319917288022
1941.02,9.89,0.676667,1.05667,14.1,1941.1249999999363,1.9925,234.19835638297872,16.02369051755319,9394.694803261442,25.02228283510638,1003.7504709567509,13.002943303402448,,16.330448496085065,,0.0462896330682669,0.9978467915278134,16.111807922115567,0.08041742736134294,-0.040820039230184846,0.12123746659152779
1941.03,9.95,0.68,1.06,14.2,1941.2083333332696,2.035,233.95988556338025,15.989218309859154,9438.578366050282,24.92436971830986,1005.5168912576181,12.955719822063326,,16.274201363786208,,0.04747715933885121,0.9978900180657854,15.963896715156022,0.07829477129635976,-0.04017845807873954,0.1184732293750993
1941.04,9.64,0.683333,1.07,14.3,1941.2916666666029,2.0775,225.0855734265734,15.955228230944055,9134.204244922355,24.983564685314683,1013.8587699239544,12.429370389220782,,15.620596350743039,,0.051653928535461094,0.9979332227445837,15.81881308930914,0.08390673754652633,-0.039171540119704584,0.12307827766623092
1941.05,9.43,0.686667,1.08,14.4,1941.374999999936,2.12,218.65321354166664,15.921733423437498,8927.015820965502,25.0419375,1022.3941767383608,12.037206512481575,,15.138524744744716,,0.055831630874339885,0.9979764056340686,15.676493298943138,0.08666245050980836,-0.03854367547521487,0.12520612598502323
1941.06,9.76,0.69,1.09,14.7,1941.4583333332694,2.1625,221.68644897959183,15.672505102040816,9104.176716670165,24.758015306122452,1016.7574406936969,12.164306590628442,,15.307415379169958,,0.057901603030118695,0.9980195668038597,15.325489406131432,0.08328639154804907,-0.036231839601446825,0.11951823114949589
1941.07,10.26,0.693333,1.12333,14.7,1941.5416666666026,2.205,233.04333673469387,15.748210115816326,9624.47458599667,25.51506544387755,1053.748639053376,12.744996277919578,,16.0450594609343,,0.05373104057833637,0.9980627063233352,15.295138298164433,0.07979991462202807,-0.03590779250311171,0.11570770712513978
1941.08,10.21,0.696667,1.15667,14.9,1941.6249999999359,2.2474999999999996,228.7947936241611,15.611535993120805,9502.74218073757,25.9196938238255,1076.5462094215204,12.463173720387806,,15.698062133844468,,0.056428920036089306,0.9981058242616352,15.060600987570371,0.08642205321964158,-0.0342828740708816,0.12070492729052318
1941.09,10.24,0.7,1.19,15.1,1941.7083333332691,2.29,226.42776158940396,15.478460264900662,9458.003500746832,26.313382450331126,1099.1234537000714,12.279729272093077,,15.47568980671912,,0.05919969516273364,0.9981489206876621,14.832973250487443,0.08945258461030003,-0.03341986732975255,0.12287245194005258
1941.1,9.83,0.703333,1.18,15.3,1941.7916666666024,2.3325,214.52047549019605,15.348863640686274,9014.057556421874,25.7511862745098,1082.0537046366035,11.577814956574075,,14.603833689036154,,0.06569975715858947,0.9981919956700795,14.611980080555643,0.094301130073988,-0.03220217209398457,0.12650330216797256
1941.11,9.37,0.706667,1.17,15.4,1941.8749999999357,2.3750000000000004,203.15407305194802,15.321481253084414,8590.096411961176,25.36715746753246,1072.6160941296237,10.911668685916963,,13.78218727985389,,0.07255785021929936,0.9982350492773152,14.490850118617512,0.09623377272634293,-0.03199591601327467,0.1282296887396176
1941.12,8.76,0.71,1.16,15.5,1941.958333333269,2.4175,188.70311612903225,15.29443064516129,8032.949191814938,24.988083870967742,1063.7238655828,10.086593309917905,,12.764729919112968,,0.08096627743906741,0.9982780815775614,14.371950130730095,0.10710076168999527,-0.03142680257293928,0.13852756426293455
1942.01,8.93,0.703333,1.12,15.7,1942.0416666666022,2.46,189.91465127388534,14.957809789968152,8137.585217474625,23.819082802547772,1020.6153912174224,10.101686431929252,,12.807799723300166,,0.08377724425041956,1.0019767381834872,14.164435890319817,0.10983771849347512,-0.02987863079422126,0.13971634928769638
1942.02,8.65,0.696667,1.08,15.8,1942.1249999999354,2.4608333333333334,182.79557753164556,14.722271284651898,7885.111676539946,22.82303164556962,984.4994925622129,9.680255591749363,,12.300243464664577,,0.09014327718468033,1.001977435551568,14.102609731898148,0.11269306381535271,-0.028607319473923032,0.14130038328927574
1942.03,8.18,0.69,1.04,16,1942.2083333332687,2.461666666666667,170.70254062499998,14.399114062499999,7415.223970237465,21.7030125,942.7668617416828,9.003426617760969,,11.470465379020203,,0.09989484720160222,1.0019781329194886,13.953865524579996,0.12038844714628039,-0.027464270283647396,0.14785271742992778
1942.04,7.84,0.68,1.02,16.1,1942.291666666602,2.4625,162.5911304347826,14.102291925465837,7113.918443911598,21.153437888198752,925.5353077538047,8.544255707588263,,10.918206150831152,,0.10721421232122585,1.0019788302872494,13.894626708400779,0.12485082395492353,-0.027306001405905556,0.15215682536082908
1942.05,7.93,0.67,1,16.3,1942.3749999999352,2.4633333333333334,162.43972546012267,13.72441564417178,7157.334804557913,20.484202453987727,902.5642880905312,8.506116259696052,,10.901248386825081,,0.11045791687741957,1.0019795276548498,13.751298235990081,0.12468642324822099,-0.026182089194104585,0.15086851244232558
1942.06,8.33,0.66,0.98,16.3,1942.4583333332685,2.4641666666666664,170.6334064417178,13.5195736196319,7568.001555639106,20.074518404907973,890.3531241928359,8.905456928518054,,11.442697243987238,,0.10592353761816532,1.0019802250222902,13.77851931113831,0.12158600518883467,-0.026626851226970838,0.1482128564158055
1942.07,8.64,0.646667,0.966667,16.4,1942.5416666666017,2.465,175.90434146341465,13.165686664481708,7850.441008022405,19.680662274237807,878.3289650349531,9.150488900994745,,11.78499722768222,,0.10353127198083709,1.0019809223895706,13.721622148873653,0.12034783390632864,-0.02683900125776595,0.1471868351640946
1942.08,8.59,0.633333,0.953333,16.5,1942.624999999935,2.4658333333333338,173.82645909090908,12.816069012272727,7805.371188958384,19.291559921363636,866.253542687225,9.012823047564297,,11.634971805540607,,0.1065644605463146,1.001981619756691,13.66547753487983,0.12197623362054455,-0.026321898240336705,0.14829813186088125
1942.09,8.68,0.62,0.94,16.5,1942.7083333332682,2.466666666666667,175.6476909090909,12.546263636363637,7934.097721954399,19.021754545454545,859.222564359117,9.077829839371503,,11.74514580920027,,0.10652043750087252,1.0019823171236515,13.692557315147566,0.11889433414901407,-0.02639555055989662,0.1452898847089107
1942.1,9.32,0.61,0.97,16.7,1942.7916666666015,2.4675000000000002,186.34000598802396,12.196073353293412,8462.983747802346,19.39375598802395,880.8041025073256,9.599176749352987,,12.442152869609712,,0.10252615661656952,1.0019830144904518,13.555392517884396,0.10988817439131737,-0.025294538636276176,0.13518271302759355
1942.11,9.47,0.6,1,16.8,1942.8749999999347,2.4683333333333337,188.21202232142858,11.924732142857142,8593.136931334355,19.87455357142857,907.4062229497735,9.661334152171655,,12.54311180109282,,0.10323139333544552,1.001983711857092,13.501426194232602,0.11218932404266657,-0.024784204688455325,0.1369735287311219
1942.12,9.52,0.59,1.03,16.9,1942.958333333268,2.4691666666666667,188.08618934911243,11.656602071005917,8631.741965316656,20.34966124260355,933.8964521298482,9.617514103283177,,12.504872502621087,,0.10508258054935472,1.0019844092235723,13.448160558707544,0.11659991048354068,-0.024276050828246576,0.14087596131178726
1943.01,10.09,0.59,1.04333,16.9,1943.0416666666013,2.47,199.3476523668639,11.656602071005917,9193.137648109921,20.613021421597633,950.5922995443532,10.150534220432082,,13.21356577053838,,0.10119365235814598,1.0019851065898928,13.474847212560325,0.11109544759668766,-0.02397965042229122,0.13507509801897888
1943.02,10.69,0.59,1.05667,16.9,1943.1249999999345,2.470833333333333,211.20182396449704,11.656602071005917,9784.602318400443,20.876579170118344,967.1745305691485,10.708982995221264,,13.952601800590942,,0.09765444905290488,1.001985803956053,13.501596220559778,0.10374760436908259,-0.023330119465403643,0.12707772383448623
1943.03,11.07,0.59,1.07,17.2,1943.2083333332678,2.4716666666666667,214.8947659883721,11.453289244186045,9999.907241479617,20.771219476744186,966.5673666109476,10.850541744036798,,14.146459872218612,,0.09905521660067998,1.0019865013220532,13.292447143565951,0.10198223940225404,-0.021698297281205203,0.12368053668345924
1943.04,11.44,0.59,1.08,17.4,1943.291666666601,2.4725,219.52472413793103,11.32164224137931,10259.261005281642,20.72436206896552,968.5316333657494,11.03922714293969,,14.400210502607512,,0.09866495426069262,1.0019871986878939,13.16576234753491,0.09414716865039474,-0.021028564348838708,0.11517573299923345
1943.05,11.89,0.59,1.09,17.5,1943.3749999999343,2.4733333333333336,226.85610428571428,11.256947142857141,10645.725625018562,20.79673285714286,975.9327948923662,11.362215800613688,,14.82734448918783,,0.09667360744853062,1.0019878960535744,13.11654290272164,0.09078877487424153,-0.022651444214162098,0.11344021908840363
1943.06,12.1,0.59,1.1,17.5,1943.4583333332675,2.474166666666667,230.86281428571428,11.256947142857141,10877.770807901992,20.98752857142857,988.8882552638174,11.516744786451227,,15.033775620802517,,0.09466776785756381,1.0019885934190949,13.142617226594501,0.08460420998576934,-0.02346232649626867,0.10806653648203801
1943.07,12.35,0.593333,1.09333,17.4,1943.5416666666008,2.475,236.9869181034483,11.385599925431036,11211.03117660231,20.980154426724138,992.4985195396439,11.774213341781653,,15.373683748422978,,0.08897387762529993,1.0019892907844554,13.244435034633181,0.08338790058716539,-0.02246696765415268,0.10585486824131807
1943.08,11.74,0.596667,1.08667,17.3,1943.624999999934,2.475833333333333,226.5836965317919,11.515759323554912,10764.288317723598,20.97288803323699,996.356830172121,11.210545904158963,,14.645291104906265,,0.0918615000478279,1.001989988149656,13.347491790124645,0.0883708027948138,-0.023517423096650725,0.11188822589146452
1943.09,11.99,0.6,1.08,17.4,1943.7083333332673,2.4766666666666666,230.07879741379313,11.51353448275862,10975.910739760344,20.72436206896552,988.6558464504731,11.336281939610284,,14.81644761883287,,0.09145613260539237,1.0019906855146967,13.297190766243276,0.08170815936228437,-0.022238596143089873,0.10394675550537424
1943.1,11.88,0.603333,1.03333,17.4,1943.7916666666006,2.4775,227.96798275862074,11.577492166810345,10921.239673440274,19.828800978448278,949.9364134474779,11.187335503326029,,14.629987013874121,,0.09262224462976597,1.0019913828795777,13.323661291287795,0.08559631224079611,-0.020793521082683286,0.1063898333234794
1943.11,11.33,0.606667,0.986667,17.4,1943.8749999999338,2.4783333333333335,217.4139094827586,11.641469040086205,10462.102284721565,18.9333742125,911.086590905505,10.631033673001415,,13.915069560218228,,0.09729135245136994,1.0019920802442988,13.350193802276557,0.09359573260353238,-0.020578290515885667,0.11417402311941804
1943.12,11.48,0.61,0.94,17.4,1943.958333333267,2.479166666666667,220.2922931034483,11.705426724137931,10647.55143525245,18.037870689655172,871.8378352907057,10.737360316041068,,14.068001177874814,,0.09635154866849568,1.0019927776088597,13.376788459607631,0.09366830300242501,-0.01978893656735148,0.11345723956977649
1944.01,11.85,0.613333,0.936667,17.4,1944.0416666666003,2.48,227.39230603448277,11.769384408189657,11038.126515369746,17.97391300560345,872.4935737360198,11.052412763977468,,14.494846472285817,,0.0936884371787429,1.0028721608445137,13.40344542412839,0.09298903199334463,-0.018831791717297874,0.1118208237106425
1944.02,11.77,0.616667,0.933333,17.4,1944.1249999999336,2.470833333333333,225.85716810344826,11.833361281465518,11011.47564975159,17.909936132327587,873.1838235012407,10.947918887724716,,14.372484109547678,,0.09386811511962,1.002864875599419,13.441942275257148,0.09614684126078488,-0.018824624324006334,0.11497146558479121
1944.03,12.1,0.62,0.93,17.4,1944.2083333332669,2.461666666666667,232.18961206896552,11.897318965517243,11368.545590815469,17.84597844827586,873.7807768147427,11.224693196180676,,14.749564229990954,,0.09170751556267565,1.0028575905674066,13.48045176769033,0.09544605103983317,-0.018042465139279096,0.11348851617911226
1944.04,11.89,0.623333,0.926667,17.5,1944.2916666666001,2.4525,226.85610428571428,11.892926497285714,11155.93004988501,17.680409217,869.4560329299237,10.938275188239395,,14.387983948343397,,0.09472082308911105,1.0028503057486233,13.44172210305174,0.10271387995294945,-0.016506789364159613,0.11922066931710906
1944.05,12.1,0.626667,0.923333,17.5,1944.3749999999334,2.4433333333333334,230.86281428571428,11.95653778842857,11401.96310947487,17.616797925857142,870.0668432860132,11.103736936792616,,14.620020758909003,,0.09345016828904625,1.0028430211432164,13.480035120833465,0.10466931871305518,-0.01766068104092333,0.12232999975397851
1944.06,12.67,0.63,0.92,17.6,1944.4583333332666,2.4341666666666666,240.36465767045448,11.95183380681818,11920.434936397185,17.45347159090909,865.5722290043734,11.5327852725325,,15.19727476791501,,0.09000715082036129,1.0028357367513328,13.441550286910944,0.10110356093025841,-0.017272493554204682,0.11837605448446309
1944.07,13,0.633333,0.913333,17.7,1944.5416666666,2.425,245.23177966101696,11.947182977542374,12211.185580882155,17.22909823177966,857.9137507802953,11.738774750180713,,15.480309849362937,,0.08915965960239096,1.0028284525731195,13.403510674404401,0.10325593048271897,-0.01610588923319911,0.11936181971591808
1944.08,12.81,0.636667,0.906667,17.7,1944.6249999999332,2.4158333333333335,241.64762288135591,12.010075497033897,12082.550681945051,17.10335092076271,855.1795456008645,11.541711674209218,,15.233407930416256,,0.09070582138511664,1.0028211686087238,13.441421868660255,0.10704310601687061,-0.016717085013500887,0.1237601910303715
1944.09,12.6,0.64,0.9,17.7,1944.7083333332664,2.4066666666666667,237.68618644067794,12.072949152542373,11934.780741260322,16.977584745762712,852.4843386614516,11.328560584696467,,14.966305729668367,,0.09090550278436421,1.0028138848582933,13.479342386092734,0.11182219525685722,-0.016608058386365032,0.12843025364322225
1944.1,12.91,0.64,0.91,17.7,1944.7916666665997,2.3975,243.53402118644067,12.072949152542373,12278.931826127353,17.166224576271187,865.5172704706346,11.583105186279122,,15.315966613277208,,0.08981533233906128,1.0028066013219752,13.51727170353271,0.11164184812922695,-0.017122408567357805,0.12876425669658476
1944.11,12.82,0.64,0.92,17.7,1944.874999999933,2.3883333333333336,241.8362627118644,12.072949152542373,12244.057503873957,17.35486440677966,878.6687132265242,11.478459198055475,,15.190706986565058,,0.0906940701465481,1.0027993179999177,13.555209296165343,0.11665822430314465,-0.017630636352335194,0.13428886065547985
1944.12,13.1,0.64,0.93,17.8,1944.9583333332662,2.3791666666666664,245.72987359550555,12.005123595505616,12491.84036401563,17.4449452247191,886.8253082850792,11.638683593355125,,15.414205958668173,,0.09093004126625824,1.0027920348922679,13.516788600251195,0.1202489311081969,-0.017039856902801853,0.13728878801099875
1945.01,13.49,0.643333,0.94,17.8,1945.0416666665994,2.37,253.04549578651685,12.067644028230337,12914.85706910785,17.632525280898875,899.9233243114438,11.96046343980699,,15.850197374836519,,0.08718708882936277,1.0033004196151964,13.554527945654504,0.11892404974264359,-0.017968072465690543,0.13689212220833413
1945.02,13.94,0.646667,0.95,17.8,1945.1249999999327,2.355,261.48659831460674,12.130183218960672,13397.262802055038,17.820105337078648,913.0128882318711,12.341753548186313,,16.36084162334252,,0.08400173904196744,1.0032888739842185,13.599263575561071,0.11889279398052444,-0.018420267805878576,0.137313061786403
1945.03,13.93,0.65,0.96,17.8,1945.208333333266,2.3400000000000003,261.29901825842694,12.192703651685393,13439.709892472836,18.007685393258424,926.2111627260532,12.323310311389324,,16.339009379818222,,0.08427300332071189,1.0032773292954764,13.643989839739264,0.11805149893227962,-0.018781929656038088,0.1368334285883177
1945.04,14.28,0.65,0.973333,17.8,1945.2916666665992,2.325,267.86432022471905,12.192703651685393,13829.651224002468,18.25778588216292,942.6369688243694,12.631867236563071,,16.745879992645957,,0.08169453955308413,1.0032657855500335,13.688705687348225,0.11903370356202614,-0.019479875900787147,0.13851357946281329
1945.05,14.82,0.65,0.986667,17.9,1945.3749999999325,2.31,276.44060614525137,12.124587988826816,14324.604333946623,18.404509011033518,953.6851811310468,13.03656062878535,,17.276370053124342,,0.07996185719630165,1.003254242748955,13.65668710332599,0.1150186923164973,-0.019110564638683436,0.13412925695518074
1945.06,15.09,0.65,1,18.1,1945.4583333332657,2.295,278.3667306629834,11.990614640883976,14476.189779622304,18.44709944751381,959.3233783712594,13.130223361406054,,17.391992046675036,,0.0814532593658243,1.003242700893307,13.549735584623786,0.12050882105555916,-0.018283285328311805,0.13879210638387096
1945.07,14.78,0.653333,0.996667,18.1,1945.541666666599,2.2800000000000002,272.64812983425406,12.052098823342542,14231.02933405733,18.385615265055247,959.6479914267198,12.86702844300916,,17.035325856511655,,0.08316111469724172,1.0032311599841568,13.593673324308117,0.1303037395578266,-0.019756951347774,0.1500606909056006
1945.08,14.83,0.656667,0.993333,18.1,1945.6249999999322,2.265,273.5704848066298,12.113601452900552,14331.861905889435,18.324112635497237,959.9670520945969,12.915378562256745,,17.092121054476213,,0.08302016885970823,1.0032196200225736,13.63759665759132,0.12917112846314427,-0.02042546051841776,0.14959658898156203
1945.09,15.84,0.66,0.99,18.1,1945.7083333332655,2.25,292.2020552486187,12.175085635359114,15361.088671214604,18.26262845303867,960.0680419509127,13.798264951719782,,18.249640785494663,,0.07821597266288069,1.003208081009627,13.681504536849884,0.12623850408630566,-0.020862929445683243,0.1471014335319889
1945.1,16.5,0.66,0.98,18.1,1945.7916666665988,2.2350000000000003,304.37714088397786,12.175085635359114,16054.471145956932,18.078157458563535,953.5382862447149,14.37466267539134,,18.998880544708705,,0.07545994251796662,1.003196542946389,13.72539591173768,0.1158646105063128,-0.020179675671544772,0.13604428617785758
1945.11,17.04,0.66,0.97,18.1,1945.874999999932,2.2199999999999998,314.33857458563534,12.175085635359114,16633.40510546265,17.893686464088397,946.8546333508668,14.847702661876784,,19.608975958272843,,0.07264603473680929,1.0031850058339318,13.76926972922574,0.11953774780963711,-0.020341719918070877,0.13987946772770798
1945.12,17.33,0.66,0.96,18.2,1945.9583333332653,2.205,317.9317046703296,12.10818956043956,16876.930281781308,17.61191208791209,934.9020813912324,15.020347474739966,,19.821351248851286,,0.07258817469802942,1.00317346967333,13.737228642798117,0.11970545428265966,-0.02010199964548398,0.13980745392814364
1946.01,18.02,0.666667,0.94,18.2,1946.0416666665985,2.19,330.5902664835165,12.230500620741758,17602.994309542963,17.244997252747254,918.2472059362035,15.62316317776167,,20.599482382192477,,0.07016934325454081,1.001379783904099,13.780823321291638,0.11231388223019323,-0.019667343910357737,0.13198122614055097
1946.02,18.07,0.673333,0.92,18.1,1946.1249999999318,2.195,333.3390870165745,12.421040812292816,17804.476642355323,16.971331491712707,906.4813785814554,15.761666525801903,,20.765541749059164,,0.06899061579392488,1.0013840576640278,13.876080077724845,0.11210529287571824,-0.01960070661850477,0.13170599949422301
1946.03,17.53,0.68,0.9,18.3,1946.208333333265,2.2,319.84347131147535,12.406934426229506,17138.865751259844,16.420942622950818,879.9189490093474,15.134873415142536,,19.92659150042948,,0.07344623369946214,1.0013883313886893,13.743424330378462,0.12415150720568335,-0.019439962852505488,0.14359147005818884
1946.04,18.66,0.68,0.88,18.4,1946.2916666665983,2.205,338.6105461956522,12.339505434782609,18199.603793474438,15.968771739130435,858.2878530684623,16.04084238621592,,21.10191695550846,,0.07022564907240901,1.001392605078097,13.687708536254814,0.11865481251117793,-0.02100946517873492,0.13966427768991285
1946.05,18.7,0.68,0.86,18.5,1946.3749999999316,2.21,337.50214864864864,12.272805405405405,18194.9995465968,15.521489189189188,836.7753802178206,16.013723170832183,,21.048307121707516,,0.07083960614331,1.001396878732264,13.63267945943386,0.11505727393446419,-0.019805555392884644,0.13486282932734883
1946.06,18.58,0.68,0.84,18.7,1946.4583333332648,2.215,331.74987433155076,12.141545454545454,17939.43669729303,14.998379679144385,811.0401951413427,15.773186880128748,,20.714507926611375,,0.07210057268285233,1.0014011523512036,13.505714930456607,0.11552385405557719,-0.018776145435939973,0.13429999949151716
1946.07,18.05,0.683333,0.856667,19.8,1946.541666666598,2.2199999999999998,304.3817992424242,11.523220389015151,16511.429594101537,14.446196277651511,783.6452551850515,14.508136111909076,,19.03897404049836,,0.08273944558974859,1.0014054259349292,12.773269689425762,0.13029463379336037,-0.014692430260692557,0.14498706405405293
1946.08,17.7,0.686667,0.873333,20.2,1946.6249999999313,2.225,292.56917079207915,11.350146598886138,15921.952426867687,14.435610826856436,785.6026259216746,13.984939309942765,,18.340641021743625,,0.0865983814771122,1.001409699483454,12.537930057605857,0.13450510441925734,-0.014085609851683834,0.14859071427094117
1946.09,15.09,0.69,0.89,20.4,1946.7083333332646,2.23,246.98224632352944,11.293422794117648,13492.276067898423,14.566878676470587,795.7671106977863,11.841267540149639,,15.527660854694705,,0.10051583018992162,1.001413972996791,12.432510606708787,0.14941584499990967,-0.01375494556952217,0.16317079056943185
1946.1,14.75,0.696667,0.946667,20.8,1946.7916666665978,2.235,236.77472956730765,11.183263764302884,12985.564907879661,15.196394773918268,833.4241203150993,11.387602961765054,,14.93186647929959,,0.10584847069030605,1.0014182464749537,12.210665036354586,0.15229233427166822,-0.011727866860472336,0.16402020113214055
1946.11,14.69,0.703333,1.00333,21.3,1946.874999999931,2.24,230.27609507042249,11.025240079929576,12679.545373415855,15.727904320422534,866.0155384281369,11.110043656743295,,14.56552716195185,,0.11046659850288855,1.0014225199179554,11.940940919961696,0.15421106523337214,-0.010490420533101008,0.16470148576647314
1946.12,15.13,0.71,1.06,21.5,1946.9583333332644,2.245,234.9671406976744,11.026217441860465,12988.439549138639,16.461676744186047,909.9633788557143,11.37277942586271,,14.904166173962976,,0.10931230061839761,1.001426793325809,11.84669061466636,0.15307690453346412,-0.010603714905176864,0.16368061943864098
1947.01,15.21,0.713333,1.13,21.5,1947.0416666665976,2.25,236.20953139534885,11.077978544302324,13108.146447773135,17.54876860465116,973.8465145288388,11.469296334735581,,15.022197025934332,,0.10777967416384965,1.0004699429526016,11.863593393768289,0.1498548596122966,-0.009379095770818302,0.1592339553831149
1947.02,15.8,0.716667,1.2,21.5,1947.1249999999309,2.265833333333333,245.3721627906977,11.129755176627908,13668.084278369892,18.635860465116277,1038.082350255941,11.949565314209439,,15.637228584438999,,0.1041170862048277,1.000484205925781,11.86916860587622,0.13998222708408692,-0.008503877131757043,0.14848610421584396
1947.03,15.16,0.72,1.27,21.9,1947.2083333332641,2.2816666666666667,231.13289041095894,10.977287671232876,12925.863298106988,19.36271575342466,1082.8394715432635,11.287903096501287,,14.75750257603904,,0.11005042001644606,1.0004984677859259,11.658022289701348,0.1477948169604728,-0.007388635987046421,0.15518345294751923
1947.04,14.6,0.733333,1.32667,21.9,1947.2916666665974,2.2975,222.59500000000003,11.180565694178082,12500.495887963581,20.226719770547945,1135.8926629920988,10.900825126392673,,14.239032702754537,,0.11230527663572898,1.0005127285343618,11.66383343826037,0.15423680902181935,-0.008094663426781112,0.16233147244860047
1947.05,14.34,0.746667,1.38333,21.9,1947.3749999999307,2.3133333333333335,218.6309794520548,11.383858963356165,12331.158905045382,21.090571325342466,1189.5440758798068,10.733674273688537,,14.008519289638567,,0.11284855290399029,1.0005269881724117,11.66981381848421,0.16011769024362033,-0.009206047806410877,0.1693237380500312
1947.06,14.84,0.76,1.44,22,1947.458333333264,2.3291666666666666,225.22566818181815,11.534468181818182,12757.32419457787,21.854781818181817,1237.9074690156424,11.082715855052092,,14.448343003675758,,0.1102312645126274,1.0005412467013974,11.622891110193793,0.15800958832575596,-0.010506235998028357,0.1685158243237843
1947.07,15.77,0.77,1.47667,22.2,1947.5416666665972,2.3449999999999998,237.1839966216216,11.58095608108108,13489.3371499848,22.209416125,1263.1134742719123,11.696446553354361,,15.226610589448994,,0.1055605736406073,1.0005555041226388,11.524414556607816,0.15339678796768808,-0.011110357703870921,0.164507145671559
1947.08,15.46,0.78,1.51333,22.5,1947.6249999999304,2.360833333333333,229.42124666666666,11.57494,13102.705546193225,22.457312756666667,1282.5819782807628,11.337472355329826,,14.739100764648134,,0.10951092237802162,1.0005697604374542,11.377072197519608,0.15059101711368772,-0.009513266619769256,0.16010428373345698
1947.09,15.06,0.79,1.55,23,1947.7083333332637,2.376666666666667,218.62700217391304,11.46848152173913,12540.807010849521,22.50145108695652,1290.720509084778,10.827463017228832,,14.058032932818934,,0.11508689211783996,1.0005840156471602,11.136085829170252,0.15125142313541318,-0.00698465054656483,0.158236073681978
1947.1,15.45,0.806667,1.57,23,1947.791666666597,2.3925,224.28865760869564,11.710437447717391,12921.546452968803,22.791792391304348,1313.0632965152765,11.132662042754784,,14.435005794121885,,0.11239659547338418,1.0005982697530713,11.142589477542606,0.14086084742961313,-0.0071247266461228476,0.14798557407573598
1947.11,15.27,0.823333,1.59,23.1,1947.8749999999302,2.408333333333333,220.71595129870127,11.90063695681818,12772.852630768763,22.98221103896104,1329.9826904336828,10.975407324839066,,14.214670910685843,,0.11469919212401686,1.000612522756501,11.100990575383198,0.13970904303537335,-0.004744552264615898,0.14445359529998925
1947.12,15.03,0.84,1.61,23.4,1947.9583333332635,2.424166666666667,214.46172115384616,11.985884615384615,12468.721772030663,22.972945512820512,1335.6381938103373,10.680912531969184,,13.820049087776741,,0.11913197089243804,1.0006267746587607,10.965382618259424,0.14282410813308788,0.0010061381415678028,0.14181796999152008
1948.01,14.83,0.843333,1.64333,23.7,1948.0416666665967,2.44,208.9293575949367,11.881120831329115,12204.635936630424,23.1517114778481,1352.4102746960805,10.419342657320323,,13.470659208036272,,0.12413325641961878,1.002987182767804,10.833366132813124,0.14710585736138837,0.0028021021673600988,0.14430375519402827
1948.02,14.1,0.846667,1.67667,23.5,1948.12499999993,2.4291666666666667,200.3355,12.029606863723403,11761.183869300421,23.822448424468085,1398.5549048326197,9.999761169144179,,12.922123925363076,,0.12812050084785861,1.0029786503038336,10.958201652995077,0.15216333251057712,0.0022526158931861495,0.14991071661739097
1948.03,14.3,0.85,1.71,23.4,1948.2083333332632,2.418333333333333,204.0454166666667,12.128573717948719,12038.320027664162,24.399836538461535,1439.5473599514482,10.186680609489674,,13.157348384869662,,0.12594515689644098,1.0029701181927324,11.037811715232422,0.15142956734815471,0.0016816586411179113,0.1497479087070368
1948.04,15.4,0.85,1.76,23.8,1948.2916666665965,2.4075,216.0480882352941,11.924732142857144,12805.084681832606,24.691210084033614,1463.438249352298,10.77948448202462,,13.91251910143472,,0.1216950031054999,1.0029615864347885,10.88453489505922,0.14496350236959832,0.0038433284333341255,0.1411201739362642
1948.05,16.15,0.85,1.81,23.9,1948.3749999999297,2.3966666666666665,225.62191945606693,11.874837866108788,13431.173280847655,25.286419456066945,1505.2893893705423,11.241032697984439,,14.496634879651298,,0.11918067168503871,1.002953055030289,10.871093522413856,0.14349873959004378,0.0038628767739861125,0.13963586281605767
1948.06,16.82,0.85,1.86,24.1,1948.458333333263,2.3858333333333333,233.03202697095435,11.776291493775933,13930.713496792854,25.76929668049792,1540.495071583514,11.583895756523841,,14.925847493337084,,0.11753481139368556,1.0029445239795223,10.812713501652139,0.14240632034748257,0.004216900158497516,0.13818942018898506
1948.07,16.42,0.856667,1.93,24.4,1948.5416666665963,2.375,224.6932315573771,11.722733044979506,13490.617193891616,26.4103493852459,1585.681558112717,11.134621739180936,,14.338438705434069,,0.12243242819353192,1.0029359932827764,10.7112171426139,0.14915413761745677,0.003091134484189517,0.14606300313326726
1948.08,15.94,0.863333,2,24.5,1948.6249999999295,2.3641666666666667,217.23454897959184,11.765731171530613,13101.664741318282,27.256530612244898,1643.8726149709262,10.723556662478137,,13.80416363649166,,0.1264155815505884,1.0029274629403402,10.698817591116626,0.15751022763418732,0.0009411040093698642,0.15656912362481745
1948.09,15.76,0.87,2.07,24.5,1948.7083333332628,2.3533333333333335,214.78146122448976,11.85659081632653,13013.306588263593,28.210509183673462,1709.235065844266,10.553013689399158,,13.581595172569696,,0.12803093301492224,1.0029189329525021,10.730137983120079,0.1616591450999174,-0.0008867445782316796,0.1625458896781491
1948.1,16.19,0.89,2.14333,24.4,1948.791666666596,2.3425,221.5458842213115,12.178865778688523,13484.645157071198,29.329582460040985,1785.1787834777892,10.825409809169495,,13.929311962219316,,0.12607485528211437,1.0029104033195513,10.805562874728098,0.16248402427743347,-0.001603050640929693,0.16408707491836316
1948.11,15.29,0.91,2.21667,24.2,1948.8749999999293,2.3316666666666666,210.95935227272724,12.555461776859504,12903.967261297388,30.58386313946281,1870.7545525899336,10.248096205635571,,13.187035340998516,,0.13051732404994573,1.002901874041777,10.926573498646082,0.17103568028837968,-0.0022510243862304824,0.17328670467461016
1948.12,15.19,0.93,2.29,24.1,1948.9583333332625,2.3208333333333333,210.44925622406635,12.88464834024896,12938.443068631519,31.726714730290457,1950.561858272955,10.159652938900916,,13.073862008778557,,0.13103783423521193,1.0028933451194686,11.003751084450887,0.17363712693357347,-0.003284625937109764,0.17692175287068324
1949.01,15.36,0.946667,2.32,24,1949.0416666665958,2.31,213.69119999999998,13.170208804062499,13205.233611801486,32.276275,1994.540493449183,10.248285758038982,,13.187399442600718,,0.1298559844076208,1.0018512093111103,11.08157035367171,0.17572948563200153,-0.005315985261727607,0.18104547089372913
1949.02,14.77,0.963333,2.35,23.8,1949.124999999929,2.3108333333333335,207.20975735294115,13.514691752205882,12874.303235877609,32.968377100840335,2048.3827084842505,9.872517140570059,,12.70598184542879,,0.1334350341276561,1.0018519067081715,11.195379488966875,0.17762549309418474,-0.005170089451340898,0.18279558254552564
1949.03,14.91,0.98,2.38,23.8,1949.2083333332623,2.3116666666666665,209.17383088235292,13.748514705882354,13067.519477174352,33.38925,2085.8951278118684,9.901332491240924,,12.744166953113293,,0.1331319178392586,1.001852604105071,11.216112287343018,0.17913249206044712,-0.005269983264998501,0.18440247532544563
1949.04,14.89,0.993333,2.38667,23.9,1949.2916666665956,2.3125,208.01921861924686,13.877256849476987,13067.633539135964,33.34272857635984,2094.5687668804326,9.78363986754406,,12.59379856082559,,0.1355435854372077,1.0018533015018085,11.189875021406937,0.1809882498268902,-0.006103403534685414,0.18709165336157563
1949.05,14.78,1.00667,2.39333,23.8,1949.3749999999288,2.3133333333333335,207.3500483193277,14.122670713235292,13099.528115571216,33.57625785819328,2121.210664738841,9.692295086395813,,12.478488236972916,,0.13605567445491157,1.0018539988983841,11.257716650537013,0.18276957575783292,-0.007890071855568226,0.19065964761340115
1949.06,13.97,1.02,2.4,23.9,1949.458333333262,2.314166666666667,195.16645292887029,14.249805439330544,12404.838751936668,33.5289539748954,2131.11045129907,9.067718943419532,,11.680724874168513,,0.14359678892669803,1.0018546962947978,11.231397698174446,0.18810116029500312,-0.007882615364240841,0.19598377565924396
1949.07,14.76,1.02667,2.39667,23.7,1949.5416666665953,2.315,207.94317721518985,14.46402586392405,13293.54269836633,33.76498472468354,2158.552505345097,9.605038093363918,,12.375822887753243,,0.13653175430332115,1.0018553936910497,11.347184044890655,0.18439929586894777,-0.00935835557804987,0.19375765144699764
1949.08,15.29,1.03333,2.39333,23.8,1949.6249999999286,2.3158333333333334,214.50488760504197,14.49668642962185,13790.254053016884,33.57625785819328,2158.576110706796,9.851348638079227,,12.693529992002608,,0.13436488137167563,1.00185609108714,11.320471834635118,0.179687138155614,-0.008999808293536193,0.18868694644915018
1949.09,15.49,1.04,2.39,23.9,1949.7083333332619,2.3166666666666664,216.40145711297072,14.52921338912134,13990.020926121033,33.389250000000004,2158.563590279488,9.884048361738284,,12.735568365609872,,0.13219399240647295,1.001856788483068,11.29402975497609,0.17315487308870248,-0.010715119386008332,0.1838699924747108
1949.1,15.89,1.07333,2.36667,23.7,1949.7916666665951,2.3175,223.86294620253165,15.12138552848101,14553.85922829984,33.34233599050633,2167.6640666985763,10.169850844772139,,13.104711241762132,,0.1292068454266488,1.0018574858788343,11.410485614621354,0.16833802504426365,-0.010509855823986003,0.17884788086824965
1949.11,16.11,1.10667,2.34333,23.8,1949.8749999999284,2.3183333333333334,226.0087468487395,15.525580377100841,14777.47568942741,32.8748030262605,2149.503544835874,10.215861011650638,,13.165319750818012,,0.12919955980889697,1.0018581832744389,11.38364815980468,0.1673372482016633,-0.009903838928796205,0.1772410871304595
1949.12,16.54,1.14,2.32,23.6,1949.9583333332616,2.3191666666666664,234.0077097457627,16.128705508474575,15388.364771402841,32.82333050847457,2158.4647079597694,10.52933090413114,,13.570829980109991,,0.12538752170992384,1.0018588806698816,11.50145192089544,0.16658419107619693,-0.011805852437214992,0.17839004351341192
1950.01,16.88,1.15,2.33667,23.5,1950.041666666595,2.32,239.8342723404255,16.339420212765955,15861.06009650929,33.199854807446805,2195.61986348995,10.745733299747902,,13.84968229661381,,0.12377451331835174,1.0000912209180444,11.571865074132068,0.1617221193658902,-0.011920599795022357,0.17364271916091256
1950.02,17.21,1.16,2.35333,23.5,1950.1249999999281,2.3408333333333333,244.5229755319149,16.481502127659574,16261.97156814302,33.43656327765958,2223.6946862555506,10.911564066731675,,14.060924925588573,,0.12139665169662332,1.0001104225647852,11.572920670287614,0.1541867901396139,-0.010084069840389565,0.16427085998000346
1950.03,17.35,1.17,2.37,23.6,1950.2083333332614,2.361666666666667,245.46757944915254,16.55314512711864,16416.531086520008,33.53072987288136,2242.4886844410617,10.910946522976248,,14.056777000220672,,0.1216408023349306,1.0001296216912134,11.525155367540123,0.15185260857670446,-0.007406967913304974,0.15925957649000944
1950.04,17.84,1.18,2.42667,23.6,1950.2916666665947,2.3825,252.40009322033893,16.694625,16973.210766975488,34.3324963125,2308.7657719672875,11.17802160095609,,14.394940886127358,,0.11924266123305871,1.0001488183012737,11.52664927767036,0.1494340113230881,-0.007645652831823169,0.15707966415491126
1950.05,18.44,1.19,2.48333,23.7,1950.374999999928,2.4033333333333333,259.78808860759494,16.765066455696203,17563.983475589648,34.985876034810126,2365.3561325616074,11.461543104586223,,14.750478376961718,,0.11726693985923531,1.000168012398905,11.479721765199649,0.14479118256957713,-0.007445787909060919,0.15223697047863805
1950.06,18.74,1.2,2.54,23.8,1950.4583333332612,2.4241666666666664,262.9052710084033,16.834915966386554,17869.581868331952,35.63390546218487,2422.024436796327,11.554126144044279,,14.858173852604393,,0.1160531257578409,1.0001872039880388,11.433408271797255,0.1469084132825229,-0.005426370856998819,0.15233478413952173
1950.07,17.38,1.24333,2.6,24.1,1950.5416666665944,2.445,240.7905248962655,17.22566647406639,16464.018653022733,36.02159751037344,2462.971720245058,10.539745658930983,,13.550950714985758,,0.12624655831063297,1.0002063930726006,11.293197423396602,0.15377785684959222,-0.0018347594448793192,0.15561261629447154
1950.08,18.43,1.28667,2.66,24.3,1950.6249999999277,2.4658333333333333,253.23616358024688,17.679401768518517,17415.72302032777,36.549549382716044,2513.609508088544,11.040611670261534,,14.189059134964529,,0.12260690914540673,1.000225579656509,11.202560950321255,0.14901137983465307,0.00011297201520665823,0.1488984078194464
1950.09,19.08,1.33,2.72,24.4,1950.708333333261,2.4866666666666664,261.092987704918,18.199878073770492,18060.362159125238,37.22080327868853,2574.6428235230946,11.337391102277293,,14.563472220744735,,0.12046164663752626,1.0002447637436755,11.159165528286497,0.14168909659928697,0.000817588785297918,0.14087150781398905
1950.1,19.87,1.37667,2.76,24.6,1950.7916666665942,2.5075,269.6928445121951,18.685357234756097,18762.94156054673,37.46110975609756,2606.226407000955,11.662444039105255,,14.972212563986435,,0.11865823581629903,1.000263945338006,11.071149758251497,0.13465754115762696,0.0005120814366617044,0.13414545972096525
1950.11,19.83,1.42333,2.8,24.7,1950.8749999999275,2.5283333333333333,268.060254048583,19.24045392813765,18760.908729181174,37.85016194331983,2649.0440969090914,11.542173388716295,,14.81257957159315,,0.11977266934561015,1.0002831244433987,11.029237637278024,0.13862491592140969,0.0008877330980503473,0.13773718282335934
1950.12,19.75,1.47,2.84,25,1950.9583333332607,2.549166666666667,263.775075,19.632879,18575.504025012862,37.930188,2671.110452204381,11.306665788890758,,14.508560511396041,,0.12189353128627992,1.000302301063746,10.899971960636648,0.14278648858235088,0.003134277302829336,0.13965221127952154
1951.01,21.21,1.48667,2.83667,25.4,1951.041666666594,2.57,278.81338287401576,19.542833187992123,19749.21479540491,37.28908810925196,2641.3015150250467,11.895759839437062,,15.257997535425229,,0.11898759156334364,1.001340335826904,10.731562041097588,0.14182390694439428,0.005018524985283435,0.13680538195911085
1951.02,22,1.50333,2.83333,25.7,1951.1249999999272,2.5791666666666666,285.822373540856,19.531152218871597,20360.970959275426,36.81041389202335,2622.2431749110838,12.141507370682689,,15.565638866147733,,0.11844055145727525,1.0013483256412163,10.620506880535789,0.1432293198924468,0.006882037081320513,0.1363472828111263
1951.03,21.63,1.52,2.83,25.8,1951.2083333332605,2.5883333333333334,279.9261540697674,19.671186046511625,20057.72067474513,36.62464244186046,2624.288003214458,11.841626487283092,,15.177316546374955,,0.12009663680155502,1.0013563152444647,10.59360652343946,0.14877683835003475,0.0077861420702105555,0.1409906962798242
1951.04,21.92,1.53333,2.79333,25.8,1951.2916666665938,2.5975,283.6792093023256,19.84369717151163,20445.13003208186,36.15007507848837,2605.3829868848184,11.951097197083957,,15.314143757332689,,0.11848676067127079,1.001364304636794,10.607974793461059,0.14988497490877561,0.007630705312893893,0.14225426959588172
1951.05,21.93,1.54667,2.75667,25.9,1951.374999999927,2.6066666666666665,282.7128388030888,19.939054555019304,20495.23525402159,35.53789335810811,2576.3155571228317,11.863875406269175,,15.200667239383646,,0.118681444067088,1.0013722938183494,10.581433992609897,0.1510477160536452,0.008781651377185451,0.14226606467645975
1951.06,21.55,1.56,2.72,25.9,1951.4583333332603,2.6158333333333332,277.8140299227799,20.110899613899615,20261.591441276247,35.0651583011583,2557.379522982431,11.615664857025175,,14.884429187428127,,0.1182065888287861,1.001380282789276,10.595954829067228,0.1511173123002305,0.007540126701305105,0.1435771855989254
1951.07,21.93,1.54667,2.65,25.9,1951.5416666665935,2.625,282.7128388030888,19.939054555019304,20740.05568182806,34.16274613899614,2506.2082789258716,11.778190092457805,,15.093562700583258,,0.1169269721355916,1.0013882715497184,10.610580243153734,0.14763473071608302,0.006722619629181192,0.14091211108690183
1951.08,22.89,1.53333,2.58,25.9,1951.6249999999268,2.6341666666666668,295.08877702702705,19.76708058011583,21768.809257725905,33.26033397683398,2453.627255785619,12.256989084145143,,15.703908734990362,,0.11208956621321098,1.0013962600998219,10.62531060983131,0.1467865904169019,0.006260156155331487,0.1405264342615704
1951.09,23.48,1.52,2.51,26.1,1951.70833333326,2.6433333333333335,300.37532183908047,19.445080459770114,22278.33887947223,32.10996839080459,2381.543040352439,12.444953157150039,,15.93952555502789,,0.11016963472607762,1.0014042484397307,10.55861261890714,0.14313427035559534,0.00738782989189346,0.13574644046370188
1951.1,23.36,1.48333,2.48667,26.2,1951.7916666665933,2.6525000000000003,297.699572519084,18.903540535305343,22196.720013054215,31.690094006679388,2362.8389449855104,12.309457904118691,,15.760621840301773,,0.10997701425032112,1.00141223656959,10.533082894759442,0.14508335709556097,0.00845895327220636,0.1366244038233546
1951.11,22.71,1.44667,2.46333,26.4,1951.8749999999266,2.6616666666666666,287.2234346590909,18.296676627840906,21529.295311952614,31.15482621306818,2335.260194662802,11.852030617771044,,15.171743623530057,,0.11313575035964316,1.0014202244895438,10.468049326132022,0.15395418157099616,0.009247789288767017,0.14470639228222915
1951.12,23.41,1.41,2.44,26.5,1951.9583333332598,2.6708333333333334,294.9593745283019,17.765600943396226,22220.125918981546,30.743309433962263,2315.98065964609,12.147072568106783,,15.543321334370384,,0.1107106706635505,1.0014282121997367,10.443358131402585,0.15164884280455126,0.008828135503802681,0.14282070730074858
1952.01,24.19,1.41333,2.42667,26.5,1952.041666666593,2.68,304.7871537735849,17.807558000943395,23072.271544664094,30.575355206603774,2314.5427527610586,12.527059748172302,,16.022450086521854,,0.10676999643852494,1.0011465057191369,10.458273462892073,0.14325882803119705,0.00886099253356809,0.13439783549762896
1952.02,23.75,1.41667,2.41333,26.3,1952.1249999999263,2.6925,301.5188925855513,17.985379770912548,22938.32261688057,30.638509012357417,2330.852299831427,12.364119350461095,,15.811036351158725,,0.1062306801640431,1.0011575700288213,10.549885712189498,0.1457100357609573,0.00831558400139798,0.13739445175955933
1952.03,23.81,1.42,2.4,26.3,1952.2083333332596,2.705,302.28062452471477,18.02765589353612,23110.56124986346,30.469277566539922,2329.4979840265564,12.362339087390367,,15.807510372330903,,0.10479452379456071,1.0011686338079795,10.562097943697419,0.14524397333257677,0.00944103710533839,0.13580293622723838
1952.04,23.74,1.43,2.38,26.4,1952.2916666665928,2.7175000000000002,300.2503011363636,18.08584375,23070.56283316856,30.100914772727272,2312.8870911095696,12.242728683266883,,15.656398613772165,,0.1052038939621631,1.001179697057109,10.534386467042019,0.1416457693637212,0.010445045030661237,0.13120072433305996
1952.05,23.73,1.44,2.36,26.4,1952.374999999926,2.7300000000000004,300.1238267045455,18.21231818181818,23177.460976034974,29.847965909090906,2305.0487949196176,12.20047876194584,,15.606497043627147,,0.10406537969125468,1.0011907597767067,10.546813851755637,0.13264227614081636,0.010399912592592209,0.12224236354822415
1952.06,24.38,1.45,2.34,26.5,1952.4583333332594,2.7425,307.18109999999996,18.269589622641508,23840.04271869998,29.48333773584905,2288.1747318194402,12.44788158178937,,15.927302555632712,,0.102708162119251,1.0012018219672691,10.519525884506256,0.11585099976510471,0.010655772250651063,0.10519522751445365
1952.07,25.08,1.45,2.34667,26.7,1952.5416666665926,2.755,313.6338539325842,18.132738764044944,24458.10711665466,29.34589936235955,2288.4811095470495,12.669112889622477,,16.21404352437048,,0.10132758807191539,1.001212883629292,10.453275833995772,0.11561890159498667,0.010462454893415352,0.10515644670157132
1952.08,25.18,1.45,2.35333,26.7,1952.6249999999259,2.7675,314.88438764044946,18.132738764044944,24673.464585617767,29.429184907303373,2305.989055332481,12.678378236328623,,16.230371537881865,,0.10050683182892761,1.0012239447632705,10.465954441127298,0.11796698552138074,0.010924094572742238,0.1070428909486385
1952.09,24.78,1.45,2.36,26.7,1952.7083333332591,2.7800000000000002,309.88225280898877,18.132738764044944,24399.913796758156,29.512595505617973,2323.801313976967,12.434678020425508,,15.924746204626697,,0.10192764735731108,1.0012350053697001,10.478764191258142,0.1181807999390645,0.010802092132257357,0.10737870780680714
1952.1,24.26,1.43667,2.37333,26.7,1952.7916666665924,2.7925,303.3794775280899,17.966042620786517,24005.77592368383,29.679291648876404,2348.4595289759495,12.131183558686873,,15.543695751343822,,0.10255109844602087,1.001246065449075,10.491705521302167,0.1167650406446632,0.011424521576314461,0.10534051906834874
1952.11,25.03,1.42333,2.38667,26.7,1952.8749999999256,2.805,313.0085870786517,17.799221424157302,24885.07487456421,29.84611284550562,2372.8510447813087,12.473469765515313,,15.9864403608815,,0.09953855242085678,1.001257125001889,10.50477887305413,0.12052181935351092,0.011711998719801331,0.10880982063370959
1952.12,26.04,1.41,2.4,26.7,1952.958333333259,2.8175,325.6389775280899,17.632525280898875,26006.046585354106,30.012808988764046,2396.8706530280283,12.933964306161378,,16.576519452417237,,0.09593778273966824,1.0012681840286355,10.51798469321476,0.12065201356547761,0.012411734829607557,0.10824027873587005
1953.01,26.18,1.41,2.41,26.6,1953.0416666665922,2.83,328.6205131578947,17.69881296992481,26361.944707812057,30.25116259398496,2426.7489207726153,13.010773447995186,,16.673801176941986,,0.09496362744553175,1.0048812086921362,10.570914874895136,0.1236870893310944,0.012477830286995673,0.11120925904409873
1953.02,25.86,1.41,2.42,26.5,1953.1249999999254,2.8008333333333333,325.8286811320755,17.765600943396226,26256.74695650604,30.49131509433962,2457.12790544256,12.8593468806879,,16.479048621864916,,0.09576630755228764,1.004860409031344,10.662598673886933,0.12591828189513965,0.011178854248055092,0.11473942764708456
1953.03,25.99,1.41,2.43,26.6,1953.2083333332587,2.7716666666666665,326.2355667293233,17.69881296992481,26408.389827418032,30.502209586466165,2469.1184024865647,12.834819340092498,,16.4460638274511,,0.09476102638442567,0.9972709699114101,10.674143478069395,0.12477965829886362,0.010984451999123568,0.11379520629974005
1953.04,24.71,1.41333,2.45667,26.6,1953.291666666592,2.83,310.16855921052627,17.74061229417293,25227.45774407073,30.836980750939844,2508.115686609722,12.163901454006803,,15.589068380196142,,0.09726819747629624,0.9835525101219929,10.645013419347817,0.13544231027814413,0.011260812680849774,0.12418149759729435
1953.05,24.84,1.41667,2.48333,26.7,1953.3749999999252,3.05,310.63257303370784,17.715935879213482,25385.27480723158,31.054878727528088,2537.8427732303703,12.141970791867783,,15.5632033871073,,0.09501029523636664,0.9974273597913927,10.430716449148205,0.13728611084457842,0.013985170788883394,0.12330094005569503
1953.06,23.95,1.42,2.51,26.8,1953.4583333332585,3.11,298.3852751865671,17.691319029850746,24504.890298447062,31.271275186567156,2568.1534300251406,11.624407885470085,,14.904522212477088,,0.09846726592393613,1.0180660886362762,10.365061513499805,0.14118308282615089,0.014127885287435582,0.1270551975387153
1953.07,24.29,1.42,2.52333,26.8,1953.5416666665917,2.93,302.62122481343283,17.691319029850746,24973.842618006773,31.437349329291045,2594.3699585547565,11.750201645310007,,15.069129207230226,,0.09994449232654257,1.0007239184253585,10.552317633523149,0.13725175253058586,0.01207199559117944,0.12517975693940642
1953.08,24.39,1.42,2.53667,26.9,1953.624999999925,2.95,302.7374749070632,17.625552044609666,25104.648683582163,31.48606275,2610.996686190339,11.715076201734005,,15.027019046734077,,0.10099082396456589,1.0093554892706844,10.520700306261942,0.14005750752165147,0.012879277687620982,0.1271782298340305
1953.09,23.27,1.42,2.55,26.9,1953.7083333332582,2.87,288.8356310408922,17.625552044609666,24073.632293064682,31.651519516728623,2638.064561551995,11.139349357262926,,14.294747954197089,,0.1056003715678356,1.020678701404313,10.619126605097259,0.14811930578144072,0.011614031146959913,0.1365052746344808
1953.1,23.97,1.43,2.53667,27,1953.7916666665915,2.66,296.4223416666666,17.68393611111111,24828.788651090254,31.369447702777776,2627.552912288741,11.391934765421416,,14.623798898879695,,0.10609757559259152,1.000476705405486,10.798572959437408,0.14478018787325175,0.009688773185281274,0.13509141468797048
1953.11,24.5,1.44,2.52333,26.9,1953.8749999999247,2.68,304.10283457249074,17.873799256505574,25596.87987916392,31.32048185966543,2636.3010165506407,11.644070268505773,,14.95306851337477,,0.10360914376609939,1.0100968735423244,10.843883228012828,0.1409504085617228,0.009529404380055562,0.13142100418166724
1953.12,24.83,1.45,2.51,26.9,1953.958333333258,2.59,308.19891356877326,17.99792286245353,26067.897294627448,31.1550250929368,2635.135811901526,11.754449184027298,,15.10139525701598,,0.10370269083937061,1.0118200222971947,10.953372545673806,0.14120169618292677,0.008452771141507442,0.13274892504141933
1954.01,25.46,1.45667,2.52333,26.9,1954.0416666665913,2.48,316.0187007434944,18.080713307620815,26856.746896921533,31.32048185966543,2661.7610034331906,12.002650554927826,,15.427061391002457,,0.10304345229837096,1.0029454226504648,11.08284165339315,0.1415401128492224,0.007288348950901469,0.13425176389832094
1954.02,26.02,1.46333,2.53667,26.9,1954.1249999999245,2.47,322.96962267657995,18.163379629182156,27576.102823158726,31.48606275,2688.3732801084566,12.21505248543284,,15.705755365444617,,0.10169472728013382,1.0108881079156506,11.11548530623057,0.14020256038602752,0.007504392573155716,0.1326981678128718
1954.03,26.57,1.47,2.55,26.9,1954.2083333332578,2.37,329.79642100371746,18.246170074349443,28288.821084057046,31.651519516728623,2714.9602470585423,12.420105295189975,,15.974058403613158,,0.10134313684560126,1.0090659974682945,11.236511909779637,0.1396325198740913,0.006191704473454518,0.1334408154006368
1954.04,27.63,1.46333,2.57333,26.8,1954.291666666591,2.29,344.23320055970146,18.231153433768657,29657.476406793572,32.06028309794775,2762.15974527304,12.907868184060918,,16.60305929186947,,0.09811350560272981,0.9948445136674794,11.380689494195362,0.13616865242085296,0.005181458023079788,0.13098719439777318
1954.05,28.73,1.45667,2.59667,26.9,1954.3749999999243,2.37,356.60711988847584,18.080713307620815,30853.366036008832,32.23080438568773,2788.5837098754982,13.312042238025862,,17.12137089768935,,0.09535006165318284,1.0010924459392456,11.279927224365446,0.13306154376836687,0.006673282821004323,0.12638826094736255
1954.06,28.96,1.45,2.62,26.9,1954.4583333332575,2.38,359.4619628252788,17.99792286245353,31230.12862741038,32.520384758364315,2825.3776589715194,13.357885903659001,,17.17804350373734,,0.09439758919551676,1.009070925747481,11.29224993505669,0.13092615266016572,0.006833635374520863,0.12409251728564485
1954.07,30.13,1.45667,2.62333,26.9,1954.5416666665908,2.3,373.9844247211896,18.080713307620815,32622.74774975307,32.56171791914498,2840.3661750534256,13.83300956424533,,17.78428965510127,,0.09203533309436351,0.9966162598611025,11.394681095739587,0.13002389703673334,0.0057872766306619194,0.12423662040607142
1954.08,30.73,1.46333,2.62667,26.9,1954.624999999924,2.36,381.4318410780669,18.163379629182156,33404.42058209865,32.6031752035316,2855.2681226938194,14.042112347320577,,18.047877301272553,,0.0903588413773152,1.000201558545158,11.356124455945997,0.12632687789695574,0.006803199772506208,0.11952367812444953
1954.09,31.45,1.47,2.63,26.8,1954.7083333332573,2.38,391.82534048507455,18.31425279850746,34448.303655188334,32.76631623134328,2880.7325473178166,14.35647414329698,,18.445764153358343,,0.08821118277091214,0.99758112711172,11.400795519347097,0.12469394530903122,0.006353420024859169,0.11834052528417205
1954.1,32.18,1.49333,2.67667,26.8,1954.7916666665906,2.43,400.92017350746266,18.604913694962686,35384.206742938346,33.34776261100746,2943.1897036240143,14.619231935730566,,18.776965474104728,,0.08645924352171835,0.9976333231982449,11.373218444160525,0.12387592370939648,0.007030203256762846,0.11684572045263364
1954.11,33.44,1.51667,2.72333,26.8,1954.8749999999238,2.48,416.6181044776119,18.89569917817164,36908.64058071035,33.929084403917905,3005.8136409290046,15.117311697434392,,19.40760745758871,,0.08370552449297154,0.9994354412264843,11.346301711907437,0.11983219797869626,0.007622058808099297,0.11221013917059697
1954.12,34.97,1.54,2.77,26.7,1954.958333333257,2.51,437.3116376404494,19.258219101123593,38884.07818073925,34.63978370786517,3080.0370763696806,15.789062002327087,,20.257529192442494,,0.07961472867057669,0.9933627434702108,11.382367578544489,0.11233940716168966,0.007405661118242923,0.10493374604344674
1955.01,35.6,1.54667,2.83333,26.7,1955.0416666665903,2.61,445.19,19.3416296994382,39727.90733965211,35.43174670505618,3161.861564681363,15.990781062969837,,20.50192786504852,,0.0778157762263657,0.9986900925584009,11.306819885009334,0.11304757223665507,0.008345892637672936,0.10470167959898213
1955.02,36.79,1.55333,2.89667,26.7,1955.1249999999236,2.65,460.0713511235955,19.424915244382024,41200.34429451665,36.22383475561797,3243.919578896372,16.437728215987118,,21.056961301473905,,0.0757154012596608,0.9995983914415623,11.29200899750114,0.11008265498545344,0.008666756675017595,0.10141589831043585
1955.03,36.5,1.56,2.96,26.7,1955.2083333332569,2.68,456.44480337078653,19.508325842696628,41021.16367241493,37.015797752808986,3326.647793708169,16.219282945537795,,20.75929715246462,,0.0762347507740216,0.9961637573985144,11.287474030045788,0.11058503395112984,0.00873775720765968,0.10184727674347016
1955.04,37.76,1.56333,3.04667,26.7,1955.2916666665901,2.75,472.2015280898876,19.54996861516854,42583.651367690974,38.09963531741573,3435.8668726801666,16.685266628063506,,21.33404774609108,,0.07381285877512957,1.0014249973563802,11.244172541308563,0.10780131138207483,0.009238496724190304,0.09856281465788452
1955.05,37.6,1.56667,3.13333,26.7,1955.3749999999234,2.76,470.2006741573034,19.591736441011236,42550.44585582273,39.183347828651684,3545.86671578258,16.518057827257806,,21.09780379424162,,0.07373630484653113,1.000568311621233,11.26019545745461,0.10979451896887427,0.009365956636008255,0.10042856233286601
1955.06,39.78,1.57,3.22,26.7,1955.4583333332566,2.78,497.46230898876405,19.633379213483146,45165.52534071182,40.26718539325842,3655.9324182275527,17.370091963405315,,22.15712167237055,,0.06941090871914064,0.9919856735121467,11.266594757390436,0.0974238093116,0.00902129840766075,0.08840251090393925
1955.07,42.69,1.58667,3.29333,26.8,1955.54166666659,2.9,531.8608516791044,19.767806454291044,48438.19579049664,41.030529366604476,3736.7759040224014,18.454031906632878,,23.5035102014631,,0.06521811352416777,0.9964102522763028,11.13459797446181,0.08988747205940273,0.010646514702316257,0.07924095735708647
1955.08,42.43,1.60333,3.36667,26.8,1955.6249999999231,2.97,528.6215960820895,19.975367986007463,48294.78836016641,41.94424861847015,3832.020153865695,18.222326463047754,,23.173696654482637,,0.06520714830858972,1.002475,11.094627576728701,0.09250039623194306,0.010955395425943149,0.08154500080599991
1955.09,44.34,1.62,3.44,26.9,1955.7083333332564,2.97,550.3640687732343,20.108024163568775,50434.26618268546,42.69852044609665,3912.807299694135,18.843960654261316,,23.925531307723045,,0.06378423418526824,1.0102306128294607,11.080740732471881,0.09162652113989855,0.011113910913920222,0.08051261022597833
1955.1,42.11,1.62667,3.5,26.9,1955.7916666665897,2.88,522.6845046468401,20.19081460873606,48051.95326869267,43.44326208178439,3993.8693051632476,17.772325789386098,,22.53236630332378,,0.06788408978308569,1.0015386747064237,11.194103500769437,0.09928464037025542,0.009639783572499283,0.08964485679775613
1955.11,44.95,1.63333,3.56,26.9,1955.874999999923,2.89,557.9356087360595,20.273480930297396,51448.0097561252,44.188003717472114,4074.6365902515163,18.8355592882739,,23.841583744997823,,0.06460790423634752,0.9963990676485582,11.21132758468716,0.09297438519582957,0.009041428494099835,0.08393295670172973
1955.12,45.37,1.64,3.62,26.8,1955.9583333332562,2.96,565.2501016791044,20.432227611940295,52279.49619319339,45.100404850746266,4171.297690530308,18.94236903581358,,23.93776574538757,,0.06264825808600269,1.0076321632439265,11.21263902544188,0.09065075617130702,0.0077193888465101335,0.08293136732479689
1956.01,44.15,1.67,3.64333,26.8,1956.0416666665894,2.9,550.0505177238805,20.805987873134328,51034.06039562942,45.39106574720149,4211.4138904011,18.292585385418896,,23.082459084217525,,0.06512350904143849,1.0075969184830094,11.298215716879273,0.0954316833604758,0.007420219136410111,0.0880114642240657
1956.02,44.43,1.7,3.66667,26.8,1956.1249999999227,2.84,553.5389468283581,21.179748134328356,51521.47516648991,45.681851230410444,4251.907435262516,18.266116815127788,,23.01721641874302,,0.06637558693981145,0.9920650683499093,11.38404734068386,0.09323529049098456,0.004664117243889931,0.08857117324709463
1956.03,47.49,1.73,3.69,26.8,1956.208333333256,2.96,591.6624934701492,21.553508395522385,55237.05908154643,45.97251212686567,4291.950895154902,19.371210099299965,,24.373586635398745,,0.060910141321596036,0.9837762031982095,11.293715703134138,0.08104576499216387,0.0052399493832038235,0.07580581560896005
1956.04,48.05,1.75333,3.66,26.9,1956.2916666665892,3.18,596.4139265799256,21.762964201672865,55849.96262090998,45.429239776951675,4254.128266233726,19.370593634578505,,24.338669114170255,,0.05853257027214732,1.0120440058709126,11.069185822256701,0.0827161027774519,0.00798931481062004,0.07472678796683185
1956.05,46.54,1.77667,3.63,27,1956.3749999999225,3.07,575.5317388888889,21.970992147222223,54065.945240159876,44.88999166666667,4217.004323630863,18.54450659175444,,23.274196470664435,,0.06175470056837123,1.008556205018854,11.161012408836974,0.08067248050126463,0.0073172106738386145,0.07335526982742602
1956.06,46.27,1.8,3.6,27.2,1956.4583333332557,3,567.9855137867647,22.09582720588235,53530.0214610629,44.1916544117647,4164.860109354364,18.158163846958704,,22.767416558558143,,0.06325181869849278,0.9931237707286644,11.173739875701244,0.08081036226107918,0.007054214068889175,0.07375614819219001
1956.07,48.78,1.81333,3.55333,27.4,1956.541666666589,3.11,594.4261368613139,22.096981278284673,56195.47343835365,43.3003736140511,4093.5026984974406,18.85679759689679,,23.620311675201723,,0.05495081588539032,0.9840331001420624,11.015907359676508,0.0752615181359213,0.006923058627694489,0.06833845950822681
1956.08,48.49,1.82667,3.50667,27.3,1956.6249999999222,3.33,593.0566785714285,22.341077398351647,56242.01400320637,42.888308167582416,4067.275381411089,18.670937110186426,,23.368947299227298,,0.050837793863342425,0.9985670712007867,10.87972449371994,0.06814884808595134,0.00641644034294564,0.0617324077430057
1956.09,46.84,1.84,3.46,27.4,1956.7083333332555,3.38,570.7855729927007,22.421978102189783,54307.150485513244,42.16306751824818,4011.587119553284,17.83664079631202,,22.31147321044988,,0.05220463938019157,1.0061893610621129,10.824484496803466,0.0683891737753417,0.007676213894525219,0.060712959880816486
1956.1,46.24,1.80667,3.44333,27.5,1956.7916666665888,3.34,561.4250618181818,21.935765926363633,53590.47105883067,41.80734771,3990.693700497479,17.41895294863613,,21.777269004413128,,0.052325543255801035,0.9902247262799895,10.851875753703007,0.06855155854289707,0.008563709737462899,0.059987848805434174
1956.11,45.76,1.77333,3.42667,27.5,1956.874999999922,3.49,555.5971199999999,21.530966800909088,53205.43731593831,41.60506956272727,3984.210574462552,17.120339736628257,,21.39208741537232,,0.0493870934627005,0.9945751622636863,10.745795697835014,0.07487460323367823,0.008800392891650466,0.06607421034202776
1956.12,46.44,1.74,3.41,27.6,1956.9583333332553,3.59,561.8104239130435,21.049744565217388,53968.4211556531,41.25266032608695,3962.7975051846915,17.197522725560923,,21.474498795561207,,0.04753871397888699,1.0138911587112152,10.64877866830557,0.0741103334326314,0.012651981933879064,0.06145835149875234
1957.01,45.43,1.73667,3.40667,27.6,1957.0416666665885,3.46,549.5918940217391,21.009459709239128,52962.87290981955,41.21237547010869,3971.5392968455853,16.71778007853301,,20.863186388755373,,0.050507358501613704,1.0130014165196715,10.796702542867605,0.08049770453524174,0.01372883363346089,0.06676887090178085
1957.02,43.47,1.73333,3.40333,27.7,1957.1249999999218,3.34,523.982201263538,20.893353322202167,50662.71422509165,41.02333436913357,3966.458136730645,15.84373314222974,,19.762632437908916,,0.05537812004104428,0.9969005501839602,10.897590944505174,0.08928874194658687,0.012770880803941287,0.07651786114264558
1957.03,44.03,1.73,3.4,27.8,1957.208333333255,3.41,528.8232652877698,20.778202338129493,51298.202961794384,40.83577338129496,3961.2511939609562,15.900417108869167,,19.82183674226999,,0.052933175375417425,0.99697822718204,10.8247359391625,0.09043368577945698,0.01425531760138865,0.07617836817806833
1957.04,45.05,1.73,3.40667,27.9,1957.2916666665883,3.48,539.1346639784946,20.703728494623654,52465.81717669856,40.76923164784946,3967.4522841585726,16.123704360211754,,20.086831188745077,,0.051730032009349274,0.9929048859361431,10.753344949399658,0.08980108473528836,0.014599954608208732,0.07520113012707963
1957.05,46.78,1.73,3.41333,28,1957.3749999999216,3.6,557.8389696428571,20.629786607142854,54453.32290400605,40.70304596517857,3973.218483709511,16.59811078911426,,20.66110669340185,,0.04912398212751336,0.9864967886452165,10.638916423485611,0.08764208044800337,0.013680244472760617,0.07396183597524275
1957.06,47.55,1.73,3.42,28.1,1957.4583333332548,3.8,565.0031450177935,20.556370996441277,55319.86935732297,40.63745017793593,3978.8423386339546,16.72991887247286,,20.806763725120597,,0.046547779954751504,0.9925044995420178,10.457907217798413,0.08451812702119121,0.014176390525993954,0.07034173649519726
1957.07,48.51,1.74,3.43667,28.3,1957.541666666588,3.93,572.3365786219081,20.529079505300352,56205.39260857155,40.546937737632504,3981.846765947219,16.86888238397979,,20.959760285686027,,0.0445547860323506,1.003275,10.306166471440498,0.08461087636074383,0.014676440623892395,0.06993443573685143
1957.08,45.84,1.75,3.45333,28.3,1957.6249999999213,3.93,540.8350600706714,20.647062720848055,53280.8043069952,40.743497774734976,4013.878707187515,15.868942729452241,,19.702677805273034,,0.04691584125337617,1.0040955493531014,10.339919166634465,0.09209873777328537,0.013538612374128123,0.07856012539915724
1957.09,43.98,1.76,3.47,28.3,1957.7083333332546,3.92,518.8901819787985,20.765045936395758,51289.36063234456,40.940175795053,4046.704897549696,15.157274488962212,,18.807961927666813,,0.04772818123155337,0.9991734737976983,10.382266815888494,0.09773994048774504,0.013111808465150254,0.08462813202259478
1957.1,41.24,1.77,3.43667,28.3,1957.7916666665878,3.97,486.56278091872787,20.883029151943465,48265.99393295044,40.546937737632504,4022.170062307294,14.149451489483535,,17.551467653382648,,0.05192737707581739,1.0240147011474796,10.373685600325873,0.10420902641504814,0.011945438210442916,0.09226358820460523
1957.11,40.35,1.78,3.40333,28.4,1957.874999999921,3.72,474.3859991197183,20.92706514084507,47231.0764198952,40.01219584595071,3983.715968082329,13.736242235298484,,17.035278552833898,,0.05647057113726219,1.0463665008075973,10.585402311365558,0.10304707187797058,0.007996776960940588,0.09505029491702999
1957.12,40.33,1.79,3.37,28.4,1957.9583333332544,3.21,474.15086355633804,21.04463292253521,47382.270489393006,39.62034242957746,3959.2921286698347,13.673246057951383,,16.954577613038246,,0.06058955909049749,1.0129133037439282,11.07621037618423,0.10575204998778087,0.0039987577345161895,0.10175329225326468
1958.01,41.12,1.78333,3.29333,28.6,1958.0416666665876,3.09,480.0580279720279,20.819598322552444,48145.954673621316,38.44818835751748,3856.0436990583003,13.788431552307634,,17.09410885421223,,0.060595434959735586,1.0059942405838802,11.140784615417505,0.10331792901632153,0.004586659493843737,0.0987312695224778
1958.02,41.26,1.77667,3.21667,28.6,1958.1249999999209,3.05,481.69246678321673,20.741845733391607,48483.22906795835,37.553216362762235,3779.8000108102183,13.784906390337676,,17.08728198881139,,0.06187788720846589,1.008545231626615,11.207565158695507,0.09744165283769735,0.0039256673672112274,0.09351598547048612
1958.03,42.11,1.77,3.14,28.8,1958.2083333332541,2.98,488.2018463541666,20.5204765625,49310.52867394315,36.403557291666665,3676.9190224692825,13.925589923892934,,17.258155337067222,,0.06299125007704467,1.011100680921623,11.224841007287587,0.09354770110394628,0.0025759344731348666,0.09097176663081141
1958.04,42.34,1.75667,3.07,28.9,1958.2916666665874,2.88,489.1698425605537,20.29546498183391,49579.1281231233,35.46885726643598,3594.8966305618446,13.913501765262776,,17.239665390241093,,0.06267794257358467,0.9989596059826652,11.310172951844866,0.10073307025650835,0.002756943524689026,0.09797612673181932
1958.05,43.7,1.74333,3,28.9,1958.3749999999206,2.92,504.88243079584777,20.1413429766436,51341.77210123748,34.66012110726644,3524.6067804053196,14.323824968409225,,17.742987045801215,,0.0597916460423296,0.9981430373402163,11.298405915570745,0.09935022184186337,0.0013039334764610722,0.0980462883654023
1958.06,44.75,1.73,2.93,28.9,1958.458333333254,2.97,517.013473183391,19.98733650519031,52744.761411326595,33.851384948096886,3453.455886819819,14.63555555195626,,18.122451008262203,,0.05695567923070749,0.9829534336905993,11.27742519767045,0.09893845306053173,0.002523483806050608,0.09641496925448112
1958.07,45.98,1.73,2.91333,29,1958.5416666665872,3.2,529.3923155172413,19.918414655172413,54176.964747559476,33.54272541465517,3432.6963181384835,14.957457101901124,,18.513137401048006,,0.05227756453464147,0.9742672963023051,11.046959049441679,0.09542326967940817,0.006161748756146723,0.08926152092326145
1958.08,47.7,1.73,2.89667,28.9,1958.6249999999204,3.54,551.0959256055363,19.98733650519031,56568.52475005264,33.466311002595155,3435.227433705136,15.544566891165912,,19.229233309769263,,0.045585163707002954,0.9847624760955859,10.79993207053263,0.08826347738860729,0.009225849402572539,0.07903762798603475
1958.09,48.96,1.73,2.88,28.9,1958.7083333332537,3.76,565.6531764705883,19.98733650519031,58233.7582267095,33.273716262975775,3425.5151898064405,15.931923184092842,,19.69535029838872,,0.04182106633622133,0.9998326910623766,10.635367847441842,0.08854875351093106,0.010635672693254827,0.07791308081767623
1958.1,50.95,1.73667,2.88333,28.9,1958.791666666587,3.8,588.6443901384084,20.064397507785465,60772.8291814913,33.312188997404846,3439.2173025293287,16.559803310351565,,20.455148275406547,,0.0394570906866444,1.008131544683726,10.633588455346052,0.08620659016845034,0.009615599458893564,0.07659099070955677
1958.11,52.5,1.74333,2.88667,29,1958.8749999999202,3.74,604.4605603448276,20.071890069827585,62578.41088233869,33.23577458534483,3440.8232636518214,16.98888357938633,,20.965610881429548,,0.03972103343144633,0.9932424609586264,10.68309024482933,0.0846440199512497,0.00841414288606579,0.07622987706518392
1958.12,53.49,1.75,2.89,28.9,1958.9583333332534,3.86,617.9899593425605,20.218403979238754,64153.50883120721,33.389250000000004,3466.136483869674,17.35835736536995,,21.399510465598848,,0.03733806321074792,0.9901489231071477,10.647614758377303,0.08302935727297545,0.006446639008672594,0.07658271826430285
1959.01,55.62,1.75667,2.96333,29,1959.0416666665867,4.02,640.3827879310345,20.225480619827586,66653.07450491651,34.1184021387931,3551.1516589833554,17.98033934299339,,22.1400104542214,,0.0345207004870247,1.0082641214080816,10.506370064988896,0.07421766465278923,0.007938531184651154,0.06627913346813807
1959.02,54.77,1.76333,3.03667,28.9,1959.12499999992,3.96,632.7782776816609,20.37241045069204,66038.27502402737,35.08378332093425,3661.4286765969173,17.759169263611415,,21.841682331178742,,0.03631425020967785,1.0008463720204186,10.629850640144006,0.0743556179869469,0.0055859953236327975,0.0687696226633141
1959.03,56.16,1.77,3.11,28.9,1959.2083333332532,3.99,648.8374671280276,20.4494714532872,67892.09733276283,35.93099221453287,3759.6941364831273,18.200871845485622,,22.355431528386653,,0.0346477330187193,0.9927567382434969,10.638847448307056,0.06842600185267567,0.00436657382402883,0.06405942802864684
1959.04,57.1,1.77667,3.20667,29,1959.2916666665865,4.12,657.4228189655172,20.455751309482757,68968.80693450996,36.92010561982759,3873.208478681,18.43075304878341,,22.606141738483977,,0.032587143118029224,0.9881229824116164,10.525367534584387,0.06855811196921979,0.006373716247017436,0.06218439572220236
1959.05,57.96,1.78333,3.30333,29,1959.3749999999197,4.31,667.3244586206896,20.53243144913793,70187.06763216709,38.03300386293103,4000.1905818041155,18.692721439594173,,22.894229168466897,,0.030354324726054656,1.0011775987524087,10.400357559251926,0.07008498944943997,0.006704869610914432,0.06338011983852554
1959.06,57.46,1.79,3.4,29.1,1959.458333333253,4.34,659.2942628865978,20.538404639175255,69522.49082488305,39.01149484536082,4113.756853543376,18.448591397066473,,22.562214820417083,,0.03068569842492972,0.9988019155824659,10.376822859546767,0.06507284832661786,0.005073973603275883,0.05999887472334198
1959.07,59.74,1.79667,3.41,29.2,1959.5416666665863,4.4,683.1074640410959,20.544336916952055,72214.12279395157,38.99224058219178,4122.031448399312,19.090533975796504,,23.310742907975126,,0.029470635773643367,1.0012626276101042,10.32889606159107,0.05591107748965918,0.0044513692227852175,0.05145970826687396
1959.08,59.4,1.80333,3.42,29.2,1959.6249999999195,4.43,679.2196746575343,20.620491850171234,71984.7849313507,39.10658732876712,4144.578526350495,18.958803640750205,,23.114626571364777,,0.02910475620080244,0.9838876299903478,10.341937610940331,0.05537549652149987,0.004557677883471056,0.05081781863802881
1959.09,57.05,1.81,3.43,29.3,1959.7083333332528,4.68,650.121744880546,20.62612372013652,69083.1056948931,39.08707423208191,4153.462796380076,18.12329055675861,,22.06562182278452,,0.028957426532419832,1.0158648196265918,10.140576483879002,0.06010538096214879,0.0034376210664397444,0.05666775989570905
1959.1,57,1.81667,3.41667,29.4,1959.791666666586,4.53,647.3426020408162,20.631717278061224,68970.48592739183,38.80273768622449,4134.19982725512,18.021962441515413,,21.913293512657283,,0.03197373647861376,1.003775,10.266415938458104,0.061127011426896694,0.002682100701659973,0.05844491072523672
1959.11,57.23,1.82333,3.40333,29.4,1959.8749999999193,4.53,649.9546862244897,20.707354150510202,69432.64162514854,38.65123680357143,4128.991651618326,18.0717891305702,,21.94586339590119,,0.03139061226480772,0.9911062458036582,10.305171658625785,0.06090441826441917,0.0020766310364799256,0.05882778722793924
1959.12,59.06,1.83,3.39,29.4,1959.9583333332525,4.69,670.7377908163267,20.783104591836736,71837.852389116,38.49984948979592,4123.439207570322,18.624728977900098,,22.588315691509766,,0.029010076868157743,1.0015362166752055,10.21351999494286,0.051298900077660026,-0.0005501539628407492,0.051849054040500775
1960.01,58.03,1.86667,3.39,29.3,1960.0416666665858,4.72,661.2894803754266,21.271915118600685,71015.76918441811,38.631248293515355,4148.603438483154,18.33828499437555,,22.215441275545846,,0.02963452794942406,1.0223132881790824,10.26412215478997,0.05160969936620052,-0.001636193139850528,0.05324589250605105
1960.02,55.78,1.90333,3.39,29.4,1960.124999999919,4.49,633.4871989795919,21.615905170918367,68223.53077419715,38.49984948979592,4146.249001873939,17.54527510894597,,21.23385676980203,,0.03474757761819636,1.023134908202376,10.457457489143488,0.05185746103932698,0.0004016579747203597,0.05145580306460662
1960.03,55.02,1.94,3.39,29.4,1960.2083333332523,4.25,624.8559642857143,22.03236224489796,67491.7198638369,38.49984948979592,4158.432030868904,17.286020720522142,,20.90186208386403,,0.037568234521250854,1.0011208804158602,10.699389808185071,0.0545390317248744,-0.0006138646284771232,0.05515289635335152
1960.04,55.73,1.94333,3.34667,29.5,1960.2916666665856,4.28,630.7738652542373,21.995366509322032,68328.90171663386,37.8789156940678,4103.252924959753,17.429766947597198,,21.057013645323995,,0.03713829621486332,0.9979364483224713,10.675072773344814,0.04948843473227593,-0.002834123274965461,0.05232255800724139
1960.05,55.22,1.94667,3.30333,29.5,1960.3749999999188,4.35,625.0014864406779,22.033169931355932,67902.50202855282,37.38837667881356,4062.0132565371127,17.256170578727907,,20.829617960486157,,0.036583183856928686,1.019861215150373,10.653044209015638,0.037477773018283145,-0.005868192604227329,0.043345965622510474
1960.06,57.26,1.95,3.26,29.6,1960.458333333252,4.15,645.9015050675674,21.9962964527027,70372.30498807589,36.7732956081081,4006.5266199987323,17.82336381726473,,21.494025476015537,,0.036654561760249484,1.0239912183288333,10.827921792422003,0.0329648614534539,-0.006872596512659812,0.03983745796611371
1960.07,55.84,1.95,3.26333,29.6,1960.5416666665853,3.9,629.8836891891891,21.9962964527027,68826.84264922669,36.8108585143581,4022.2904803456468,17.3768064728981,,20.937549239049766,,0.03931696060144473,1.0115016056773918,11.087696828191532,0.035268890757965465,-0.006502916345656029,0.041771807103621494
1960.08,56.51,1.95,3.26667,29.6,1960.6249999999186,3.8,637.4413910472972,21.9962964527027,69852.95916974032,36.84853422212837,4037.9855977882785,17.582113039577667,,21.166031871201216,,0.03880170512478682,1.0031666666666668,11.21522314497986,0.03705564545598916,-0.007505886915268212,0.04456153237125737
1960.09,54.81,1.95,3.27,29.6,1960.7083333332519,3.8,618.2651326013514,21.9962964527027,67952.42962234207,36.886097128378374,4054.0858395376486,17.052015467817657,,20.511204667640964,,0.040151038844062674,0.9957713775053386,11.250738018272296,0.04577936605414168,-0.006742316932297876,0.052521682986439555
1960.1,53.73,1.95,3.27,29.8,1960.7916666665851,3.89,602.0149001677852,21.84867030201342,66366.5076532189,36.6385394295302,4039.0560213293465,16.60510453625102,,19.958227629483627,,0.04068368452938368,0.9999609998590825,11.127973881692549,0.050296413350896074,-0.005131217525779164,0.05542763087667524
1960.11,55.47,1.95,3.27,29.8,1960.8749999999184,3.93,621.5106367449664,21.84867030201342,68716.4477390229,36.6385394295302,4050.8884821814468,17.146088452418997,,20.590981751601518,,0.03797012851613482,1.010687575569906,11.127539889143037,0.046332708517203613,-0.0015965533080211092,0.04792926182522472
1960.12,56.8,1.95,3.27,29.8,1960.9583333332516,3.84,636.4125503355704,21.84867030201342,70565.36243616533,36.6385394295302,4062.4777318003635,17.562090833957118,,21.07125094794225,,0.03625922615954221,1.0032,11.246466312615398,0.050267335077437414,0.0006316092408016338,0.04963572583663578
1961.01,59.72,1.94667,3.21,29.8,1961.041666666585,3.84,669.1295335570469,21.811359495805366,74394.5551794999,35.966272651006705,3998.769627029382,18.47041698647717,,22.138023912072306,,0.031844848651755894,1.0081555955915638,11.282455004815768,0.04894820217185658,0.0019400846429533658,0.047008117528903215
1961.02,62.17,1.94333,3.15,29.8,1961.1249999999181,3.78,696.5804270134228,21.773936645134224,77648.31312378752,35.29400587248321,3934.2478098750303,19.234014498298347,,23.028743280290055,,0.029103054689369405,1.0064599186780394,11.37447014511506,0.048460260605128314,0.002351922442614285,0.04610833816251403
1961.03,64.12,1.94,3.09,29.8,1961.2083333332514,3.74,718.4290973154363,21.736625838926173,80285.71628522225,34.621739093959725,3869.0402888542844,19.84422527272556,,23.733978127182553,,0.027510257772652945,0.999812936272291,11.447948297258291,0.04762302972176036,0.005013335924851203,0.042609693796909154
1961.04,65.83,1.94,3.07,29.8,1961.2916666665847,3.78,737.5887005033557,21.736625838926173,82629.2611851054,34.39765016778523,3853.4381260561076,20.382842975754766,,24.352100217522803,,0.025778633459042216,1.008950498281547,11.445806801375186,0.048126861952407785,0.004275394704985835,0.04385146724742195
1961.05,66.5,1.94,3.05,29.8,1961.374999999918,3.71,745.0956795302013,21.736625838926173,83673.1621758231,34.173561241610734,3837.641272725721,20.598606843297333,,24.58439827006406,,0.025572348486321006,0.9891162651835674,11.548252475481812,0.04512588757964475,-0.0008087942224769273,0.04593468180212168
1961.06,65.62,1.94,3.03,29.8,1961.4583333332512,3.88,735.2357667785235,21.736625838926173,82769.32425858552,33.94947231543623,3821.8691329398666,20.332414551592283,,24.24396485326972,,0.02450792621531353,0.9999511359209277,11.422564357945458,0.043805070632089826,-0.0008719917852310077,0.044677062417320834
1961.07,65.44,1.94667,3.03667,30,1961.5416666665844,3.92,728.33084,21.665950432499997,82195.25472942901,33.7973779325,3814.178853594364,20.146643736827304,,24.001732449096924,,0.02524000931045841,0.9934749803871008,11.34585949682508,0.043790117145813046,-0.0014214964115368822,0.04521161355734993
1961.08,67.79,1.95333,3.04333,29.9,1961.6249999999177,4.04,757.0091162207359,21.812783846989966,85636.85986987055,33.98478468311037,3844.537907475632,20.941688475215173,,24.92737178868873,,0.02181681518840775,1.0082762096268238,11.30952596095294,0.03767453343601068,0.000290668455689147,0.037383864980321535
1961.09,67.26,1.96,3.05,30,1961.708333333251,3.98,748.586985,21.81431,84889.74981753677,33.94573749999999,3849.445984886813,20.705243044147235,,24.626812599567014,,0.022520573809431975,1.0082399627852752,11.365115548690506,0.04113779005024831,0.003546104687216056,0.03759168536303226
1961.1,68,1.98,3.09667,30,1961.7916666665842,3.92,756.823,22.036904999999997,86031.96247862613,34.4651629325,3917.832312480694,20.92419014101077,,24.869916653028188,,0.02222750466506347,1.0016270980695723,11.458763677862068,0.037538369975540276,0.004546583636601209,0.032991786338939066
1961.11,71.08,2,3.14333,30,1961.8749999999175,3.94,791.1026299999999,22.2595,90139.56696167425,34.9844770675,3986.190278807535,21.85795772195965,,25.960088110372322,,0.019215321648647546,0.9935007566437831,11.477408210122002,0.02810404347976525,0.0057777477795133425,0.022326295700251908
1961.12,71.74,2.02,3.19,30,1961.9583333332507,4.06,798.4482649999999,22.482095,91190.01164325257,35.503902499999995,4054.866701170556,22.04148019838225,,26.158967454388552,,0.017251533180928626,1.0017544201863267,11.402813741065778,0.03353817532139125,0.005525821227594596,0.028012354093796654
1962.01,69.07,2.02667,3.25,30,1962.041666666584,4.08,768.7318324999999,22.5563304325,88010.80442255657,36.1716875,4141.235187104515,21.197931400015204,,25.1424599160829,,0.018856943716482638,1.006663895426522,11.422819067674027,0.041710582602430435,0.005695512025453597,0.03601507057697684
1962.02,70.22,2.03333,3.31,30.1,1962.1249999999172,4.04,778.9345963455149,22.555270333056477,89394.0944493929,36.717082225913614,4213.820174131165,21.45168775487336,,25.42705712071742,,0.019803478924056123,1.0123885003875235,11.460737082475502,0.041731982825139013,0.0044005263696751395,0.037331456455463874
1962.03,70.29,2.04,3.37,30.1,1962.2083333332505,3.93,779.7110905315615,22.62925913621262,89699.62823845378,37.38264867109634,4300.579700719721,21.443158568526226,,25.4005938657596,,0.020922020958310847,1.010687575569906,11.602718428263055,0.04382050752267386,0.0035032717460843354,0.04031723577658952
1962.04,68.05,2.04667,3.40333,30.2,1962.2916666665838,3.84,752.3637293046357,22.628071621688743,86770.46123192915,37.627362980960264,4339.581393452777,20.658336447649024,,24.45737104891086,,0.023545227932979328,1.0007326009996715,11.687893148485825,0.048349863318874586,0.0021442348125504385,0.04620562850632415
1962.05,62.99,2.05333,3.43667,30.2,1962.374999999917,3.87,696.4201514900662,22.70170486837748,80536.64539205482,37.99597145612583,4393.99703317214,19.089367498116648,,22.592739011982133,,0.02722380214925573,0.999941270990609,11.696455710690458,0.05511859855153167,0.0027881753337712922,0.05233042321776038
1962.06,55.63,2.06,3.47,30.2,1962.4583333332503,3.91,615.0476746688742,22.775448675496687,71345.91269437973,38.364469370860924,4450.302301806537,16.827571244792455,,19.917222641066676,,0.03348178357316253,0.9950871893373412,11.695768789433183,0.06827486498493851,0.003212362546953784,0.06506250243798473
1962.07,56.97,2.06667,3.49,30.3,1962.5416666665835,4.01,627.7840173267326,22.773782606435642,73043.48410731454,38.458245049504946,4474.666658496186,17.14132566132278,,20.289071663902092,,0.030967289321607888,1.005796438146745,11.599899428807168,0.06471828224518927,0.004067941252300589,0.060650340992888685
1962.08,58.52,2.07333,3.51,30.3,1962.6249999999168,3.98,644.8643267326732,22.847172839108907,75252.32509277512,38.678636138613854,4513.5963956876385,17.571262631045524,,20.797371453348283,,0.029839850791958528,1.0033166666666666,11.667137528354711,0.06524709355521496,0.0030177421481709654,0.062229351407044
1962.09,58,2.08,3.53,30.4,1962.70833333325,3.98,637.0317434210526,22.845276315789473,74560.4636569539,38.771069901315784,4537.90408119047,17.321461147465474,,20.501925308455846,,0.030994332976254563,1.007417500176147,11.667327503126966,0.06468078422017998,0.0007972145799102215,0.06388356964026976
1962.1,56.17,2.09667,3.57667,30.4,1962.7916666665833,3.93,616.9322935855264,23.02836802549342,72432.56265900696,39.28366078865132,4612.201778272928,16.73982096790133,,19.816278671377095,,0.03350027818762897,1.0040955493531014,11.753869906936574,0.06770860215278574,0.0006355751281197364,0.067073027024666
1962.11,60.04,2.11333,3.62333,30.4,1962.8749999999166,3.92,659.4376875,23.21134990213816,77650.11965492475,39.79614184292763,4686.076083432354,17.854386489497145,,21.134634868091066,,0.029871128091809203,1.008203769520687,11.802008461230367,0.06550144615698672,0.001985965396072986,0.06351548076091373
1962.12,62.64,2.13,3.67,30.4,1962.9583333332498,3.86,687.9942828947369,23.394441611842105,81242.27833816182,40.30873273026315,4759.8844428648445,18.585836118439858,,21.99692844815037,,0.028266895655685027,1.0056886798606937,11.898829418527498,0.06287185979668419,0.0008677959104155253,0.06200406388626867
1963.01,65.06,2.13667,3.68333,30.4,1963.041666666583,3.83,714.5738832236842,23.467700262335526,84611.88202829196,40.45514019819079,4790.247209211015,19.259231693254055,,22.787775396063658,,0.02706584182096207,0.9958067224887539,11.966518049806504,0.059355393684216384,-0.0001358928058412534,0.05949128649005764
1963.02,65.92,2.14333,3.69667,30.4,1963.1249999999163,3.92,724.0195263157894,23.54084907976974,85962.61700067601,40.601657499177634,4820.6223814910345,19.469191309671405,,23.029397502210223,,0.02598767561103328,1.0024464999647706,11.91633911878033,0.05336930623767122,-0.0011864075961453002,0.05455571383381652
1963.03,65.67,2.15,3.71,30.5,1963.2083333332496,3.93,718.9088680327868,23.536684426229506,85588.70538407337,40.61446475409836,4835.299177324688,19.288064606604834,,22.808875397934827,,0.026321100952038344,1.0000004457048253,11.906326893024408,0.05142642232926953,-0.001981791331338578,0.053408213660608106
1963.04,68.76,2.16667,3.75333,30.5,1963.2916666665828,3.97,752.7360098360656,23.7191758352459,89851.27032485805,41.08881105,4904.61705131471,20.150077238226974,,23.81965640164468,,0.023703168769710042,1.0065890001409175,11.906332199731755,0.04388727879779708,-0.0018273739201424277,0.04571465271793951
1963.05,70.14,2.18333,3.79667,30.5,1963.374999999916,3.93,767.8432770491803,23.901557771311474,91892.32133636913,41.56326681885246,4974.120610894676,20.507585864952606,,24.23244734996408,,0.022857678405550967,0.9983677440408374,11.984783024273598,0.038126412445394164,-0.0039037208183410055,0.04203013326373517
1963.06,70.11,2.2,3.84,30.6,1963.4583333332494,3.99,765.0066397058823,24.0053431372549,91792.2493115407,41.90023529411764,5027.560082104069,20.384149993840992,,24.07715317339321,,0.022505837092669845,1.0008747980825903,11.926118762034974,0.03545085871264475,-0.003881917256573386,0.03933277596921814
1963.07,69.07,2.20333,3.88,30.7,1963.5416666665826,4.02,751.2037451140064,23.96336684120521,90375.66753730184,42.198791530944625,5076.843637537732,19.969231885949632,,23.57882651204825,,0.023555825629666585,1.0049849901462253,11.897670431939375,0.03807757976587567,-0.004926937976289958,0.04300451774216563
1963.08,70.98,2.20667,3.92,30.7,1963.6249999999159,4,771.9768615635179,23.99969260504886,93115.44792222473,42.63383061889251,5142.470496690913,20.472637900527673,,24.16321423105722,,0.022147006613098014,0.9968176807453066,11.95698020180563,0.031430477529298395,-0.008497276492720252,0.03992775402201865
1963.09,72.85,2.21,3.96,30.7,1963.7083333332491,4.08,792.3149389250814,24.035909609120523,95810.21615656637,43.06886970684039,5208.077638709716,20.9603600907051,,24.727136816950267,,0.020210426714588718,1.000960036443839,11.918929273481437,0.03029915586583587,-0.005639402968682705,0.035938558834518575
1963.1,73.03,2.23333,3.98,30.8,1963.7916666665824,4.11,791.6938076298701,24.210783669642854,95979.07911475412,43.14584902597402,5230.682389110248,20.89134459541149,,24.634554206566815,,0.020021572622875662,1.0026120567879613,11.891636906319297,0.033491536019557566,-0.003586413357661522,0.03707794937721909
1963.11,72.62,2.25667,4,30.8,1963.8749999999156,4.12,787.2491347402597,24.463804804383116,95687.39081225435,43.362662337662336,5270.580601060554,20.720399335339703,,24.423701791634453,,0.020692523571010403,1.0026207678502677,11.92269853722042,0.025823336524494644,-0.0035091369210143997,0.029332473445509044
1963.12,74.17,2.28,4.02,30.9,1963.958333333249,4.13,801.4500558252427,24.636728155339803,97663.0056928946,43.43844174757281,5293.316474119405,21.038599376737043,,24.78906855362926,,0.02019120782495403,1.0001974386374914,11.9152592555613,0.015880522174610334,-0.0036103662700108785,0.019490888444621213
1964.01,76.45,2.29667,4.07333,30.9,1964.0416666665822,4.17,826.0867839805825,24.816857216019418,100917.19598888386,44.014703463592234,5376.965885381299,21.627216196980918,,25.47183857907227,,0.018497562501543746,1.0050986215150373,11.917611788114076,0.013392673012420087,-0.00571292742445062,0.019105600436870707
1964.02,77.39,2.31333,4.12667,30.9,1964.1249999999154,4.15,836.2440315533981,24.996878220873786,102412.50964459739,44.59107323543689,5460.946261468802,21.83267082671032,,25.702472478695203,,0.018262443104984954,0.9977940951085311,11.978375179984816,0.008083923909201873,-0.006700868047748276,0.01478479195695015
1964.03,78.8,2.33,4.18,30.9,1964.2083333332487,4.22,851.4799029126214,25.177007281553397,104535.35153917731,45.167334951456304,5545.149358296461,22.167245585982627,,26.08399141025239,,0.016871130342640484,1.002707865072601,11.951952023583438,0.009253954388513286,-0.008920374534553632,0.018174328923066918
1964.04,79.94,2.34667,4.23,30.9,1964.291666666582,4.23,863.7982669902913,25.35713634223301,106307.08756122932,45.70761407766991,5625.206159419566,22.422192169737166,,26.37088840344753,,0.016635908141929938,1.0059547846225443,11.984316297017502,0.0021808639941740537,-0.011090187213023905,0.01327105120719796
1964.05,80.72,2.36333,4.28,30.9,1964.3749999999152,4.2,872.2266213592233,25.53715734708738,107606.26305620387,46.2478932038835,5705.584810214973,22.57433076956382,,26.536112909394053,,0.016257628241597953,1.0059331710218815,12.055680319414689,-0.003014996991642871,-0.012767132461679709,0.009752135470036838
1964.06,80.24,2.38,4.33,31,1964.4583333332484,4.17,864.2430387096773,25.634327419354836,106884.87295985353,46.63724274193549,5767.840228267271,22.300288036082783,,26.201151795356164,,0.01742966201728144,1.0018543915381173,12.088088704365438,-0.0027048679423665734,-0.012946635205408064,0.01024176726304149
1964.07,83.22,2.4,4.37667,31.1,1964.5416666665817,4.19,893.4576800643086,25.76662379421222,110763.53703024385,46.98833723392283,5825.227705048755,22.98435184573839,,26.989715153331485,,0.016221768966826172,1.0034916666666667,12.071564224015933,-0.01894503925005364,-0.014835150590170598,-0.004109888659883043
1964.08,82,2.42,4.42333,31,1964.624999999915,4.19,883.1995161290322,26.0651564516129,109761.09285849093,47.64247458145161,5920.8479862652275,22.650407292938784,,26.58432227629419,,0.016536508374959645,1.002681738459152,12.152790599536072,-0.022990680101330208,-0.017589435600864012,-0.005401244500466196
1964.09,83.41,2.44,4.47,31.1,1964.7083333332482,4.2,895.4975377813503,26.19606752411575,111560.74667494571,47.99033681672025,5978.618122970955,22.892221984231675,,26.85404461770386,,0.01667481966236299,1.0043103042309414,12.146199915423116,-0.035963149282603024,-0.018051889864259096,-0.017911259418343928
1964.1,84.85,2.46,4.49667,31.1,1964.7916666665815,4.19,910.9575120578776,26.41078938906752,113760.93164413748,48.27666842363344,6028.819899778949,23.212154680675326,,27.214540709714253,,0.016172738247145664,1.0067389096967414,12.198553732308424,-0.03652864214333629,-0.017851620173030325,-0.018677021970305963
1964.11,85.44,2.48,4.52333,31.2,1964.8749999999147,4.15,914.3517692307692,26.54017307692308,114461.00464540868,48.40724237259615,6059.748316277112,23.225019793095814,,27.21460956506034,,0.016874766984181153,1.0010262918409112,12.241397278301745,-0.0343272727812608,-0.01684112085276357,-0.01748615192849723
1964.12,83.96,2.5,4.55,31.2,1964.958333333248,4.18,898.5132788461538,26.75420673076923,112757.39691787188,48.69265624999999,6110.602143595963,22.752984772787258,,26.64830703411381,,0.017847660253903185,1.002673029102392,12.253960524449818,-0.0396805567614088,-0.015378885425028854,-0.02430167133637995
1965.01,86.12,2.51667,4.59333,31.2,1965.0416666665812,4.19,921.6289134615386,26.93260378125,115939.90931088896,49.15636016105769,6183.816345041634,23.269335081922463,,27.237870222779122,,0.016772396482347525,1.0018725618126394,12.286715717551235,-0.03475593755796047,-0.015891883407673668,-0.018864054150286802
1965.02,86.75,2.53333,4.63667,31.2,1965.1249999999145,4.21,928.3709735576923,27.110893814903843,117072.26316292184,49.6201710889423,6257.353895557633,23.372068272751328,,27.342132127815116,,0.016383497482970702,1.0035083333333332,12.309723352206678,-0.026489022094819514,-0.015463666017966449,-0.011025356076853066
1965.03,86.83,2.55,4.68,31.3,1965.2083333332478,4.21,926.2583314696485,27.202104632587854,117091.70855636688,49.9238626198083,6311.058344394759,23.253528200034836,,27.187223882061446,,0.016926684744402745,1.004318261540848,12.313443798945073,-0.022138064932353485,-0.01758765728661771,-0.004550407645735777
1965.04,87.97,2.57,4.73333,31.4,1965.291666666581,4.2,935.430675955414,27.328144108280256,118539.10578764265,50.33195500079617,6378.136928473599,23.420551954771284,,27.365269983870892,,0.01704414200634577,1.0026904475729863,12.327232340852936,-0.02226512529657354,-0.020791407964532826,-0.0014737173320407138
1965.05,89.28,2.59,4.78667,31.4,1965.3749999999143,4.21,949.3605859872612,27.540814490445857,120595.15806585467,50.89914691003185,6465.605121629532,23.708808308861933,,27.683223304413566,,0.016425016894026395,1.0035083333333332,12.36039811318602,-0.0181372001150909,-0.01981847792622049,0.001681277811129589
1965.06,85.04,2.61,4.84,31.6,1965.4583333332475,4.21,898.5512088607594,27.577829905063286,114432.88538558382,51.14049683544303,6512.878236902937,22.38534298645778,,26.12273837704228,,0.01956419400937901,1.004318261540848,12.325257683887754,-0.010893214479830049,-0.018287081890895562,0.007393867411065513
1965.07,84.91,2.62667,4.88667,31.6,1965.5416666665808,4.2,897.1776004746835,27.75396876503164,114552.49784820361,51.63362224604429,6592.630487102591,22.30078171217442,,26.008689840144708,,0.019453470620650025,0.9994597413467272,12.378481370125126,-0.011670927727827851,-0.02049760651693444,0.00882667878910659
1965.08,86.49,2.64333,4.93333,31.6,1965.624999999914,4.25,913.8722254746834,27.930001962816455,116981.26106154619,52.12664199446202,6672.530519513905,22.665971845964382,,26.417386639884455,,0.018230992658695787,1.0003154470399351,12.37179378845054,-0.02105027686749772,-0.02221471083105475,0.0011644339635570322
1965.09,89.38,2.66,4.98,31.6,1965.7083333332473,4.29,944.4085965189872,28.10614082278481,121189.91744575066,52.61976740506329,6752.3583450418255,23.37414683164862,,27.22229294175346,,0.016115746985655807,0.9987490985621182,12.375696434179796,-0.02587613152400925,-0.02229773349309916,-0.0035783980309100905
1965.1,91.39,2.68,5.05,31.7,1965.7916666665806,4.35,962.6004913249211,28.228135646687697,123826.22835109297,53.19107649842271,6842.350948386252,23.775745523312686,,27.66741422424398,,0.01511424216362392,0.9956189389470301,12.32122444112964,-0.023778803201156662,-0.01982136858441874,-0.00395743461673792
1965.11,92.15,2.7,5.12,31.7,1965.8749999999138,4.45,970.605485015773,28.438793375394326,125160.82551627328,53.92837854889589,6954.133767154845,23.925461156673716,,27.81807136929865,,0.013851050159745644,0.9902043429643292,12.267244404605707,-0.023561836699148353,-0.0188440077244042,-0.004717828974744154
1965.12,91.73,2.72,5.19,31.8,1965.958333333247,4.62,963.1433655660377,28.559358490566037,124505.47278387206,54.49377594339622,7044.406450978916,23.694111549106324,,27.525611912109806,,0.013258172151926248,1.0046447183490235,12.108880324998752,-0.02456082142082361,-0.016933179534137865,-0.007627641886685743
1966.01,93.32,2.74,5.24,31.8,1966.0416666665803,4.61,979.8379905660375,28.769353773584907,126973.50343191893,55.0187641509434,7129.673788933298,24.05848338842175,,27.923438274605232,,0.012718973089050012,0.9865338038444458,12.165122663630404,-0.017734160790136566,-0.015172325342341475,-0.002561835447795091
1966.02,92.69,2.76,5.29,32,1966.1249999999136,4.83,967.1404945312499,28.798228124999998,125639.0706898395,55.19660390625,7170.468054258829,23.700027145579398,,27.482994403460832,,0.011785616374618876,1.000883883641557,11.92629658098817,-0.013016897705553032,-0.013276141473607006,0.00025924376805397387
1966.03,88.88,2.78,5.34,32.1,1966.2083333332469,4.87,924.4973644859813,28.916546728971955,120412.43686166829,55.544733644859804,7234.500594524175,22.611112582289998,,26.200300759745176,,0.013735257908352581,1.013533726193486,11.899651628102642,-0.008199088693369494,-0.012187341948056374,0.00398825325468688
1966.04,91.6,2.79667,5.38,32.3,1966.29166666658,4.75,946.8901857585139,28.909818513157898,123642.80408648682,55.61429256965944,7261.990021673571,23.11369646261583,,26.76040894831137,,0.014226847363845704,1.001592747264804,11.986019008874047,-0.0100947336423588,-0.011464986718927594,0.0013702530765687948
1966.05,86.78,2.81333,5.42,32.3,1966.3749999999134,4.78,897.0647414860681,29.08203675,117453.16455014971,56.02778173374613,7335.747313457149,21.8521779767631,,25.28360161027213,,0.01604664683538902,1.0016210031287147,12.005109707866321,-0.0060843084754330645,-0.014018900137595436,0.007934591662162371
1966.06,86.06,2.83,5.46,32.4,1966.4583333332466,4.81,886.8761898148149,29.16406712962963,116437.37762210569,56.267069444444445,7387.265649740843,21.55525338322626,,24.925488570872403,,0.01594046667277356,0.9876303360155121,11.987457157805732,-0.004853584375537734,-0.013479928932099705,0.008626344556561971
1966.07,85.84,2.85,5.47667,32.5,1966.5416666665799,5.02,881.8871446153846,29.279803846153847,116102.71304865814,56.265201168461545,7407.458591241784,21.381702007433425,,24.711793345102823,,0.013785189143865215,0.9887269612751288,11.80274810584066,-0.0024684475548125695,-0.011619750356131608,0.009151302801319039
1966.08,80.65,2.87,5.49333,32.7,1966.6249999999131,5.22,823.4993922018348,29.304938073394492,108737.3210000845,56.09118308944954,7406.447459012947,19.913903864009814,,23.008866665632205,,0.01622887312490654,1.007446914235438,11.598320986390446,0.003003215732589659,-0.009359709505287861,0.01236292523787752
1966.09,77.81,2.89,5.51,32.7,1966.7083333332464,5.18,794.5007775229358,29.50915366972477,105232.96365146637,56.261396788990815,7451.9165880938135,19.161676250615013,,22.136998500688097,,0.01822798109081221,1.0175811091873184,11.684692688051177,0.00837259612159369,-0.008575229527681971,0.01694782564927566
1966.1,77.13,2.88333,5.52333,32.9,1966.7916666665797,5.01,782.7698639817628,29.262074833586627,104002.16868205837,56.05466449924012,7447.663663252607,18.82540937131568,,21.74693156657988,,0.021110043424481036,0.9925509766263274,11.8178421658011,0.005859734624794832,-0.00835337518485435,0.014213109809649183
1966.11,80.99,2.87667,5.53667,32.9,1966.874999999913,5.16,821.9438776595744,29.19448443693009,109530.23857697126,56.190048266717326,7487.748932238049,19.711251211928968,,22.76571918029144,,0.017222795263778012,1.029463526499817,11.729810783281673,0.00012934079183124503,-0.006340798362333255,0.0064701391541645
1966.12,81.33,2.87,5.55,32.9,1966.9583333332462,4.84,825.3944384498479,29.126792553191493,110313.49901870271,56.325330547112465,7527.848512895613,19.73647375279197,,22.79021908113516,,0.019988484803566055,1.0247245931872906,12.075412374132732,0.00279830914476098,-0.006033027621582421,0.0088313367663434
1967.01,84.45,2.88,5.51667,32.9,1967.0416666665794,4.58,857.0584080547112,29.228279635258357,114870.89919948277,55.98707410258359,7503.905784331683,20.432242125384278,,23.58698583926791,,0.020863127305986447,0.9998467334879855,12.373972032651938,-0.002300309963306879,-0.010797432825817355,0.008497122862510476
1967.02,87.36,2.89,5.48333,32.9,1967.1249999999127,4.63,886.5911489361703,29.32976671732523,119156.7376628067,55.64871617097264,7479.117609072777,21.074443163678446,,24.32001954482433,,0.01850370456509897,1.0110339143296996,12.372075517118729,-0.009335880523184015,-0.012447113464996162,0.0031112329418121476
1967.03,89.42,2.9,5.45,33,1967.208333333246,4.54,904.7474954545454,29.34206818181818,121925.5559416936,55.142852272727275,7431.159470836839,21.443898602019104,,24.737345583070862,,0.0185283217665798,0.9998060783089822,12.470683126520477,-0.012325121447545495,-0.013771681759980003,0.0014465603124345083
1967.04,90.96,2.9,5.41,33.1,1967.2916666665792,4.59,917.5486948640481,29.253421450151055,123979.19153635878,54.57276208459214,7373.872319829608,21.686025566746242,,25.007294802946525,,0.0174501853176735,0.9833890103864371,12.430596316872942,-0.01597594932596469,-0.01305060279982817,-0.0029253465261365186
1967.05,92.59,2.9,5.37,33.2,1967.3749999999125,4.85,931.177908885542,29.165308734939757,126149.17251934229,54.00610617469879,7316.35226729526,21.948477389658404,,25.300129034292656,,0.014241698664414562,0.9907832878855733,12.187292196675735,-0.018103709951357905,-0.011605898470410048,-0.006497811480947857
1967.06,91.43,2.9,5.33,33.3,1967.4583333332457,5.02,916.7504887387388,29.077725225225226,124522.92095416618,53.44285360360361,7259.1837327540825,21.55209760979349,,24.835207934713086,,0.013322936774481056,0.9933342448512388,12.038704275587987,-0.016593517526992674,-0.00919297698823085,-0.007400540538761824
1967.07,93.01,2.90667,5.32,33.4,1967.541666666579,5.16,929.8006414670658,29.0573446998503,126624.43997531186,53.18287724550898,7242.683804630246,21.804196245666365,,25.11740069497411,,0.010970175118491618,0.9950514749273693,11.922653456445104,-0.017466825169580313,-0.008469095052732634,-0.00899773011684768
1967.08,94.49,2.91333,5.31,33.5,1967.6249999999122,5.28,941.77618880597,29.036986179850746,128584.85625886063,52.924452985074616,7226.008961102231,22.030627049126018,,25.369524753969277,,0.00960279200218972,1.0028599810166616,11.828240014624244,-0.021350205562549407,-0.00788624282947159,-0.013463962733077817
1967.09,95.81,2.92,5.3,33.6,1967.7083333332455,5.3,952.0904888392856,29.016848214285712,130323.26298229206,52.66756696428571,7209.198348879531,22.21914548866479,,25.577428710702126,,0.009320847323886931,0.9906693240321786,11.826764781060733,-0.024132878792964774,-0.007172342046751434,-0.01696053674621334
1967.1,95.66,2.92,5.31,33.7,1967.7916666665787,5.48,947.7791261127594,28.93074480712166,130063.12478533483,52.61036127596438,7219.686312043988,22.068199194183887,,25.395023055830503,,0.00813105703356018,0.9841958999428743,11.681646266775607,-0.026416414101271046,-0.006910663623633573,-0.019505750477637473
1967.11,92.66,2.92,5.32,33.8,1967.874999999912,5.75,915.3396168639053,28.845150887573965,125941.3384322008,52.55349408284024,7230.821502906414,21.263102968336288,,24.46296536056239,,0.007089377826197556,1.0085725527060585,11.463013483537786,-0.02279195981652793,-0.005307967461709362,-0.017483992354818567
1967.12,95.3,2.92,5.33,33.9,1967.9583333332453,5.7,938.6417477876106,28.760061946902656,129477.2299801469,52.496962389380535,7241.4862098025515,21.75159780872364,,25.01828401620644,,0.006833840588637896,1.0177042180566567,11.527176697725478,-0.02588151249309012,-0.0063128452528026235,-0.019568667240287496
1968.01,95.04,2.93,5.36667,34.1,1968.0416666665785,5.53,930.5907096774193,28.689296920821114,128696.44729770454,52.54811914882698,7267.165012827988,21.51153589633219,,24.736682989926916,,0.008931350539988073,1.0023253980989233,11.662451324993288,-0.029267866978391566,-0.009312027074340867,-0.0199558399040507
1968.02,90.75,2.94,5.40333,34.2,1968.1249999999118,5.56,885.9866776315788,28.703039473684207,122858.70488056818,52.75237900657894,7315.1088247087655,20.42499237621423,,23.486290074730892,,0.011402357531354136,0.9910466942746771,11.655391134480777,-0.02632063769226134,-0.009700090477065881,-0.016620547215195458
1968.03,89.09,2.95,5.44,34.3,1968.208333333245,5.74,867.2443972303207,28.716701895043734,120591.57798083007,52.95554518950438,7363.54455287592,19.934711308295707,,22.923790260635634,,0.010394369323284205,1.0123656295663206,11.517360362018948,-0.02501489499143572,-0.00871054341231381,-0.016304351579121912
1968.04,95.67,2.96333,5.48333,34.4,1968.2916666665783,5.64,928.5899847383721,28.762606454215117,129455.06010025219,53.22217331468023,7419.722114555406,21.277356015671753,,24.46580730498766,,0.008172456938925578,0.9874406983891784,11.625885065192623,-0.028088777735389647,-0.010493246848304993,-0.017595530887084654
1968.05,97.87,2.97667,5.52667,34.5,1968.3749999999116,5.87,947.1901152173913,28.80834168043478,132382.7926704411,53.48735255,7475.590158045843,21.630227142779887,,24.8693137487858,,0.005401156083205273,1.0162240888211822,11.44659707666419,-0.025957646492055453,-0.010541948226916231,-0.015415698265139222
1968.06,100.5,2.99,5.57,34.7,1968.4583333332448,5.72,967.0373559077809,28.770564121037463,135491.80644797004,53.59600072046109,7509.34688472829,22.004623431346545,,25.29690301803491,,0.0067030870496969375,1.021553749583873,11.565262683273817,-0.02860962052499072,-0.012668593559625685,-0.015941026965365035
1968.07,100.3,3.00333,5.6,34.9,1968.541666666578,5.5,959.582170487106,28.73321954226361,134782.74364138985,53.575873925501426,7525.257870306909,21.753537415670962,,25.006714675274825,,0.009661176933087282,1.0107099146729044,11.746832373295765,-0.0288994651085005,-0.015443154806242365,-0.013456310302258134
1968.08,98.11,3.01667,5.63,35,1968.6249999999113,5.42,935.9483764285714,28.778385370714286,131799.99564709794,53.708993571428564,7563.285857641029,21.137766793617864,,24.299558060393476,,0.012443883796378646,1.0014589299656875,11.838718117274414,-0.020259953645670792,-0.014454547241377402,-0.0058054064042933895
1968.09,101.3,3.03,5.66,35.1,1968.7083333332446,5.46,963.6270726495725,28.823198717948713,136035.94169934758,53.841354700854694,7600.823593467989,21.680275633292936,,24.922460342186508,,0.011150936161089017,0.9954265212030787,11.822212228666272,-0.023698916981740203,-0.014438237545495558,-0.009260679436244645
1968.1,103.8,3.04333,5.69333,35.3,1968.7916666665778,5.58,981.814206798867,28.785979094192637,138942.0776048035,53.85156337181303,7620.839101057377,22.004606927956893,,25.29364511811925,,0.00985058948928793,0.9955758735054596,11.70146855719185,-0.029367712362797005,-0.015063763787013462,-0.014303948575783543
1968.11,105.4,3.05667,5.72667,35.4,1968.874999999911,5.7,994.1319067796611,28.830485536016948,141025.22202837022,54.01390290889831,7662.285656861545,22.195529227158158,,25.51103636149668,,0.008195879324794056,0.9801640793785789,11.61679102368192,-0.03664322817288257,-0.015184124813503619,-0.02145910335937895
1968.12,106.5,3.07,5.76,35.5,1968.9583333332444,6.03,1001.6774999999999,28.87464718309859,142436.9630094498,54.1752338028169,7703.6329289617925,22.277872995434887,,25.603481925014687,,0.0053697008905874075,1.0042803063246961,11.354287021936413,-0.03619437249788926,-0.013936881814938795,-0.022257490682950465
1969.01,102,3.08,5.78,35.6,1969.0416666665776,6.04,956.6582865168538,28.88732865168539,136377.61280402282,54.21063623595506,7728.064725561295,21.194968072847157,,24.359671474340782,,0.007497662174861017,0.9939377478823239,11.37085626745374,-0.02887210164477505,-0.014788467462165222,-0.014083634182609828
1969.02,101.5,3.09,5.8,35.8,1969.1249999999109,6.19,946.6505237430167,28.819212988826816,135293.30695657537,54.0943156424581,7731.046111804308,20.895729901987238,,24.01667442699468,,0.007598149574642707,0.9970614768417426,11.238784033821517,-0.030255130155565246,-0.014040140079615737,-0.01621499007594951
1969.03,99.3,3.1,5.82,36.1,1969.2083333332441,6.3,918.4356024930747,28.672209141274237,131602.37059965107,53.82976038781163,7713.250723967464,20.20228761648166,,23.221677104407647,,0.008993739535940529,1.0148747842994055,11.11263595896664,-0.026294536014482395,-0.013303355333953992,-0.012991180680528402
1969.04,101.3,3.11,5.82667,36.3,1969.2916666665774,6.17,931.7716322314049,28.606216942148762,133854.86780173282,53.59452928305785,7699.1919306448435,20.428608081932158,,23.482621868082433,,0.00995709969143721,0.994110352163324,11.21579664432321,-0.026714214502780997,-0.01497342443227645,-0.011740790070504548
1969.05,104.6,3.12,5.83333,36.4,1969.3749999999106,6.32,959.4822939560438,28.619357142857144,138178.29160152527,53.5083828853022,7705.923267188581,20.9722582719721,,24.106259591810364,,0.00746956438786827,0.9870846797381502,11.119108399265317,-0.03287779118619505,-0.01506177473385606,-0.01781601645233899
1969.06,99.14,3.13,5.84,36.6,1969.458333333244,6.57,904.4290286885246,28.554194672131146,130592.5667777203,53.27683606557377,7692.7636673581455,19.713341583757632,,22.660788139262053,,0.008223010403273952,0.9946381612657276,10.915526134938741,-0.026155992087097735,-0.011415251035158724,-0.01474074105193901
1969.07,94.71,3.13667,5.85667,36.8,1969.5416666665772,6.72,859.3195292119565,28.459526847146737,124421.54809376413,53.138537716711966,7693.9705213209345,18.681708207192763,,21.47881578006711,,0.009730850256854606,1.007770250943413,10.797993415602901,-0.021122186476369653,-0.010959231654178225,-0.010162954822191428
1969.08,94.18,3.14333,5.87333,37,1969.6249999999104,6.69,849.8917743243244,28.36579221689189,123398.75484874606,53.00164424391892,7695.493829006006,18.429515590207746,,21.19334928926969,,0.011318181972567828,0.9722723609219354,10.823075471780822,-0.01644233055451072,-0.011910586002217616,-0.004531744552293104
1969.09,94.51,3.15,5.89,37.1,1969.7083333332437,7.16,850.5708942048518,28.349363207547164,123840.37055681158,53.00880929919137,7717.911147811026,18.398046344676978,,21.161648629370443,,0.006637296580913325,1.0102292959873826,10.49461332159653,-0.016346310010965204,-0.011106974916049062,-0.005239335094916142
1969.1,95.52,3.15333,5.85333,37.3,1969.791666666577,7.1,855.0512493297587,28.22716453150134,124835.17775544967,52.396326729892756,7649.722477086539,18.448662031815356,,21.22391291801371,,0.007289815133966024,1.0030799074007841,10.545118825780046,-0.021259602671944378,-0.017668368369158527,-0.0035912343027858507
1969.11,96.21,3.15667,5.81667,37.5,1969.8749999999102,7.14,856.6345979999999,28.106358345999997,125408.29677386832,51.790466346,7581.942392637531,18.437760084691046,,21.21568143933891,,0.00746965233552533,0.9705792605108994,10.521182965612146,-0.022925778303101274,-0.019618585245797182,-0.003307193057304092
1969.12,91.11,3.16,5.78,37.7,1969.9583333332434,7.65,806.9216359416445,27.986745358090186,118471.92381598384,51.190945623342174,7515.834921044745,17.32692991374269,,19.945144752472125,,0.006391921886656209,0.9967243031080518,10.157468815447984,-0.014137035989234659,-0.014771464629442566,0.0006344286402079069
1970.01,90.31,3.16333,5.73,37.8,1970.0416666665767,7.79,797.7204146825396,27.942120688492064,117462.87500426063,50.6138630952381,7452.798956642825,17.090541395140207,,19.681596538879813,,0.006411243374265206,1.0453262030836263,10.097412439047684,-0.011477621398428561,-0.017199657072738628,0.005722035674310066
1970.02,87.16,3.16667,5.68,38,1970.12499999991,7.24,765.8439552631578,27.82440428881579,113110.54893337129,49.90814210526315,7371.132606029703,16.37258678715985,,18.86530086722817,,0.014668881693785982,1.0181267352323757,10.499536701637624,-0.004854911644923021,-0.03079532454964351,0.02594041290472049
1970.03,88.65,3.17,5.63,38.2,1970.2083333332432,7.07,774.8578566753927,27.70783311518324,114782.87135939364,49.20981086387434,7289.651051927649,16.531690813943616,,19.058795732982542,,0.01631977933280259,0.9834450156947917,10.633891175200292,-0.016882974241758553,-0.03433532259673633,0.017452348354977776
1970.04,85.95,3.17333,5.59333,38.5,1970.2916666665765,7.39,745.4041655844156,27.520807455194806,110759.50617026762,48.508336026623375,7207.8472210278405,15.873067819354057,,18.311411111344057,,0.016084252196537183,0.9704989488088209,10.37635755467578,-0.015618191268961468,-0.02501350899432009,0.00939531772535862
1970.05,76.06,3.17667,5.55667,38.6,1970.3749999999097,7.91,657.923926165803,27.478401242875645,98101.07998935529,48.06555538795337,7166.9120187279905,13.983836060789185,,16.14957014615358,,0.019662032140303654,1.0114065562340058,10.04415538399421,0.00032911346716146817,-0.014347637263584123,0.014676750730745591
1970.06,75.59,3.18,5.52,38.8,1970.458333333243,7.84,650.4879916237114,27.365416237113408,97332.36122325849,47.502231958762884,7107.747505654011,13.79969179772518,,15.955062559858035,,0.02149954760404807,1.0331072842441178,10.10636004737388,0.00668458017734519,-0.012755533215716874,0.019440113393062064
1970.07,75.72,3.18333,5.46667,39,1970.5416666665762,7.46,648.2651307692307,27.253590051923076,97339.58409857698,46.80205417884615,7027.514318597038,13.726499744359765,,15.8889353325004,,0.026214326254140607,1.0013364030516227,10.387410827355499,0.011574313955990956,-0.017551010788146693,0.02912532474413765
1970.08,77.92,3.18667,5.41333,39,1970.6249999999095,7.53,667.1000923076923,27.28218494807692,100509.10574924375,46.345391975,6982.661157925484,14.100456516815443,,16.339508329168662,,0.023582231493170888,1.0160954098001953,10.401292594883635,0.011089305510932679,-0.02263923450638461,0.03372854001731729
1970.09,82.58,3.19,5.36,39.2,1970.7083333332428,7.39,703.3888431122448,27.171353954081628,106317.72524147762,45.6546887755102,6900.738765976266,14.84266114524222,,17.21512554125231,,0.02196185272759632,1.0103781482444136,10.514783693988544,0.0073995040543768376,-0.025982514542431612,0.03338201859680845
1970.1,84.37,3.17333,5.28333,39.4,1970.791666666576,7.33,714.9875691624367,26.892159569162438,108409.6117133524,44.77320461992386,6788.713450912718,15.06418540408963,,17.486678518763057,,0.021401934611650103,1.0413211919527887,10.569979212552536,0.00777861855123585,-0.027846164942143425,0.035624783493379275
1970.11,84.28,3.15667,5.20667,39.6,1970.8749999999093,6.84,710.6176742424242,26.615869645833328,108083.33013808414,43.90070866098484,6677.197823090396,14.950761908791728,,17.36984898530785,,0.02732634522865983,1.0386907764634588,10.951153739639832,0.011810279795561929,-0.036280350482559065,0.048090630278120994
1970.12,90.05,3.14,5.13,39.8,1970.9583333332425,6.39,755.4527543969849,26.34227261306533,115236.52704454168,43.03689761306533,6564.834911032747,15.87384068720574,,18.45451554800622,,0.028455287421124548,1.016395803221401,11.317702268529887,0.003155575152984369,-0.040187095108721205,0.043342670261705574
1971.01,93.49,3.13,5.16,39.8,1971.0416666665758,6.24,784.3118046482412,26.25838002512563,119972.4646403663,43.288575376884424,6621.648492291049,16.461793943491937,,19.149002748259814,,0.02770528170498273,1.0148506806126156,11.503265087843108,-0.0016709123430015405,-0.04006313934252104,0.038392226999519496
1971.02,97.11,3.12,5.19,39.9,1971.124999999909,6.11,812.6391146616542,26.108887218045112,124638.37192320095,43.43112969924812,6661.241378657325,17.034534781502124,,19.824574232687674,,0.027221175943178084,1.0360949321896797,11.644838016688313,-0.009586367071483082,-0.04452039276429598,0.0349340256928129
1971.03,99.6,3.11,5.22,40,1971.2083333332423,5.7,831.392325,25.960141874999998,127846.444702436,43.572971249999995,6700.385957296344,17.402902607188874,,20.261603158151797,,0.030336339371474175,0.9949771575635821,12.03499476112233,-0.008753428056459622,-0.04690644644545472,0.0381530183889951
1971.04,103,3.10667,5.25333,40.1,1971.2916666665756,5.83,857.6291147132168,25.867676134039893,132212.45945258558,43.74183259413965,6743.259025398558,17.924110447959606,,20.875485334712373,,0.027622614301182638,0.9638031448454738,11.94468317078713,-0.011471603257818375,-0.04869595027656315,0.037224347018744774
1971.05,101.6,3.10333,5.28667,40.3,1971.3749999999088,6.39,841.7736476426799,25.71162808995037,130098.48368628997,43.80097923014888,6769.564475883845,17.56415327969938,,20.463891147264647,,0.02367861417541161,0.9958493324598875,11.455190086548795,-0.012261023454120168,-0.04650653876972488,0.03424551531560471
1971.06,99.72,3.1,5.32,40.6,1971.458333333242,6.52,820.0926133004925,25.494254926108372,127075.9696085319,43.751431034482756,6779.423970290712,17.0831668800707,,19.911939063113696,,0.024746298795041727,0.9902684780880032,11.323350469357061,-0.009966835847881494,-0.041937497891791575,0.03197066204391008
1971.07,99,3.09667,5.35667,40.7,1971.5416666665753,6.73,812.1709459459458,25.40429700184275,126176.52169835547,43.94476506081081,6827.131196827575,16.88941470869335,,19.694941690150536,,0.022881739151916693,1.016512680598808,11.185606281758727,-0.012361256495427297,-0.044890131515096465,0.03252887501966917
1971.08,97.24,3.09333,5.39333,40.8,1971.6249999999086,6.58,795.777125,25.314698211397058,123957.36008060916,44.13706953492647,6875.184582924227,16.519449443051556,,19.273018870882776,,0.02630516570842717,1.0381033092028704,11.34244221719737,-0.010566792316608398,-0.04907665997199462,0.03850986765538622
1971.09,99.4,3.09,5.43,40.8,1971.7083333332419,6.14,813.4537867647059,25.28744669117647,127039.08486459593,44.437163602941176,6939.8614770096165,16.85679254783599,,19.67491049438829,,0.029149353637379985,1.02083268481494,11.774626800114932,-0.02245774415799473,-0.054197352679455246,0.031739608521460516
1971.1,97.29,3.08333,5.52,40.9,1971.791666666575,5.93,794.239641198044,25.171167775672373,124365.95129344863,45.06324205378973,7056.224186862333,16.428862709159464,,19.184397344751773,,0.033047046104171425,1.0139708836443282,11.990535322089366,-0.018905454566532698,-0.05410987093452768,0.035204416367994984
1971.11,92.78,3.07667,5.61,40.9,1971.8749999999084,5.81,757.4216662591687,25.11679799449878,118928.55425655255,45.79796882640587,7191.088482208018,15.638712654326643,,18.271922182649202,,0.03732244230990707,0.9958610848676532,12.158053695907483,-0.011864829171232438,-0.04590660889452214,0.0340417797232897
1971.12,99.17,3.07,5.7,41.1,1971.9583333332416,5.93,805.6476697080292,24.940388686131385,126827.22703686167,46.30625912408759,7289.6560866200625,16.603557212925327,,19.405829401067106,,0.032909901694790175,1.003446248011016,12.048814136947962,-0.017358370037446225,-0.04598960399653418,0.028631233959087954
1972.01,103.3,3.07,5.73667,41.1,1972.0416666665749,5.95,839.1993978102189,24.940388686131385,132436.2124146221,46.60416272445255,7354.7226202574075,17.262996797035168,,20.180821727051946,,0.03040921394543239,0.995294667571563,12.09033733870252,-0.02671487359601077,-0.049917893224626586,0.023203019628615817
1972.02,105.2,3.07,5.77333,41.3,1972.1249999999081,6.08,850.4961501210655,24.819611985472154,134545.38580495855,46.67485682869249,7383.7919413435475,17.46414760548617,,20.41889860546095,,0.028599563798766728,1.0058103589465617,11.975174925052459,-0.03043343938557319,-0.047372210081731425,0.016938770696158234
1972.03,107.7,3.07,5.81,41.4,1972.2083333332414,6.07,868.6044021739131,24.759661231884056,137736.45250101332,46.85786050724637,7430.35087308159,17.80564384961494,,20.819715240429762,,0.027851006076088466,0.9961818649725259,12.015661378728367,-0.03528745392346222,-0.0436055402341734,0.008318086310711181
1972.04,108.8,3.07,5.86333,41.5,1972.2916666665747,6.19,875.3615421686748,24.69999939759036,139134.34089920216,47.174021976506026,7498.074954269476,17.9151616784983,,20.948428276212166,,0.02621433526043413,1.0096085045152758,11.940941108221567,-0.03152261656512645,-0.04236461797063473,0.010842001405508284
1972.05,107.7,3.07,5.91667,41.6,1972.374999999908,6.13,864.4284194711538,24.640624399038458,137722.95104326133,47.488743701322115,7566.028344931598,17.662646200372556,,20.654075196229346,,0.02786082771904063,1.0065930534275818,12.02669570512565,-0.030896914942138087,-0.0415774270225443,0.010680512080406213
1972.06,108,3.07,5.97,41.7,1972.4583333332412,6.11,864.7575539568345,24.581534172661865,138101.7556779017,47.80187589928057,7633.95816108401,17.640857315740252,,20.629105958815607,,0.028378696724454165,1.0050916666666667,12.076957205338593,-0.03759134406467557,-0.045548115657706,0.007956771593030432
1972.07,107.2,3.07333,6.02667,41.9,1972.5416666665744,6.11,854.2547971360382,24.490735967183767,136750.3965428236,48.02529625238663,7687.961868775548,17.398690031138173,,20.346611167293215,,0.02932045272872351,0.9977012245741972,12.080508954865152,-0.03690416672143326,-0.0431811122579292,0.006276945536495937
1972.08,111,3.07667,6.08333,42,1972.6249999999077,6.21,882.4301785714285,24.458977094642858,141587.03993378134,48.36138719107142,7759.645834597928,17.943404688029805,,20.98264090074068,,0.02682190652510138,0.9804255134616761,12.02404158113483,-0.03968234265176007,-0.037247063348183396,-0.002435279303576676
1972.09,109.4,3.08,6.14,42.1,1972.708333333241,6.55,867.6446437054632,24.427289786223277,139541.29793460973,48.69596080760095,7831.659682984494,17.613854552912112,,20.596901878448637,,0.024369897516160755,1.010569702584494,11.760675532657569,-0.02743704158225746,-0.030410703049408183,0.0029736614671507233
1972.1,109.6,3.10333,6.23333,42.3,1972.7916666665742,6.48,865.1209929078013,24.495948274822695,139463.72722987432,49.202414586879435,7931.783164724385,17.53318385415855,,20.502387938457563,,0.02582085013722478,1.0201347118183646,11.828788605134843,-0.019371423442052227,-0.022282554803891186,0.002911131361838959
1972.11,115.1,3.12667,6.32667,42.4,1972.8749999999075,6.28,906.3921403301887,24.62197318337264,146447.70300756372,49.82140714563679,8049.750557661712,18.338894714968056,,21.44189509312752,,0.02555914371473563,0.9993604560034339,12.038498048598125,-0.019646452748045884,-0.020798928150206786,0.0011524754021609018
1972.12,117.5,3.15,6.42,42.5,1972.9583333332407,6.36,923.1145588235295,24.74732647058823,149482.78618452634,50.437408235294114,8167.4849983375225,18.64571944207368,,21.796816349100666,,0.02410541240706352,0.9979915410945415,12.002491137327134,-0.019936100049576466,-0.019187130722097656,-0.0007489693274788101
1973.01,118.4,3.15667,6.54667,42.6,1973.041666666574,6.46,928.0016901408451,24.741512628521125,150608.04687509913,51.31183129049295,8327.543768883488,18.712530467302432,,21.870338532710928,,0.02315698089417309,0.9923329228962222,11.950266353342112,-0.017092971405117674,-0.01762353671492667,0.0005305653098089946
1973.02,114.2,3.16333,6.67333,42.9,1973.1249999999072,6.64,888.8233916083915,24.620330117132866,144582.66413218953,51.93880738986014,8448.755079100389,17.88988959919375,,20.905882678986963,,0.02454044244600531,1.0004739008511474,11.775715168193363,-0.011089656938960912,-0.016980219507644834,0.005890562568683921
1973.03,112.4,3.17,6.8,43.3,1973.2083333332405,6.71,866.732494226328,24.444323903002307,141320.55150718056,52.43577367205543,8549.641906128361,17.412142058290335,,20.345254441323746,,0.0259950098735119,1.0084879014746988,11.672461549314491,-0.005063175654204222,-0.013986529408438031,0.00892335375423381
1973.04,110.3,3.18667,6.94333,43.6,1973.2916666665737,6.67,844.6867603211008,24.40378928841743,138057.58527563713,53.172610367545865,8690.656152057023,16.935740066050826,,19.787325522958476,,0.02872587050572295,0.9926287132790048,11.690539443832611,0.0006599084043763526,-0.013320197333000272,0.013980105737376625
1973.05,107.2,3.20333,7.08667,43.9,1973.374999999907,6.85,815.3365831435079,24.36373262015945,133592.36227869632,53.89945245956719,8831.389794678813,16.314338759668573,,19.06114572900689,,0.02988582385959896,1.0021246957992085,11.525064225038022,0.007699738559350244,-0.011538385700090914,0.01923812425944116
1973.06,104.8,3.22,7.23,44.2,1973.4583333332403,6.9,791.6727149321265,24.324295248868776,130047.17970071017,54.616352375565604,8971.766309505101,15.808323047681979,,18.47060167810374,,0.0317147663098105,0.9894314626570545,11.471160859673637,0.0118665240778284,-0.013351240060321401,0.0252177641381498
1973.07,105.8,3.23667,7.38333,44.3,1973.5416666665735,7.13,797.4227200902934,24.39503020259594,131325.67186214714,55.64872487641084,9164.657588184755,15.889518573988783,,18.565516582822475,,0.028987491947744803,0.9870105876260307,11.324306863996544,0.011185898648329529,-0.014708496170451557,0.025894394818781086
1973.08,103.8,3.25333,7.53667,45.1,1973.6249999999068,7.4,768.4709866962305,24.08564272782705,126888.22965078597,55.79684230543237,9213.051192313962,15.278501094706122,,17.852222658614057,,0.030662641868366564,1.0281999418118777,10.978945392737891,0.011895906260810163,-0.013727563292538103,0.025623469553348266
1973.09,105.6,3.27,7.69,45.2,1973.70833333324,7.09,780.0674336283184,24.155497234513273,129135.3845094374,56.80604701327433,9403.893057552781,15.475308601805564,,18.08208372793546,,0.033160456131076405,1.0275149478054186,11.263576343583996,0.0129162795818476,-0.014634266551174058,0.02755054613302166
1973.1,109.8,3.30667,7.84667,45.6,1973.7916666665733,6.79,803.9779934210525,24.212112126644733,133427.64509585264,57.45491804769736,9535.179416614517,15.913516308933383,,18.592078071081126,,0.03495899613495182,1.0099911491177134,11.47197118984339,0.009962929066792192,-0.015151288843267774,0.025114217910059966
1973.11,102,3.34333,8.00333,45.9,1973.8749999999065,6.73,741.9833333333332,24.32054056699346,123475.40486263546,58.21899481535947,9688.3765882282,14.651845159710568,,17.1197429771395,,0.04165232876025114,1.0048865171192618,11.510860022422449,0.0164549750036298,-0.015597269561874794,0.032052244565504595
1973.12,94.78,3.38,8.16,46.2,1973.9583333332398,6.74,684.9855227272726,24.427633116883115,114329.0043368529,58.97322077922077,9843.05418219793,13.493329686205888,,15.771102210645237,,0.04775292805378348,0.9877694780904974,11.491996945830225,0.024077050220234097,-0.015376635272250416,0.039453685492484514
1974.01,96.11,3.4,8.22667,46.6,1974.041666666573,6.99,688.6353685622316,24.361255364806865,115277.02886866519,58.94470843293991,9867.298669056103,13.530721892513952,,15.81914151846466,,0.045945965557319016,1.0079694972375672,11.254006539345372,0.02422944386625714,-0.012015977017232893,0.03624542088349003
1974.02,93.45,3.42,8.29333,47.2,1974.1249999999063,6.96,661.0647060381356,24.193058262711858,110999.21286052924,58.666963708156764,9850.755505538928,12.957321280205392,,15.15429214633874,,0.050850367922704115,0.9881246841076057,11.199495796676839,0.022230186502816274,-0.012036619668587267,0.03426680617140354
1974.03,97.44,3.44,8.36,47.8,1974.2083333332396,7.21,680.6377656903766,24.029083682008366,114621.94697516016,58.39626150627615,9834.14898103796,13.310364239140167,,15.571122142264331,,0.04762201639786079,0.9850746551545895,10.927588226428282,0.019205013338245314,-0.011549315348687084,0.030754328686932397
1974.04,92.46,3.46,8.48667,48,1974.2916666665728,7.51,643.160428125,24.068084374999998,108648.38602998885,59.0340721453125,9972.561088785696,12.55041104854091,,14.688309996556313,,0.04960750475464687,1.0013886996776262,10.719638161304275,0.02469727150814305,-0.010846436354005617,0.035543707862148666
1974.05,89.67,3.48,8.61333,48.6,1974.374999999906,7.58,616.0522731481482,23.90835185185185,104405.60276724589,59.17543800462962,10028.771166312054,11.995436947329663,,14.045930080444723,,0.053892868651376005,1.0091041723610832,10.601999525296936,0.028230560552379602,-0.013270756867215239,0.04150131741959484
1974.06,89.79,3.5,8.74,49,1974.4583333332394,7.54,611.8409709183674,23.849464285714284,104028.7157994999,59.5555193877551,10125.971445457502,11.888498820079,,13.927722593419741,,0.05556245361921308,0.9876874266837288,10.611187083234322,0.026390310882116186,-0.013344768012055308,0.039735078894171494
1974.07,79.31,3.53,8.86333,49.4,1974.5416666665726,7.81,536.0529185222672,23.859119939271253,91480.8512486201,59.906870688765174,10223.489765444861,10.394141805327052,,12.188506545696,,0.06546966047561874,0.9908243764370813,10.395673424102574,0.038321555671837704,-0.009520370637920994,0.0478419263097587
1974.08,76.03,3.56,8.98667,50,1974.6249999999059,8.04,507.7169355,23.773145999999997,86983.22151507638,60.0116342595,10281.329834182448,9.824195723141198,,11.532942434954501,,0.0703541005574878,1.0067,10.176683198423012,0.05239837585131024,-0.0032127273530165867,0.05561110320432683
1974.09,68.12,3.59,9.11,50.6,1974.7083333332391,8.04,449.501128458498,23.689210968379445,77347.76435299874,60.1138473320158,10344.071245681422,8.680421305646334,,10.206222645077478,,0.08468021082031658,1.016304763687051,10.123386339775145,0.06580788021937711,-0.001000418971903838,0.06680829919128095
1974.1,69.44,3.59333,9.03667,51.1,1974.7916666665724,7.9,453.7278904109588,23.4791768498043,78411.76407115386,59.046503678571426,10204.222869079407,8.744983833809586,,10.297190694389569,,0.08626254316371851,1.0218213915607526,10.187776038061639,0.06361215896785444,0.0011449390348712285,0.06246721993298321
1974.11,71.74,3.59667,8.96333,51.5,1974.8749999999056,7.68,465.11549417475726,23.31846869854369,80715.55079133296,58.11240120436893,10084.75213095175,8.948984512755606,,10.551515010335244,,0.08633796362510356,1.0239057981194166,10.329232439670005,0.06189525099854798,0.004161195654170058,0.05773405534437792
1974.12,67.07,3.6,8.89,51.9,1974.958333333239,7.43,431.4868973988439,23.160173410404624,75214.61916528571,57.19276156069365,9969.553666011481,8.289060055923084,,9.789483231199641,,0.09854815767561229,1.001305009112839,10.494649147065823,0.0686608257196788,0.003939360319150653,0.06472146540052814
1975.01,72.56,3.62333,8.74333,52.1,1975.0416666665722,7.5,465.0141996161228,23.220781420825332,81396.24013670355,56.03324975095968,9808.078669713948,8.92099550840425,,10.549889518230232,,0.08970710376206051,1.013966036271582,10.468005624484324,0.0649319145396332,0.00566814043956354,0.059263774100069666
1975.02,80.1,3.64667,8.59667,52.5,1975.1249999999054,7.39,509.4245571428571,23.192300247142853,89508.14288204655,54.67359310428571,9606.39159388019,9.762246716166471,,11.556048733542475,,0.08195279568678356,0.9826597568943373,10.53333205895003,0.06031504536004406,0.004749844369281941,0.05556520099076212
1975.03,83.78,3.67,8.45,52.7,1975.2083333332387,7.73,530.8067106261859,23.25209629981024,93605.53960743746,53.53684297912713,9440.997967090552,10.163796767444037,,12.041659481362924,,0.07456923635728158,0.9726243976976781,10.311399996538825,0.05467849026249283,0.005423915983623573,0.049254574278869256
1975.04,84.72,3.68333,8.28667,52.9,1975.291666666572,8.23,534.7329413988658,23.248322533553875,94639.55931195345,52.30353427173913,9256.926309768476,10.23307613660592,,12.133964603730444,,0.06896614211146763,1.0184408106982208,9.991201936153402,0.054102054931585375,0.01163394002838225,0.042468114903203125
1975.05,90.1,3.69667,8.12333,53.2,1975.3749999999052,8.06,565.4833505639097,23.200947142387214,100424.09625927801,50.98343913580826,9054.14066443819,10.818139119335807,,12.836132514309538,,0.06597710953850157,1.0204615670414772,10.118067454970522,0.05030774204722532,0.01440398535142684,0.03590375669579848
1975.06,92.4,3.71,7.96,53.6,1975.4583333332384,7.86,575.590802238806,23.110842817164176,102561.09785983687,49.58552798507462,8835.34998879114,11.011354609247666,,13.073236851521406,,0.06647544885536487,0.992923556041309,10.24804599313857,0.050408871619804785,0.01797969051405679,0.032429181105747995
1975.07,92.49,3.71,7.89333,54.2,1975.5416666665717,8.06,569.7733823800737,22.855003228782284,101863.8928651871,48.625898284594086,8693.321672284217,10.902767048238578,,12.95241203093511,,0.06655417537837705,0.983888359971988,10.062882067731312,0.05327007900393688,0.019563915986630542,0.033706163017306334
1975.08,85.71,3.71,7.82667,54.3,1975.624999999905,8.4,527.0336312154695,22.812912983425413,94562.76832686937,48.126453277624314,8635.066876453842,10.089769593328016,,11.997338854776963,,0.07073919893749694,1.004988328663875,9.88251910413027,0.05896352314321507,0.021968778190045057,0.03699474495317001
1975.09,84.67,3.71,7.76,54.6,1975.7083333332382,8.43,517.7779848901099,22.687567307692305,93241.30374916093,47.454318681318675,8545.559431835227,9.918905356559423,,11.805187590081815,,0.07272825998014894,1.0267152349594735,9.877245937902272,0.05814677080718633,0.022365128299606907,0.035781642507579425
1975.1,88.57,3.7,7.82667,54.9,1975.7916666665715,8.14,538.6677363387977,22.502773224043718,97340.81495820521,47.60048111065574,8601.721081731244,10.327599777501108,,12.300949653188114,,0.0718836622684196,1.0129178826624958,10.085702933700668,0.0547808384312205,0.02154842705265736,0.03323241137856314
1975.11,90.07,3.69,7.89333,55.3,1975.8749999999047,8.05,543.8281641048825,22.279626130198913,98608.84460229088,47.658656184900536,8641.635964967254,10.435859457947897,,12.438145517109932,,0.07254640613399571,1.010123789893028,10.14209382379943,0.05970100974013537,0.024478480153615312,0.03522252958652006
1975.12,88.7,3.68,7.96,55.5,1975.958333333238,8,533.6263918918919,22.13917837837838,97093.55271688354,47.8880054054054,8713.24328778346,10.250368416256835,,12.225327151884704,,0.07482911727993853,1.0246283579987883,10.207852159753267,0.0665407472416304,0.02773608086724355,0.03880466637438684
1976.01,96.86,3.68333,8.19333,55.6,1976.0416666665712,7.74,581.6695602517985,22.119357230665468,106170.41352227062,49.20308339973021,8980.892362424382,11.185051362622147,,13.344852948567938,,0.06946703647215666,1.00300332253859,10.440443187794996,0.057555200461476774,0.02639224563853282,0.031162954822943956
1976.02,100.6,3.68667,8.42667,55.8,1976.1249999999045,7.79,601.9638978494622,22.06006206048387,110210.22501448853,50.42297335080645,9231.661996250898,11.586092994449684,,13.825819214816374,,0.06558911531161632,1.0106384742735481,10.434265875645833,0.059759385545582466,0.030782917131401577,0.02897646841418089
1976.03,101.1,3.69,8.66,55.9,1976.2083333332378,7.73,603.8735554561716,22.040488819320213,110896.12616575084,51.72645885509839,9499.11426899508,11.631754403566505,,13.8819523757625,,0.0657097419502066,1.0182782363989127,10.526406017813608,0.06596507657607198,0.037411724396097856,0.028553352179974123
1976.04,101.9,3.71333,8.85667,56.1,1976.291666666571,7.56,606.4820989304814,22.10076714839572,111713.38029168641,52.712579108288764,9709.602981628754,11.689164132206367,,13.951298003011868,,0.06670850773515284,0.9829741453314472,10.680596928502533,0.068264915193053,0.04019510053825104,0.02806981465480196
1976.05,101.2,3.73667,9.05333,56.5,1976.3749999999043,7.9,598.0516991150442,22.08223164557522,110499.46966387851,53.501574991592925,9885.258534506733,11.532053585609418,,13.764637153557779,,0.06522509142016979,1.0093323134082954,10.4244231992834,0.06966340640356661,0.04008993489706092,0.02957347150650569
1976.06,101.8,3.76,9.25,56.8,1976.4583333332375,7.86,598.4200088028168,22.10274295774648,110907.8398322848,54.37509903169014,10077.578766685996,11.543841631417097,,13.779039853350046,,0.06576969549581912,1.0086144194586297,10.466134786582916,0.0719846534420483,0.039126818913099326,0.03285783452894897
1976.07,104.2,3.79,9.35,57.1,1976.5416666665708,7.83,609.3099562171628,22.16204159369527,113268.40465763351,54.67416593695271,10163.71961179341,11.757490488689905,,14.033225918703826,,0.06472684483001671,1.0106646066851026,10.500832319214037,0.06778541205609145,0.043036614725714406,0.024748797330377048
1976.08,103.3,3.82,9.45,57.4,1976.624999999904,7.77,600.8901611498258,22.22072038327526,112047.42571544263,54.97010670731707,10250.22432730816,11.597986002509245,,13.842562825921192,,0.06640188451102247,1.0189914585181015,10.55735186768576,0.0711628335415957,0.04386951556999619,0.027293317971599507
1976.09,105.5,3.85,9.55,57.6,1976.7083333332373,7.59,611.5565755208332,22.317467447916666,114383.17512073964,55.35891276041667,10354.116800029042,11.805990949539783,,14.089874827138575,,0.06705079919510817,1.018940201004066,10.720497727124755,0.06581684421169243,0.040368985530300217,0.02544785868139221
1976.1,101.9,3.91667,9.67,57.9,1976.7916666665706,7.41,587.6277331606218,22.58629944689119,110259.65488840458,55.76408419689118,10463.305817182258,11.345696136316693,,13.54159168993016,,0.07219165911208197,1.0146294332391081,10.866947424437852,0.06954471067176837,0.039651868739782214,0.029892841931986158
1976.11,101.2,3.98333,9.79,58,1976.8749999999038,7.29,582.5848448275863,22.931103655603444,109671.98833839774,56.35875129310344,10609.572784910213,11.248855860507959,,13.427973102245366,,0.07433305353541315,1.0362174650586484,11.006914491285707,0.07374161009135194,0.040173409496399914,0.033568200594952025
1976.12,104.7,4.05,9.91,58.2,1976.958333333237,6.87,600.662280927835,23.234787371134015,113439.57485355766,56.85351675257732,10737.212863407416,11.597589726582934,,13.845167133360263,,0.07622431423336466,0.9816865703863437,11.36636267821457,0.07183943193708187,0.038387610610941314,0.03345182132614055
1977.01,103.8,4.09667,9.96667,58.5,1977.0416666665703,7.21,592.4451538461539,23.382006632051276,112255.69773833708,56.885407914102565,10778.569315777959,11.437961346787548,,13.656100626714087,,0.07457212881987173,0.9933820921616536,11.100984028188186,0.07923736731565123,0.0410217667319277,0.03821560058372353
1977.02,101,4.14333,10.0233,59.1,1977.1249999999036,7.39,570.6115482233503,23.40823709010152,108488.3093932269,56.62782902284264,10766.444272684466,11.014841854222771,,13.154123053942898,,0.07721197981701315,1.0012631318497678,10.915564234010471,0.08933948975605155,0.041764967267658104,0.047574522488393445
1977.03,100.6,4.19,10.08,59.5,1977.2083333332369,7.46,564.5308487394957,23.512765966386556,107704.74109253947,56.56531764705882,10791.886582632187,10.89574651166273,,13.015883122750964,,0.07789782266979087,1.012535314251147,10.855877395351104,0.09432015957838868,0.04249823835953559,0.051821921218853095
1977.04,99.05,4.24667,10.1933,60,1977.29166666657,7.37,551.2008687499999,23.632187716249998,105537.28855269974,56.724440337500006,10860.911089391566,10.636037409141348,,12.710931427883896,,0.08160570988688859,0.9998478361877967,10.900359569723975,0.0950215626131854,0.0365672497369407,0.058454312876244696
1977.05,98.76,4.30333,10.3067,60.3,1977.3749999999034,7.46,546.8527910447762,23.82835177487562,105084.96821757192,57.07014643034825,10966.780497448848,10.548486693556988,,12.61231292572073,,0.0816952548468147,1.0189038765071172,10.844478536773591,0.09529493616609752,0.033304986560434235,0.061989949605663286
1977.06,99.29,4.36,10.42,60.7,1977.4583333332366,7.28,546.1645193574959,23.983052718286658,105336.76270704654,57.31729571663921,11054.578179146187,10.53002395909075,,12.596542842152303,,0.08404411175243048,1.0025501542407664,10.976667505023977,0.09947540333810556,0.03386368110456006,0.0656117222335455
1977.07,100.2,4.40667,10.5167,61,1977.5416666665699,7.33,548.4594836065573,24.12055840942623,106167.05446575068,57.56470909426229,11142.984647704194,10.567692447775398,,12.647994539435668,,0.08341074274420113,1.0012002758042795,10.950538422997242,0.10170574691312284,0.03421391176943933,0.06749183514368351
1977.08,97.75,4.45333,10.6133,61.2,1977.6249999999031,7.4,533.3005208333333,24.29629880759804,103624.61162691447,57.903615526960785,11251.141591610552,10.268385666710987,,12.297488474266258,,0.08549913740550615,1.0103846340465472,10.927853062874544,0.11072523406677393,0.0324850704080919,0.07824016365868203
1977.09,96.23,4.5,10.71,61.4,1977.7083333332364,7.34,523.2976429153094,24.4709486970684,102077.21337596676,58.24085789902281,11360.770604350038,10.067742820070695,,12.065823759131625,,0.08806992975670318,0.9935619402775462,11.00536955785395,0.10840109360941375,0.027534316055390695,0.08086677755402305
1977.1,93.74,4.55667,10.77,61.6,1977.7916666665697,7.52,508.10199594155836,24.69866782426948,99514.5576524391,58.37698417207792,11433.451951320347,9.76666629955654,,11.715003066672738,,0.08936165065528152,1.0020926949617748,10.89901465497225,0.09700594013935038,0.02841345918342708,0.0685924809559233
1977.11,94.28,4.61333,10.83,61.9,1977.874999999903,7.58,508.5522600969305,24.88459268214863,100008.89299524155,58.417702342487885,11488.08136549073,9.766299983660195,,11.724729783734967,,0.08896682840305306,0.998700951384615,10.868890061883482,0.08206944482850664,0.03377604918957,0.04829339563893664
1977.12,93.82,4.67,10.89,62.1,1977.9583333332362,7.69,504.4411328502415,25.1091461352657,99611.90765405919,58.55216304347826,11562.286019534264,9.678266582535917,,11.629817356636806,,0.08882704743246747,0.9879329246850397,10.819811840965137,0.08104821831967501,0.034127278894454216,0.0469209394252208
1978.01,90.25,4.71333,10.9,62.5,1978.0416666665694,7.96,482.14077,25.1799285924,95622.61502828474,58.230852,11548.880928623863,9.241462260934684,,11.117327063419964,,0.09106792359776861,1.001857891824126,10.620837167104357,0.08971822063712143,0.03871758818723481,0.05100063244988662
1978.02,88.98,4.75667,10.91,62.9,1978.1249999999027,8.03,472.3331422893482,25.24986387877583,94094.79116372476,57.91362758346582,11537.133868242718,9.045263570704737,,10.894504079092554,,0.0930817926921571,1.0060097554972645,10.572902954732209,0.09477266521704397,0.04283697788391594,0.05193568733312803
1978.03,88.82,4.8,10.92,63.4,1978.208333333236,8.04,467.76548659305985,25.278927444794952,93604.51292952997,57.509559936908516,11508.233294195761,8.95042007763389,,10.793768769045762,,0.09468462655343847,0.9992345104647423,10.55255989244019,0.09836358000947154,0.042180432319903316,0.056183147689568225
1978.04,92.71,4.83667,11.0233,63.9,1978.2916666665692,8.15,484.4315129107981,25.2727361185446,97360.99384258706,57.59933012910798,11576.307231420451,9.262588720866841,,11.182400797006668,,0.09034509111540298,0.9933343904289317,10.461974334248307,0.09251894888848922,0.040841713895991116,0.0516772349924981
1978.05,97.41,4.87333,11.1267,64.5,1978.3749999999025,8.35,504.25532441860463,25.227416077906977,101767.69831653824,57.598785732558134,11624.460002655025,9.634910728598445,,11.642215937209855,,0.08485883777505829,0.9995916878724279,10.295566908244892,0.08492270025262827,0.040386377893305125,0.044536322359323144
1978.06,97.66,4.91,11.23,65.2,1978.4583333332357,8.46,500.12180291411033,25.144358512269935,101356.36170102475,57.50939838957055,11655.047531256483,9.549678981041733,,11.549477957050755,,0.08521906255430685,0.9950879903977516,10.180873008747447,0.09124274461604198,0.043044982803519316,0.048197761812522666
1978.07,97.19,4.94667,11.3433,65.7,1978.541666666569,8.64,493.9271244292237,25.13936092808219,100525.4963182629,57.647531130136976,11732.594530167213,9.425524047787356,,11.409884648364542,,0.08499996751231313,1.0226360524630467,10.053765037633978,0.09134670857750304,0.04373655481976613,0.04761015375773692
1978.08,103.9,4.98333,11.4567,66,1978.6249999999022,8.41,525.6277386363636,25.210553212499995,107404.8753937459,57.95918492045454,11843.170701862642,10.023970854003746,,12.14238973125799,,0.08114647573711717,1.0063374885085377,10.234609215065746,0.08181584472013137,0.04087556207648535,0.04094028264364602
1978.09,103.9,5.02,11.57,66.5,1978.7083333332355,8.42,521.6756503759399,25.205118045112776,107026.51351208068,58.09227406015037,11918.15939686981,9.941887473004407,,12.051024072050556,,0.08237040403865369,0.9923964327083631,10.222031302277738,0.08354173191128811,0.04298574159186863,0.04055599031941948
1978.1,100.6,5.03667,11.8233,67.1,1978.7916666665687,8.64,500.58994783904615,25.062687600223548,103129.07605277015,58.833251792101336,12120.536827979297,9.533608358208829,,11.565326820474889,,0.08482982227045281,0.9959841678096215,10.053598242339907,0.09127318917509752,0.04637680165014091,0.044896387524956616
1978.11,94.71,5.05333,12.0767,67.4,1978.874999999902,8.81,469.18336313056375,25.03366449591988,97088.62214725582,59.826699625370914,12380.003833658162,8.928418902293147,,10.842331646474513,,0.09041370978257521,0.9942582592890565,9.968655429576621,0.09555322223958163,0.04684701020306048,0.048706212036521146
1978.12,96.11,5.07,12.33,67.7,1978.9583333332353,9.01,474.0089833825701,25.004947932053174,98518.38472862587,60.81084970457902,12638.972882155416,9.011941819133826,,10.953907642577782,,0.08754849244367043,1.0016432159641684,9.867497383364597,0.09629254190730308,0.0474995321347047,0.04879300977259837
1979.01,99.71,5.11333,12.6533,68.3,1979.0416666665685,9.1,487.443941068814,24.997108887628112,101743.66796786815,61.85712987188872,12911.374525101055,9.25763691913997,,11.26102034126224,,0.08434488113791978,1.0075833333333333,9.796885647326986,0.09600336151613598,0.04865986810567491,0.04734349341046107
1979.02,98.23,5.15667,12.9767,69.1,1979.1249999999018,9.1,474.649208031838,24.9171264540521,99506.4471145206,62.70365853473227,13145.325381970877,9.003740371045632,,10.961002211569236,,0.08803605660113663,1.0062810771389346,9.756895875437808,0.1015635398802115,0.04890571159909851,0.052657828281112984
1979.03,100.1,5.2,13.3,69.8,1979.208333333235,9.12,478.834373209169,24.874512893982807,100818.39589759726,63.621350286532945,13395.45120317726,9.070785029660762,,11.05059648407652,,0.08720038013463213,1.0037031360281712,9.719716570956988,0.09931598074365056,0.04822017559576808,0.05109580514788248
1979.04,102.1,5.24667,13.5267,70.6,1979.2916666665683,9.18,482.8671990084986,24.813367747521248,102102.87627368416,63.97257336756374,13527.08106259788,9.133063566217412,,11.133601762772875,,0.08647595026293252,1.003117086251853,9.645163714582168,0.10106179802981496,0.05036943813476391,0.05069235989505105
1979.05,99.73,5.29333,13.7533,71.5,1979.3749999999015,9.25,465.72166468531475,24.71892569265734,98913.00214575065,64.22550657692307,13640.631629511201,8.794383289814956,,10.728950511599079,,0.09105296552439981,1.030044769334399,9.553442428512444,0.10840015297084604,0.05375680485516754,0.0546433481156785
1979.06,101.7,5.34,13.98,72.3,1979.4583333332348,8.91,469.66621369294603,24.660939834024894,100187.24209566458,64.56178630705394,13772.051568312594,8.85393776469395,,10.809180598290334,,0.09429245649469736,1.0048016460396398,9.731588496373432,0.11041797916582263,0.05635025030147811,0.05406772886434452
1979.07,102.7,5.39667,14.1967,73.1,1979.541666666568,8.95,469.09384062927495,24.649899288303693,100503.33034999362,64.84502947674419,13893.044108858368,8.827498045542361,,10.784338517075035,,0.09482550142401516,1.0022294077638916,9.671303104007459,0.11287090177119952,0.059327623602140944,0.05354327816905857
1979.08,107.4,5.45333,14.4133,73.8,1979.6249999999013,9.03,485.9085975609756,24.672438848577237,104546.39685198727,65.20992913617886,14030.340612167116,9.127165797215032,,11.15633137584919,,0.09074647769688396,0.9881636923006627,9.600926644191608,0.11340784433525886,0.05999113033134407,0.05341671400391479
1979.09,108.6,5.51,14.63,74.6,1979.7083333332346,9.33,486.0687064343163,24.66149698391421,105023.01878156004,65.48052647453083,14148.128589081249,9.112758990740955,,11.144412105091897,,0.08878609127487595,0.9476592376492354,9.385546777757853,0.11305552603619384,0.06220042691490213,0.050855099121291714
1979.1,104.5,5.55667,14.7067,75.2,1979.7916666665678,10.3,463.98625332446807,24.671947313497338,100695.97819172153,65.29862805518617,14171.344904040106,8.681843306899312,,10.624838288277688,,0.08481528736369669,0.9872029381971799,8.823334943924346,0.11753450057390258,0.07029506667040053,0.04723943390350205
1979.11,103.7,5.60333,14.7833,75.9,1979.874999999901,10.65,456.1877766798419,24.649668801383392,99449.32123298619,65.03337279644268,14177.330285280661,8.518784302983558,,10.433469269423107,,0.08394033968829678,1.0249286541450782,8.630088906940253,0.11661860415602532,0.07414652046832382,0.0424720836877015
1979.12,107.8,5.65,14.86,76.7,1979.9583333332343,10.39,469.2778552803129,24.595731747066495,102749.79363556618,64.68895110821381,14163.839827685651,8.745204404669293,,10.717928631289357,,0.08405555037918035,0.9837664457452885,8.752967516406605,0.11581447133810352,0.07337981269855343,0.042434658639550094
1980.01,110.9,5.7,15.0033,77.8,1980.0416666665676,10.8,475.9470212082262,24.462561053984576,104656.37343916931,64.3893232037275,14158.620086743813,8.850934180729109,,10.85408187872476,,0.07983469845349189,0.9174015256439824,8.489128142855058,0.11014020821413228,0.07355838056068653,0.03658182765344575
1980.02,115.3,5.75,15.1467,78.9,1980.1249999999009,12.41,487.9316254752851,24.333103612167296,107737.56319186899,64.09847312737642,14153.239795301666,9.054476092192516,,11.109252312727028,,0.06213716522876529,0.9912564853388187,7.679362011789434,0.10357782711324814,0.08271517658148353,0.020862650531764615
1980.03,104.7,5.8,15.29,80.1,1980.2083333332341,12.75,436.43626404494387,24.176985018726594,96812.01469916824,63.73553464419475,14138.067858168883,8.0811509007855,,9.924835697356505,,0.07309897274157992,1.0862448859181546,7.498176687376666,0.11781757133238657,0.08461038335075366,0.03320718798163291
1980.04,103,5.84667,15.1733,81,1980.2916666665674,11.47,424.5793518518518,24.100731641666666,94627.37758891036,62.54630950925925,13939.898916211781,7.844024504719217,,9.64444804829732,,0.09000066928921115,1.0899045574721604,8.05435767948059,0.12042042697591238,0.07605714948839726,0.04436327748751512
1980.05,107.7,5.89333,15.0567,81.8,1980.3749999999006,10.18,439.61151894865526,24.055485171454766,98424.42243973557,61.458669984718824,13759.953587264314,8.104225807176496,,9.974412483708676,,0.09958705186387128,1.033815310457589,8.692628026069928,0.11998882624858798,0.06862357702735356,0.05136524922123442
1980.06,114.6,5.94,14.94,82.7,1980.458333333234,9.78,462.6853748488512,23.982121523579202,104037.86303229014,60.318669286577986,13563.051253947773,8.51207796230674,,10.484904625773895,,0.09829741883754904,0.978961383211929,8.888773697844504,0.11667441295748815,0.06840828451538017,0.04826612844210798
1980.07,119.8,5.98333,14.84,82.7,1980.5416666665672,10.25,483.67982466747276,24.157061814087058,109211.26000744423,59.91492986698911,13528.339720454695,8.880865527295844,,10.94693073431367,,0.08816451154968642,0.957565312307295,8.701766194299669,0.1110316674280789,0.07109632045074332,0.039935346977335584
1980.08,123.5,6.02667,14.74,83.3,1980.6249999999004,11.1,495.02669567827127,24.156781668367348,112227.83292640964,59.08253841536615,13394.641759799826,9.071005981618383,,11.18854525781743,,0.07808383787866595,0.9850671522968465,8.272491388102498,0.09796918599017679,0.07430386747142403,0.023665318518752754
1980.09,126.5,6.07,14.64,84,1980.7083333332337,11.51,502.8262053571428,24.127708035714285,114451.89904436698,58.19269285714286,13245.65851390935,9.19604013174324,,11.349812726304929,,0.07283595962550314,0.9955721987902296,8.081051537960995,0.09005772322712824,0.07572013612926631,0.014337587097861926
1980.1,130.2,6.1,14.7,84.8,1980.791666666567,11.75,512.6509846698112,24.018210495283018,117143.76776396703,57.879949882075465,13225.909263673697,9.35784104675711,,11.556163110889692,,0.0690295926857678,0.9574436158599442,7.969371472258722,0.0843323771458806,0.07856389877836945,0.005768478367511154
1980.11,135.7,6.13,14.76,85.5,1980.8749999999002,12.68,529.9323070175438,23.93872543859649,121548.49662186009,57.6403894736842,13220.750258943659,9.654043663233391,,11.927567744896841,,0.05679183757499562,1.0016172099037945,7.567754169677011,0.0832776648239526,0.08706099172547033,-0.003783326901517725
1980.12,133.5,6.16,14.82,86.3,1980.9583333332334,12.84,516.5080967555041,23.83288296639629,118924.97603369849,57.338202201622245,13202.008575426302,9.389902084921744,,11.608006971345494,,0.05856753108409245,1.0259640818205924,7.509726371092225,0.09052566095474623,0.09091647924203361,-0.00039081828728737555
1981.01,133,6.2,14.74,87,1981.0416666665667,12.57,510.4333620689655,23.794637931034483,117982.83601448507,56.56983275862069,13075.691750778271,9.259404530877951,,11.454209284131183,,0.0636416662177889,0.9762689679378598,7.642717605354982,0.08999376528357517,0.0890111315403308,0.0009826337432443655
1981.02,128.4,6.24,14.66,87.9,1981.1249999999,13.19,487.7337542662116,23.70294880546075,113192.55545449846,55.686735494880544,12923.698309680276,8.829899353831308,,10.932069150005741,,0.06353679324489456,1.0148642333079452,7.384951973917821,0.10644224411334346,0.09510488203943934,0.011337362073904123
1981.03,133.2,6.28,14.58,88.5,1981.2083333332332,13.12,502.5365084745762,23.693162711864407,117086.18053753785,55.00737457627119,12816.190031811579,9.081096883854624,,11.25140376960073,,0.061569473498460286,0.9806212425474777,7.443911937446268,0.10585474086018953,0.09284783030442356,0.013006910555765971
1981.04,134.4,6.31667,14.7233,89.1,1981.2916666665665,13.68,503.649292929293,23.671029606902362,117805.0421777256,55.17395561447811,12905.34953493532,9.085561230788743,,11.265311096462016,,0.056376661531375466,0.9890312953748093,7.250502226216181,0.10748598556547928,0.09682329567737269,0.010662689888106591
1981.05,131.7,6.35333,14.8667,89.8,1981.3749999998997,14.1,489.6842121380846,23.62282001141425,114999.02283884422,55.27705601057906,12981.442466501483,8.818483466548066,,10.943243788709792,,0.05581888284693015,1.046130210601641,7.115075150936595,0.10963271450133116,0.09907923772875571,0.010553476772575454
1981.06,132.3,6.39,15.01,90.6,1981.458333333233,13.47,487.57149834437087,23.549371688741722,114963.73384987803,55.31706870860927,13043.126569060236,8.765340744304925,,10.886260091011929,,0.0629637895883288,0.9683821010187267,7.377570606351028,0.10972456257581187,0.09396400537510541,0.01576055720070646
1981.07,129.1,6.43333,15.0967,91.6,1981.5416666665662,14.28,470.58429858078597,23.45022529503275,111419.12251926793,55.029202016921396,13029.132973947577,8.445319467875509,,10.498717805693907,,0.06011015664206906,0.9778562631723248,7.066312702749063,0.11390857539913224,0.09935767103250592,0.014550904366626316
1981.08,129.6,6.47667,15.1833,92.3,1981.6249999998995,14.94,468.8241386782231,23.42916075812568,111464.64586683158,54.925135376489706,13058.650907329198,8.399806316566437,,10.452105800480165,,0.054711363406107744,0.9931274100779962,6.857434161070719,0.11648523649205966,0.10584521303159589,0.010640023460463777
1981.09,118.3,6.52,15.27,93.2,1981.7083333332328,15.32,423.81419259656644,23.358144849785404,101226.15764529699,54.705348444206,13066.132098425065,7.581163051923156,,9.446392731834708,,0.0648202901372531,1.0214663553165861,6.744541072313165,0.1264596790332344,0.1098176054502713,0.0166420735829631
1981.1,119.8,6.55667,15.3,93.4,1981.791666666566,15.15,428.2689668094218,23.43921775133833,102756.6904055038,54.69545235546038,13123.350277163674,7.649141713319212,,9.543753400017172,,0.06531497355094401,1.108970876178851,6.8745694923707426,0.12481013401317043,0.1091609356232417,0.01564919838992873
1981.11,122.9,6.59333,15.33,93.7,1981.8749999998993,13.39,437.944378335112,23.494807225453574,105547.92849500108,54.62723612593383,13165.579689409004,7.810752565716109,,9.757177879149886,,0.08055833329807846,0.9933234956774207,7.5992885037230895,0.12149055866632885,0.09930588417999364,0.02218467448633521
1981.12,123.8,6.63,15.36,94,1981.9583333332325,13.72,439.74352659574464,23.55007739361702,106454.51591113361,54.55945531914893,13207.927014499292,7.832562137141895,,9.79589996157547,,0.07671917675410611,0.965958056435771,7.524460698345904,0.1214932661158048,0.103532845627609,0.017960420488195794
1982.01,117.3,6.66,15.1767,94.3,1982.0416666665658,14.59,415.32969512195115,23.581379109225875,101020.05898701127,53.736864313361615,13070.34210765707,7.3886599733759954,,9.253826807056987,,0.07603574951320219,1.0205727472457031,7.245190483549799,0.13525435079719395,0.10867673297263303,0.026577617824560917
1982.02,114.5,6.69,14.9933,94.6,1982.124999999899,14.43,404.12992864693445,23.612482293868922,98774.5580800108,52.91913763477802,12934.118617126866,7.181823450546734,,9.008823810691187,,0.08135128973041261,1.0426643818639756,7.370794979509827,0.13671369118165044,0.1045971709609399,0.03211652022071054
1982.03,110.8,6.72,14.81,94.5,1982.2083333332323,13.86,391.48453968253966,23.743466666666666,96167.46294447302,52.32749126984127,12854.152763606908,6.950673793536033,,8.734195921151276,,0.09130425630141711,1.0110126744031835,7.6933979471261855,0.13802666879496672,0.09845876984176405,0.039567898953202674
1982.04,116.3,6.75,14.5967,94.9,1982.2916666665656,13.87,409.18543466807165,23.748939673340356,101001.81247921346,51.35646633034773,12676.639348369175,7.259072625426149,,9.13576229951182,,0.08528868981483437,1.0251220228422484,7.74533833289204,0.1325950616870195,0.0987068014995871,0.033888260187432406
1982.05,116.4,6.78,14.3833,95.8,1982.3749999998988,13.62,405.6898434237996,23.630387787056367,100625.04348414142,50.13022959551148,12434.022233208345,7.1926124844646235,,9.066293563047877,,0.08982571898672997,0.9754106412743653,7.865324778227444,0.13517772888684632,0.09823040243427728,0.03694732645256904
1982.06,109.7,6.81,14.17,97,1982.458333333232,14.3,377.6083221649485,23.441318814432986,94144.38090416348,48.7758425257732,12160.673449516831,6.692133988197591,,8.451496753639915,,0.09451603152662752,1.0306651376519482,7.577011116865961,0.14082431267500173,0.10362332159161558,0.03720099108338615
1982.07,109.4,6.82333,13.9667,97.5,1982.5416666665653,13.95,374.6445076923077,23.36675602076923,93890.92847365727,47.829501330769226,11986.713260630977,6.638653100208761,,8.400296954038714,,0.0992586435056396,1.0609778281904543,7.769313199571639,0.14305152120152997,0.10454976257346549,0.038501758628064486
1982.08,109.7,6.83667,13.7633,97.7,1982.6249999998986,13.06,374.90283776867966,23.364512159416577,94443.62440665562,47.03646515097236,11849.188111177058,6.643422752166092,,8.422750758567592,,0.10801408722100161,1.0519607466985679,8.226194799270852,0.1431275985462923,0.1005365972969634,0.04259100124932891
1982.09,122.4,6.85,13.56,97.9,1982.7083333332318,12.34,417.4508886618999,23.36224336057201,105652.55543060352,46.24701021450459,11704.645846723723,7.3988382003233095,,9.393844285012223,,0.0998093768756103,1.0967112869231939,8.635955506626841,0.13048571601745795,0.09683770860397867,0.033648007413479286
1982.1,132.7,6.85667,13.2533,98.2,1982.791666666565,10.91,451.1968915478614,23.313550794042765,114685.02582255633,45.0629070290224,11454.069726707505,7.999840994534589,,10.167766914461478,,0.10377276401638613,1.0311735941154534,9.442215611056007,0.11952157206408986,0.08594396916110814,0.03357760290298173
1982.11,138.1,6.86333,12.9467,98,1982.8749999998984,10.55,470.5158596938775,23.383820530867347,120090.82000723688,44.110265609693876,11258.362196869615,8.34747693815543,,10.61939966902232,,0.10168839765063202,1.0094053062237236,9.756433945633146,0.1172542550530038,0.08065134120274209,0.03660291385026171
1982.12,139.4,6.87,12.64,97.6,1982.9583333332316,10.54,476.8915420081967,23.50247412909836,122217.98216867165,43.241815573770495,11082.032242553872,8.467738401400478,,10.782007239538869,,0.09938633373179818,1.0137086656838108,9.88855765435706,0.1189690134360597,0.08066255773650699,0.03830645569955271
1983.01,144.3,6.88333,12.5667,97.8,1983.0416666665649,10.46,492.64506901840497,23.499920879601223,126757.18413626662,42.9031378297546,11038.943214727798,8.756783224134745,,11.158544264730379,,0.09625529562626893,0.9928796879673732,10.003617369414798,0.1145070153701413,0.0808073412859891,0.0336996740841522
1983.02,146.8,6.89667,12.4933,97.9,1983.1249999998981,10.72,500.6682226762002,23.52141356460674,129325.87193538663,42.60898028855974,11006.177900888048,8.910493436624119,,11.36206826684861,,0.09103401885507217,1.0218357023839544,9.92224304949866,0.11378722948097164,0.08457304042243541,0.029214189058536233
1983.03,151.9,6.91,12.42,97.9,1983.2083333332314,10.51,518.0620097037793,23.566876149131765,134326.09056476853,42.35898723186925,10983.081269351054,9.232829705190525,,11.77931272112625,,0.08820851061293213,1.0155474590353635,10.138902195708772,0.11154596523456917,0.08464898801872267,0.026896977215846496
1983.04,157.7,6.92,12.4767,98.6,1983.2916666665647,10.4,534.024819979716,23.43342900608519,138971.34910388803,42.25026931795132,10994.951372000509,9.531581284160412,,12.165031590630463,,0.08593763163921259,1.0099020734301765,10.223437219728854,0.1059706013415338,0.08406660639750418,0.021903994944029614
1983.05,164.1,6.93,12.5333,99.2,1983.374999999898,10.38,552.3362827620967,23.325353074596773,144242.44930443383,42.185230546875005,11016.659901689583,9.874456504668403,,12.605255648355708,,0.08240888324541364,0.9801737810824116,10.262222842284661,0.10250417283690183,0.08348002215090666,0.019024150685995167
1983.06,166.4,6.94,12.59,99.5,1983.4583333332312,10.85,558.3890653266332,23.2885824120603,146329.94877205044,42.248307286432166,11071.478696154538,10.000117903130024,,12.767362769540007,,0.07602510331623155,0.97761600247503,10.028433840710944,0.10171755700388485,0.08701914272206857,0.014698414281816286
1983.07,167,6.96,12.8267,99.9,1983.5416666665644,11.38,558.1586336336336,23.262180180180177,146777.5645305408,42.87025955705706,11273.48375427478,10.014475995571027,,12.786896040903429,,0.07077177393272022,0.9821386702978602,9.764702317746687,0.10144828299634256,0.09167859466190098,0.009769688334441584
1983.08,162.4,6.98,13.0633,100.2,1983.6249999998977,11.85,541.1591017964072,23.259178143712575,142816.9412334929,43.53031831586826,11488.057564134775,9.728056935665213,,12.42283748106904,,0.06739685291074504,1.0216050338528322,9.561578301852254,0.10609067393765947,0.09526837197520543,0.01082230196245404
1983.09,167.2,7,13.3,100.7,1983.708333333231,11.65,554.3875471698112,23.210004965243296,146818.4962744744,44.09900943396226,11678.74402183319,9.984202458028781,,12.749884493756902,,0.06705890471981753,1.0161885537859756,9.71965525104248,0.10429535852232452,0.09641004690315813,0.00788531161916639
1983.1,167.7,7.03,13.5433,101,1983.7916666665642,11.54,554.3937846534653,23.240240346534655,147333.04103259806,44.772339556930696,11898.482854005877,10.003391799449632,,12.773539636170556,,0.0673346941407563,1.000833309838694,9.847664781925848,0.10481683178116641,0.09526379676879859,0.009553035012367816
1983.11,165.2,7.06,13.7867,101.2,1983.8749999998975,11.69,545.0498122529643,23.293291007905133,145365.69108034123,45.48691432559288,12131.435673228454,9.853581649364283,,12.581491199513103,,0.0668588374150979,1.0015899027226098,9.836392932070707,0.10623588135321338,0.09254196557932293,0.013693915773890453
1983.12,164.4,7.09,14.03,101.3,1983.9583333332307,11.83,541.8748963474827,23.36917892398815,145038.3189692261,46.24394644619941,12377.661892568383,9.815010903608675,,12.531076317323542,,0.06525964409105081,1.0192347993297712,9.842306240921772,0.10746347078169727,0.09258525518549332,0.014878215596203948
1984.01,166.4,7.12,14.44,101.9,1984.041666666564,11.67,545.2376054955839,23.329878312070655,146458.7554602984,47.315090284592735,12709.521807973008,9.894931809202541,,12.630750087850316,,0.06574306761357704,0.9998304045343891,9.972553581699078,0.10798763126838695,0.09153808397712893,0.016449547291258027
1984.02,157.3,7.15,14.85,102.4,1984.1249999998972,11.84,512.9032250976562,23.313782958984376,138295.138784389,48.420933837890615,13055.834780344416,9.324529645727987,,11.90239933584716,,0.06937144418105554,0.9824599290610767,9.922176430845557,0.11389671711025429,0.09044041463147812,0.02345630247877617
1984.03,157.4,7.18,15.26,102.6,1984.2083333332305,12.32,512.2288450292398,23.365966374269004,138638.32206558494,49.660814327485376,13441.046980437268,9.326747066508247,,11.904570260565979,,0.06339250293545592,0.9927827973295454,9.729138528691164,0.11164739045242511,0.08863695123970228,0.023010439212722833
1984.04,157.6,7.22333,15.5733,103.1,1984.2916666665637,12.63,510.39241513094083,23.39297489839961,138668.9021590929,50.43460785887488,13702.616840064728,9.305643404594825,,11.876543098868646,,0.06060971379474145,0.967859509236794,9.612078874478962,0.10769621123993267,0.08653665258825738,0.021159558651675292
1984.05,156.6,7.26667,15.8867,103.4,1984.374999999897,13.41,505.6824516441005,23.465054284090908,137920.51847453447,51.300289939555114,13991.710733393274,9.231831816896047,,11.781082542587818,,0.05264208935378016,1.0030178161231755,9.276150234435898,0.10938875012197524,0.08934309339508006,0.020045656726895178
1984.06,153.1,7.31,16.2,103.7,1984.4583333332303,13.56,492.95025795564123,23.536684426229503,134982.87495260162,52.160641272902595,14282.969132803044,9.01018551229101,,11.497716640781464,,0.05323536119826784,1.0222612021863886,9.277227429585636,0.11262994558557926,0.09022571952418335,0.022404226061395915
1984.07,151.1,7.33333,16.32,104.1,1984.5416666665635,13.36,484.6412752161383,23.52107480331412,133244.3793551894,52.34510662824207,14391.45116529908,8.868302214043304,,11.316241863649706,,0.056549760285445394,1.0471009378195517,9.447308744221298,0.11319388534234909,0.08706129020049036,0.026132595141858728
1984.08,164.4,7.35667,16.44,104.5,1984.6249999998968,12.72,525.2815980861244,23.505616631339716,144956.32830139654,52.52815980861244,14495.632830139653,9.623063257373174,,12.27471160955555,,0.05321848756676335,1.0219291431360158,9.854420636965278,0.10676469503956709,0.08315942516881414,0.023605269870752954
1984.09,166.1,7.38,16.56,105,1984.70833333323,12.52,528.1861357142857,23.467872857142854,146297.54382482826,52.65961714285713,14585.715386749884,9.687341313628087,,12.351552352066447,,0.05375897811906938,1.031119860341776,10.022564782218485,0.10635017945323866,0.08002330647253642,0.026326872980702243
1984.1,164.8,7.43,16.5867,105.3,1984.7916666665633,12.16,522.5592022792023,23.559556267806265,145282.78582581002,52.594251944444444,14622.342133840795,9.595070703048506,,12.229383028121232,,0.05760107851846756,1.0448487934823085,10.305022676574456,0.10655576733906291,0.07553166285318613,0.03102410448587678
1984.11,166.3,7.48,16.6133,105.3,1984.8749999998965,11.57,527.3155056980057,23.718099715099715,147154.6534344476,52.678597058404556,14700.687936876175,9.69197322178309,,12.34867935888002,,0.06162119253361199,1.0137721149498926,10.767190510426651,0.1045845846160276,0.0697554544131127,0.03482913020291489
1984.12,164.5,7.53,16.64,105.3,1984.9583333332298,11.5,521.6079415954416,23.87664316239316,146117.13791338992,52.76325925925926,14780.481306254154,9.595054801133461,,12.222162489146147,,0.06253264079268328,1.0166985780559679,10.915477495823641,0.10422883776671998,0.07009183444980782,0.03413700331691216
1985.01,171.6,7.57333,16.5567,105.5,1985.041666666563,11.38,543.0896018957345,23.968512673222747,152694.2800919913,52.39960146682464,14732.595496498092,9.997001177730453,,12.729627871083462,,0.059333156928087424,1.0018156011347725,11.076712059329404,0.10160266350762104,0.06900918216703,0.032593481340591035
1985.02,180.9,7.61667,16.4733,106,1985.1249999998963,11.51,569.8222004716981,23.99197158466981,160772.50748146165,51.88972943632074,14640.429781616149,10.494935172607082,,13.357385583224783,,0.05297390767310897,0.9892367938618801,11.044479445831259,0.09961529770313904,0.07186657855232315,0.027748719150815893
1985.03,179.4,7.66,16.39,106.4,1985.2083333332296,11.86,562.9728806390978,24.037749530075185,159405.18351408275,51.43325258458646,14563.271782585374,10.373217214924736,,13.197786108739969,,0.05058811726454476,1.0353280439322068,10.88453173221767,0.1029732942127608,0.07576317688123946,0.027210117331521344
1985.04,180.6,7.68667,16.13,106.9,1985.2916666665628,11.43,564.0877970065482,24.00861985944808,160287.37222415066,50.38059892422824,14315.810154903376,10.397118719816824,,13.224090599429939,,0.05476309593341068,1.0446658658983008,11.216352523920293,0.10549595020856128,0.07388335692059145,0.03161259328796984
1985.05,184.9,7.71333,15.87,107.3,1985.374999999896,10.85,575.3655475302888,24.00207863024231,164060.33720697905,49.38372763280522,14081.328023119297,10.608120467860095,,13.488455241725168,,0.05844401151764894,1.0520532267558704,11.673659948288618,0.10634756155358116,0.07328936026805755,0.033058201285523614
1985.06,188.9,7.74,15.61,107.6,1985.4583333332293,10.16,586.1737290892194,24.017917750929367,167712.90132140814,48.43923722118959,13859.176228836322,10.810049845861219,,13.741426269246396,,0.0630792195548151,0.9991742605611181,12.247070041508456,0.1071565193131705,0.07209843199589594,0.035058087317274556
1985.07,192.5,7.77333,15.4833,107.8,1985.5416666665626,10.31,596.2366071428571,24.076591716372914,171166.09382696083,47.95693641233766,13767.355743121989,10.997563956793385,,13.976419083122833,,0.05900797514012886,1.0073537038004854,12.21425407826951,0.10876208559650902,0.07206801375690297,0.036694071839606046
1985.08,188.3,7.80667,15.3567,108,1985.6249999998959,10.33,582.1477569444445,24.135079286805556,167698.88887331347,47.476731062499994,13676.588033780203,10.738799808877287,,13.646192185229472,,0.06100012096180496,1.0061364986054657,12.281288762525522,0.11131221364011323,0.07011455932977073,0.0411976543103425
1985.09,184.1,7.84,15.23,108.3,1985.7083333332291,10.37,567.58641966759,24.170980609418283,164084.45793064238,46.95459626038782,13574.178676174275,10.471234661697553,,13.306583154373689,,0.06268656154793996,1.016718459059641,12.322423918560744,0.11759112151323259,0.07238476125233517,0.045206360260897416
1985.1,186.2,7.86,15.0233,108.7,1985.7916666665624,10.24,571.9483302667892,24.14346872125115,165927.08905214048,46.14689232060717,13387.607072808927,10.552516982943752,,13.410439843384852,,0.06305898669861093,1.037665107026227,12.482333058511974,0.1169954583927566,0.07246900203747608,0.04452645635528052
1985.11,197.5,7.88,14.8167,109,1985.8749999998956,9.78,604.9887041284404,24.138283486238528,176095.94348836353,45.38701839220184,13210.940586754612,11.16461112866747,,14.186571464023913,,0.061981515915447746,1.0418088588778152,12.916832437531516,0.11303605796252914,0.07028469411503946,0.042751363847489676
1985.12,207.3,7.9,14.61,109.3,1985.958333333229,9.26,633.2654643183898,24.133126715462033,184911.92336463346,44.63101029277218,13032.142789953179,11.6905214744676,,14.851243444332473,,0.06305996751515092,1.012261086209065,13.41993486152435,0.11138329331321772,0.06855031231169662,0.04283298100152111
1986.01,208.2,7.94,14.58,109.6,1986.0416666665622,9.19,634.2738914233577,24.188927463503653,185794.97371057048,44.41745118613139,13011.002481748885,11.715007584487989,,14.879155972876077,,0.06368185902322779,1.040138266147972,13.547294050074107,0.11038663398724524,0.06790627806628824,0.042480355920957
1986.02,219.4,7.98,14.55,109.3,1986.1249999998954,8.7,670.2288609332114,24.377512808783166,196922.16601067095,44.447720722781334,13059.33234027011,12.388219099418128,,15.727961947238791,,0.06326570656270632,1.0706964086423971,14.129735226795914,0.10994055977766282,0.062294770018033185,0.04764578975962963
1986.03,232.3,8.02,14.52,108.8,1986.2083333332287,7.78,712.8973138786765,24.612296415441175,210061.3441546896,44.55991819852941,13129.96434406411,13.18902298153272,,16.73474058295941,,0.06688280325039592,1.0402862489588924,15.198181839431431,0.10200655087375887,0.050932090972658495,0.05107445990110038
1986.04,238,8.04667,14.5833,108.6,1986.291666666562,7.3,731.7349447513812,24.739620285220997,216219.49316239727,44.836597562154694,13248.713170736082,13.55250417286948,,17.183914355587923,,0.06907103381145845,0.9777221654628936,15.839576445202729,0.0986214540478656,0.04490298760779399,0.05371846644007161
1986.05,238.5,8.07333,14.6467,108.9,1986.3749999998952,7.71,731.2521694214876,24.753207869834707,216686.36312711527,44.90746813360881,13307.086602993371,13.560046199232339,,17.180748515167288,,0.06446579679293477,1.0002236733487426,15.444041882894634,0.10073370689638583,0.046171339837853154,0.05456236705853268
1986.06,245.3,8.1,14.71,109.5,1986.4583333332284,7.8,747.9801849315069,24.69889726027397,222253.15098107193,44.854417123287675,13327.940688673332,13.88868862645712,,17.582378520821575,,0.061842005395503996,1.0417113704432905,15.362852488099275,0.09927152824818464,0.045967205214896945,0.05330432303328769
1986.07,240.2,8.14333,14.7567,109.5,1986.5416666665617,7.3,732.4290273972603,24.831021114383564,218247.1678012707,44.99681693835617,13408.026565749424,13.619995534083811,,17.2285492108527,,0.06770006219295124,1.0152906557195402,16.003658119296013,0.09717486874835424,0.042397614911459325,0.05477725383689491
1986.08,245,8.18667,14.8033,109.7,1986.624999999895,7.17,745.7033956244302,24.91766374635369,222821.36854020372,45.0566166385597,13463.230877188562,13.887667550866059,,17.55217873714276,,0.06722047828635411,0.9863856367686215,16.218741274117846,0.09801552927546986,0.043116512363074566,0.05489901691239529
1986.09,238.3,8.23,14.85,110.2,1986.7083333332282,7.45,722.019807168784,24.9358917876588,216365.46552918496,44.993680807622496,13483.118603056635,13.467314312977134,,17.00775994792839,,0.06678208850013792,1.0076087971828867,15.925347534359448,0.10310882358663087,0.04383880223172576,0.05927002135490511
1986.1,237.4,8.24667,14.7267,110.3,1986.7916666665615,7.43,718.6407932910245,24.96374671781505,215976.28758064157,44.579643515412506,13397.716909493824,13.425918860857362,,16.942441583196963,,0.06675361068841357,1.0188955773741608,16.031972204664136,0.10742104525516782,0.04565035799543482,0.061770687259733004
1986.11,245.1,8.26333,14.6033,110.4,1986.8749999998947,7.25,741.2776426630435,24.99152094225543,223405.3407774181,44.16605385190218,13310.710783251205,13.872985596138607,,17.49166618064256,,0.06606595685814569,1.015983428220694,16.320109465794648,0.10892623208224239,0.04666492670886746,0.06226130537337493
1986.12,248.6,8.28,14.48,110.5,1986.958333333228,7.11,751.1825837104072,25.019275113122166,227018.83620224244,43.7535149321267,13222.979679036487,14.085139814743316,,17.743316425436987,,0.06610970206910378,1.0080581907954413,16.56595536963849,0.10846887333722832,0.04487162554817692,0.0635972477890514
1987.01,264.5,8.3,14.6867,111.2,1987.0416666665612,7.08,794.1957396582733,24.92183228417266,240645.71459383206,44.09873183228417,13362.160364934722,14.922208103718953,,18.777962794262155,,0.06255222587187362,0.9939018621095888,16.594324580558418,0.10521712997774291,0.0427757657513701,0.06244136422637281
1987.02,280.9,8.32,14.8933,111.6,1987.1249999998945,7.25,840.4157997311827,24.892344086021506,255279.19237773094,44.55879184811828,13534.88642164208,15.82231814283646,,19.886426559991165,,0.05633488935618439,1.0060416666666667,16.43401493941536,0.10306661670050454,0.04524184236109807,0.05782477433940647
1987.03,292.5,8.34,15.1,112.1,1987.2083333332278,7.25,871.2181645851917,24.840887154326495,265264.3088246513,44.975706958073154,13693.986541033284,16.43334397606993,,20.62720293812924,,0.05374249744226312,0.9534890993905645,16.45956023025562,0.09788088380239768,0.043326612376116236,0.05455427142628144
1987.04,289.3,8.4,14.8733,112.7,1987.291666666561,8.02,857.0993811002662,24.88639751552795,261596.93052671684,44.06462573425022,13449.048139657854,16.196534453220888,,20.3038410710514,,0.046609431506182755,0.967424225099176,15.610458405331707,0.09547154030797245,0.04781331667860167,0.04765822362937078
1987.05,289.1,8.46,14.6467,113.1,1987.3749999998943,8.61,853.4776458885942,24.975513262599474,261126.76916295002,43.23981679708223,13229.4896226184,16.160311952655746,,20.233478963142414,,0.04069397570932957,1.0212748364878896,15.0485247133077,0.10544169617241872,0.05368315360126141,0.05175854257115731
1987.06,301.4,8.52,14.42,113.5,1987.4583333332275,8.4,886.6537400881056,25.064000881057268,271916.2410768558,42.42052731277533,13009.396802681687,16.825207307878724,,21.03876533929812,,0.04002054942434858,1.0036500888963857,15.314516868422027,0.10657640898187082,0.05396222097842407,0.05261418800344675
1987.07,310.1,8.56667,14.9,113.8,1987.5416666665608,8.45,909.8423923550088,25.134858198374342,279670.02235884,43.717032073813705,13437.869503859129,17.30600439051223,,21.611453473791197,,0.0376255172610622,0.9865456526552201,15.329896665738627,0.109503450278982,0.05636661172834412,0.05313683855063789
1987.08,329.4,8.61333,15.38,114.4,1987.624999999894,8.76,961.4002578671327,25.13921579567307,296161.97739076155,44.88869449300699,13828.085040285103,18.326907245856347,,22.85209551137737,,0.031518001960628546,0.9648663076746858,15.044323105759673,0.10334217533778367,0.05808262242708939,0.04525955291069428
1987.09,318.7,8.66,15.86,115,1987.7083333332273,9.42,925.3177369565217,25.14355695652174,285692.11998136766,46.04813086956521,14217.373777547824,17.675620449938226,,22.007766234206734,,0.027138089806860208,1.0014476306327,14.440026083980936,0.1083585202171864,0.06342280497439301,0.044935715242793384
1987.1,280.2,8.71,16.4067,115.3,1987.7916666665606,9.52,811.4195880312228,25.222928664353862,251174.99897244148,47.51148377927147,14707.18363897629,15.530055563627316,,19.3133869633154,,0.03388539955843835,1.0513845824386956,14.423303897908639,0.12427821516317095,0.0652423131126656,0.05903590205050535
1987.11,245,8.76,16.9533,115.4,1987.8749999998938,8.86,708.8705589254765,25.345739168110917,220084.75336883424,49.05181733318889,15229.23611954227,13.590885143189087,,16.887366309768492,,0.04924797924525397,0.9988718989112614,15.151298584090739,0.13798440684227598,0.061788332359404174,0.0761960744828718
1987.12,241,8.81,17.5,115.4,1987.958333333227,8.99,697.2971620450606,25.490406629116116,217151.03857817964,50.63361135181975,15768.228942398935,13.389028514426967,,16.622494633999878,,0.04871401448491447,1.028730231232527,15.134206387662223,0.14262186698497015,0.06311465433809427,0.07950721264687588
1988.01,250.5,8.85667,17.8633,115.7,1988.0416666665603,8.67,722.9046780466723,25.558994710242,225788.98025288948,51.55075103932584,16101.142878049664,13.898336683569136,,17.23746480175742,,0.04877025449457399,1.0383636955621693,15.528646538247564,0.13823197341745064,0.06284914000079489,0.07538283341665575
1988.02,258.1,8.90333,18.2267,116,1988.1249999998936,8.21,742.9108125,25.627199241594827,232704.63563706228,52.463434739224134,16433.311051398847,14.298270962469525,,17.71412617044174,,0.05095472216058203,0.9960850896319035,16.082681816516534,0.14165589311359006,0.05918023773368275,0.08247565537990731
1988.03,265.7,8.95,18.59,116.5,1988.2083333332268,8.37,761.5041824034334,25.650968884120168,239198.2661439813,53.27949849785408,16735.77631771401,14.668946811103465,,18.152060554951053,,0.04720299705962881,0.983794836071856,15.950965397530005,0.14421543923692304,0.05970465686049686,0.08451078237642617
1988.04,262.6,9.04333,19.6167,117.1,1988.29166666656,8.72,748.7631981212639,25.785653817463707,235871.12612194987,55.93397954526047,17620.004264266772,14.433316420838949,,17.840595093043493,,0.044527058308336545,0.9831443032725702,15.61207186810015,0.14945155386379416,0.06236559539290676,0.0870859584708874
1988.05,256.1,9.13667,20.6433,117.5,1988.3749999998934,9.09,727.7435680851064,25.96311138702128,229931.20440604878,58.66079187446808,18533.927496741064,14.031891348027777,,17.325317986212745,,0.04217868506100304,1.018738472701669,15.296667878487494,0.15191947926139182,0.06475853938893006,0.08716093987246176
1988.06,270.7,9.23,21.67,118,1988.4583333332266,8.92,765.9720317796609,26.117184533898307,242697.16586363356,61.317376906779664,19428.325024990543,14.766468647879618,,18.20823556951486,,0.03963841085063305,0.9982943438098126,15.517273122497594,0.14570549563330726,0.06480948465006331,0.08089601098324395
1988.07,269.1,9.30667,22.0233,118.5,1988.5416666665599,9.06,758.231829113924,26.223015299367088,240937.0872927195,62.05413244936709,19718.430897709954,14.6083157175221,,17.988763201028448,,0.038609675495086246,0.9946042850469942,15.425443938952597,0.15142125977307908,0.06612226968726764,0.08529899008581143
1988.08,263.7,9.38333,22.3767,119,1988.6249999998931,9.26,739.894556722689,26.32792867247899,235807.37061229092,62.784977350840336,20009.82476291259,14.244946310675653,,17.518725933895716,,0.03831922345219643,1.0260567691250402,15.277749562113286,0.1454542241452761,0.06847838229814185,0.07697584184713424
1988.09,268,9.46,22.73,119.8,1988.7083333332264,8.98,746.9381469115192,26.365801752921538,238752.43171739922,63.350388355592656,20249.413331852553,14.369428776140161,,17.648292003694447,,0.04042123697308585,1.019363978978598,15.57115829940911,0.1381631772933567,0.07114259541859358,0.06702058187476312
1988.1,277.4,9.55,23.0733,120.2,1988.7916666665596,8.8,770.5638893510815,26.528064683860237,247010.82207196337,64.09319318011647,20545.619325569693,14.811450153277725,,18.165517397941205,,0.03954542721848531,0.9968443726651456,15.81985698993907,0.13547813605330083,0.07196920654341032,0.06350892950989051
1988.11,271,9.64,23.4167,120.3,1988.874999999893,8.96,752.160162094763,26.755807980049877,241826.08397264764,64.9930216521197,20895.826053735418,14.445530680872887,,17.692871543397242,,0.03927100223761787,0.9976956094018237,15.756826576042673,0.14980021837972357,0.07025183133831758,0.07954838704140599
1988.12,276.5,9.75,23.75,120.5,1988.9583333332262,9.11,766.1516701244813,27.01619813278008,247048.30513001734,65.8086877593361,21220.243207370386,14.702086748571997,,17.9815864920142,,0.036268450358792836,1.0088955782014826,15.694424549134908,0.15204074375042165,0.07268580379663314,0.0793549399537885
1989.01,285.4,9.81333,24.16,121.1,1989.0416666665594,9.09,786.8944632535095,27.05695530161024,254463.94272960123,66.61307018992568,21541.166280123216,15.088072442713289,,18.425435496743255,,0.03431993349970877,1.0023769837262066,15.755584486950456,0.15402822616148026,0.07182926250160282,0.08219896365987744
1989.02,294,9.89667,24.56,121.6,1989.1249999998927,9.17,807.2729851973684,27.17453855242599,261786.20045080225,67.43749835526316,21868.942459427562,15.46706046273475,,18.85743571773138,,0.03109942441740994,0.9953950007933203,15.728096787541919,0.1505428762996861,0.06994910851779079,0.08059376778189531
1989.03,292.7,10.01,24.96,122.3,1989.208333333226,9.36,799.1033094848732,27.328404946852,259875.4154779915,68.14355519215044,22160.88271380481,15.298969108882359,,18.622276927610926,,0.0294507277065168,1.019490591915486,15.56606165151615,0.15435889228086785,0.06926749095871321,0.08509140132215465
1989.04,302.3,10.0867,25.0467,123.1,1989.2916666665592,9.18,819.9488444354183,27.358842240048745,267396.0111998623,67.93586742282697,22154.77232457688,15.686742656144585,,19.06141795976555,,0.02911932630234805,1.028717272293509,15.766321297022916,0.15503405201669485,0.0680029000346396,0.08703115198205524
1989.05,313.9,10.1933,25.1333,123.8,1989.3749999998925,8.86,846.5981886106623,27.491651213651053,276833.825370493,67.7853018598546,22165.490867104847,16.186353538544555,,19.63356921555984,,0.02961222445263434,1.046527044792438,16.127379761497444,0.1509207545662996,0.06309958575509111,0.0878211688112085
1989.06,323.7,10.37,25.22,124.1,1989.4583333332257,8.28,870.9186321514907,27.900606164383557,285546.78288355673,67.85470467365028,22247.42003189157,16.64190423580859,,20.149986195019615,,0.03280169858994814,1.0246450227166057,16.836938745827617,0.14665589177332117,0.05614086935161833,0.09051502242170284
1989.07,331.9,10.4233,24.71,124.4,1989.541666666559,8.02,890.8273372186494,27.976380186897103,292838.6012334996,66.32221603697748,21801.873565772145,17.013407650499133,,20.562062434197994,,0.03318332447187321,1.0005646566168747,17.210281258253637,0.14849376415557325,0.05489313093519366,0.09360063322037959
1989.08,346.6,10.5467,24.2,124.6,1989.6249999998922,8.11,928.789249598716,28.26215112158908,306091.899856531,64.84910513643659,21371.6791013504,17.73425143657732,,21.393656539479558,,0.02905887737212181,1.0013382399471198,17.192358709358597,0.1387580154565753,0.05407369834359099,0.0846843171129843
1989.09,347.3,10.73,23.69,125,1989.7083333332255,8.19,927.686922,28.6613322,306515.7526519934,63.279306600000005,20908.028161030015,17.71422067897908,,21.332067137506513,,0.027524537130818823,1.0191153280183949,17.160277038694854,0.1373748080972197,0.0544446286852629,0.0829301794119568
1989.1,347.4,10.7967,23.4267,125.6,1989.7916666665587,8.01,923.52113455414,28.701728939092355,305929.61546413467,62.27706552348726,20630.17076163974,17.640853852797946,,21.208128697438628,,0.0292200805485349,1.016292259725205,17.40475852226914,0.13593394065898257,0.05179651449017264,0.08413742616880993
1989.11,340.2,10.9233,23.1633,125.9,1989.874999999892,7.87,902.2258022239872,28.969086141779187,299674.9334294261,61.430120295869735,20404.057570563862,17.242369266947424,,20.697305291068098,,0.031206213805868237,1.0086218574336216,17.646172866498762,0.14605583554374513,0.051441238974060166,0.09461459656968496
1989.12,348.6,11.06,22.87,126.1,1989.9583333332253,7.84,923.0366812053926,29.285099524187157,307397.8703524412,60.55607831086439,20166.922819737036,17.650212904947324,,21.154881971751614,,0.029230540597029113,0.9814869912507187,17.770086762396726,0.1463144713868969,0.0492899345246125,0.0970245368622844
1990.01,339.97,11.14,22.49,127.4,1990.0416666665585,8.21,891.0002607927786,29.195937598116167,297539.07473381096,58.942247448979586,19683.071420311815,17.04884360687827,,20.406154475024763,,0.02711046183488349,0.9894370576059219,17.263138490783998,0.14957948186985726,0.049650027587865075,0.09992945428199218
1990.02,330.45,11.23,22.08,128,1990.1249999998918,8.47,861.9904423828124,29.2938498046875,288666.78128052555,57.596456249999996,19288.129915793626,16.508093516490288,,19.7353532620964,,0.02545090955106001,0.9990665992170817,17.000722755145958,0.14949605587691828,0.0522819293576986,0.09721412651921968
1990.03,338.46,11.32,21.67,128.7,1990.208333333225,8.59,878.0827937062937,29.368011655011657,294875.42480261903,56.21950641025642,18879.48488882809,16.833748233480947,,20.101015892206544,,0.022067655369177076,0.9939519917925266,16.892473552476027,0.1505498211022891,0.05465056687310477,0.09589925422918433
1990.04,338.18,11.4367,21.5333,128.9,1990.2916666665583,8.79,875.9950787432117,29.624735102792858,295003.37556065095,55.77817975368502,18784.068209119894,16.813913898735766,,20.055719260909896,,0.01912944548877816,1.009308485226914,16.7642560538268,0.15206116521608415,0.05804009692346046,0.09402106829262369
1990.05,350.25,11.5533,21.3967,129.2,1990.3749999998915,8.76,905.1536232585139,29.85727724651703,305660.8199718398,55.29564748258514,18672.75622181717,17.392413588645,,20.72338902104602,,0.016665497777807646,1.0260353940840221,16.881017247691318,0.14454486427415159,0.05419260137231041,0.09035226290184117
1990.06,360.39,11.66,21.26,129.9,1990.4583333332248,8.48,926.3396310623555,29.970643187066973,313658.5085544271,54.64630138568129,18503.232309073843,17.817082821653006,,21.206758327830478,,0.017515428083203027,1.0077360747074646,17.227185042403523,0.1445541023253618,0.0546803662409745,0.08987373608438731
1990.07,360.03,11.7267,21.42,130.4,1990.541666666558,8.47,921.8659261886502,30.026512114647232,312990.96036034956,54.84645207055215,18621.410357244364,17.74717158707024,,21.102886533307018,,0.018238518796174517,0.9885379112722102,17.29388966788746,0.1455014884430763,0.05495298524498837,0.09054850319808794
1990.08,330.75,11.7833,21.58,131.6,1990.6249999998913,8.75,839.1713098404255,29.896318352963526,285760.4341435903,54.75228077507599,18644.626360751863,16.168334756508973,,19.211937494842864,,0.021142960868162967,0.9980864876526703,16.93977804207101,0.15705645456359396,0.05939728152416479,0.09765917303942917
1990.09,315.41,11.83,21.74,132.7,1990.7083333332246,8.89,793.617433496609,29.766000565184626,271092.789329898,54.701001883948756,18685.38486424648,15.301285443522628,,18.172367021965123,,0.02324301863874957,1.0186672700984318,16.76721209871624,0.1613032227149107,0.06068373615461198,0.10061948656029873
1990.1,307.12,11.9267,21.6067,133.5,1990.7916666665578,8.72,768.1278247191011,29.82948074719101,263234.88561263937,54.03981333146067,18519.266745788664,14.818147965500803,,17.59216474935589,,0.026710863834608745,1.0294330647551313,16.977856856355363,0.15830354482523656,0.06016501841000932,0.09813852641522725
1990.11,315.29,12.0133,21.4733,133.8,1990.874999999891,8.39,786.7934702914797,29.978705308295957,270487.6747792369,53.58575351457398,18421.970207862563,15.187607599503187,,18.023739754098454,,0.02774402753676211,1.028094419372411,17.438379846170985,0.1541975191319529,0.05793428900067754,0.09626323013127536
1990.12,328.75,12.09,21.34,133.8,1990.9583333332243,8.08,820.3823570627801,30.170107062780264,282899.36063945637,53.253108744394616,18363.718193295816,15.846314974728763,,18.79649566201916,,0.027133502870889864,1.006052893220839,17.928301002744714,0.1452233619885599,0.05939996870388198,0.08582339328467792
1991.01,325.49,12.1067,21.1833,134.6,1991.0416666665576,8.09,807.4195380757801,30.032216417161962,279292.304397797,52.54788257986627,18176.69566422886,15.606190118802362,,18.503950717933986,,0.027783293808916684,1.02324270106363,17.929616603442895,0.1464911248005596,0.05983816309927614,0.08665296170128345
1991.02,362.26,12.1133,21.0267,134.8,1991.1249999998909,7.85,897.2989395400591,30.00400608494065,311247.12829813716,52.0820284106083,18065.753857965112,17.354664745205106,,20.56314129301617,,0.022807981407616217,0.9888654894857861,18.319129219490076,0.1312398388639966,0.058084604399085915,0.07315523446491068
1991.03,372.28,12.11,20.94,135,1991.2083333332241,8.11,920.751851111111,29.951393888888887,320248.03995889344,51.790436666666665,18013.30707193303,17.818620083397377,,21.098075248981395,,0.01815254351121663,1.0115317115191491,18.088317416388,0.11707815588530535,0.061361340287137134,0.05571681559816821
1991.04,379.68,12.13,20.3633,135.2,1991.2916666665574,8.04,937.6649733727811,29.956479474852074,326998.8848248309,50.28959426960059,17537.86449471523,18.155345895198018,,21.481531873630114,,0.017261417915378857,1.0046569160399428,18.269840244708426,0.1148066049088079,0.058247130448033646,0.05655947446077425
1991.05,377.99,12.14,19.8567,135.6,1991.3749999998906,8.07,930.737655420354,29.892735619469025,325451.7960257347,48.89382894358407,17096.745094167054,18.035430911004052,,21.325816065887036,,0.01681987585994043,0.9925522768854966,18.300777046004207,0.12227332751167408,0.056005569106184705,0.06626775840548937
1991.06,378.29,12.15,19.41,136,1991.458333333224,8.28,928.7367193014705,29.829366727941174,325621.3319776228,47.65333400735294,16707.57898354611,18.01522704468833,,21.289084627258884,,0.014164945242447345,1.0075751819767564,18.111052990709467,0.11931551815623909,0.058291164082351576,0.06102435407388751
1991.07,380.23,12.1933,18.84,136.2,1991.5416666665571,8.27,932.1288199339208,29.891713805066082,327683.97821347567,46.186011013215854,16236.399414938012,18.103452345519745,,21.38125226491533,,0.013004730493853922,1.0322756849824446,18.221451261050287,0.11591094263251822,0.058735355995332084,0.05717558663718614
1991.08,389.4,12.2367,18.33,136.6,1991.6249999998904,7.9,951.8136127379208,29.91026614019034,335480.2727213793,44.80416928989751,15791.867999442431,18.512258455337715,,21.851849122501893,,0.01499805081933412,1.0239219311221082,18.754481840053902,0.11099140275102304,0.05834582142913658,0.05264558132188646
1991.09,387.2,12.28,17.82,137.2,1991.7083333332237,7.65,942.2972011661808,29.8848389212828,333003.85595387744,43.36708709912537,15325.745643331862,18.357282591774325,,21.65841297607263,,0.017400877305726398,1.014741166197218,19.119146580954936,0.09813409326445388,0.05824977634524586,0.03988431691920802
1991.1,386.88,12.2533,17.2033,137.4,1991.791666666557,7.53,940.147965065502,29.77645538755458,333121.231125999,41.80533366266375,14812.821741702592,18.349187992001983,,21.639545015859092,,0.018553506314309735,1.0139809192833882,19.37274494527232,0.10191402515917058,0.05896294986452655,0.04295107529464404
1991.11,385.92,12.2267,16.5867,137.8,1991.8749999998902,7.42,935.0928417997097,29.625569156386064,332204.8221365349,40.189947240566035,14278.04136435547,18.288868169301338,,21.560296784423304,,0.019802084951974323,1.029638110100816,19.58657313727495,0.1078517203724969,0.057711108473060824,0.05014061189943608
1991.12,388.51,12.2,15.97,137.9,1991.9583333332234,7.09,940.6858243292239,29.53943799854967,335066.3323798817,38.66760859318346,13773.157262635996,18.441652313512723,,21.73293467303115,,0.022392289241092468,1.0101841162442249,20.15245772336195,0.1089524690551531,0.05187505780570323,0.05707741124944987
1992.01,416.08,12.24,16.0467,138.1,1992.0416666665567,7.03,1005.9811107892832,29.593368573497468,359202.5140442326,38.7970512653874,13853.141179853845,19.773068211462647,,23.291329926002014,,0.019160569763829335,0.9840655018706176,20.328210157124552,0.10068838924166101,0.0515763884232876,0.049112000818373414
1992.02,412.56,12.28,16.1233,138.6,1992.12499999989,7.34,993.8722207792208,29.58297186147186,355759.08897264255,38.84162298160174,13903.457725500797,19.582982970386745,,23.058298827241977,,0.016596949753805754,0.992179138194585,19.93212478086968,0.09756520998755569,0.05473790522333655,0.04282730476421914
1992.03,407.36,12.32,16.19,139.3,1992.2083333332232,7.54,976.4138463747306,29.530190954773865,350390.6867016108,38.80631424982053,13925.827812497742,19.283561861298548,,22.69846526328991,,0.016023313388901027,1.0104755563451913,19.676860305121114,0.10393468426540964,0.0528993096145427,0.05103537465086694
1992.04,407.41,12.32,16.4833,139.5,1992.2916666665565,7.48,975.1336446236559,29.487853763440857,350813.1015157627,39.452689930107525,14193.460141417174,19.301229507881043,,22.71268951361469,,0.016285934688981207,1.0125464539191733,19.85448029030381,0.09924730086584677,0.052394119366989456,0.04685318149885731
1992.05,414.81,12.32,16.7667,139.7,1992.3749999998897,7.39,991.4241082677165,29.44563779527559,357556.5201289755,40.073553183607736,14452.503329347157,19.662279795641687,,23.130349591325828,,0.015402822169063315,1.0153293568561221,20.074802533454232,0.09402283707681591,0.05209391797999641,0.041928919096819506
1992.06,408.27,12.32,17.05,140.2,1992.458333333223,7.26,972.3130597360912,29.34062482168331,351545.93833037635,40.60532899429387,14681.113597699852,19.315365967644595,,22.716805900471638,,0.016695001272217146,1.0362324502452476,20.30984541682747,0.08915116061710271,0.05313286878313517,0.03601829183396754
1992.07,415.05,12.3433,17.38,140.5,1992.5416666665562,6.84,986.3493389679714,29.333347297153026,357504.648665715,41.30285871886121,14970.318741862733,19.62074069482441,,23.07054366253527,,0.01977761135263862,1.0238658423844582,21.000783398074475,0.07489565998600778,0.05222903811043644,0.022666621875571336
1992.08,417.93,12.3667,17.71,140.9,1992.6249999998895,6.59,990.3739710787792,29.30552434173172,359848.54079678794,41.967609474804824,15248.768113107733,19.72213749835153,,23.18460066395551,,0.02209791082609224,1.0179381983966895,21.44094295412868,0.0750521177233503,0.0533549558178239,0.021697161905526396
1992.09,418.48,12.4,18.04,141.3,1992.7083333332228,6.42,988.8700169851379,29.30125265392781,360189.2929517842,42.628596602972394,15527.181334472823,19.708766424745303,,23.164274166851865,,0.02391424738681245,0.9929972271785684,21.76376983248166,0.06954487764106032,0.055295238713414685,0.014249638927645636
1992.1,412.5,12.3867,18.39,141.8,1992.791666666556,6.59,971.3022302538786,29.166616570874467,354675.656169964,43.30241942877292,15812.085616886397,19.370271076906977,,22.76305202357335,,0.023149941896531717,0.985396689960901,21.535159418551128,0.06954636726853924,0.05596947012649078,0.01357689714204846
1992.11,422.84,12.3833,18.74,142,1992.8749999998893,6.87,994.2472161971831,29.117542220070423,363940.1617114713,44.064404577464785,16129.596609764854,19.833656038801237,,23.303331550784872,,0.019501570278503653,1.0129335817200111,21.190786534441987,0.07365871449920824,0.05706993984424136,0.016588774654966887
1992.12,435.64,12.39,19.09,141.9,1992.9583333332225,6.77,1025.066446088795,29.153827167019024,376110.71918911557,44.9190121564482,16481.392042329022,20.448606721242967,,24.020186324731114,,0.019336711772753895,1.017988955537202,21.479986054539136,0.0692570001637467,0.056398787313599597,0.0128582128501471
1993.01,435.23,12.4133,19.34,142.6,1993.0416666665558,6.6,1019.0745636395512,29.065271881136045,374800.9200082744,45.28387762973352,16654.756779082385,20.32341080299571,,23.86795022416955,,0.02163634959938597,1.0305714011765221,21.759050055303792,0.06892055442254974,0.05475260965240336,0.014167944770146379
1993.02,441.7,12.4467,19.59,143.1,1993.124999999889,6.26,1030.6101834381552,29.041647657232705,379933.6460995582,45.708973270440254,16850.57760264964,20.545336792900454,,24.122919609042583,,0.024762232417321617,1.0261243281280923,22.34590301018043,0.05960083598660093,0.05278039536837231,0.006820440618228618
1993.03,450.16,12.48,19.84,143.6,1993.2083333332223,5.98,1046.692533426184,29.017955431754874,386753.84586976987,46.1311086350975,17045.486720402158,20.85520014869092,,24.48025069793441,,0.027201413706418542,1.0057303710261363,22.849836012483646,0.0584589498500141,0.05092133372302876,0.007537616126985336
1993.04,443.08,12.4933,19.67,144,1993.2916666665556,5.97,1027.3686729166666,28.96818868229166,380505.6427965749,45.60878802083334,16892.087193754243,20.457362016642193,,24.00798830125112,,0.027782730536251403,0.9997621442728722,22.91693856724732,0.06589082041288385,0.04988033257539093,0.016010487837492926
1993.05,445.25,12.5067,19.5,144.2,1993.3749999998888,6.04,1030.9683469140084,28.95903834778086,382732.64541693154,45.15189840499306,16762.01366789481,20.51760563376487,,24.073856030062398,,0.026453373546910568,1.011012320562737,22.879710266790326,0.07097179715507873,0.05392618768522328,0.01704560946985545
1993.06,448.06,12.52,19.33,144.4,1993.458333333222,5.96,1036.037905470914,28.94968213296399,385510.2456556258,44.69627441135734,16631.507049330998,20.608357012960198,,24.175761110239694,,0.02686917161722037,1.0162531878887435,23.099630647956758,0.07603362047263129,0.055223289231552286,0.020810331241079005
1993.07,447.29,12.52,19.69,144.4,1993.5416666665553,5.81,1034.2574537742382,28.94968213296399,385745.42130281427,45.52869338642659,16980.767165490874,20.56459641329715,,24.1204242506805,,0.028056084282618174,1.014680852842298,23.475073285038576,0.07649157784739424,0.04797386748351773,0.028517710363876514
1993.08,454.13,12.52,20.05,144.8,1993.6249999998886,5.68,1047.1726590124308,28.869710635359112,391459.6766415076,46.233042990331484,17283.08307458707,20.812227546627394,,24.4051536387975,,0.028753403914616504,1.0293065194781301,23.75390708476469,0.07432388632524578,0.04269271261093133,0.03163117371431445
1993.09,459.24,12.52,20.41,145.1,1993.7083333332218,5.36,1056.766310820124,28.810021364576155,395943.5198084627,46.96585751206065,17596.914988438995,20.99350100522914,,24.61059893638547,,0.031236860631154564,1.006773545988639,24.399499975201177,0.07609796346830078,0.04144377535130328,0.0346541881169975
1993.1,463.9,12.54,20.9,145.7,1993.791666666555,5.33,1063.0935535346603,28.73721310912834,399211.43580027303,47.895355181880575,17985.598206996565,21.10917824747513,,24.737889343598034,,0.03139530553090224,0.9749773690649266,24.46361213532309,0.07749323938100106,0.04148540017809088,0.036007839202910175
1993.11,462.89,12.56,21.39,145.8,1993.8749999998884,5.72,1060.0514356995882,28.76330452674897,398969.1602704452,48.984640432098765,18436.238281632406,21.03790118960638,,24.645407638434428,,0.027521778620273878,1.000997703604514,23.83510916583657,0.07915037606916098,0.04477109288448666,0.034379283184674314
1993.12,465.95,12.58,21.89,145.8,1993.9583333332216,5.77,1067.0590560699588,28.80910596707819,402510.170661923,50.12967644032921,18909.641883870576,21.16473207981466,,24.783708947329508,,0.026634499475645605,1.006317279016577,23.858889540165308,0.08157546780809599,0.045405950157139996,0.036169517650955996
1994.01,472.99,12.6233,22.1567,146.2,1994.0416666665549,5.75,1080.2176031121753,28.829173702120382,408379.9975931531,50.60161391757867,19130.114997509914,21.411974913826555,,25.061136005191305,,0.025960655912227584,0.9883568374250016,23.94392302730702,0.08469888550467797,0.045906114053420266,0.0387927714512577
1994.02,471.58,12.6667,22.4333,146.7,1994.1249999998881,5.97,1073.3266881390593,28.829694135991822,406683.1271665843,51.05869543456033,19346.122814084854,21.263840187313033,,24.875326969291887,,0.023932517058300296,0.9677350240272581,23.584481756475945,0.0857409168935146,0.047880387204005226,0.03786052968950937
1994.03,463.81,12.71,22.71,147.2,1994.2083333332214,6.48,1052.0562528872283,28.829984205163047,399534.0722409247,51.51289860733696,19562.79248095427,20.833375889460413,,24.359940418108927,,0.019954678488364866,0.9703886543569092,22.746003445159296,0.08525798551833907,0.05350073983307224,0.03175724568526683
1994.04,447.23,12.7533,23.54,147.4,1994.2916666665546,6.97,1013.0715249321573,28.888949933853457,385643.29049089766,53.32313059701492,20298.37680422988,20.055250085063854,,23.440099239459393,,0.016553849274837024,0.9909414979381134,22.04251460638707,0.08980806851869017,0.05232368303426016,0.037484385484430005
1994.05,450.9,12.7967,24.37,147.5,1994.374999999888,7.18,1020.6923949152541,28.967607828813556,389463.2257881677,55.165832033898305,21049.498364288418,20.196492421281455,,23.593459579735008,,0.013874324550450658,1.0116668390942878,21.828033735635355,0.08527812305787674,0.05000887472980575,0.03526924832807099
1994.06,454.83,12.84,25.2,148,1994.4583333332212,7.1,1026.1103092905403,28.967430405405402,392451.6130491536,56.851966216216205,21743.9057424503,20.290763690670317,,23.690087234431946,,0.014494740216395283,0.9918321184893504,22.008094183875812,0.0871658207274506,0.049143494253137465,0.03802232647431314
1994.07,451.4,12.87,25.91,148.4,1994.5416666665544,7.3,1015.6271866576818,28.956849561994606,389365.09804997355,58.29619053234501,22349.246102070923,20.067951816142156,,23.415889076109888,,0.012922687944643269,1.0103198282151835,21.76949819669401,0.08573717282160809,0.05277466118568652,0.032962511635921565
1994.08,464.24,12.9,26.62,149,1994.6249999998877,7.24,1040.3104308724833,28.907471476510064,399751.5442918812,59.652472147651004,22922.1654942484,20.53554940475565,,23.94502093261157,,0.012408744966443161,0.9906484143849844,21.905588608568678,0.08131507002497806,0.054303842134975744,0.02701122789000232
1994.09,466.96,12.92,27.33,149.4,1994.708333333221,7.46,1043.6040281124497,28.874773092369477,401941.770506958,61.07953162650601,23524.645768278144,20.576450100818878,,23.975369102753437,,0.009895185318056422,0.9868733067705355,21.642635586117823,0.08346766664053273,0.057006347749036346,0.026461318891496388
1994.1,463.81,13.0133,28.42,149.5,1994.7916666665542,7.74,1035.8707720735786,29.063834583612035,399896.1467463952,63.473075919732445,24503.672819759282,20.395759282410268,,23.747831033857775,,0.007299527790082666,0.9913959633236125,21.344252699708385,0.08356329927674322,0.05853971069866937,0.025023588578073852
1994.11,461.01,13.0967,29.51,149.7,1994.8749999998875,7.96,1028.2416928857715,29.211021407815633,397890.69247757486,65.8194233466934,25469.63045273039,20.209473020394057,,23.513754336451786,,0.005689940976984109,1.0169643925831136,21.132335283995836,0.08911937707903239,0.059129573012722814,0.029989804066309578
1994.12,455.19,13.17,30.6,149.7,1994.9583333332207,7.81,1015.2607019038077,29.374510521042083,393814.77482887893,68.25057114228458,26474.070409639266,19.911484108090335,,23.150110785223823,,0.007930468977323073,1.0085772379629767,21.490832515951524,0.09358123920192152,0.05776480894984881,0.035816430252072706
1995.01,465.25,13.18,31.25,150.3,1995.041666666554,7.78,1033.5561252495008,29.279462075848297,401857.929071935,69.42209331337325,26992.069389571137,20.219119422457307,,23.488372636558662,,0.007684132200324496,1.0281526145343234,21.588636897667055,0.08966415363816083,0.05751990297624876,0.032144250661912066
1995.02,481.92,13.18,31.9,150.9,1995.1249999998872,7.47,1066.3318330019881,29.163042743538764,415546.39200025034,70.58429920477137,27506.49465639107,20.802571764332694,,24.144282243906417,,0.009319888648623056,1.025322723066438,22.10815735338935,0.08720899885872724,0.05519720741965073,0.03201179143907651
1995.03,493.15,13.17,32.55,151.4,1995.2083333332205,7.2,1087.5765282364596,29.044677840158514,424768.6063301791,71.78468213342138,28036.53682661934,21.152737302037004,,24.52732082209475,,0.011176616601861755,1.0159636566781896,22.59313481785582,0.08370500121680391,0.049657281417052834,0.034047719799751075
1995.04,507.91,13.2433,33.1767,151.9,1995.2916666665537,7.06,1116.4406825213955,29.11019450460829,436989.36594808556,72.92594670671494,28544.161558641987,21.642739261879665,,25.07044480854668,,0.011362181625356509,1.0370731500299206,22.878248223945615,0.07728315982984224,0.049368146274700875,0.027915013555141366
1995.05,523.81,13.3067,33.8033,152.2,1995.374999999887,6.63,1149.1210934625492,29.19190098390276,450733.07679166173,74.15682224211564,29087.38934864088,22.195426698019965,,25.684217711127936,,0.014329172732935422,1.0395819290594353,23.679650033681522,0.07549082143659835,0.04792778951194876,0.027563031924649595
1995.06,539.35,13.36,34.43,152.5,1995.4583333332203,6.17,1180.8847204918031,29.25117245901639,464148.21932292084,75.38307393442624,29629.41168311517,22.71835675952062,,26.261521783971112,,0.017806905868943373,0.9970375751665662,24.568509501608332,0.07460346255810002,0.045564377019249314,0.029039085538850706
1995.07,557.37,13.44,34.68,152.5,1995.5416666665535,6.28,1220.3387719672132,29.42632918032787,480619.5216643332,75.93043868852457,29904.52484223957,23.37641269151214,,26.99275935953636,,0.01527552741772966,0.9899060470856952,24.495727138940314,0.07228912645898644,0.04420889467160105,0.02808023178738539
1995.08,559.11,13.51,34.93,152.9,1995.6249999998868,6.49,1220.945949476782,29.502208469587966,481826.9182017693,76.277730706344,30101.794374609293,23.284070256230542,,26.85772612231314,,0.013424483051002765,1.026850203931602,24.185032272375565,0.07180605623702863,0.04469744552774335,0.027108610709285275
1995.09,578.77,13.58,35.18,153.2,1995.70833333322,6.2,1261.4031476827677,29.596998368146217,498766.0407038833,76.67322552219322,30317.03321174666,23.946007075299875,,27.591422770766513,,0.01505302757877601,1.01708176547153,24.785773978968862,0.06711190347296925,0.0417443592655784,0.025367544207390846
1995.1,582.92,13.65,34.7733,153.7,1995.7916666665533,6.04,1266.3150039037084,29.65278220559532,501685.2901798615,75.54029974137931,29927.353841026867,23.926762764083286,,27.540347277091723,,0.016642280544388315,1.0132655333157623,25.127151083857772,0.0634450961532198,0.03829702488097886,0.025148071272240946
1995.11,595.53,13.72,34.3667,153.6,1995.8749999998865,5.93,1294.5507846679686,29.824251953125003,513856.3072858889,74.70562096191406,29653.49445972824,24.347586881114825,,27.996651260629204,,0.01666726834567142,1.021570056477021,25.477051974513593,0.06588973904291473,0.037422133948774805,0.028467605094139925
1995.12,614.57,13.79,33.96,153.5,1995.9583333332198,5.71,1336.8098614006515,29.99594511400651,531622.7483742179,73.86963713355048,29376.488495677364,25.02738066493912,,28.749997901545346,,0.017399894631425272,1.0093056553879096,26.04354885992753,0.06496255336682699,0.036530696378202165,0.028431856988624826
1996.01,614.42,13.8933,33.9867,154.4,1996.041666666553,5.65,1328.6931985103624,30.044486206282382,529390.5872978254,73.49678905278498,29283.290051292286,24.762465194644033,,28.419947350837205,,0.018748642274762382,0.9926693773631179,26.132680224299655,0.0661546870657077,0.03618809963758407,0.029966587428123637
1996.02,649.54,13.9967,34.0133,154.9,1996.1249999998863,5.81,1400.1067427372495,30.170388345706904,558845.5822233756,73.31688683182699,29264.06755833104,25.976065550593397,,29.78439532821638,,0.015880340213838676,0.9709366873686951,25.857376379947866,0.060167400392254766,0.0362173087024007,0.02395009168985407
1996.03,647.07,14.1,34.04,155.7,1996.2083333332196,6.27,1387.6160563583817,30.236893063583818,554865.7294336193,72.99743545279384,29189.468573601618,25.62993039521612,,29.360970049382313,,0.012808924489647398,0.9877236786783421,24.97687921807412,0.06190647764614554,0.03839978295177371,0.023506694694371832
1996.04,647.17,14.1567,34.33,156.3,1996.2916666665528,6.51,1382.5029380998078,30.241944688099807,553828.8846036727,73.33672120921304,29378.595436197727,25.424203848381538,,29.1000292250428,,0.011314165557100096,0.9888232270763537,24.57555154900352,0.06205128364949486,0.03740589992794341,0.02464538372155145
1996.05,661.23,14.2133,34.62,156.6,1996.374999999886,6.74,1409.832297413793,30.30468882662835,565788.6587671784,73.81454885057471,29622.98045539331,25.81404382769903,,29.519946822343105,,0.008332947503943214,0.9934376769306602,24.254322787204366,0.058425418169186116,0.037720411327503145,0.02070500684168297
1996.06,668.5,14.27,34.91,156.7,1996.4583333332193,6.91,1424.4233328015316,30.406164486279515,572661.1529485118,74.38536805998724,29905.162078433128,25.966673558333852,,29.66805321760831,,0.005901787420619427,1.0086290442912997,24.0797814687277,0.05404594800313989,0.038706532113629066,0.015339415889510821
1996.07,644.07,14.4,35.2733,157,1996.5416666665526,6.87,1369.7461304140127,30.62453503184713,551705.2669581162,75.01586191242038,30214.829743651655,24.8584113323484,,28.379278236095754,,0.008216982433031629,1.0224005244474197,24.24115760591009,0.05843108413894749,0.03830818162625915,0.020122902512688334
1996.08,662.68,14.53,35.6367,157.3,1996.6249999998859,6.64,1406.636248569612,30.84207263191354,567599.0518194141,75.64416309440558,30523.566623367107,25.412529121454966,,28.9880005542619,,0.009648545943907356,0.9918733306396262,24.736904279534137,0.057617269958821105,0.038132218214649516,0.01948505174417159
1996.09,674.88,14.66,36,157.8,1996.7083333332191,6.83,1427.993475285171,31.019417300380226,577260.0836848803,76.1731939163498,30792.678717187784,25.680115512876775,,29.268886878274603,,0.0071960872533973624,1.027548871340334,24.45813205178514,0.058998295684820956,0.041545970350526984,0.017452325334293972
1996.1,701.46,14.74,36.91,158.3,1996.7916666665524,6.53,1479.5466396083386,31.090179722046745,599147.5627278181,77.85200363234364,31526.439911447214,26.48346772089722,,30.158081995656257,,0.009248786199176913,1.0298410366578001,25.052545296386334,0.05939631459952954,0.03993922334255773,0.019457091256971815
1996.11,735.67,14.82,37.82,158.6,1996.8749999998856,6.2,1548.7685717213114,31.199790983606555,628232.0971304037,79.62051923076922,32296.733472170763,27.58561204901281,,31.38340454150737,,0.011142512391144284,0.9978058880379478,25.75133693795278,0.056637038066564394,0.03870797947145932,0.017929058595105074
1996.12,743.25,14.9,38.73,158.6,1996.958333333219,6.3,1564.726359552333,31.368210907944512,635765.4397299191,81.53629587011349,33129.089109639775,27.723946163893974,,31.51068125837189,,0.009867757351768855,0.9848952184377804,25.69483562153838,0.05746816547889644,0.039508489099098876,0.017959676379797562
1997.01,766.22,14.9533,39.2333,159.1,1997.0416666665521,6.58,1608.0145276555625,31.381487870835954,654416.4495400733,82.3362955389692,33508.54439944214,28.332870129950376,,32.1705886585224,,0.005964224553904267,1.0171977161380608,25.22718987877176,0.05482296008367826,0.039847663434690705,0.014975296648987557
1997.02,798.39,15.0067,39.7367,159.6,1997.1249999998854,6.42,1670.278402725564,31.394890850563907,680820.8223932822,83.1314918843985,33885.15985069344,29.26563488357596,,33.194645513976035,,0.0063923569015587114,0.9858177415092839,25.58064820016612,0.051763652515825154,0.03858546538094565,0.013178187134879504
1997.03,792.16,15.06,40.24,160,1997.2083333332187,6.69,1653.1017674999998,31.4276315625,674886.9840142888,83.97396375,34282.78660464424,28.80245859187166,,32.63548559038066,,0.004037985849536893,0.9912341189643861,25.154812192943712,0.0491009543678802,0.041108448696112854,0.007992505671767347
1997.04,763.93,15.0933,40.3433,160.2,1997.291666666552,6.89,1592.200359082397,31.457800688202244,651093.9159749997,84.08442756086143,34384.40325730657,27.58516033813655,,31.225851487505807,,0.003146492909421754,1.0187516359065731,24.903179127877312,0.05651073596878753,0.04080283004060892,0.01570790592817861
1997.05,833.09,15.1267,40.4467,160.1,1997.3749999998852,6.71,1737.4297490630854,31.54710605715178,711557.191899878,84.35259075421611,34546.25583504399,29.928362224688783,,33.842453512139876,,0.0016766740896874202,1.0216488236880017,25.386000918320235,0.050030348621763254,0.0380873605669394,0.011942988054823855
1997.06,876.29,15.16,40.55,160.3,1997.4583333332184,6.49,1825.2442846225824,31.57710729881472,748598.9624704011,84.46251325639425,34641.14383157946,31.25656061638128,,35.305910855546166,,0.002220591564326871,1.025353605384492,25.90321917662344,0.04487394324606164,0.033362547263680487,0.011511395982381156
1997.07,925.29,15.2167,40.58,160.5,1997.5416666665517,6.22,1924.9058649532708,31.655713425233646,790555.7254442304,84.41967383177568,34671.02350455194,32.76663768966994,,36.97038981277746,,0.0033019924737657212,0.9992947104303582,26.526862651480588,0.039815058756798916,0.0321694799997605,0.007645578757038418
1997.08,927.24,15.2733,40.61,160.8,1997.624999999885,6.3,1925.363692164179,31.714181096082086,791829.1679128127,84.32446781716418,34679.4600199941,32.58628348671318,,36.726043656284524,,0.0023199860163869747,1.0119013978832225,26.4586980216164,0.03538683801526532,0.03571362106694642,-0.000326783051681101
1997.09,937.02,15.33,40.64,161.2,1997.7083333332182,6.21,1940.8433644540944,31.75292819478908,799283.6022688971,84.17736476426799,34666.16037673473,32.66658134170863,,36.77540659801317,,0.002860421720956026,1.0185855021571386,26.707157798327454,0.03727056549173002,0.03609055932757421,0.0011800061641558113
1997.1,951.16,15.3867,40.3333,161.6,1997.7916666665515,6.03,1965.254890470297,31.79148347617574,810427.8641570209,83.3353116970916,34365.64844337901,32.901498179798125,,36.9980763908736,,0.004428715221784476,1.0162760017275136,27.136188282404262,0.038672622302991844,0.03452632457065086,0.004146297732340987
1997.11,938.92,15.4433,40.0267,161.5,1997.8749999998847,5.88,1941.166229721362,31.92818603869969,801591.4373926227,82.75303362074303,34172.30433592137,32.33660053281268,,36.323017872736,,0.006305989145573475,1.0101670432369692,27.594933002169142,0.034091709184776775,0.03570137244202232,-0.0016096632572455416
1997.12,962.37,15.5,39.72,161.3,1997.958333333218,5.81,1992.1148495040295,32.08514414135151,823734.4365036243,82.22076937383756,33998.079551444825,33.03078904290543,,37.06129219491146,,0.00622791943366665,1.0254066973154938,27.91005541524141,0.03261837067524609,0.03537154055002478,-0.0027531698747786937
1998.01,963.36,15.55,39.66,161.6,1998.0416666665512,5.54,1990.4621212871286,32.12888845915842,824158.1387345978,81.94416181930693,33929.28062428806,32.859968415052236,,36.82863353355587,,0.009008978503259327,1.002334764529083,28.566028120708065,0.024993227029100673,0.03583519172047267,-0.010841964691371997
1998.02,1023.74,15.6,39.6,161.9,1998.1249999998845,5.57,2111.297763743051,32.17247066090179,875300.6736190649,81.66857936998147,33858.11502463025,34.70967778226998,,38.856044080604214,,0.007011243337318774,0.9985785705938983,28.579666757850617,0.01694227331025111,0.035807699768704015,-0.018865426458452905
1998.03,1076.83,15.64,39.54,162.2,1998.2083333332178,5.65,2216.67978282984,32.195306411837244,920102.1862404364,81.39401633785451,33785.12898409856,36.296927736425104,,40.583259011780484,,0.004698121735641523,1.0054665629566322,28.486257866442703,0.008319407198704498,0.037544313327913637,-0.02922490612920914
1998.04,1112.2,15.75,39.35,162.5,1998.291666666551,5.64,2285.263006153846,32.361888461538456,949689.1964714776,80.85335307692307,33600.31458474433,37.27693404302876,,41.627397728141105,,0.0037338961830540793,1.0039421129909039,28.589102287320525,0.008710108398669592,0.03537862832962935,-0.026668519930959755
1998.05,1108.42,15.85,39.16,162.8,1998.3749999998843,5.65,2273.2992926904176,32.5073472051597,945843.1826727712,80.3146824324324,33416.231242187714,36.956598518969,,41.2182193239652,,0.00370465979656482,1.016154071685974,28.64891345707873,0.010828973340422543,0.03290281674112139,-0.022073843400698845
1998.06,1108.39,15.95,38.97,163,1998.4583333332175,5.5,2270.448515797546,32.672302914110425,945789.8908300711,79.82693696319018,33253.12574603512,36.802293460092024,,40.99434126198045,,0.005006299559090394,1.0076410700343126,29.075990169146962,0.005449997015311681,0.028820559133440282,-0.0233705621181286
1998.07,1156.58,16.0167,38.6767,163.2,1998.5416666665508,5.46,2366.2585027573527,32.76872551930147,986838.5253045551,79.129044453125,33000.4475191052,38.25964508524856,,42.561024955704205,,0.004061260065924086,1.0137733237817153,29.262257236240583,-0.005592178187346919,0.028726945828110084,-0.034319124015457
1998.08,1074.62,16.0833,38.3833,163.4,1998.624999999884,5.34,2195.8846900244794,32.864707743268056,916926.9911513516,78.43265602968175,32750.817758332876,35.42340102487832,,39.357953737660516,,0.007045741988492241,1.0461845002815953,29.628985748185016,0.004237767867737885,0.029206508183019952,-0.024968740315282067
1998.09,1020.64,16.14,38.09,163.6,1998.7083333332173,4.81,2083.0320366748165,32.94025030562347,870949.7772196318,77.73817435819072,32503.60265548654,33.532356980834905,,37.21483494135042,,0.013372572807667796,1.0263426633029713,30.959491534330347,0.004553248915591279,0.026851652004713733,-0.022298403089122454
1998.1,1032.47,16.1667,37.9633,164,1998.7916666665506,4.53,2102.0365211890244,32.91426755945121,880042.6959650934,77.29061673932925,32358.63984399704,33.773102879048146,,37.440000309890806,,0.015868041795129757,0.9801733688787897,31.697546881226376,-0.017876654765095146,0.02477411013673536,-0.04265076490183051
1998.11,1144.43,16.1833,37.8367,164,1998.8749999998838,4.83,2329.979230335366,32.94806399542683,976623.1420349256,77.03286801676829,32288.734862099795,37.369391883920954,,41.37557700054433,,0.009932767869394944,1.0183036055450048,31.069091311765035,-0.03489397297439545,0.03151782511009937,-0.06641179808449482
1998.12,1190.05,16.2,37.71,163.9,1998.958333333217,4.65,2424.3366053996338,33.00218730933496,1017326.2893119602,76.8217582367297,32236.775236295973,38.82027478009816,,42.92733987493308,,0.010498406616905261,0.9983400611310349,31.65707079572593,-0.03816676815864173,0.04059470827468381,-0.07876147643332554
1999.01,1248.77,16.28333333,37.93333333,164.3,1999.0416666665503,4.72,2537.765899117468,33.09119217216692,1066081.887245747,77.0885909853136,32383.897423839775,40.57695767720813,,44.81105344963521,,0.008422395904421728,0.9820760224994816,31.527578543663534,-0.04413151062957721,0.03986479066149928,-0.08399630129107649
1999.02,1246.58,16.36666667,38.15666667,164.5,1999.1249999998836,5,2530.235335258358,33.22010486998769,1064081.340862994,77.44817523472932,32570.55065304747,40.40015922925995,,44.55773453537827,,0.005430915654810308,0.9863999330858457,30.924834583912087,-0.05103631771270878,0.0383960628749731,-0.08943238058768188
1999.03,1281.66,16.45,38.38,165,1999.2083333332168,5.23,2593.555524545455,33.288070454545455,1091877.016161368,77.66541909090908,32696.84618406855,41.35610363271301,,45.55155503201496,,0.002279987298662141,1.0082294761276307,30.41181762861245,-0.059238835834665604,0.0405779166996556,-0.09981675253432121
1999.04,1334.76,16.45,39.26,166.2,1999.29166666655,5.18,2681.5063375451264,33.04772337545126,1130063.387905584,78.87256046931408,33239.15056577454,42.704509516892166,,46.972581259880606,,0.0020913431991284696,0.9768966258015637,30.440704017476065,-0.051751402296686067,0.03947812763260927,-0.09122952992929534
1999.05,1332.07,16.45,40.14,166.2,1999.3749999998834,5.54,2676.1021809566787,33.04772337545126,1128946.5264828973,80.64046299638989,34019.16834177145,42.556676709518044,,46.746674800852034,,-0.0020114592557857087,0.9776385491503947,29.737421041696468,-0.04580368696818693,0.0386579470734405,-0.08446163404162743
1999.06,1322.55,16.45,41.02,166.2,1999.4583333332166,5.9,2656.9766899819497,33.04772337545126,1122040.0024998758,82.40836552346572,34801.013876635974,42.18067591174693,,46.27143255321165,,-0.005651233674096777,1.0132009123986316,29.072449162678552,-0.043336952718496136,0.03664866655476717,-0.07998561927326331
1999.07,1380.99,16.513333333333335,42,166.7,1999.5416666665499,5.79,2766.0600094481106,33.075453809238155,1169269.8158848498,84.12408518296341,35560.96153278712,43.82803599280541,,48.011997893801635,,-0.005381635771489278,0.9936043180188611,29.367880991442046,-0.045916336862991014,0.03745696729006709,-0.0833733041530581
1999.08,1327.49,16.576666666666668,42.98,167.1,1999.6249999998831,5.94,2652.537132405745,33.12282869539198,1122448.1949590025,85.88090754039497,36341.38367847436,41.930712159940455,,45.87345518959438,,-0.005767841559380465,1.006447436763016,29.110202847430358,-0.03472092012768069,0.038187504413065954,-0.07290842454074664
1999.09,1318.17,16.64,43.96,167.9,1999.7083333332164,5.92,2621.364364055986,33.09095413936867,1110424.0174154942,87.42057355568791,37031.82427576498,41.323451334715024,,45.15183924706528,,-0.005055583707553279,0.990828492437972,29.15829218875352,-0.030274958780496797,0.03990330227619121,-0.07017826105668801
1999.1,1300.01,16.656666666666666,45.36333333333334,168.2,1999.7916666665496,6.11,2580.639648781213,33.065018281807376,1094340.0193321784,90.05039699762189,38186.56093181749,40.552854399539875,,44.25604110562487,,-0.006805021431552205,1.0110518898476173,28.839337202700428,-0.02664762335478399,0.04132937920563218,-0.06797700256041617
1999.11,1391,16.673333333333332,46.76666666666667,168.3,1999.874999999883,6.03,2759.6225044563275,33.078437017231124,1171408.0012763601,92.78098187759953,39383.786862945926,43.20829071461392,,47.0940975883969,,-0.007704917120284472,0.9866066102270442,29.14074132644662,-0.03131563936853632,0.04037989369750172,-0.07169553306603804
1999.12,1428.68,16.69,48.17,168.3,1999.9583333332162,6.28,2834.376333333333,33.11150222816399,1204310.8674037517,95.56507263814616,40605.07215250351,44.197939761040566,,48.11096868299516,,-0.010886526695300776,0.97770689842364,28.75044801958864,-0.0316992645492844,0.04060481837688257,-0.07230408292616697
2000.01,1425.59,16.713333333333335,49.09666666666667,168.8,2000.0416666665494,6.66,2819.86853717417,33.05957731042654,1199317.1541867706,97.11498089454977,41303.93349190382,43.772578146938,,47.58768727292151,,-0.015216742165251387,1.015754565043198,28.026248590901467,-0.030322393887708188,0.04200688755726012,-0.07232928144496831
2000.02,1388.87,16.736666666666668,50.02333333333333,169.8,2000.1249999998827,6.52,2731.0558096289747,32.9107625147232,1162710.6873281868,98.36522865135453,41877.687819916195,42.18563588791733,,45.807695321871726,,-0.012833071579527892,1.0246055812918504,28.300135118343523,-0.030194094269185845,0.04163508420339279,-0.07182917847257864
2000.03,1442.21,16.76,50.95,171.2,2000.208333333216,6.26,2812.7517665011683,32.68713960280374,1198651.330637975,99.36812426985983,42345.626015632144,43.22074843996589,,46.87600933588812,,-0.010517110844577918,1.025368573243759,28.759355675396574,-0.027943646299565028,0.03950910022264775,-0.06745274652221278
2000.04,1461.36,16.740000000000002,51.27333333333333,171.3,2000.2916666665492,5.99,2848.4363327495616,32.62907443082312,1215017.009847722,99.94034705195561,42630.133677938495,43.52857428850775,,47.15540685524466,,-0.008080416559942311,0.9720743018404012,29.471724703824,-0.02553261894474146,0.036084676941174454,-0.06161729588591591
2000.05,1418.48,16.72,51.59666666666667,171.5,2000.3749999998824,6.44,2761.631681632653,32.552085131195334,1179147.0900238117,100.45329460641399,42891.02374015045,41.966050503324325,,45.41303810500986,,-0.011844161384851976,1.030618221476396,28.615296645571608,-0.028590545078801655,0.043079974604339544,-0.0716705196831412
2000.06,1461.96,16.7,51.92,172.4,2000.4583333332157,6.1,2831.423893851508,32.34341502320185,1210097.4232953216,100.55509628770301,42975.36062374695,42.78197156707146,,46.2455874858361,,-0.0089160247760851,1.008805131658411,29.337488470435968,-0.03449886843231431,0.04280322546387505,-0.07730209389618936
2000.07,1473,16.583333333333332,52.51333333333334,172.8,2000.541666666549,6.05,2846.2016927083328,32.043117042824065,1217554.3960261769,101.46879716435186,43406.54436523285,42.758093618269584,,46.17072813184031,,-0.008559758370781045,1.0215803230975278,29.52730010200327,-0.03526502139711518,0.04406595456794671,-0.07933097596506189
2000.08,1485.46,16.46666666666667,53.10666666666666,172.8,2000.6249999998822,5.83,2870.277506076389,31.817688078703704,1228987.8535777573,102.61526446759258,43937.533341413495,42.869565494419504,,46.24211352364689,,-0.007362332577598864,1.007116655004377,30.164508778402165,-0.03546947161687586,0.04472352262242163,-0.08019299423929749
2000.09,1468.05,16.35,53.7,173.7,2000.7083333332155,5.8,2821.939462435233,31.428568652849744,1209412.0143237938,103.22410621761658,44239.24605373641,41.898007924884745,,45.14750150162295,,-0.00684292129846658,1.0093622130195519,30.221774107279153,-0.030766711712898798,0.04515259592756471,-0.07591930764046351
2000.1,1390.14,16.323333333333334,52.46666666666667,174,2000.7916666665487,5.74,2667.570804310345,31.323210201149426,1144372.1992182198,100.67946264367816,43190.897836895994,39.36969904420139,,42.38264022988999,,-0.005150249632164684,1.0062943229539354,30.452122454999756,-0.021143194194269355,0.04545942416370785,-0.0666026183579772
2000.11,1378.04,16.296666666666667,51.23333333333333,174.1,2000.874999999882,5.72,2642.832973578403,31.25407682366456,1134877.1331459077,98.25632251579552,42192.92506374416,38.78214245678478,,41.71336028038801,,-0.004736913356643207,1.0418281855632676,30.626196685901153,-0.01795437761898988,0.043035104829429294,-0.060989482448419174
2000.12,1330.93,16.27,50,174,2000.9583333332153,5.24,2553.951408189655,31.22086767241379,1097827.1178667394,95.94612068965517,41242.85717005175,37.274238004497214,,40.05987947359604,,0.0010472183525711241,1.010566145799292,31.925572415311777,-0.01125891000713597,0.034031954457221625,-0.045290864464357594
2001.01,1335.63,16.169999999999998,48.48,175.1,2001.0416666665485,5.16,2546.8694447458597,30.834047544260418,1095887.4175374848,92.44493660765276,39777.94898453708,36.97886799702983,,39.71280978944713,,0.0020964838742171636,1.0089623559485503,32.06022309687573,-0.008182341341926302,0.03251851024769015,-0.04070085158961645
2001.02,1305.75,16.07,46.96,175.8,2001.1249999998818,5.1,2479.9779970136515,30.521345136518768,1068199.24285924,89.18994197952217,38416.72329670298,35.834662651431294,,38.458570743648046,,0.003817158867903292,1.02072574956868,32.21875680166827,-0.003040562320055451,0.030151305495649705,-0.033191867815705156
2001.03,1185.85,15.97,45.44,176.2,2001.208333333215,4.89,2247.142004114642,30.26256086833144,968996.2010429504,86.107123723042,37130.48646573485,32.32583723617876,,34.675224630315924,,0.00902736874090004,0.9846839467689684,32.81185744549471,0.004624763457356185,0.029037043477599056,-0.02441228002024287
2001.04,1189.84,15.876666666666665,42.556666666666665,176.9,2001.2916666665483,5.14,2245.780962125494,29.966647399660822,969486.1357118448,80.32420477670999,34675.33308297228,32.17390116836069,,34.49609962461752,,0.006928642538125029,0.9851116741752641,32.18146012968986,0.0061390162450449814,0.030234437620741295,-0.024095421375696313
2001.05,1270.37,15.783333333333331,39.67333333333333,177.7,2001.3749999998815,5.39,2386.9837660382664,29.656368176702305,1031509.1540803924,74.54489842431063,32213.769615321606,34.07464321714003,,36.517428561211965,,0.0028549355130883455,1.012969481316578,31.559609130183045,0.00010869349603415124,0.03456839659122668,-0.03445970309519253
2001.06,1238.71,15.69,36.79,178,2001.4583333332148,5.28,2323.5729139044943,29.431310814606736,1005166.7103395349,69.01070266853932,29853.70528484592,33.06853441111278,,35.426859322674495,,0.004718515853947527,1.00748845990805,31.915040687406314,-0.000926174120177814,0.03528599492814699,-0.036212169048324805
2001.07,1204.45,15.706666666666667,33.96333333333333,177.5,2001.541666666548,5.24,2265.672234507042,29.54556732394366,981184.2549679445,63.88790014084507,27667.639099086406,32.163038687444356,,34.44859395765035,,0.005530045551757217,1.0254723068263334,32.24460993707199,0.004465978517983693,0.03438959001731967,-0.029923611499335978
2001.08,1178.5,15.723333333333333,31.136666666666667,177.5,2001.6249999998813,4.97,2216.8580915492958,29.57691873239436,961111.9335837209,58.570701267605635,25393.145443658712,31.404318760780146,,33.63139016318307,,0.008680128312688447,1.023109878479575,33.065954534884526,-0.004721467214606867,0.037976183851412326,-0.04269765106601919
2001.09,1044.64,15.74,28.31,178.3,2001.7083333332146,4.73,1956.2392664049355,29.475423163208074,849186.3670219589,53.01456351654514,23013.15864833019,27.667392586862498,,29.631910124299587,,0.015392721950809533,1.0166806203414818,33.67831513664858,0.006728987399654995,0.03905395933774791,-0.03232497193809292
2001.1,1076.59,15.740000000000002,27.103333333333335,177.7,2001.7916666665478,4.57,2022.877470877884,29.574946257737764,879183.2812711279,50.92627870005628,22133.58616872267,28.57737311336011,,30.610210495719627,,0.015346369150707015,0.9974622864244422,34.35570120979331,0.006439207128410285,0.03579008656663163,-0.029350879438221344
2001.11,1129.68,15.740000000000002,25.896666666666665,177.4,2001.874999999881,4.65,2126.221417136415,29.624960259301016,925171.6082579991,48.74127832581736,21208.53759340815,30.00510381105682,,32.14309653485235,,0.012409781134990854,0.9696687755818073,34.32646754810244,0.003163881310184191,0.03744476540632058,-0.03428088409613639
2001.12,1144.93,15.74,24.69,176.7,2001.9583333332143,5.09,2163.460894312394,29.74232003395586,942453.8956051018,46.65424915110356,20323.676279327086,30.49995325502047,,32.677962674930086,,0.006989283639199602,1.008137626359966,33.41716404394907,0.0031054556620517815,0.04094489459517092,-0.03783943893311914
2002.01,1140.21,15.736666666666668,24.69333333333333,177.1,2002.0416666665476,5.04,2149.675705392434,29.668859260304913,937525.7837258307,46.555159796725015,20303.835860180592,30.277204433096017,,32.44567789769126,,0.007813726902738828,1.0143899309217241,33.61300986765773,0.007890506810802611,0.04014501004843796,-0.032254503237635346
2002.02,1100.67,15.733333333333334,24.69666666666667,177.8,2002.1249999998809,4.91,2066.9598311304835,29.545793025871767,902525.1852207948,46.378131467941515,20250.723339120323,29.085704152008443,,31.17638563797467,,0.010500638782444581,0.9755753810260557,33.96245978623745,0.015422889034006682,0.03878377045814796,-0.023360881424141278
2002.03,1153.79,15.73,24.7,178.8,2002.2083333332141,5.28,2154.5963510906035,29.37432340604027,941859.9709000647,46.124970637583885,20163.063712834744,30.292130640918696,,32.475809252847974,,0.005489876941598616,1.0098121952753996,32.94763237782403,0.013213994035882193,0.039453964822458554,-0.02623997078657636
2002.04,1111.93,15.833333333333332,25.38,179.8,2002.2916666665474,5.21,2064.8781286151275,29.402843437152388,903711.6549693283,47.13121051167963,20627.379244306343,29.005883253118693,,31.10469039970413,,0.008078580810792706,1.0082163411245575,33.08587692618033,0.01706817754005785,0.04000361897021687,-0.02293544143015902
2002.05,1079.25,15.936666666666667,26.06,179.8,2002.3749999998806,5.16,2004.1906597608452,29.5947356785317,878230.6286453734,48.39398526140155,21206.10626129111,28.128107508688355,,30.171984137541507,,0.009507505473918244,1.0223118312731163,33.35772177741096,0.016905259625435543,0.041783162308777655,-0.024877902683342112
2002.06,1014.02,16.04,26.74,179.9,2002.458333333214,4.93,1882.0104105058363,29.77007059477487,825778.6886990111,49.62915758754863,21776.02230312179,26.387672541183363,,28.315227417431327,,0.01384302990426313,1.0263194975144518,34.083037554186035,0.02215370378409598,0.04155159381467488,-0.0193978900305789
2002.07,903.59,15.96,27.84,180.1,2002.5416666665471,4.65,1675.1911386729594,29.588696835091614,736113.5076721528,51.613365907828985,22679.976597342527,23.463120467431448,,25.189619576345258,,0.021261397043573493,1.0353744093209243,34.94124079483884,0.03712354676837282,0.04013012986765507,-0.003006583099282256
2002.08,912.55,15.879999999999999,28.939999999999998,180.7,2002.6249999998804,4.26,1686.1848415882675,29.3426281128943,742018.8469071558,53.474537631433314,23531.88913428644,23.588713528842376,,25.33599707398655,,0.024983992645496847,1.0356261870042687,36.057142808280304,0.03917917619210409,0.03499598919447977,0.004183186997624322
2002.09,867.81,15.8,30.04,181,2002.7083333332137,3.87,1600.857737154696,29.146417127071825,705538.8286895545,55.41508674033149,24422.84188224867,22.36503680122433,,24.03375401734792,,0.03108292521066376,0.9974865099101702,37.27982896502738,0.04708076722753418,0.03085946496786307,0.01622130225967111
2002.1,854.63,15.89,29.223333333333333,181.3,2002.791666666547,3.94,1573.9357268339766,29.263937258687253,694748.392480241,53.81937024269167,23756.32011074685,21.95623386365908,,23.60657275199438,,0.0310231200903391,0.9943117974902391,37.12459400811668,0.04851198970971593,0.031196084467564056,0.017315905242151874
2002.11,909.93,15.98,28.406666666666666,181.3,2002.8749999998802,4.05,1675.7793851351348,29.429686431329284,740785.5774376419,52.31534997242139,23126.228357945423,23.348396502725127,,25.114358041300328,,0.02706302156563028,1.0050077075830828,36.91342179930586,0.03930847785925762,0.03336370682487799,0.005944771034379626
2002.12,899.18,16.07,27.59,180.9,2002.9583333332134,4.03,1659.643218076285,29.660876036484243,734745.1577835926,50.92368200663349,22544.561604183054,23.10144253768563,,24.860432504266143,,0.02756673386302396,1.0017271449982252,37.18030387689463,0.04268532721554252,0.03238015121089344,0.010305176004649086
2003.01,895.84,16.119999999999997,28.5,181.7,2003.0416666665467,4.05,1646.1984435883326,29.622163456246557,729885.8275164218,52.37169097413318,23220.380965594322,22.89834857661322,,24.653867027835645,,0.02769858313672948,1.0156947309973,37.08053717768712,0.04744039538584022,0.03071833182577688,0.01672206356006334
2003.02,837.03,16.169999999999998,29.41,183.1,2003.12499999988,3.9,1526.368319361005,29.486847214636807,677845.4389107536,53.63068500819225,23816.869596508208,21.21410212341529,,22.85382611436557,,0.033093626579452105,1.0106729743502778,37.374535132192285,0.05679261321551943,0.02857960265911874,0.028213010556400686
2003.03,846.63,16.22,30.32,184.2,2003.2083333332132,3.81,1534.65476262215,29.40139169381107,682613.4412435805,54.95993811074919,24446.14476040934,21.309719026990994,,22.969623651201278,,0.03403856122722465,0.9908896964797959,37.54785834246389,0.05861772461282366,0.02818957461229399,0.030428150000529675
2003.04,890.03,16.203333333333333,31.73,183.8,2003.2916666665465,3.96,1616.8353741838953,29.435100516866157,720258.3833331736,57.64096313928182,25677.559748729367,22.427939577730907,,24.186166302446406,,0.02969093660099291,1.0358298898509803,37.28675611085137,0.05458285044792888,0.031035894362941185,0.02354695608498769
2003.05,935.96,16.186666666666667,33.13999999999999,183.5,2003.3749999998797,3.57,1703.0519035422342,29.452897002724796,759758.9948798352,60.30080354223432,26901.163607758597,23.59108045348149,,25.45002301017636,,0.03108303120914513,1.0232207089359318,38.68587991358263,0.053484219096966434,0.025629169711678612,0.027855049385287822
2003.06,988,16.17,34.55,183.7,2003.458333333213,3.33,1795.7854654327707,29.390537425149702,802221.5693053481,62.797963391399016,28053.39597115362,24.832223259531073,,26.796570516909874,,0.031333994639806274,0.9495882845982989,39.54109690759932,0.046344699938422496,0.01990876832414079,0.026435931614281705
2003.07,992.54,16.310000000000002,35.89333333333333,183.9,2003.5416666665462,3.98,1802.075377650897,29.612760603588907,806133.8236693726,65.16865035345296,29152.306248855813,24.867329101268798,,26.841910907521083,,0.024888615211161605,0.9656881797177087,37.50692740549986,0.04915123202446314,0.022932504535952747,0.026218727488510396
2003.08,989.53,16.450000000000003,37.236666666666665,184.6,2003.6249999998795,4.45,1789.7976463976165,29.753692443120265,801750.7071891394,67.35126611592632,30170.408005180492,24.64225140993218,,26.60610888376363,,0.020661744197436153,1.018239784369447,36.08265085433714,0.049863920737950096,0.025566053596593363,0.024297867141356733
2003.09,1019.44,16.59,38.58,185.2,2003.7083333332127,4.27,1837.923165226782,29.909700728941687,824425.3444473871,69.55492791576674,31199.80556852801,25.243686752606273,,27.261410549557137,,0.02161532975095813,1.0019452235199675,36.62175998622313,0.04806196105592275,0.02354063419314767,0.024521326862775084
2003.1,1038.73,16.85666666666667,41.96666666666667,185,2003.791666666546,4.29,1874.7251704054054,30.42332202702703,842070.6154183239,75.74246081081081,34021.25367232646,25.682756070579703,,27.74090541797264,,0.02020466753441655,1.0027688186955976,36.73266560049103,0.04830988276215442,0.025415094467890587,0.022894788294263835
2003.11,1049.9,17.123333333333335,45.35333333333333,184.5,2003.8749999998793,4.3,1900.0202479674797,30.9883608401084,854592.3301958346,82.07662791327913,36916.47853650991,25.946798218420135,,28.03002081095801,,0.019361050279535393,1.0060052418393521,36.93419383725089,0.05095144598184298,0.02439552363329378,0.0265559223485492
2003.12,1080.64,17.39,48.74,184.3,2003.9583333332125,4.27,1957.773148128052,31.505103499728705,881749.3322839593,88.30125040694519,39769.45370846921,26.635170511081547,,28.77540212061729,,0.018553955987951537,1.013300062423557,37.19631381076803,0.0492622033538781,0.02231768240938181,0.026944520944496286
2004.01,1132.52,17.6,49.826666666666675,185.2,2004.0416666665458,4.15,2041.7923007559393,31.73060475161987,920781.1110327694,89.83126511879053,40510.94328788261,27.658540355736587,,29.879678114424983,,0.018583060527543382,1.0091595293478566,37.50786336773957,0.04534764793574708,0.02168357818203437,0.023664069753712713
2004.02,1143.36,17.810000000000002,50.913333333333334,186.2,2004.124999999879,4.08,2050.264923737916,31.9367638292159,925802.1875018919,91.29742293233082,41225.57669763941,27.650862036740236,,29.86991210154325,,0.019494926722588665,1.024000109950226,37.648134081683594,0.044259838515704475,0.022488257235787845,0.02177158127991663
2004.03,1123.98,18.02,52,187.4,2004.2083333332123,3.83,2002.606681696905,32.10641862326574,905490.1350435124,92.64893276414087,41891.748093616116,26.886530384035883,,29.043714557354303,,0.023332519821487485,0.9613671875383578,38.3048309410559,0.04872228025629455,0.020208304528105625,0.028513975728188923
2004.04,1133.36,18.213333333333335,53.38333333333333,188,2004.2916666665456,4.35,2012.8744882978722,32.34731595744681,911351.6183047426,94.81007779255319,42926.33163675694,26.900577508444904,,29.058291817756977,,0.01830149115088809,0.9743688945497557,36.707480970964106,0.047913877518050985,0.02454671745278758,0.023367160065263404
2004.05,1102.78,18.406666666666666,54.76666666666667,189.1,2004.3749999998788,4.72,1947.170656530936,32.500517979904814,882829.7157029363,96.70110655737706,43843.41460974157,25.90281429294377,,27.980644843237364,,0.01656182715116776,1.003142991174462,35.55857217986401,0.052485493028402885,0.029021302805778193,0.023464190222624692
2004.06,1132.76,18.6,56.15,189.7,2004.458333333212,4.73,1993.780012124407,32.738010015814446,905198.9062724262,98.83006787032157,44869.98003742782,26.401285366474923,,28.5179333952882,,0.015710763876718437,1.0223131387990259,35.557511164384714,0.0529693897626049,0.028692954784053093,0.02427643497855181
2004.07,1105.85,18.78666666666667,56.69,189.4,2004.5416666665453,4.5,1949.498527587117,33.11893928194298,886347.637739888,99.93857352164729,45437.48933713817,25.695888646268568,,27.75551453633079,,0.01861170865064672,1.0215024325059134,36.40848884662814,0.056798486103663004,0.02706211412747339,0.029736371976189613
2004.08,1088.94,18.973333333333333,57.23,189.5,2004.6249999998786,4.28,1918.6749284960422,33.430362532981526,873600.1643164966,100.8372969656992,45912.66498047009,25.17446222647778,,27.19250007025968,,0.021258461039960007,1.0157551489126513,37.17173387324351,0.058056338623077464,0.02639807213979939,0.031658266483278075
2004.09,1117.66,19.16,57.77,189.9,2004.7083333332118,4.13,1965.1305505529226,33.688153238546604,896030.2990100839,101.57435347551342,46314.32669489159,25.6684067763577,,27.72534056135416,,0.02193543527159069,1.005882764876544,37.6778489960828,0.057161161741678956,0.02414993972152857,0.03301122202015039
2004.1,1117.21,19.253333333333334,58.03,190.9,2004.791666666545,4.1,1954.0494495809323,33.674927187008905,892257.255725251,101.49702344159245,46345.52908561176,25.411655665489338,,27.447302225242783,,0.023098591273938762,0.9961239285881944,37.70096828410714,0.055041188283035725,0.026625031104431818,0.028416157178603907
2004.11,1168.94,19.346666666666668,58.29,191,2004.8749999998784,4.19,2043.457062565445,33.82045497382199,934369.4467014557,101.89839698952879,46592.97743958445,26.465310814818057,,28.5827052580995,,0.0205485524364935,1.0002564602904038,37.53517442060826,0.05660356170077274,0.027558012304415236,0.029045549396357506
2004.12,1199.21,19.44,58.55,190.3,2004.9583333332116,4.23,2104.084208749343,34.1086190225959,963390.8495706414,102.72940554387806,47036.410839103286,27.144808694741243,,29.31263918485717,,0.018826546160026006,1.0043341768892575,37.682905591944504,0.05464333817142619,0.02902830085357011,0.025615037317856082
2005.01,1181.41,19.703333333333333,59.10666666666666,190.7,2005.0416666665449,4.22,2068.505183141059,34.49813961719979,948416.682548027,103.4885825904562,47449.868137625424,26.58725069797039,,28.707356524065606,,0.01950447851084843,1.0075719517031356,37.766846163516355,0.055618116303462584,0.03249955449179809,0.023118561811664495
2005.02,1199.63,19.96666666666667,59.663333333333334,191.8,2005.1249999998781,4.17,2088.360061392075,34.7587082898853,958848.2941483192,103.8641268248175,47688.10832495787,26.744863128101187,,28.874110081209473,,0.019963856578660864,0.9771159312883544,37.83457664844546,0.056951922024699675,0.031098001625380567,0.025853920399319108
2005.03,1194.9,20.23,60.22,193.3,2005.2083333332114,4.5,2063.9842123642006,34.943845188825655,948993.3904002791,104.01969141231245,47826.91603473495,26.339142131057937,,28.4333465499335,,0.017699015247125006,1.0166250288760423,36.681891490201565,0.057477220687164765,0.03329311854292594,0.024184102144238828
2005.04,1164.43,20.46333333333333,61.23333333333333,194.6,2005.2916666665446,4.34,1997.9159495118192,35.11075809352518,919961.3425986106,105.06346736896197,48377.57490370532,25.40892256911448,,27.427971644284614,,0.021038014357879505,1.01986042663239,37.04260644820792,0.0614817757626529,0.033173380546325903,0.028308395216326998
2005.05,1178.28,20.696666666666665,62.24666666666667,194.4,2005.374999999878,4.14,2023.7595416666666,35.5476428755144,933225.3192513741,106.91201208847735,49300.815911611724,25.65023018718298,,27.686995391999098,,0.022360152666665606,1.0148949310235778,37.81715496771321,0.06045840046687956,0.028273076400222363,0.032185324066657195
2005.06,1202.25,20.93,63.26,194.5,2005.4583333332112,4,2063.8676510282776,35.92992300771208,953101.2622629772,108.59660437017993,50150.289749017196,26.068394871884003,,28.136067840768245,,0.02298569437114531,0.9887410843788,38.36070600900383,0.05739561952077854,0.025178020891750252,0.03221759862902829
2005.07,1222.24,21.11,64.33,195.4,2005.5416666665444,4.18,2088.519801432958,36.072009595701125,965873.8927228644,109.92479286079836,50836.715799566264,26.287871091254754,,28.36990506263926,,0.021338558472624537,0.9970219160367334,37.75410838312654,0.05589881643984551,0.027370579299674125,0.028528237140171386
2005.08,1224.27,21.29,65.39999999999999,196.4,2005.6249999998777,4.26,2081.3369194246434,36.194355015274944,963946.9332613618,111.18416242362524,51493.64881545171,26.10438141093616,,28.168980742317416,,0.02106072988460468,1.0084095692450887,37.45001526313651,0.05367133107334898,0.029910745051840548,0.023760586021508434
2005.09,1225.92,21.47,66.47,198.8,2005.708333333211,4.2,2058.9813561368205,36.059718184104625,954984.9345565597,111.63900641348087,51779.76425865842,25.730122990164478,,27.762463408465557,,0.023262867961467384,0.982693855169831,37.30903882499648,0.04996802399340727,0.030645968380443867,0.019322055612963407
2005.1,1191.96,21.72,67.58999999999999,199.2,2005.7916666665442,4.46,1997.9242183734939,36.40635090361446,928072.9115345738,113.29213893072287,52626.30297209791,24.876538723647965,,26.84054270186345,,0.021868312584124645,0.9973383724476744,36.58974198438052,0.057482359500422575,0.033807301290092795,0.02367505821032978
2005.11,1237.37,21.97,68.71,197.6,2005.8749999998774,4.54,2090.8328073127527,37.12357401315789,972667.7260471284,116.10199228238865,54011.33004412439,25.931783309069022,,27.977205472367213,,0.018671943606583946,1.0093824010189034,36.787838364480244,0.05580180903516663,0.0318921225949349,0.023909686440231726
2005.12,1262.07,22.22,69.83,196.8,2005.9583333332107,4.47,2141.238350990853,37.69863490853658,997578.1504922014,118.47415282012193,55195.735774458175,26.443803114292404,,28.527159043907645,,0.018276088055812587,1.007733584168787,37.283943757352425,0.052329286893485705,0.03124029164453046,0.021088995248955245
2006.01,1278.73,22.406666666666666,70.77666666666666,198.3,2006.041666666544,4.42,2153.093073751891,37.72777584467977,1004565.8730268772,119.17195247100351,55601.90496815767,26.468702626685722,,28.551311891344483,,0.018919623016402397,0.9917405642631943,37.28807439047053,0.044469015754845964,0.032624382721495815,0.01184463303335015
2006.02,1276.65,22.593333333333334,71.72333333333334,198.7,2006.1249999998772,4.57,2145.2635134625066,37.96549849018621,1002388.9712880002,120.52281366381482,56315.10462330814,26.2496247635833,,28.312953220671446,,0.017610058371500766,0.9919477500426938,36.905651857911145,0.044034553541299815,0.03665446149791696,0.007380092043382858
2006.03,1293.74,22.78,72.67,199.8,2006.2083333332105,4.72,2162.012427177177,38.06842417417417,1011697.3260156136,121.44128115615615,56827.526923148886,26.327837778667686,,28.39507373397663,,0.016034756518481304,0.9828469977407724,36.40693014535123,0.04907387703197852,0.03673907942001642,0.0123347976119621
2006.04,1302.17,23,73.27666666666666,201.5,2006.2916666665437,4.99,2157.7409266749382,38.11179900744416,1011184.6870223617,121.4219822580645,56902.12740991978,26.14728094387453,,28.198403856607364,,0.014071468701830236,0.9948378771081009,35.480555382954016,0.05156354433034416,0.03983710065412427,0.011726443676219889
2006.05,1290.01,23.22,73.88333333333333,202.5,2006.374999999877,5.11,2127.0353774074074,38.286339999999996,998290.2901613656,121.8226709876543,57175.5368341503,25.65064070875734,,27.66189528485719,,0.013923101060018123,1.0042583333333333,35.12309224569169,0.052168960402368514,0.04062721581608253,0.011541744586285985
2006.06,1253.17,23.44,74.49,202.9,2006.4583333332102,5.11,2062.2181578363725,38.57289403647117,969377.9883470396,122.58083945293245,57621.04610864525,24.749582241646372,,26.690943997751578,,0.015479427109228179,1.0058131617159785,35.20312105093484,0.056040329891981155,0.04180989943973534,0.014230430452245812
2006.07,1260.24,23.66,75.85,203.5,2006.5416666665435,5.09,2067.7380058968056,38.82013046683046,973493.3470971133,124.4508409090909,58591.59396409894,24.696786766853304,,26.634874022226967,,0.015872540365558525,1.020724969466718,35.30336613519951,0.059195500626261666,0.04315829737043342,0.016037203255828247
2006.08,1287.15,23.88,77.21,203.9,2006.6249999998768,4.88,2107.747579082884,39.10423197645904,993864.0915222237,126.43374166257968,59617.174770952,25.051393562010965,,27.01741890997331,,0.01740499238847741,1.0167179555100156,35.9643357513794,0.05816868740755554,0.04068520751384819,0.017483479893707354
2006.09,1317.74,24.1,78.57,202.9,2006.70833333321,4.72,2168.4746325776246,39.65899088220799,1024057.0215149991,129.29489268112368,61059.207567830876,25.64415644079739,,27.655917575274074,,0.017252358568579693,1.003142991174462,36.745800731186186,0.05429051574434429,0.03766992760079213,0.016620588143552162
2006.1,1363.38,24.36,79.55,201.8,2006.7916666665433,4.73,2255.8094977700694,40.30535827552031,1066886.881096317,131.62115151139741,62250.32741510951,26.53804028210172,,28.61766020200832,,0.014957394479780735,1.0142777659341806,37.06222120835708,0.049317312443853734,0.03556162021315923,0.013755692230694505
2006.11,1388.64,24.619999999999997,80.53,201.5,2006.8749999998765,4.6,2301.024720595534,40.7961952853598,1089879.339120213,133.4410075682382,63204.27409505036,26.928020270856493,,29.03499548856696,,0.015365317992929867,1.0070195403693385,37.64735425322161,0.04849740791736856,0.03069499460673497,0.01780241331063359
2006.12,1416.42,24.88,81.51,201.8,2006.9583333332098,4.56,2343.567962586719,41.1657353815659,1111654.7711945605,134.8641113726462,63971.83067174188,27.28268978757168,,29.41328247166068,,0.015434945553057973,0.9880149324404021,37.85526118584974,0.05044935476995116,0.02707277331162694,0.02337658145832422
2007.01,1424.16,25.083333333333332,82.05666666666667,202.416,2007.041666666543,4.76,2349.203337680816,41.37586393862144,1115963.4000965862,135.35543422950755,64299.121400633034,27.207536656807132,,29.32783851279275,,0.013525971882152807,1.007129488877504,37.287741475929344,0.05093299693814024,0.02878172714973748,0.02215126978840276
2007.02,1444.8,25.286666666666665,82.60333333333334,203.499,2007.1249999998763,4.72,2370.566361505462,41.489286679541415,1127754.090744186,135.53203443260162,64476.915196409354,27.3151814135166,,29.439186629440357,,0.014006346214000487,1.0166781614773537,37.35372784037164,0.05217330380144869,0.028575207773221756,0.023598096028226934
2007.03,1406.95,25.49,83.15,205.352,2007.2083333332096,4.56,2287.6331999444856,41.44551708773228,1089943.218044019,135.19791078246132,64415.06704599324,26.22760555465089,,28.264070221688122,,0.017796929020727582,0.9935066372154723,37.63403526629062,0.05751495536656459,0.027388173170267205,0.030126782196297386
2007.04,1463.64,25.71666666666667,83.74000000000001,206.686,2007.2916666665428,4.69,2364.4485775524226,41.544188406568416,1128191.3954183282,135.27843177573712,64547.80373065153,26.976268314189085,,29.066642443029895,,0.01597472166937361,0.9991706369032569,37.14834214813251,0.05340049996171836,0.03025673094563075,0.023143769016087612
2007.05,1511.14,25.943333333333335,84.33000000000001,207.949,2007.374999999876,4.75,2426.3560413851474,41.65581188175947,1159386.7360231914,135.40413526874377,64700.21536643575,27.548490451851254,,29.678159305539182,,0.01529394924756413,0.9767612569667901,36.89209546732847,0.05220684360024119,0.03107944176870836,0.021127401831532833
2007.06,1514.19,26.17,84.92,208.352,2007.4583333332093,5.1,2426.550667020235,41.93848259195976,1161149.6909828188,136.087731819229,65120.514438915176,27.418262740410597,,29.53331815294468,,0.012036950871557865,1.0120561824406615,35.96507012767425,0.053806547068823596,0.03481748423950193,0.018989062829321668
2007.07,1520.71,26.440000000000005,82.81333333333333,208.299,2007.5416666665426,5,2437.6193053015136,42.38194950527847,1168136.286584523,132.74548077523175,63613.219929957915,27.410088167204314,,29.52031070899064,,0.012893722157572639,1.0303200256980465,36.407932922943466,0.05428427485643672,0.03261806599961048,0.02166620885682624
2007.08,1454.62,26.71,80.70666666666666,207.917,2007.6249999998759,4.67,2335.964391319613,42.893407826199876,1121134.957061374,129.60628856707243,62203.91942081092,26.148607189312315,,28.16088433900692,,0.017573749248513806,1.0158620078148781,37.58074179084568,0.058569534818487146,0.030241430147207815,0.02832810467127933
2007.09,1497.12,26.98,78.6,208.49,2007.708333333209,4.52,2397.607269413401,43.20792196268406,1152448.2817569443,125.87630341982826,60504.45852443078,26.725743047696913,,28.781596977212047,,0.018275363450433915,1.0029690120248937,38.07192511047276,0.056832789146239016,0.02864186537237856,0.028190923773860455
2007.1,1539.66,27.230000000000004,74.46000000000001,208.936,2007.7916666665424,4.53,2460.4707975169426,43.51520453631734,1184407.6652433407,118.99163164796876,57279.5258394835,27.320648130462004,,29.42154762636301,,0.017325578710255862,1.034623808785709,38.10345054296361,0.05686101036794944,0.027349383691839924,0.029511626676109515
2007.11,1463.39,27.480000000000004,70.32000000000001,210.177,2007.8749999998756,4.15,2324.778380008279,43.65542328608745,1120840.025502857,111.71213120369976,53859.511540574225,25.729053579498377,,27.711039143379498,,0.02406114015755905,1.007526830349796,39.18996371967102,0.0643827863847306,0.024754117422086885,0.03962866896264372
2007.12,1479.22,27.73,66.18,210.036,2007.9583333332089,4.1,2351.5038557675825,44.08215270239387,1135496.219538914,105.20580114837458,50801.86842328074,25.955510105240222,,27.959981545763835,,0.0242803623121104,1.0332059347690226,39.51144670079425,0.06609052562655826,0.023726298391638645,0.042364227234919616
2008.01,1378.76,27.92,64.25,211.08,2008.0416666665421,3.74,2180.9627785673674,44.164670267197266,1054922.3859210117,101.63252380613984,49159.21791713207,24.022317760836813,,25.886705943137212,,0.03129920745408556,1.0031166666666667,40.621548708280386,0.07849189404019108,0.018929027834309498,0.05956286620588158
2008.02,1354.87,28.11,62.32,211.693,2008.1249999998754,3.74,2136.966888253272,44.336459755400504,1035428.8746120199,98.29413632004837,47626.6560377166,23.495263401811773,,25.329469431905366,,0.03234037497808538,1.0223551030241986,40.63015799816879,0.07685881821312379,0.016183304288415634,0.06067551392470816
2008.03,1316.94,28.3,60.39,213.528,2008.2083333332087,3.51,2059.29146973699,44.2525465044397,999579.4621113893,94.43149411318423,45837.01893549197,22.60681084224933,,24.384051798830342,,0.03700968168657175,0.9888182670365642,41.18147953270464,0.08048685746650164,0.015001668304679638,0.065485189161822
2008.04,1370.47,28.436666666666667,57.383333333333326,214.823,2008.291666666542,3.68,2130.0775730485097,44.19819909879296,1035726.8314892264,89.18907484301027,43367.20833992968,23.356040643201606,,25.204092441252214,,0.03432235534447031,0.9866250178630205,40.47552414140537,0.07442503750749663,0.01633261635775618,0.05809242114974045
2008.05,1403.22,28.573333333333334,54.376666666666665,216.632,2008.3749999998752,3.88,2162.767429788766,44.03976190036559,1053406.4029475448,83.81015350917686,40820.918200717635,23.69643211662317,,25.5836478780518,,0.032380178781063015,0.9853319464608985,39.60069181646404,0.07424889896323505,0.017448841256749503,0.05680005770648555
2008.06,1341.25,28.71,51.37,218.815,2008.4583333332084,4.1,2046.6298728377853,43.808942142906105,998618.1135845131,78.38611486872472,38247.16681814459,22.41681280228193,,24.21673551565436,,0.033494886255305924,1.0107706962630596,38.63054684654873,0.08209135221871744,0.02064221025532742,0.06144914196339002
2008.07,1257.33,28.756666666666668,49.56333333333333,219.964,2008.5416666665417,4.01,1908.5534770462436,43.65093981287847,933020.9872648086,75.23424412631158,36779.23074992363,20.907206462661573,,22.603177385642233,,0.0380290824635468,1.0132020522151037,38.842661485403084,0.09117276894396342,0.020498899592648057,0.07067386935131537
2008.08,1281.47,28.803333333333335,47.75666666666667,219.086,2008.624999999875,3.89,1952.9920760568907,43.89699467332463,956533.6706505709,72.78234494673325,35647.23299390734,21.40161736004792,,23.155126607759243,,0.03758600802202442,1.0198300499840234,39.51318366301651,0.09103986829691868,0.018942279635364212,0.07209758866155447
2008.09,1216.95,28.85,45.95,218.783,2008.7083333332082,3.69,1857.2305795011496,44.029008766677485,911428.7803441286,70.12592557465616,34414.0288892828,20.36273394609751,,22.050373871028608,,0.04170144061402541,0.9931777008662961,40.35254038159269,0.09802427792433566,0.015968976270918533,0.08205530165341712
2008.1,968.8,28.696666666666665,35.593333333333334,216.573,2008.7916666665415,3.81,1493.607485697663,44.24190353829886,734791.4377172634,54.87455523079978,26995.950220014245,16.38735654878983,,17.77010791095575,,0.05111897773667283,1.0265737057388291,40.48620796034077,0.11734462068573026,0.014406924360982343,0.10293769632474792
2008.11,883.04,28.543333333333333,25.236666666666668,212.425,2008.8749999998747,3.53,1387.9742647993407,44.86479898787807,684663.6780533215,39.66733541249853,19567.209890611593,15.259659405704573,,16.575738507639592,,0.05644210976560482,1.100717487658453,42.373654710520576,0.12328773493039202,0.010656217325840434,0.11263151760455159
2008.12,877.56,28.39,14.88,210.228,2008.958333333208,2.42,1393.7758162566354,45.090131071978995,689378.9980515281,23.63300987499286,11689.183065553056,15.376080747423764,,16.732842670212026,,0.0660421291145351,0.9932501103959891,47.128851670167116,0.11646979702600335,0.0030158747949355913,0.11345392223106776
2009.01,865.58,28.013333333333335,12.206666666666667,211.143,2009.0416666665412,2.52,1368.7911517312912,44.299085927546734,678847.1765993411,19.303100031732047,9573.304838785503,15.17465193687967,,16.545978292696997,,0.06610078491430062,0.9719249427740881,46.607880176717,0.11990380141313706,0.005216205961303011,0.11468759545183405
2009.02,805.23,27.63666666666667,9.533333333333333,212.193,2009.1249999998745,2.87,1267.0552646647157,43.48718254136565,630188.8961261949,15.00100615948688,7460.97488883473,14.122181801918899,,15.431495098996706,,0.06789599198129279,1.0067126526027683,45.07520529606027,0.13419728561579247,0.008647385664905638,0.12554989995088683
2009.03,757.13,27.26,6.86,212.709,2009.2083333332077,2.82,1188.478289705654,42.7904298830797,592881.0001875253,10.768244644091224,5371.81680990903,13.323667656863933,,14.592703772466315,,0.0725776409549966,0.9928934087963497,45.267699831066764,0.14270204314620294,0.008838732357145496,0.13386331078905744
2009.04,848.15,26.703333333333333,7.076666666666666,213.24,2009.291666666541,2.93,1328.0384724957792,41.81224312980679,664239.8028997519,11.080688074470078,5542.184368158829,14.981866453039249,,16.44121997239843,,0.06268316394846539,0.9720157544991832,44.83407842250003,0.13332895853557458,0.009845542808402996,0.12348341572717159
2009.05,902.41,26.14666666666667,7.293333333333333,213.856,2009.3749999998743,3.29,1408.9290500383436,40.82268395555888,706400.0365111603,11.387051567409845,5709.168707078522,15.996355755263156,,17.585230774696498,,0.0551458268811751,0.9671267140263349,43.45390250311703,0.1244007754089771,0.014158755547390545,0.11024201986158655
2009.06,926.12,25.59,7.51,215.693,2009.4583333332075,3.72,1433.6326264644656,39.613288678816645,720440.8497583455,11.625470808046622,5842.127134372625,16.384182816215347,,18.04071708129972,,0.050243597361463194,1.0164518630076158,41.66751051324439,0.12373531710759567,0.021664392570096558,0.10207092453749911
2009.07,935.82,25.026666666666664,9.186666666666667,215.351,2009.5416666665408,3.56,1450.9488200658461,38.802774540169295,730767.6831102258,14.24353311570413,7173.729045656152,16.694620816995617,,18.41056954196059,,0.05023756481696085,1.0004667153457725,42.42027972884882,0.12617285794027766,0.023778419341503154,0.1023944385987745
2009.08,1009.73,24.46333333333333,10.863333333333333,215.834,2009.624999999874,3.59,1562.0396880241296,37.84447086649925,788306.7509228272,16.80544087122511,8481.117728691479,18.094069801576083,,19.97924978137738,,0.04528872133608228,1.0189667410869547,42.34510420550541,0.1141228756118684,0.024104218349018547,0.09001865726284985
2009.09,1044.55,23.9,12.54,215.969,2009.7083333332073,3.4,1614.895706675495,36.949889798998925,816535.2762919556,19.38709699077182,9802.64454999868,18.83190226484008,,20.817180576489967,,0.04459761953591003,1.003674522779502,43.12128130433668,0.11350254571629614,0.02165082314327038,0.09185172257302576
2009.1,1067.66,23.403333333333332,25.349999999999998,216.177,2009.7916666665406,3.39,1649.0360517076285,36.147219523816126,835320.6500232351,39.15391033736243,19833.447425293638,19.358008443486842,,21.420018718305087,,0.04317009778018653,1.0019842066094584,43.238088780194055,0.11073097359151785,0.021192844126104893,0.08953812946541295
2009.11,1088.07,22.906666666666666,38.16,216.33,2009.8749999998738,3.4,1679.3713885036746,35.35507881477372,852179.4701647293,58.89769241436692,29887.018832874786,19.81276107996606,,21.938367056892975,,0.04189601470940185,0.9870003083010039,43.29324114446721,0.11339393605862669,0.020333961691598956,0.09305997436702773
2009.12,1110.38,22.41,50.97,215.949,2009.958333333207,3.59,1716.829224261284,34.64952801355876,872652.2694316475,78.8079626439576,40057.53541394033,20.32237650021655,,22.511278992034384,,0.03854959650499099,0.9914015277531876,42.80583190974063,0.11356901199859681,0.02127426624202111,0.0922947457565757
2010.01,1123.58,22.24,54.28999999999999,216.687,2010.0416666665403,3.73,1731.3218381813397,34.26956485622118,881470.3452243628,83.65533615306869,42591.560051113986,20.527859801454422,,22.74143027719746,,0.03670267875025125,1.0064260099968045,42.293231152403486,0.1156869295242009,0.023192198999803626,0.09249473052439727
2010.02,1089.16,22.07,57.61,216.741,2010.1249999998736,3.69,1677.866002740598,33.999139410632964,855696.8023509331,88.74899961244064,45261.203848320954,19.920539306600443,,22.070377804640174,,0.03800794407364607,0.999763531739006,42.554403007216735,0.11883422247401376,0.02485106478725796,0.0939831576867558
2010.03,1152.05,21.9,60.93,217.631,2010.2083333332068,3.73,1767.491095592999,33.59928387959435,902832.7507618581,93.47965145130978,47749.31600531228,21.00460120971536,,23.269199472972975,,0.03459570815052709,0.9932295149287379,42.37035554811409,0.08999583185277316,0.031617360277725215,0.05837847157504794
2010.04,1197.32,21.946666666666665,62.986666666666665,218.009,2010.29166666654,3.85,1833.7599278011457,33.61249948396625,938113.5758488022,96.46746510465164,49350.7559361434,21.80484559962516,,24.150482266532844,,0.03176640457611753,1.039328421597483,42.01052024969926,0.09115798575882428,0.03532763628668212,0.05583034947214216
2010.05,1125.06,21.993333333333332,65.04333333333332,218.178,2010.3749999998734,3.42,1721.7551542776998,33.65788049207527,882249.1444345294,99.54019733887007,51005.65764003984,20.480068638423408,,22.679628014583454,,0.038992847915187666,1.021522802556818,43.62890668857576,0.10417436781651523,0.03137727667992474,0.0727970911365905
2010.06,1083.36,22.04,67.1,217.965,2010.4583333332066,3.2,1659.559006262473,33.76225861950313,851820.7346448888,102.78800151400452,52759.16712327577,19.742039853739453,,21.859418086479803,,0.042382194886901634,1.01893888508605,44.611475748375675,0.11445705377866244,0.027987409428008148,0.0864696443506543
2010.07,1079.8,22.143333333333334,68.68666666666667,218.011,2010.5416666665399,3.01,1653.7565604487845,33.913393934251026,850293.0400576089,105.19635637651311,54087.603826100785,19.668660470717708,,21.77465601506824,,0.04425554769011074,1.0294520196577643,45.44677613451015,0.1179078523833712,0.02670601044004761,0.09120184194332359
2010.08,1087.28,22.246666666666666,70.27333333333333,218.312,2010.6249999998731,2.7,1662.9165478764335,34.02467638059291,856460.5655127236,107.47800830920882,55354.95806703958,19.770299174358577,,21.882717641224723,,0.047235393545863244,1.006606134301999,46.72076978070981,0.12316107219014549,0.02330691784663852,0.09985415434350697
2010.09,1122.08,22.35,71.86,218.439,2010.7083333332064,2.65,1715.1428838256904,34.16284351695439,884825.2227601544,109.84080246659249,56665.78185828523,20.381395233204035,,22.552614727121696,,0.04574669553427986,1.0118423248854442,47.00207065315636,0.11864716983627455,0.022311539911794798,0.09633562992447975
2010.1,1171.58,22.476666666666667,73.69,218.711,2010.7916666665396,2.54,1788.5784215242943,34.31373101947318,924185.06533093,112.49794626241933,58129.36160077523,21.240127651759426,,23.493816810047193,,0.04481380288733906,0.9830499418403623,47.49953807210908,0.1156499808974365,0.0201756368609185,0.095474344036518
2010.11,1198.89,22.603333333333335,75.52,218.803,2010.874999999873,2.76,1829.501329163677,34.492595965320405,946815.7766383543,115.24321695771995,59641.44120955928,21.70072382776062,,23.993185849903515,,0.04159876370556092,0.9575062959756493,46.67478455802403,0.11734634061825466,0.021315070488141297,0.09603127013011337
2010.12,1241.53,22.73,77.35,219.179,2010.9583333332062,3.29,1891.3196771816642,34.626385397323645,980301.7618871331,117.83330006524346,61074.91666086984,22.396379773044213,,24.750553777970634,,0.035101900448263765,0.9943297722049775,44.614732301828184,0.11801886562262798,0.025329539767073417,0.09268932585555456
2011.01,1282.62,22.963333333333335,78.67,220.223,2011.0416666665394,3.39,1944.6524584171495,34.81600366446738,1009448.8185980743,119.27602010235078,61914.93860933909,22.97829943055498,,25.38055144371665,,0.0328125394488806,0.9869845423729295,44.15145307843304,0.11735056505854025,0.024589398477465663,0.09276116658107458
2011.02,1321.12,23.196666666666665,79.99000000000001,221.309,2011.1249999998727,3.58,1993.195304303033,34.99718956300919,1036160.793537833,120.68221841407264,62736.543141494556,23.489828703298524,,25.93189152357247,,0.0300599455536531,1.0172700924103824,43.36296311202653,0.11657182162075608,0.02423718503373551,0.09233463658702057
2011.03,1304.49,23.43,81.31,223.467,2011.208333333206,3.41,1949.0995418786665,35.007859214112145,1014754.2179614735,121.48907523258467,63250.51588164525,22.89933643014364,,25.26799003610587,,0.03361841514661042,0.9986495543418403,43.6858615098617,0.1190302059269932,0.01953879574426054,0.09949141018273266
2011.04,1331.51,23.733333333333334,82.16333333333334,224.906,2011.2916666665392,3.46,1976.7422953367181,35.234195619503254,1030674.4437132579,121.97860784060897,63599.70850910645,23.14392944728594,,25.526061033561675,,0.032908223969483306,1.0275324139969944,43.3477314655683,0.12292232877039755,0.019353414887507636,0.10356891388288991
2011.05,1338.31,24.036666666666665,83.01666666666667,225.964,2011.3749999998724,3.17,1977.5347917146091,35.517439614274835,1032630.8859948835,122.66840016551309,64055.094897551324,23.05949150609534,,25.422751410495923,,0.03598498252271457,1.0172079264743594,44.33265005467247,0.12266336224044849,0.016578487443136503,0.10608487479731199
2011.06,1287.29,24.34,83.87,225.722,2011.4583333332057,3,1904.185131821444,36.00421514074835,995895.8211021839,124.06218257413987,64884.97736783489,22.10083128661099,,24.35922665770381,,0.03928355398486965,1.0025,45.143870635489286,0.12771753734754654,0.014863335423374924,0.11285420192417162
2011.07,1325.19,24.619999999999997,84.90666666666667,225.922,2011.541666666539,3,1958.5122390692363,36.38615694797319,1025894.9389734294,125.484455697099,65730.43836614923,22.610981701156618,,24.91508907841195,,0.038641504124610926,1.0645164336237931,45.216666280853,0.127238653575799,0.016208166046813854,0.11103048752898514
2011.08,1185.31,24.9,85.94333333333334,226.545,2011.6249999998722,2.3,1746.9647053565516,36.69877176719857,916685.4501399088,126.66726003663733,66466.15923529786,20.04985272166049,,22.092618712120785,,0.05157302652726257,1.0307073647848104,48.00151588215755,0.14223025185387073,0.010430351899859192,0.13179989995401153
2011.09,1173.88,25.18,86.98,226.889,2011.7083333332055,1.98,1727.4955061726218,37.055181829000084,908089.701523945,128.0007829819868,67285.9595857777,19.698114568877703,,21.70640003107507,,0.055358354551440635,0.9864798281678909,49.400503148048266,0.14290119686247293,0.0065234102391205084,0.13637778662335243
2011.1,1207.22,25.596666666666664,86.97,226.421,2011.7916666665387,2.15,1780.2310909765438,37.74621181339187,937464.6280970701,128.2506071654131,67536.40488527542,20.155824786688743,,22.212668163493948,,0.05263931624005206,1.0143693635798472,48.833327513485166,0.1388407291884095,0.005013294330262763,0.13382743485814674
2011.11,1226.42,26.013333333333335,86.96000000000001,226.23,2011.874999999872,2.01,1810.0713426601249,38.39303761658489,954863.225109613,128.34412677363747,67705.11411713112,20.345246797645814,,22.42388876999821,,0.05366404882172461,1.004374127948576,49.57685246696635,0.14147135410418965,0.0033198404340519794,0.13815151367013767
2011.12,1243.32,26.43,86.95,225.672,2011.9583333332052,1.98,1839.5513094225246,39.10444705147293,972133.788947483,128.64667692491759,67984.93786714897,20.52357549943169,,22.62360881526482,,0.053689049554547084,1.0025501440208808,49.91682863827565,0.13938028915548362,0.0032849756444806033,0.136095313511003
2012.01,1300.58,26.736666666666668,87.48,226.665,2012.0416666665385,1.97,1915.8401502216927,39.384874043191495,1014184.0287895881,128.86381179273377,68216.34873557425,21.213008091803445,,23.386046013731438,,0.05242371612296645,1.0016416666666668,49.824884709754606,0.1312685415247603,7.928194664552635e-05,0.13118925957811478
2012.02,1352.49,27.043333333333337,88.01,227.663,2012.1249999998718,1.97,1983.5733840149692,39.66198361174192,1051789.4677317864,129.0762175891559,68442.64360925001,21.797435963717522,,24.031932260644222,,0.05120576009564931,0.9838115829993329,49.6879060261019,0.12282176668922729,-0.0019490135365755057,0.12477078022580279
2012.03,1389.24,27.35,88.54,229.392,2012.208333333205,2.17,2022.1141831450093,39.80940867597824,1073984.7979816801,128.87477309583596,68447.93845073419,22.0539439729047,,24.315942005487816,,0.048872819302674717,1.0125684261707941,48.51508681251863,0.11799260850579585,-0.0025243235935009656,0.12051693209929681
2012.04,1386.43,27.673333333333332,88.33333333333334,230.085,2012.2916666665383,2.05,2011.9459277006324,40.15871721320381,1070361.660616736,128.18670274029162,68195.73534507933,21.779246906824888,,24.015130965765515,,0.05038222012284446,1.0243977858120352,48.976884486240564,0.11788165486930313,-0.00932621721997784,0.12720787208928097
2012.05,1341.27,27.996666666666666,88.12666666666667,229.815,2012.3749999998715,1.8,1948.6978372821616,40.67566096642952,1038516.7729348807,128.03704305637143,68234.59965269826,20.941467419743468,,23.095237989596882,,0.05459875443949013,1.0179797396872907,50.230756780313044,0.11088943740564594,-0.013963687404937475,0.12485312481058342
2012.06,1323.48,28.32,87.92,229.478,2012.4583333332048,1.62,1925.6749923739965,41.20584805515126,1028077.2220480052,127.92437009212212,68296.12035124114,20.547504086856083,,22.66553633791576,,0.05710696444269778,1.009626024902085,51.2089854081771,0.10669827465301562,-0.018990050147513204,0.12568832480052883
2012.07,1359.78,28.743333333333332,87.44666666666667,229.104,2012.541666666538,1.53,1981.7215921590193,41.89007361285704,1059863.0038633319,127.44337135100216,68159.17781638855,20.99934129338056,,23.168289603671184,,0.05667885353740199,0.987581856773907,51.78632499724313,0.10385926245499966,-0.01782010116314514,0.1216793636181448
2012.08,1403.45,29.166666666666664,86.97333333333333,230.379,2012.6249999998713,1.68,2034.0457642623676,42.271783669518484,1089730.962825141,126.05204337200873,67531.82106483683,21.41042845344293,,23.625464836831146,,0.0544923442645206,0.9977555779975706,50.860189993820796,0.10773537236902442,-0.015773679081037995,0.12350905145006241
2012.09,1443.42,29.59,86.5,231.407,2012.7083333332046,1.72,2082.681648999382,42.694815087702615,1117693.551309825,124.80910797858317,66980.15282336384,21.78369030172768,,24.040589108752926,,0.053578290187035284,0.9987039917219532,50.520604602725506,0.09638058344793432,-0.020303581951340743,0.11668416539927506
2012.1,1437.82,30.14333333333333,86.50333333333333,231.317,2012.7916666665378,1.75,2075.4087003981545,43.51013079453735,1115736.2934469073,124.86247973560091,67125.86311508788,21.577109654528783,,23.81681365936625,,0.053508222372874684,1.010600406643651,50.47476038422527,0.09269382745681232,-0.024064601069763936,0.11675842852657625
2012.11,1394.51,30.696666666666665,86.50666666666667,230.221,2012.874999999871,1.65,2022.4759260666924,44.519773500245414,1089274.201023992,125.46173980653373,67571.74937188126,20.898162059573696,,23.07393534239163,,0.05552737765751055,0.9949972614957486,51.252652882237626,0.10108790636910037,-0.024418648856516456,0.12550655522561682
2012.12,1422.29,31.25,86.51,229.601,2012.9583333332043,1.72,2068.335781747466,45.4446654195757,1116013.2582162484,125.8053761743198,67880.88713854956,21.238261139845612,,23.456313867189632,,0.0540111379717348,0.9842809259179259,51.13395630418523,0.09877182870521883,-0.021411373169075598,0.12018320187429443
2013.01,1480.4,31.536666666666665,86.90666666666667,230.28,2013.0416666665376,1.91,2146.4932126107346,45.726317852179946,1160240.7612937605,126.0095718256036,68111.7651275577,21.90047541382181,,24.193771416596874,,0.050537938236435126,0.9952937014533227,50.18177508306858,0.0951355801015421,-0.019323204210377476,0.11445878431191958
2013.02,1512.31,31.82333333333333,87.30333333333334,232.166,2013.1249999998709,1.98,2174.947953942438,45.767133538071896,1177682.8966862035,125.55640457689756,67985.82465920424,22.052724336861946,,24.367396962422983,,0.04957197496696166,1.0034511580252754,49.53987165618511,0.09628668508926652,-0.020113744427384672,0.1164004295166512
2013.03,1550.83,32.11,87.7,232.773,2013.208333333204,1.96,2224.5299316286682,46.05898525602196,1206608.6863457402,125.79797592504286,68234.15963872342,22.419207114602578,,24.7772008053697,,0.048684797595349015,1.019820122666715,49.581211079830545,0.09040935916596937,-0.019485916171135154,0.10989527533710453
2013.04,1570.7,32.49666666666667,88.78333333333333,232.531,2013.2916666665374,1.76,2255.3764863609586,46.662136553835836,1225449.355511553,127.48446067406066,69268.14707678149,22.5956553961056,,24.976932098870442,,0.05045254718824471,0.986134609554497,50.61653971828174,0.09244460223940565,-0.020082681848827222,0.11252728408823287
2013.05,1639.84,32.88333333333334,89.86666666666667,232.945,2013.3749999998706,1.93,2350.4701848075724,47.13343654081436,1279252.2640256889,128.81068921848507,70105.70347947071,23.411841781842405,,25.8819105047125,,0.0475590954888848,0.9688282184178998,49.82601101474996,0.08828702183228887,-0.019404900566528327,0.1076919223988172
2013.06,1618.77,33.27,90.95,233.504,2013.4583333332039,2.3,2314.714789575339,47.57350398708373,1261949.926884278,130.0514032950185,70902.19478377106,22.92533317391533,,25.347211669351655,,0.04489945265677715,0.9774406266619396,48.157282063143434,0.09468710620730691,-0.01755405856541503,0.11224116477272195
2013.07,1668.68,33.64666666666667,92.09,233.596,2013.5416666665371,2.58,2385.1424549221733,48.09315934348191,1302531.0749957173,131.62965258394834,71883.21709156674,23.492460177159643,,25.97601230661418,,0.040975328731904306,0.9882700717882774,47.05234545009454,0.0951770713720006,-0.016367659498454534,0.11154473087045513
2013.08,1670.09,34.02333333333333,93.23,233.877,2013.6249999998704,2.74,2384.2897135032513,48.57312102087849,1304275.8810928396,133.09901262201925,72809.03447974987,23.3566490949161,,25.827397250944173,,0.03935689013580905,0.9962310736001507,46.44455519467506,0.09345691356322638,-0.017368565067377606,0.11082547863060399
2013.09,1687.17,34.4,94.37,234.149,2013.7083333332037,2.81,2405.875785183793,49.05381615979568,1318320.246134509,134.5700183430209,73738.79432879534,23.44228716796061,,25.923107076121422,,0.03828725169072638,1.0189187020214248,46.21575994836279,0.09096992707826779,-0.018451454905172304,0.10942138198344009
2013.1,1720.03,34.596666666666664,96.31333333333333,233.546,2013.791666666537,2.62,2459.0663799636905,49.46163721493838,1349725.0655131848,137.69578434227088,75578.05395436505,23.83473788763144,,26.356918954589574,,0.03933151323085555,0.9935001053348674,47.211685603120436,0.08509493733957951,-0.023426729790562928,0.10852166713014244
2013.11,1783.54,34.79333333333334,98.25666666666666,233.069,2013.8749999998702,2.72,2555.082955905762,49.844608463588045,1404706.239184373,140.76159452780075,77386.40720596445,24.64207709241206,,27.246316008132887,,0.037024686012149394,0.9867701769348869,47.000810211486936,0.08586409687394769,-0.020093601815271867,0.10595769868921956
2013.12,1807.78,34.99,100.2,233.049,2013.9583333332034,2.9,2590.0312108183252,50.1306531029955,1426216.4090843091,143.5579148591069,79051.03728896646,24.861869296461936,,27.48375359866271,,0.03496817330504108,1.0058668846418555,46.382978001290546,0.08980865249517822,-0.01456289910728148,0.1043715516024597
2014.01,1822.36,35.403333333333336,100.41666666666666,233.916,2014.0416666665367,2.86,2601.242908992972,50.53483932266284,1434709.141748896,143.33509411498144,79056.11934558392,24.859609093632713,,27.474102609349313,,0.03525327578846771,1.015414386083895,46.48217637406726,0.09169955005970798,-0.01529972843184757,0.10699927849155555
2014.02,1817.04,35.81666666666666,100.63333333333333,234.781,2014.12499999987,2.71,2584.0933814916875,50.93647431010175,1427591.5192307038,143.11513815002064,79064.46375345792,24.590930877894127,,27.170675136889432,,0.037019397023219054,1.0013900105334868,47.024777256091646,0.09606858400885598,-0.017913080091109368,0.11398166409996535
2014.03,1863.52,36.23,100.85,236.293,2014.2083333332032,2.72,2633.236497060852,51.19459854925875,1457097.6934739288,142.50552756535316,78855.23224158889,24.956039153965385,,27.566812365082868,,0.03632398818406107,1.0031354035167042,46.788820125589524,0.09666015075485546,-0.017707883318866635,0.11436803407372209
2014.04,1864.26,36.61333333333333,101.60666666666667,237.072,2014.2916666665365,2.71,2625.6261053603967,51.566264257272046,1455264.3372703772,143.10295585307418,79315.41653466728,24.786315396962635,,27.37261057111369,,0.036708065945364896,1.0153830378430897,46.78129551244859,0.09526137463984052,-0.020336021968586415,0.11559739660842694
2014.05,1889.77,36.99666666666667,102.36333333333334,237.9,2014.3749999998697,2.56,2652.291003467843,51.92479833963851,1472441.7643169295,143.66687379150903,79757.87907242433,24.943274109902582,,27.538632386895777,,0.037713962344599714,0.998640095861824,47.33560913740734,0.09651802864250314,-0.020815540757668116,0.11733356940017126
2014.06,1947.09,37.38,103.12,238.343,2014.458333333203,2.6,2727.6603375177788,52.36529560339511,1516706.273403972,144.45985239759506,80326.4106504669,25.558007623511294,,28.20860107272218,,0.036215896801316864,1.0074215711496362,47.18337581124686,0.0970597897578096,-0.018838959434372637,0.11589874919218224
2014.07,1973.1,37.75,104.06666666666666,238.25,2014.5416666665362,2.54,2765.176460650577,52.90426810073452,1540018.4229085164,145.84293599160546,81224.76502830381,25.81754597615874,,28.4856362371394,,0.036544567621686556,1.0126870256928058,47.55210513631738,0.09784014281072606,-0.018892036444462246,0.1167321792551883
2014.08,1961.53,38.120000000000005,105.01333333333334,237.852,2014.6249999998695,2.42,2753.5616918293726,53.51219287624237,1536033.3326694958,147.41589055378975,82233.75649351918,25.617606421799398,,28.25605553351516,,0.03782181591426469,0.9923780664554601,48.23597880181813,0.09696564277650643,-0.017015245552202574,0.113980888328709
2014.09,1993.23,38.49,105.96,238.031,2014.7083333332027,2.53,2795.9574499750033,53.990960526149955,1562193.0118982107,148.6329482294323,83046.09680806249,25.91843689260619,,28.578155878854172,,0.03612999738374492,1.0224851615240083,47.83233025638973,0.09788462955926391,-0.01481797256777928,0.1127026021270432
2014.1,1937.27,38.806666666666665,104.74333333333334,237.433,2014.791666666536,2.3,2724.3050606908055,54.57225806859198,1524699.4173002911,147.29634644299654,82436.67599220731,25.16274828308325,,27.73694561828827,,0.03879451714968593,0.9992626451594026,49.031027490766135,0.10384932199804964,-0.020135087228841497,0.12398440922689113
2014.11,2044.57,39.123333333333335,103.52666666666667,236.151,2014.8749999998693,2.33,2890.805411474014,55.316249243069045,1620463.793813364,146.3757407336831,82052.07697829774,26.606817147143413,,29.318654523381486,,0.0357308939138589,1.0126191447923387,49.26085416507727,0.09989892401571487,-0.022266435389391215,0.12216535940510609
2014.12,2054.27,39.44,102.31,234.812,2014.9583333332025,2.21,2921.0830195007065,56.08197281229238,1640055.9120565094,145.4803914408122,81680.65559176811,26.794085482572545,,29.515332882231405,,0.03646245242106455,1.0316759538025049,50.16693560359909,0.10014421879394297,-0.02396204158185944,0.12410626037580241
2015.01,2028.18,39.89666666666667,101.28999999999999,233.707,2015.0416666665358,1.88,2897.620056951653,56.99956687219468,1629549.410237857,144.7109899361166,81381.85948140328,26.492295420383122,,29.17467116535156,,0.03949169066533734,0.9925695735047468,52.00073098153297,0.09967280314829985,-0.02960119954667828,0.12927400269497813
2015.02,2082.2,40.35333333333333,100.27000000000001,234.722,2015.124999999869,1.98,2961.9335362684365,57.40269489012534,1668407.8644330162,142.6342693697225,80343.51002146698,26.995513699383242,,29.719916695619293,,0.0376433553553971,0.9962673573737063,51.39114930217164,0.09779327195932774,-0.02712699715789979,0.12492026911722753
2015.03,2079.99,40.81,99.25,236.119,2015.2083333332023,2.04,2941.2841028252697,57.708837175322614,1659485.251209872,140.3480051372401,79184.95338082386,26.72860545292847,,29.41836917180769,,0.037223880316747796,1.0107144985822074,50.896403284317735,0.09162992059446107,-0.02472052507004041,0.11635044566450148
2015.04,2094.86,41.120000000000005,97.80333333333334,236.599,2015.2916666665355,1.94,2956.3017702948873,58.02923765527328,1670686.6466516617,138.02171384917096,77999.8295819393,26.791371680192324,,29.480373846198788,,0.03765970126494355,0.9784709985294461,51.3373703579854,0.08449575135376497,-0.025517586761542477,0.11001333811530745
2015.05,2111.94,41.43,96.35666666666667,237.805,2015.3749999998688,2.2,2965.2905803073945,58.170207838354955,1678505.9320660145,135.29054614074556,76581.35960022899,26.806111379650815,,29.48989618635329,,0.035662686878219954,0.9876989151851622,49.977381725373014,0.09247998913262379,-0.023852217520445085,0.11633220665306887
2015.06,2099.29,41.74,94.91,238.638,2015.458333333202,2.36,2937.240449236919,58.400895708143715,1665382.9492803002,132.79417852563296,75292.83506146996,26.495895292784834,,29.14293607917328,,0.03480382083528462,1.0055070611790184,49.19029849313543,0.0971344372296854,-0.02196222809920234,0.11909666532888774
2015.07,2094.14,41.99666666666667,93.49333333333334,238.654,2015.5416666665353,2.32,2929.838343166257,58.75607375112087,1663962.2072510659,130.80326665381682,74287.95271404635,26.38113633639968,,29.011703864238942,,0.03490375080858253,1.0153058960838337,49.45787646622945,0.1019314338371975,-0.02236220642262643,0.12429364025982392
2015.08,2039.87,42.25333333333333,92.07666666666667,238.316,2015.6249999998686,2.17,2857.958735355578,59.19900929857835,1625940.9258788254,129.0039629105893,73392.53023566991,25.69365841705769,,28.252525181771944,,0.03675283783365525,1.0018083333333334,50.286092584231355,0.10623328742478089,-0.022891639296263255,0.12912492672104414
2015.09,1944.41,42.51,90.66,237.945,2015.7083333332018,2.17,2728.462106474185,59.651474815608644,1555096.1705035297,127.21718905629452,72507.86553136942,24.496752170486428,,26.93610526853828,,0.0372582690419318,1.0107664318974605,50.45557364769126,0.11399871445049636,-0.02202006170579851,0.13601877615629487
2015.1,2024.81,42.803333333333335,89.28333333333333,237.838,2015.791666666535,2.07,2842.5603685071346,60.09011165162842,1622980.9061763952,125.34176782095376,71564.81113772774,25.49144104606674,,28.02809026145157,,0.03641497018174113,0.9848595880394265,51.02174379432018,0.11174573415757716,-0.02242448791132723,0.1341702220689044
2015.11,2080.62,43.096666666666664,87.90666666666667,237.336,2015.8749999998684,2.26,2927.0882350338757,60.62988242407388,1674127.474653877,123.67014148717428,70732.26532086916,26.225851890971928,,28.832783137035257,,0.03402242255350267,1.0036603474335184,50.3555380204051,0.1088676888789637,-0.020717987884437794,0.1295856767634015
2015.12,2054.08,43.39,86.53,236.525,2015.9583333332016,2.24,2899.659259697706,61.25185741464961,1661359.0462943888,122.15080023253356,69986.27038667114,25.965424037124166,,28.54437678360919,,0.03466942119815272,1.0152908634069941,50.71314850382903,0.11168016207620357,-0.02145409324881198,0.13313425532501555
2016.01,1918.6,43.553333333333335,86.5,236.916,2016.0416666665349,2.09,2703.937895709872,61.380959285147476,1552151.2236084477,121.90692587246112,69978.67238722542,24.206167203878472,,26.611684960823318,,0.03836347605895478,1.029903870881746,51.40362089129017,0.1201954155590319,-0.023353837900097374,0.14354925345912928
2016.02,1904.42,43.71666666666667,86.47,237.111,2016.1249999998681,1.78,2681.7463333628552,61.56048063986909,1542357.3364238353,121.76442457330111,70030.58090157059,24.00260677728975,,26.3895620404543,,0.04169246065319604,0.9915433812118967,52.89724964840763,0.11991378138150455,-0.02563513709235654,0.1455489184738611
2016.03,2021.95,43.88,86.44,238.132,2016.2083333332014,1.89,2835.0408192725045,61.525552634673204,1633470.6298624813,121.20029101506726,69832.19231203188,25.372298620187905,,27.89395132228895,,0.03821881117553891,1.0088321078779696,52.22503675742574,0.10853023829419839,-0.026017081645114404,0.1345473199393128
2016.04,2075.54,44.07333333333334,86.6,239.261,2016.2916666665346,1.81,2896.448813011732,61.50503195255391,1671805.3075903195,120.85166617208822,69754.54081218463,25.92233754367387,,28.495838319794853,,0.03780169583592091,1.0015083333333332,52.437683294830734,0.11005818639327503,-0.027440655240627998,0.13749884163390302
2016.05,2065.55,44.266666666666666,86.75999999999999,240.229,2016.374999999868,1.81,2870.89257905998,61.525910693546564,1660013.8216145223,120.587078579189,69726.12580827186,25.694709923449963,,28.243292837964653,,0.03805057974861076,1.0170574109450992,52.30516105073308,0.1173106316081276,-0.028704075034845067,0.14601470664297267
2016.06,2083.89,44.46,86.92,241.018,2016.4583333332012,1.64,2886.9015667916915,61.592331485615176,1672238.4114946802,120.41397779418963,69749.82495578827,25.8403729276705,,28.40074288458179,,0.03966401577475909,1.0142593049193578,53.023204059830036,0.1175475721024346,-0.02924894229066599,0.1467965143931006
2016.07,2148.9,44.65,87.64333333333333,240.628,2016.5416666665344,1.5,2981.7876275828253,61.95579951210998,1730191.843809383,121.61282841148993,70566.23411866552,26.694003256096295,,29.33464911597549,,0.039361427411852355,0.9957407004994581,53.86644134405362,0.11422513148278557,-0.0314122038176069,0.14563733530039247
2016.08,2170.95,44.84,88.36666666666667,240.849,2016.6249999998677,1.56,3009.619815216173,62.16234943886003,1749347.3852736673,122.50400562177963,71205.69210653541,26.948872433723857,,29.60932774413778,,0.038300806050264376,0.9948943265179868,53.58779139630752,0.11637971928818924,-0.03114772211032657,0.1475274413985158
2016.09,2157.69,45.03,89.09,241.428,2016.708333333201,1.63,2984.063606230429,62.27603788707192,1737509.2946784114,123.21057551319647,71740.93732783655,26.727873346478525,,29.360965010602925,,0.03865194250332503,0.9895369202666353,53.18632991364854,0.11597859582704606,-0.030574313427732647,0.1465529092547787
2016.1,2143.02,45.25333333333333,90.91,241.729,2016.7916666665342,1.76,2960.0846623698435,62.50697516640535,1726580.204481264,125.57106170546355,73244.023102627,26.525143085070585,,29.13246105158766,,0.03831805394839781,0.9675405362221958,52.56430263688682,,,
2016.11,2164.99,45.47666666666667,92.73,241.353,2016.8749999998674,2.14,2995.0898624628653,62.9133175266104,1750056.3436847252,128.2845107581012,74957.72486241718,26.85095353105626,,29.482997451792816,,0.034053579702832945,0.9710563078726677,50.93732457450163,,,
2016.12,2246.63,45.7,94.55,241.432,2016.9583333332007,2.49,3107.0152559519865,63.20159403061732,1818532.7334404413,130.75953425809337,76533.41669380081,27.865098223923525,,30.586141859448876,,0.029079989463697952,1.007357647465936,49.4468253305144,,,
2017.01,2275.12,45.92666666666667,96.46333333333334,242.839,2017.041666666534,2.43,3128.18577164294,63.14706266291658,1834003.806216312,132.63266413137924,77760.34692396279,28.063573742124454,,30.792138471115788,,0.02970751383138065,1.0029058632521781,49.52203668523328,,,
2017.02,2329.91,46.153333333333336,98.37666666666667,243.603,2017.1249999998672,2.42,3193.472472321769,63.25969651441074,1875371.0002820515,134.8391898909291,79184.49544020183,28.65510652518413,,31.427485362109685,,0.0288484261142454,0.9967466545045605,49.51017612589568,,,
2017.03,2366.82,46.38,100.29,243.801,2017.2083333332005,2.48,3241.428242090886,63.518747462069484,1906641.5463309379,137.3500470670752,80790.7152557143,29.08692174246465,,31.886026295005667,,0.026890511033075316,1.018013749598499,49.309024147523175,,,
2017.04,2359.31,46.660000000000004,101.53333333333333,244.524,2017.2916666665337,2.3,3221.5893498184223,63.71327170339108,1898095.1721411257,138.64168138914786,81684.86964892091,28.904245956275155,,31.670821333081488,,0.028550370848229603,1.0019166666666666,50.048843047509614,,,
2017.05,2395.35,46.94,102.77666666666667,244.733,2017.374999999867,2.3,3268.007991872775,64.04086882439229,1928588.39408064,140.2195787858605,82749.44643397747,29.31334498027143,,32.10312156891899,,0.027535015841958353,1.0117137776044203,50.101946769210365,,,
2017.06,2433.99,47.22,104.02,244.955,2017.4583333332002,2.19,3317.7155235655523,64.36449082484538,1961088.238986628,141.7872582719275,83809.87539775803,29.748503240632758,,32.56258379440215,,0.02803137227551727,0.9903187178348567,50.642891106865946,,,
2017.07,2454.1,47.53666666666667,105.03999999999999,244.786,2017.5416666665335,2.32,3347.4364720613107,64.84086702262384,1981850.1027452718,143.27644636539668,84826.83460020508,30.002220744018565,,32.822440838488504,,0.026402816566006154,1.0117210216151993,50.187228293382596,,,
2017.08,2456.22,47.85333333333334,106.06,245.519,2017.6249999998668,2.21,3340.3257440361026,65.07793327603974,1980850.9785798187,144.23583734863695,85533.48429219515,29.914959397497487,,32.71012686224204,,0.028090568896086642,1.0027318846719444,50.62388307804467,,,
2017.09,2492.84,48.17,107.08,246.819,2017.7083333332,2.2,3372.2710962284104,65.16354788326669,2003015.1608454017,144.8559831293377,86039.5626768367,30.1681144106789,,32.97028077070135,,0.028167211336622037,0.9876989151851622,50.4948163873927,,,
2017.1,2557,48.42333333333333,108.01333333333334,246.663,2017.7916666665333,2.36,3461.2532990355257,65.54768175608015,2059112.0104845925,146.21099192015015,86981.44386356763,30.920393290333834,,33.77535045295933,,0.025479157179329286,1.0028504917557177,49.90521756699977,,,
2017.11,2593.61,48.67666666666666,108.94666666666666,246.669,2017.8749999998665,2.35,3510.7246023010593,65.88900074593887,2091809.1332751978,147.47080054648129,87868.11909779104,31.298913333880275,,34.1729359722271,,0.024588565855586074,0.9975497928302435,50.04625461881735,,,
2017.12,2664.34,48.93,109.88,246.524,2017.9583333331998,2.4,3608.5863585289867,66.27087028037838,2153409.032902111,148.82164779088444,88808.7047956657,32.086132007706,,35.01714110660578,,0.023313129772496808,0.986265402854104,49.9529949096847,,,
2018.01,2789.8,49.28666666666666,111.73333333333332,247.867,2018.041666666533,2.58,3758.036755598769,66.39225209487346,2245894.5497989752,150.51185514812377,89949.56067252326,33.30734382803066,,36.33394041169584,,0.0204186633335549,0.9779984741736784,48.99997127765521,,,
2018.02,2705.16,49.64333333333333,113.58666666666666,248.991,2018.1249999998663,2.86,3627.5714194488955,66.57082655597993,2171240.6411411506,152.31769863167742,91167.98524243278,32.03538233925029,,34.9340847841563,,0.018975837596655443,1.0041100839387809,47.70556718683345,,,
2018.03,2702.77,50,115.44,249.554,2018.2083333331996,2.84,3616.189811523758,66.89784575683018,2167765.0561179784,154.45374628336953,92589.0098226114,31.808409057643114,,34.67572864730247,,0.018751132383798632,0.9997802331901599,47.79357378458231,,,
2018.04,2653.63,50.33,117.78666666666666,250.546,2018.2916666665328,2.87,3536.3851539238303,67.07275121135439,2123275.8950798153,156.96951697492673,94245.84063909983,30.970179293325224,,33.75372125069345,,0.019090860063881384,0.993298828410901,47.593880311248526,,,
2018.05,2701.49,50.66,120.13333333333333,251.588,2018.374999999866,2.976,3585.2554566394256,67.2329127382864,2155981.9775024396,159.43375280220042,95874.98068249736,31.2436150748646,,34.04418706141888,,0.017318266255325298,1.0081593472990933,47.07914729019159,,,
2018.06,2754.35,50.99,122.48,251.989,2018.4583333331993,2.91,3649.591082844886,67.56318162697578,2198055.743959397,162.2894388247106,97742.79504062554,31.6305564964546,,34.45891963367427,,0.016730979295013715,1.0041476505871525,47.3877522166685,,,
2018.07,2793.64,51.44,125.11666666666667,252.006,2018.5416666665326,2.89,3701.401727339825,68.15484631318301,2232680.636030853,165.77191267271417,99993.39890300596,31.88636696215898,,34.73177757132531,,0.016153150850947942,1.0024083333333333,47.581090079413954,,,
2018.08,2857.82,51.89,127.75333333333333,252.146,2018.6249999998658,2.89,3784.3339349027947,68.71289580243193,2286159.194831702,169.1713525100537,102198.33917825454,32.39027688030112,,35.274629408295596,,0.0161270836525876,0.9929831063989438,47.66919894691465,,,
2018.09,2901.5,52.34,130.39,252.439,2018.708333333199,3,3837.7156015908795,69.22834209452581,2321892.8029194376,172.46242884419598,104343.13374897998,32.6228911205002,,35.522018512241374,,0.015065111583944905,0.9897384103875351,47.27976896800547,,,
2018.1,2785.46,52.81,131.05666666666667,252.885,2018.7916666665324,3.15,3677.735741740317,69.72680437748384,2228617.373317653,173.03848814678608,104857.06641719278,31.037961078006507,,33.79374384993606,,0.0163400871283167,1.0051809433745449,46.71207419625255,,,
2018.11,2723.23,53.28,131.72333333333333,252.038,2018.8749999998656,3.12,3607.654690066577,70.58377070124345,2189714.3159631724,174.50318235742225,105917.04290360669,30.195583406705246,,32.88033394703197,,0.019163540746558332,1.0276497972023233,47.11188091610217,,,
2018.12,2567.31,53.75,132.39,251.233,2018.9583333331989,2.83,3411.994261004724,71.43457218995911,2074568.7797380902,175.9483351112314,106980.52075889775,28.29185701207287,,30.818335095022295,,0.02502437555396488,1.0127831755337824,48.569644507754305,,,
2019.01,2607.39,54.14666666666667,133.05666666666664,251.712,2019.0416666665321,2.71,3458.666911291476,71.82480731947624,2106586.0517601133,176.49783512506352,107500.34252401625,28.380164463547587,,30.929105694293305,,0.025866221302712572,1.0048682752251044,49.096910792719015,,,
2019.02,2754.86,54.54333333333334,133.7233333333333,252.776,2019.1249999998654,2.68,3638.9020023657304,72.04643607383612,2220019.466155485,176.63551157942206,107761.7022568111,29.541548965131216,,32.20864001068948,,0.02470541220129036,1.0118535170500875,49.12826030019096,,,
2019.03,2803.98,54.94,134.39,254.202,2019.2083333331987,2.57,3683.0075772417213,72.16329513536478,2250596.1514798524,176.5202991125168,107867.2518339565,29.576196014784834,,32.26103863164942,,0.02609112448319983,1.0056466121980145,49.43174080720621,,,
2019.04,2903.8,55.319091580592705,134.68333333333334,255.548,2019.291666666532,2.53,3794.031029395652,72.27851435179711,2322120.513242139,175.97380873651917,107704.01925930232,30.133517171387528,,32.8836903637197,,0.02614961805213017,1.0135705386413667,49.44902998429457,,,
2019.05,2854.71,55.69818316118541,134.97666666666666,256.092,2019.3749999998652,2.4,3721.9681156576544,72.61923691933407,2281718.572033656,175.98244644502753,107884.4320875078,29.242030936939862,,31.926648340129915,,0.028384138933322742,1.0324722275649159,50.01361304811223,,,
2019.06,2890.17,56.07727474177812,135.27,256.143,2019.4583333331984,2.06,3767.450551937785,73.09893870501693,2313335.5507596685,176.3297785807147,108272.14314426499,29.28379627530628,,31.987942034596223,,0.030885119389954155,1.0410658037704619,51.62738502413935,,,
2019.07,2996.1136363636365,56.45818316118542,134.48000000000002,256.571,2019.5416666665317,1.63,3899.037195667263,73.47269925730538,2397893.522740891,175.0075550237556,107629.002126092,29.986685335042534,,32.770388154606195,,0.034716014055352365,1.0013583333333334,53.657845958539426,,,
2019.08,2897.498181818182,56.83909158059271,133.69,256.558,2019.624999999865,1.63,3770.893566650532,73.97214815196973,2322876.7125015953,173.9882924134114,107177.07767446151,28.705397371833083,,31.386112854170044,,0.03597141238067918,0.9949744014301002,53.73345377862138,,,
2019.09,2982.156,57.22,132.9,256.759,2019.7083333331982,1.7,3878.0316258826365,74.40957804789704,2392693.637277933,172.824762715231,106630.5667423962,29.22952023303529,,31.97413412047687,,0.03466280741681184,1.0005051189267946,53.421557966589454,,,
2019.1,2977.68,57.56,135.09,257.346,2019.7916666665315,1.71,3863.37856193607,74.6809831899466,2387492.65680416,175.271960026579,108314.65537185797,28.84112288195342,,31.564281230570664,,0.03515794146479673,0.9923536151525381,53.32662737493038,,,
2019.11,3104.9044999999996,57.900000000000006,137.28,257.208,2019.8749999998647,1.81,4030.6068464676437,75.16242010357375,2494707.2200490977,178.20892973779974,110300.78611704166,29.836867659083442,,32.663322842581984,,0.03287424163086297,0.9969836095001042,52.94726406096194,,,
2019.12,3176.7495238095235,58.24,139.47,256.974,2019.958333333198,1.86,4127.627076585846,75.67263302902239,2558660.0772036174,181.2167261084779,112333.79222786515,30.33182232224331,,33.20928757730656,,0.03191408326495827,1.0106433946666906,52.83562267600085,,,
2020.01,3278.2028571428577,58.686867862126704,131.75666666666666,257.971,2020.0416666665312,1.76,4242.9860235397455,75.95855746442484,2634093.3314804505,170.53297783471783,105868.786090694,30.98522030023071,,33.92315839928782,,0.0322657301883274,1.0254101377073785,53.19160188267327,,,
2020.02,3277.3142105263164,59.13373572425341,124.04333333333332,258.678,2020.1249999998645,1.5,4230.242367105661,76.3277544101558,2630130.687107628,160.1107889924926,99548.03127611213,30.729689264735768,,33.64365273159246,,0.035387275516498715,1.0610850801002183,54.39413426078595,,,
2020.03,2652.3936363636367,59.58060358638012,116.33,258.115,2020.2083333331977,0.87,3431.0843702595566,77.0722998778274,2137251.72841113,150.48220570288436,93736.64985372507,24.817168629099438,,27.18163367791651,,0.048801470894720575,1.0208777676284946,57.84269610470638,,,
2020.04,2761.975238095238,59.61373572425342,110.63,256.389,2020.291666666531,0.66,3596.889169136407,77.63429497876385,2244562.8743461687,144.07219995787648,89905.21977313767,25.927358825280177,,28.407962507549218,,0.04831743654444486,0.9995908186187443,59.44784676844482,,,
2020.05,2919.615,59.64686786212671,104.93,256.394,2020.3749999998643,0.67,3802.107504027005,77.6759277816764,2376664.386309654,136.64648948493334,85416.53404831528,27.32848099769847,,29.951773296263553,,0.04616322986985426,0.9948202771105281,59.42236298424605,,,
2020.06,3104.6609090909087,59.68,99.23,257.797,2020.4583333331975,0.73,4021.082450876605,77.29610662653171,2517570.151271772,128.52031937920145,80465.62681908104,28.83831595512285,,31.613284503327357,,0.04430152323591064,1.0111854455272233,58.79285435251522,,,
2020.07,3207.6190909090906,59.403333333333336,98.89333333333335,259.101,2020.5416666665308,0.62,4133.523055917822,76.55056319736319,2591962.3659165837,127.4396559642765,79912.16880037855,29.599194927667014,,32.453341337253285,,0.04500188596956495,0.9976362762513467,59.15127705946375,,,
2020.08,3391.71,59.126666666666665,98.55666666666667,259.918,2020.624999999864,0.65,4357.014639905662,75.95453392993174,2736073.7469006577,126.6065906362776,79505.11931996128,31.15820896535523,,34.165665199989725,,0.04319140417954554,0.9976655442329813,58.825969116208604,,,
2020.09,3365.5166666666664,58.85,98.22,260.28,2020.7083333331973,0.68,4317.353517846166,75.49398196173352,2715118.420709608,125.99862206085754,79238.63040803968,30.839426043811265,,33.819004850298626,,0.043305608427917044,0.9900779975173689,58.60701774853157,,,
2020.1,3418.701363636364,58.659615378670054,96.85666666666667,260.388,2020.7916666665305,0.79,4383.760945427419,75.21854166790555,2760823.032671682,124.1981757031814,78218.03888617741,31.283694032592855,,34.30790857534534,,0.04166069749022169,0.9930602279237818,58.001451780491,,,
2020.11,3548.992500000001,58.469230757340114,95.49333333333334,260.229,2020.8749999998638,0.87,4553.61231187243,75.02022307523444,2871729.938251877,122.5248062283604,77270.11658570683,32.47320409661257,,35.61203130196849,,0.03958483715040775,0.9950432271913434,57.63412789221233,,,
2020.12,3695.3099999999995,58.27884613601017,94.13,260.474,2020.958333333197,0.93,4736.888496260663,74.70561220493323,2991238.9193270616,120.66195100086765,76195.31770710884,33.765591418117104,,37.0265964006042,,0.03772721745925203,0.9866748750152396,57.29450706953979,,,
2021.01,3793.748421052632,58.06369311230766,105.48666666666665,261.582,2021.0416666665303,1.08,4842.474423608336,74.11454783777624,3061814.205645193,134.646905559251,85134.94798807547,34.512432294106915,,37.84118046785661,,0.03553473761967501,0.9841284119319711,56.29159833046144,,,
2021.02,3883.4321052631576,57.84854008860516,116.84333333333332,263.014,2021.1249999998636,1.26,4929.961348850551,73.43789179106282,3121000.161103025,148.33093552054262,93903.5503319135,35.10390717196984,,38.480638192752046,,0.033301489166802964,0.9689904805321305,55.09654171012683,,,
2021.03,3910.5082608695648,57.63338706490265,128.2,264.877,2021.2083333331968,1.61,4929.417727822314,72.65015720718675,3124488.7188208834,161.60338005942376,102431.55800513928,35.04254511219209,,38.400680076306436,,0.029582246986088717,0.9985977117940021,53.01252225272931,,,
2021.04,4141.176190476191,57.71060542140715,138.38666666666666,267.054,2021.29166666653,1.64,5177.633254617312,72.15446434304368,3285630.218281328,173.02219813221296,109796.68405630943,36.71981410913301,,40.21974943627472,,0.02815845825375853,1.0031977488541435,52.50663614553864,,,
2021.05,4167.849500000001,57.787823777911655,148.57333333333332,269.195,2021.3749999998633,1.62,5169.537655523878,71.6763719636931,3284283.2758589643,184.28099221753746,117076.42368211367,36.55213398979907,,40.014691437684405,,0.02881834542561662,1.0105500616202074,52.25560053668012,,,
2021.06,4238.489545454546,57.86504213441615,158.76,271.696,2021.4583333331966,1.52,5208.76225839056,71.11147599105449,3312968.0899284375,195.10325253224187,124092.98367176527,36.696258013088375,,40.14804952173043,,0.030761593765331392,1.019847179067535,52.320805376807286,,,
2021.07,4363.7128571428575,58.32818900579217,164.31666666666666,273.003,2021.5416666665299,1.32,5336.977964174648,71.33747558677545,3398299.1951305,200.96520047398747,127963.78092702248,37.443383184615385,,40.93735604211508,,0.03261658108639498,1.0048233757041396,53.10376884073519,,,
2021.08,4454.206363636363,58.79133587716819,169.87333333333333,273.567,2021.6249999998631,1.28,5436.423612023578,71.75568001391753,3465428.3219982306,207.3328725686943,132163.58031624398,37.97350061407048,,41.48683671871962,,0.03257342884736949,0.9927258309879763,53.249898698327804,,,
2021.09,4445.543333333333,59.254482748544206,175.43,274.31,2021.7083333331964,1.37,5411.153721792862,72.12506791993837,3453151.444715578,213.53491041157812,136268.2382160532,37.6203466866512,,41.07067653074047,,0.032042416075777444,0.9818778716640022,52.719365674443196,,,
2021.1,4460.707142857143,59.63536092649366,182.91,276.589,2021.7916666665296,1.58,5384.873077730598,71.9905699364374,3440208.7614055276,220.8051555737936,141064.76045088287,37.25302500032531,,40.63888788640217,,0.031258728814100654,1.0031530998335139,51.337460852973216,,,
2021.11,4667.386666666667,60.01623910444312,190.39,277.948,2021.874999999863,1.56,5606.823587865357,72.09611911285663,3585843.558480598,228.71110090736397,146272.16552998702,38.5826274977192,,42.05485761785895,,0.031119985899904272,1.0096002483721682,51.24753195918357,,,
2021.12,4674.772727272726,60.397117282392585,197.87,278.802,2021.9583333331962,1.47,5598.4948201265,72.33141972514997,3584371.8585553695,236.9685618288247,151716.39372212286,38.30484987346744,,41.71726581955464,,0.032773352076795374,0.9748541554665968,51.58103737192001,,,
2022.01,4573.8155,60.921402962953294,197.88333333333333,281.148,2022.0416666665294,1.76,5431.88175563671,72.35050414304168,3481559.893518134,235.0070456663394,150627.5618089565,36.936758070297444,,40.19425483317651,,0.031247786313865853,0.986134609554497,49.86440094437532,,,
2022.02,4435.980526315789,61.44568864351402,197.89666666666665,283.716,2022.1249999998627,1.93,5220.504405401508,72.31264572813835,3349940.158428784,232.89561665538776,149446.55120847753,35.28714922569486,,38.37049500911219,,0.031293678922879584,0.983743872386653,48.72793163914745,,,
2022.03,4391.265217391306,61.969974324074734,197.91,287.504,2022.208333333196,2.13,5099.7917301944535,71.96877139796705,3276328.628709874,229.84259236393228,147660.9056405783,34.270798693291724,,37.23941174160219,,0.03071667305459588,0.9480158988630318,47.30422746889821,,,
2022.04,4391.295999999999,62.65331621604982,196.02666666666664,289.109,2022.2916666665292,2.75,5071.515586439716,72.35842669950577,3262036.6514935056,226.3915471327423,145616.73167483287,33.88916475591384,,36.80085234837286,,0.025106179878196196,0.9893779252235169,44.596200053523745,,,
2022.05,4040.3599999999997,63.336658108024906,194.14333333333332,292.296,2022.3749999998624,2.9,4615.341644428934,72.35006677249675,2972500.17813122,221.7717756144456,142831.60236125547,30.67315507954513,,33.292110895037794,,0.02794254787447916,0.981988461726157,43.641413710395256,,,
2022.06,3898.9466666666676,64.02,192.26,296.311,2022.4583333331957,3.14,4393.455018207223,72.13973780926122,2833466.3925277553,216.6445796814833,139720.36429344662,29.04772139510384,,31.515503555204635,,0.028915813659970376,1.0232786529757065,42.274676557157136,,,
2022.07,3911.729499999999,64.4527684478357,190.58333333333331,296.276,2022.541666666529,2.9,4408.3798285340345,72.6359745270254,2846995.5886362344,214.78062895745853,138708.44322635015,29.004618317208934,,31.45772714906695,,0.03152220124246079,1.0024166666666667,43.263884375134964,,,
2022.08,4158.5630434782615,64.8855368956714,188.90666666666664,296.171,2022.6249999998622,2.9,4688.21394057678,73.14961332452522,3031653.2708389005,212.9665605342859,137715.7224492291,30.698763365175296,,33.28189040223445,,0.029013917428899805,0.9505808982687256,43.38381395464573,,,
2022.09,3850.520476190475,65.31830534350709,187.23,296.808,2022.7083333331955,3.52,4331.621479530297,73.47946236929914,2805020.9057948394,210.62334160467373,136393.00646222255,28.229884655821973,,30.597432345703776,,0.02542655400299916,0.9652935039721295,41.15131722355639,,,
2022.1,3726.050952380952,65.85220356233806,182.40333333333334,298.012,2022.7916666665287,3.98,4174.665676609859,73.78077687454855,2707362.8058557976,204.3646060393541,132534.95634975797,27.0807669254007,,29.34699833609664,,0.022784690077350296,1.0107119558279947,39.56261367362938,,,
2022.11,3917.488571428571,66.38610178116903,177.57666666666665,297.711,2022.874999999862,3.89,4393.589933981996,74.45415684663644,2853363.7809852725,199.15796586286697,129340.72934129555,28.378949016273317,,30.747932135302158,,0.022379046474016215,1.025709583392977,40.026834805279734,,,
2022.12,3912.380952380953,66.92,172.75,296.797,2022.9583333331952,3.62,4401.374195638289,75.2840699198442,2862493.5360923056,194.34134905339337,126392.53804234248,28.316901284527294,,30.676157998177374,,0.02511746270933321,1.010537679225576,41.182341608123906,,,
2023.01,3960.6565,67.35,173.55666666666667,299.17,2023.0416666665285,3.53,4420.341278959288,75.1668278069325,2878902.8505673804,193.70013478958452,126154.03087888064,28.334813423755698,,30.691634492755618,,0.026509359149697258,0.9847456311130922,41.28620964627732,,,
2023.02,4079.684736842105,67.78,174.36333333333332,300.84,2023.1249999998618,3.75,4527.908974857241,75.22681043079378,2953042.9411734845,193.5201744282675,126211.32364704275,28.91976294386663,,31.320528304023142,,0.02332967294830262,1.0106002730113013,40.430725795175164,,,
2023.03,3968.5591304347827,68.21,175.17,301.836,2023.208333333195,3.66,4390.040053070858,75.45424477199536,2867227.4916203567,193.7739342722538,126557.83199886774,27.93813125399789,,30.254655354508113,,0.025515858811858208,1.0198184492993052,40.724474788021006,,,
2023.04,4121.467368421053,68.37666666666667,177.11666666666665,303.363,2023.2916666665283,3.46,4536.238906229587,75.25787975132103,2966809.079536912,194.9411319936841,127496.17741248528,28.764841267615374,,31.14569691360014,,0.02711200440628514,0.9937082361958774,41.32251850723049,,,
2023.05,4146.1731818181825,68.54333333333332,179.06333333333333,304.127,2023.3749999998615,3.57,4551.967201564567,75.25180245423785,2981197.135733325,196.58860944605377,128750.79574319725,28.762051343131226,,31.138125637345347,,0.026091008325915113,0.9880873345470754,40.9593734608717,,,
2023.06,4345.372857142857,68.71,181.01,305.109,2023.4583333331948,3.75,4755.308452728604,75.1919926157537,3118474.165047133,198.08619681818627,129902.5485666451,29.940031645987492,,32.40654336099091,,0.023007997787991848,0.9908052690027002,40.34117993745422,,,
2023.07,4508.075500000001,68.91104536354072,182.09,305.691,2023.541666666528,3.9,4923.967663044546,75.26842862251759,3233192.193610856,198.88869912755038,130594.96597486016,30.891659813659924,,33.42787552695763,,0.020634383972327516,0.9813514608030671,39.89415494008825,,,
2023.08,4457.358695652174,69.11209072708144,183.17,307.026,2023.6249999998613,4.17,4847.402624820189,75.15978696622449,3187030.440243672,199.1984041253835,130967.32966742312,30.304748245365204,,32.78476908983151,,0.0188855141037892,0.9866077758148155,38.97995571678674,,,
2023.09,4409.094999999999,69.31313609062215,184.25,307.789,2023.7083333331946,4.38,4783.02912803089,75.19156400046154,3148826.3769127363,199.87619156305132,131585.1121253164,29.799681861350237,,32.231075598026564,,0.017480411780019342,0.970562192864624,38.36259132496637,,,
2023.1,4269.4009090909085,69.64332137499402,186.97666666666666,307.671,2023.7916666665278,4.8,4633.263918401917,75.57872754403304,3054377.31417533,202.91189834271023,133765.20526117424,28.76905495498398,,31.110796090030497,,0.014708202841239325,1.0279627897378596,37.24756071238703,,,
2023.11,4460.063333333332,69.97350665936588,189.70333333333332,307.051,2023.874999999861,4.5,4849.949019951081,76.09038587160543,3201402.276748422,206.28664366831566,136167.7262968833,30.01322481738148,,32.44808051000208,,0.016270088123310995,1.042953230678557,38.36642011133307,,,
2023.12,4685.0515000000005,70.30369194373775,192.42999999999998,306.746,2023.9583333331943,4.02,5099.670600313452,76.52544927178987,3370450.4381854343,209.4597281627144,138435.1437374857,31.452310923844568,,33.99271328886764,,0.019452275096519346,1.0000891411034831,40.054168424398405,,,
2024.01,4815.6139130434785,70.47740320664859,192.08333333333331,308.417,2024.0416666665276,4.06,5213.387616314502,76.2988951652338,3449810.0155351097,207.94957597992328,137604.6790951946,32.04512301259602,,34.62030547506772,,0.01864084809439077,0.9912400469281282,39.840706497215045,,,
2024.02,5011.9615,70.65111446955943,191.73666666666665,310.326,2024.1249999998608,4.21,5392.575405021655,76.0164383197907,3572574.2137432825,206.297361403814,136671.73444217883,33.03719268559904,,35.677606889805936,,0.016458700663730955,1.0035083333333332,39.24876679389985,,,
2024.03,5170.572499999999,70.82482573247027,191.39,312.332,2024.208333333194,4.21,5527.500795487653,75.71391380287268,3666142.1407912155,204.60178776110035,135703.14396056352,33.754920176406,,36.43733984116315,,0.01581756066908653,0.97719786967999,39.133498963191165,,,
2024.04,5112.492727272728,71.20848368988366,193.17999999999998,313.548,2024.2916666665274,4.54,5444.2158072796165,75.82883207810121,3615094.115832494,205.71444611351367,136599.4865031456,33.141593030769805,,35.761600875700196,,0.013126938242554193,1.008580318470897,38.09286513347248,,,
2024.05,5235.225454545454,71.59214164729707,194.96999999999997,314.069,2024.3749999998606,4.48,5565.663962638203,76.11091561080569,3699950.3262461997,207.2761741050533,137793.36178958404,33.77363454011196,,36.428996869506605,,0.012974480037317895,1.0174320683685538,38.35598069295407,,,
2024.06,5415.140526315788,71.97579960471046,196.76,314.175,2024.4583333331939,4.31,5754.9926257114475,76.49297260926485,3830050.10771818,209.10858056815468,139165.48527824527,34.81054878004298,,37.5312211182834,,0.01363593708551497,1.0084399770505938,39.01143819763019,,,
2024.07,5538.004545454546,72.45053306980697,197.93,314.54,2024.5416666665271,4.25,5878.737784361868,76.90815035610898,3916670.0271115038,210.10791163286066,139983.00147703313,35.44355307890724,,38.19649689891519,,0.013882382917977974,1.0347953873374927,39.29504192602209,,,
2024.08,5478.214545454546,72.92526653490349,199.10000000000002,314.796,2024.6249999998604,3.87,5810.54000088369,77.34913898685264,3875528.1524191597,211.17802243357605,140852.03285564843,34.91963134861477,,37.61564619491892,,0.018361273519699697,1.015648820688488,40.629260505529295,,,
2024.09,5621.2604999999985,73.4,200.27,315.301,2024.7083333331937,3.72,5952.714141395839,77.72797897881708,3974676.0741114877,212.07877861154896,141606.74058110415,35.66018363515212,,38.39592678594198,,0.019354053101094486,0.9721794226748853,41.198968575388285,,,
2024.1,5792.31956521739,73.87741819658692,203.57,315.664,2024.791666666527,4.1,6126.805908907406,78.14358259162874,4095266.668303709,215.32546069554968,143927.38975811284,36.587210527930154,,39.375226098070705,,0.015220655326476953,0.9825141032158925,40.00673050214042,,,
2024.11,5929.916,74.35483639317383,206.87,315.493,2024.8749999998602,4.36,6275.747728253876,78.69119825291779,4199205.261734281,218.93462446076455,146492.73151507886,37.350195655078785,,40.17663215195987,,0.012563737358393088,1.001224844194049,39.328481779916515,,,
2024.12,6010.908571428571,74.83225458976072,210.17,315.605,2024.9583333331934,4.39,6359.2062552421985,79.16835463827151,4259463.127886245,222.34814633798572,148931.1232985687,37.71119169643463,,40.54484473939825,,0.012629503200459677,0.9846026540756636,39.362679293207805,,,
2025.01,5979.5155,75.2699367248546,212.3433333333333,317.671,2025.0416666665267,4.63,6284.852501751026,79.11350846600261,4214076.124569815,223.1863985853288,149649.4107610507,37.1292198521989,,39.89996941138798,,0.011803714511061821,1.0182692432286788,38.50454171370848,,,
2025.02,6038.69,75.70761885994848,214.51666666666665,319.082,2025.12499999986,4.45,6318.981643668399,79.22166129770827,4241386.759360929,224.47366546843753,150669.78925267595,37.187175593696885,,39.943400167691706,,0.013571868642618761,1.017426122087903,39.03461043413397,,,
2025.03,5683.983333333333,76.14530099504236,216.69,319.799,2025.2083333331932,4.28,5934.475733585783,79.50101442620891,3987747.9896237548,226.23949988899275,152024.56819394347,34.78475033985074,,37.34861540745659,,0.016748720593000505,1.0035666666666667,39.62579034555224,,,
2025.04,5369.495714285715,76.54686733002825,218.63666666666666,320.795,2025.2916666665265,4.28,5588.7228534800815,79.67214233386261,3759876.248663868,227.5632202029333,153095.71956635654,32.621270341113515,,35.015341345574356,,0.018766545554739,0.9923426309940626,39.64365390473423,,,
2025.05,5810.919523809524,76.94843366501412,220.58333333333331,321.465,2025.3749999998597,4.42,6035.563582671743,79.92317946742484,4064974.1505177845,229.11085382545534,154306.9981198452,35.07669704372761,,37.63733627717605,,0.014911644872815825,1.0068961379400352,39.25809488307837,,,
2025.06,6029.951499999999,77.35,222.53,322.561,2025.458333333193,4.38,6241.782426312387,80.06728921041291,4208357.097054652,230.347432036111,155305.67779982506,36.1110921336969,,38.73262487946787,,0.014485410773323298,1.0028471702869053,39.394512808263805,,,
2025.07,6296.498181818183,77.72666666666666,226.76999999999998,323.048,2025.5416666665262,4.39,6507.86731127488,80.33589760654762,4392271.506067327,234.3825135119239,158188.78695257107,37.47424619164657,,40.17875583665274,,0.013526663479372467,1.014158136440308,39.44711875240033,,,
2025.08,6408.949523809522,78.10333333333332,231.01,323.976,2025.6249999998595,4.26,6605.119449831379,80.49397864347975,4462435.876766036,238.0809270594118,160848.09344526834,37.846145044881766,,40.56117201225975,,0.01500629073575123,1.0149312049685417,39.89102396570877,,,
2025.09,6584.018095238095,78.48,235.25,324.8,2025.7083333331927,4.12,6768.3320870205835,80.67698091133005,4577244.890390267,241.8356238454433,163547.06880941073,38.580387325388436,,41.33093349662647,,0.016326105961741947,1.0083246216781085,40.38393259638525,,,
2025.1,6735.691739130435,78.82666666666667,237.04466666666667,325.21200000000005,2025.791666666526,4.06,6915.479607171963,80.93069382433612,4681317.827822307,243.37182012041373,164746.46807398592,39.20569217112649,,41.98307362310307,,0.016689889449822793,1.0009410997355217,40.66852663294713,,,
2025.11,6740.885789473684,79.17333333333333,238.83933333333334,324.122,2025.8749999998593,4.09,6944.0865120597855,81.55997494770487,4705283.679842402,246.0390288379067,166715.00635608865,39.14956659041541,,41.906172334232934,,0.01629807117454923,0.9993473933419025,40.84369394132013,,,
2025.12,6853.025454545453,79.52,240.634,324.054,2025.9583333331925,4.14,7061.087971701685,81.93428132348312,4789189.901433938,247.93981202207038,168165.42275897518,39.581640993242566,,42.35175733008356,,0.015850779544445824,0.9977831330109042,40.825604186259206,,,
2026.01,6929.122,79.80176666666667,247.66366666666664,325.252,2026.0416666665258,4.21,7113.197973832597,81.92174491394364,4829163.853968506,254.24298950506065,172606.05701674343,39.64081842859692,,42.39849554687711,,0.015323441565318612,1.0100088571978583,40.585059747570924,,,
2026.02,6893.806315789475,80.08353333333334,254.69333333333333,326.785,2026.124999999859,4.13,7043.745047339189,81.82533210979695,4786641.409266883,260.2328558532368,176843.61877200968,39.01399720511148,,41.71196268405547,,0.016929259449125947,0.9937450458988121,40.798973300036444,,,
2026.03,6654.419090909089,80.3653,261.723,330.213,2026.2083333331923,4.25,6728.568004019718,81.26079509362138,4577061.758150439,264.63932909213145,180019.0697584624,37.03161144602039,,39.57863778007194,,0.01773546236728986,0.9979036229053782,40.122885414184026,,,
2026.04,6957.0076190476175,80.81126666666667,272.9447,333.02,2026.2916666665255,4.32,6975.234719965338,81.02298917632575,4749448.026270363,273.65980495090383,186335.38119847837,38.138278103575864,,40.74576835905271,,0.016637844354551474,0.990808039633163,39.70128897647284,,,
2026.05,7412.5515,81.25723333333333,284.1664,335.123,2026.3749999998588,4.48,7385.334195843764,80.958874146955,5033279.140613232,283.1230017396598,192954.99175731273,40.101359313729596,,42.82385053915851,,0.01398763916947831,1.0045332001455578,39.0895085553316,,,
2026.06,7450.032857142856,81.7032,295.3881,333.952,2026.458333333192,4.47,7448.705489871511,81.6886429965983,5081107.56401899,295.33547090375265,201462.02547176467,40.150169734732664,,42.85634258608178,,0.013356678165109014,0.9933889007324862,39.404397520677776,,,
2026.07,7481.33909090909,,,333.918,2026.5416666665253,4.6,7480.76777056452,,5102978.733065808,,,40.00863615205683,,42.64601134599883,,0.012301592728882472,0.9974960415969113,39.147876823094734,,,
2026.08,7711.323333333334,,,333.901,2026.6249999998586,4.68,7711.127028894792,,5260117.469660418,,,41.11984417915712,,43.80819663145971,,0.010726033068752007,0.9983726874982441,39.051840324590295,,,
2026.09,7631.47,,,333.8925,2026.7083333331918,4.75,7631.47,,5205779.714919683,,,40.575838200376445,,43.206635485233484,,0.010101399206805896,,38.98928331304845,,,
,Sept price is Sept 1st close,,,Oct '25/Aug/Sept CPI estimated,,Sept GS10 is Sept 1st value,,,,,,,,,,,,,,,
