Date,Open,High,Low,Close,Volume
2015-01-02,45.02,45.19,43.97,44.33,15070165
2015-01-05,44.16,44.25,43.58,43.59,18375801
2015-01-06,44.06,44.18,42.99,43.14,19229461
2015-01-07,43.33,43.52,43.01,43.15,13502164
2015-01-08,43.63,43.94,43.38,43.41,17516877
2015-01-09,43.98,44.1,43.26,43.39,15957540
2015-01-12,43.26,43.77,42.86,43.27,16055720
2015-01-13,43.67,43.95,42.57,42.93,12878161
2015-01-14,42.46,43.17,42.46,43.06,12707442
2015-01-15,43.48,43.64,42.57,42.63,13431005
2015-01-16,42.49,43.62,42.25,43.51,17786705
2015-01-20,43.56,44.03,43.23,43.9,16308441
2015-01-21,43.69,43.93,43.21,43.49,15876559
2015-01-22,43.95,45.33,43.18,44.05,17969124
2015-01-23,43.98,44.54,43.92,44.19,14150264
2015-01-26,44.17,44.21,43.54,43.9,12059503
2015-01-27,43.01,43.87,42.58,43.4,14984938
2015-01-28,43.94,43.98,42.67,42.69,15132525
2015-01-29,42.82,43.02,42.32,42.86,12805069
2015-01-30,42.09,42.52,41.82,41.89,22590037
2015-02-02,42.21,42.71,41.56,42.68,16889510
2015-02-03,42.94,43.14,42.53,43.04,12657079
2015-02-04,42.97,43.16,42.32,42.42,12912026
2015-02-05,42.5,43.24,42.5,43.16,9630270
2015-02-06,43.26,43.47,42.88,42.98,9522111
2015-02-09,42.63,43.63,42.63,43.4,12705939
2015-02-10,43.79,44.06,43.56,43.99,12714760
2015-02-11,43.96,44,43.08,43.36,12836944
2015-02-12,43.48,44.06,43.41,43.89,12519731
2015-02-13,43.8,44.23,43.8,43.93,10155871
2015-02-17,43.67,43.9,43.54,43.84,10119007
2015-02-18,43.71,44.11,43.65,44.1,8661050
2015-02-19,44.13,44.37,44,44.11,8465711
2015-02-20,44.06,44.09,43.46,43.77,14731155
2015-02-23,43.46,43.88,43.3,43.78,10995463
2015-02-24,43.79,43.96,43.38,43.88,10522544
2015-02-25,43.83,44.09,43.38,43.73,11785439
2015-02-26,43.8,44.15,43.71,43.89,8519272
2015-02-27,43.77,44.11,43.68,43.82,9549531
2015-03-02,43.81,44.04,43.48,44.03,11091035
2015-03-03,43.83,43.88,43.17,43.38,10058739
2015-03-04,43.2,43.66,42.82,43.61,14697648
2015-03-05,43.66,43.89,43.26,43.8,10983546
2015-03-06,43.61,43.61,42.3,42.38,15086633
2015-03-09,42.25,42.79,42.19,42.69,11474174
2015-03-10,42.24,42.55,41.78,41.82,13960716
2015-03-11,41.93,42.16,41.41,41.47,11108839
2015-03-12,41.46,41.76,41.26,41.62,13716747
2015-03-13,41.54,42.47,41.51,42.38,18405393
2015-03-16,42.82,43.53,42.74,43.41,17423196
2015-03-17,43.11,43.34,42.86,42.87,21508988
2015-03-18,44.3,44.94,43.35,44.13,37900346
2015-03-19,44,44.49,44,44.16,15729627
2015-03-20,44.13,44.73,44.06,44.41,20724698
2015-03-23,44.34,44.62,44.16,44.25,10749232
2015-03-24,44.33,44.5,43.71,43.71,14913405
2015-03-25,43.68,43.75,42.93,42.93,17490993
2015-03-26,42.78,43.23,42.46,42.99,14065618
2015-03-27,42.93,43.12,42.42,42.64,18030789
2015-03-30,43.23,43.63,43.12,43.44,12730145
2015-03-31,43.31,43.57,43.13,43.15,13264196
2015-04-01,42.99,43.12,42.72,42.94,12050921
2015-04-02,42.99,43.11,42.48,42.62,11183925
2015-04-06,42.28,43.1,42.21,42.96,9766515
2015-04-07,42.99,43.48,42.94,42.96,8075569
2015-04-08,42.85,43.34,42.85,43.11,6947138
2015-04-09,42.97,43.31,42.74,43.2,9399527
2015-04-10,43.08,43.89,43.08,43.51,12542826
2015-04-13,43.55,43.79,43.03,43.08,10943399
2015-04-14,43.04,43.06,42.51,42.73,10510451
2015-04-15,42.95,44.19,42.83,43.99,18188736
2015-04-16,43.69,43.96,43.25,43.46,11960843
2015-04-17,43.06,43.4,42.86,43,12473535
2015-04-20,43.31,43.81,43.25,43.32,10426440
2015-04-21,43.51,43.87,43.4,43.42,9312916
2015-04-22,43.51,43.75,43.34,43.55,7343916
2015-04-23,43.51,43.63,42.99,43.39,11310989
2015-04-24,43.41,43.58,42.75,43.08,17767086
2015-04-27,43.1,43.95,43.07,43.61,12916013
2015-04-28,43.71,44.58,43.45,44.5,18287732
2015-04-29,44.4,44.9,43.68,44.73,36608698
2015-04-30,44.05,44.41,43.51,43.62,20196267
2015-05-01,43.44,44.38,43.44,44.37,11941981
2015-05-04,44.55,44.85,44.24,44.59,9168246
2015-05-05,44.47,44.62,43.89,43.92,11410737
2015-05-06,44.2,44.24,43,43.26,12732068
2015-05-07,43.17,43.66,43.02,43.48,8787086
2015-05-08,43.83,44.24,43.69,44.01,9582856
2015-05-11,43.97,44.2,43.6,43.84,7429355
2015-05-12,43.65,43.69,43.28,43.57,8515835
2015-05-13,43.76,44.07,43.62,43.79,7451216
2015-05-14,44.11,44.4,44,44.38,7293021
2015-05-15,44.41,44.44,43.94,44.15,9369535
2015-05-18,43.94,44.41,43.88,44.24,6070949
2015-05-19,44.42,44.46,44.16,44.32,8639951
2015-05-20,44.22,44.6,44.09,44.29,9055667
2015-05-21,44.22,44.45,43.95,44.28,8036392
2015-05-22,44.2,44.27,43.88,43.93,7484345
2015-05-26,43.74,43.83,43.15,43.33,10440443
2015-05-27,43.54,44.25,43.41,44.14,11096773
2015-05-28,44.08,44.25,43.64,43.86,7273163
2015-05-29,43.79,43.84,43.36,43.49,10358719
2015-06-01,,44.06,43.64,43.79,9764305
2015-06-02,43.51,44.01,43.14,43.7,8275894
2015-06-03,43.74,44.09,43.59,43.97,9220901
2015-06-04,43.74,44.11,43.51,43.77,13783142
2015-06-05,43.83,44.02,43.49,43.81,12850735
2015-06-08,43.81,43.89,43.08,43.1,9112216
2015-06-09,43.35,43.37,42.82,43.07,7634180
2015-06-10,43.28,44.05,43.06,43.94,15518411
2015-06-11,44.17,44.42,44.03,44.28,12519260
2015-06-12,43.98,44.39,43.9,44.34,11742306
2015-06-15,43.9,43.99,43.41,43.72,16727756
2015-06-16,43.91,44.88,43.76,44.64,18271560
2015-06-17,44.86,45.24,44.37,44.91,27080848
2015-06-18,41.91,42.98,40.97,42.74,79138433
2015-06-19,42.9,43.1,41.56,41.59,37430200
2015-06-22,41.8,41.96,41.45,41.49,22368267
2015-06-23,41.94,42.06,41.48,41.71,17394280
2015-06-24,41.54,41.77,41.2,41.2,17768233
2015-06-25,41.24,41.47,41.06,41.06,13587225
2015-06-26,41.1,41.37,40.97,40.99,39687270
2015-06-29,40.63,40.9,40.38,40.42,18195515
2015-06-30,40.6,40.75,40.11,40.3,16691538
2015-07-01,40.61,40.7,39.93,40.24,13948619
2015-07-02,40.38,40.42,40.15,40.36,11644070
2015-07-06,39.93,40.29,39.77,40.15,12434117
2015-07-07,40.04,40.27,39.84,40.16,16437099
2015-07-08,39.9,40.24,39.7,39.77,14598700
2015-07-09,40.24,40.48,40.15,40.18,13348301
2015-07-10,40.56,40.65,40.21,40.36,10470907
2015-07-13,40.52,40.86,40.38,40.8,10716991
2015-07-14,40.81,40.9,40.58,40.78,9298777
2015-07-15,40.63,40.92,40.63,40.79,9326667
2015-07-16,41.02,41.02,40.56,40.96,14861034
2015-07-17,40.75,40.86,40.16,40.4,14574365
2015-07-20,40.36,40.39,39.87,39.93,17488145
2015-07-21,39.76,39.99,39.39,39.57,14679096
2015-07-22,39.36,39.67,39.25,39.42,16796982
2015-07-23,39.55,39.6,38.96,39,18083839
2015-07-24,39.1,39.17,38.8,39,12030320
2015-07-27,38.72,38.82,38.47,38.51,15756829
2015-07-28,38.79,39.37,38.44,39.28,14289205
2015-07-29,39.37,39.87,39.26,39.79,13016410
2015-07-30,40.03,40.1,39.54,39.65,13634237
2015-07-31,39.76,40.12,39.7,39.94,13706065
2015-08-03,39.95,40.01,39.46,39.71,12444523
2015-08-04,39.59,40,39.53,39.66,9697334
2015-08-05,39.9,40.02,39.63,39.64,11982011
2015-08-06,39.63,39.84,39.15,39.32,10613026
2015-08-07,39.36,39.69,39.23,39.56,10655096
2015-08-10,39.76,40.04,39.7,39.89,9525807
2015-08-11,39.53,39.68,39.02,39.17,10600501
2015-08-12,38.74,39.36,38.5,39.28,11150861
2015-08-13,39.22,39.56,38.99,39.31,7785664
2015-08-14,39.33,39.5,39.18,39.41,7184759
2015-08-17,39.41,39.72,39.09,39.72,7631157
2015-08-18,39.52,40.03,39.51,39.83,9950594
2015-08-19,39.7,39.94,39.31,39.53,11112865
2015-08-20,39.19,39.5,38.6,38.63,13071171
2015-08-21,38.32,38.77,37.55,37.55,19411349
2015-08-24,35.73,37.06,35.14,36.08,32522280
2015-08-25,36.97,37.21,35.38,35.45,21393562
2015-08-26,36.03,37.02,35.6,36.91,20554291
2015-08-27,37.35,37.51,36.01,36.82,28218161
2015-08-28,36.86,37.49,36.78,37.46,21559081
2015-08-31,37.16,37.51,36.93,37.09,15352800
2015-09-01,36.33,36.55,35.89,36.01,19948697
2015-09-02,36.37,36.75,36.11,36.75,15049271
2015-09-03,36.81,37.27,36.77,36.9,11787777
2015-09-04,36.35,36.68,36.09,36.27,13147872
2015-09-08,36.73,37.82,36.73,37.68,18949564
2015-09-09,37.9,38.18,37.01,37.09,14710188
2015-09-10,37.03,37.94,37.03,37.61,16930643
2015-09-11,37.45,37.96,37.4,37.92,12948612
2015-09-14,37.81,37.94,37.37,37.56,15021459
2015-09-15,37.77,38.18,37.4,37.99,14877921
2015-09-16,38.26,38.52,37.93,38.27,19573970
2015-09-17,36.74,37.67,36.5,36.74,37298982
2015-09-18,36.29,36.98,36.26,36.38,34919765
2015-09-21,36.6,37.06,36.42,36.83,14964384
2015-09-22,36.34,36.49,35.97,36.19,19979673
2015-09-23,36.19,36.22,35.83,35.99,16991591
2015-09-24,35.85,36.23,35.39,36.06,18059542
2015-09-25,36.2,36.32,35.91,36.05,19386998
2015-09-28,35.72,36.14,35.4,35.44,21742693
2015-09-29,35.31,35.66,35.24,35.51,19785933
2015-09-30,35.89,36.19,35.78,36.12,16214971
2015-10-01,36.23,36.42,35.85,36.24,18331302
2015-10-02,35.71,36.91,35.64,36.89,18772805
2015-10-05,37.26,37.73,37.02,37.59,12741707
2015-10-06,37.52,37.85,37.51,37.73,12427267
2015-10-07,37.75,37.98,37.35,37.66,16369772
2015-10-08,37.39,37.99,37.34,37.89,13247649
2015-10-09,37.98,38.2,37.66,38.1,14656414
2015-10-12,37.92,38.12,37.69,38.04,11022515
2015-10-13,37.91,38.2,37.74,37.82,11575627
2015-10-14,37.17,37.58,37.14,37.26,14069721
2015-10-15,37.55,37.67,37.26,37.55,12205521
2015-10-16,37.8,37.8,37.14,37.37,19694671
2015-10-19,36.86,37.1,36.57,36.87,18100494
2015-10-20,36.62,37,36.62,36.86,13678087
2015-10-21,36.98,37.12,36.57,36.62,11072051
2015-10-22,36.85,37.86,36.85,37.79,14701371
2015-10-23,38.12,38.16,37.79,38.07,16469067
2015-10-26,37.94,38.62,37.94,38.37,12330620
2015-10-27,38.33,38.45,38.04,38.34,14110454
2015-10-28,38.63,38.89,38.37,38.88,14020019
2015-10-29,38.53,38.91,38.53,38.86,11432860
2015-10-30,38.92,39.04,38.5,38.84,16471536
2015-11-02,39.05,39.78,38.9,39.75,19789669
2015-11-03,39.69,40.27,39.58,40.2,17153098
2015-11-04,40.35,40.57,40.06,40.48,16863293
2015-11-05,40.16,40.6,40.15,40.35,16358795
2015-11-06,40.32,40.64,40.13,40.62,16481837
2015-11-09,40.41,40.5,39.78,40.1,14604873
2015-11-10,39.83,40.17,39.79,39.92,11294021
2015-11-11,39.24,39.6,38.98,39.04,18861512
2015-11-12,38.65,39.1,38.51,38.63,14591612
2015-11-13,38.48,38.6,37.22,37.3,23987579
2015-11-16,37.69,38.39,37.56,38.12,16740998
2015-11-17,38.23,38.51,37.97,38.13,14819972
2015-11-18,38.19,38.73,38.15,38.7,11958895
2015-11-19,38.67,39.32,38.62,39.02,12306060
2015-11-20,39.25,39.58,39.2,39.34,12023190
2015-11-23,39.44,39.53,39.05,39.14,9111899
2015-11-24,38.78,39.62,38.78,39.46,13766306
2015-11-25,39.47,39.6,39.24,39.26,8015177
2015-11-27,39.14,39.34,39.08,39.18,6869874
2015-11-30,39.11,39.29,38.97,38.97,18969785
2015-12-01,39.09,39.28,38.91,39.23,12718191
2015-12-02,39.15,39.39,38.65,38.7,13694239
2015-12-03,38.96,38.96,37.75,37.81,20322532
2015-12-04,38.02,39.24,37.88,39.16,18206591
2015-12-07,39.16,39.24,38.5,38.82,13798471
2015-12-08,38.29,38.87,38.26,38.73,15219665
2015-12-09,38.63,39.35,38.33,38.58,17516146
2015-12-10,38.61,38.82,38.11,38.19,18358289
2015-12-11,37.62,37.85,37.03,37.21,20346816
2015-12-14,37.15,37.68,36.85,37.65,20142709
2015-12-15,38.1,38.53,37.95,38.21,19263508
2015-12-16,38.67,39.14,38.35,38.91,23477974
2015-12-17,38.09,38.2,36.54,36.93,42879939
2015-12-18,36.89,37.08,36.31,36.35,28726814
2015-12-21,36.72,36.84,36.1,36.42,15042283
2015-12-22,36.39,36.71,36.25,36.59,13924822
2015-12-23,36.66,37.22,36.65,36.93,12832271
2015-12-24,36.73,37.22,36.73,37.01,4953878
2015-12-28,36.83,36.86,36.47,36.79,10921929
2015-12-29,37.02,37.21,36.98,37.04,10708638
2015-12-30,37.08,37.16,36.83,36.92,9585554
2015-12-31,36.84,36.95,36.43,36.53,10332409
2016-01-04,36.01,36.01,35.36,35.75,18784386
2016-01-05,35.86,36.12,35.49,35.64,25340678
2016-01-06,35.5,36.13,35.36,35.82,18165714
2016-01-07,35.25,35.68,34.88,35.04,22591403
2016-01-08,35.13,35.28,34.61,34.65,21962204
2016-01-11,34.75,35.12,34.52,34.94,18726561
2016-01-12,35.32,35.55,34.99,35.37,18457346
2016-01-13,35.19,35.4,33.87,34.08,28322878
2016-01-14,34.19,35.09,34.01,34.79,19523567
2016-01-15,33.8,34.51,33.66,34.12,25425008
2016-01-19,34.54,34.75,34.24,34.55,21423142
2016-01-20,33.88,34.23,33.13,33.94,25278716
2016-01-21,33.91,34.56,33.59,34.12,20380296
2016-01-22,34.55,34.99,34.53,34.8,15892665
2016-01-25,34.58,34.94,34.3,34.34,16793613
2016-01-26,34.32,35.23,34.12,35.23,19729566
2016-01-27,35.03,35.55,34.73,34.91,20567567
2016-01-28,35.17,35.54,34.94,35.33,15472757
2016-01-29,35.65,36.31,35.51,36.31,19059281
2016-02-01,35.9,36.54,35.85,36.32,14143998
2016-02-02,35.85,35.94,35.25,35.35,17404484
2016-02-03,35.56,35.79,34.94,35.69,13855330
2016-02-04,35.7,36.54,35.66,36.45,16925925
2016-02-05,36.13,36.24,35.37,35.7,17312179
2016-02-08,35.13,35.7,34.47,35.61,20118847
2016-02-09,35.13,35.61,34.62,35.08,17819755
2016-02-10,35.42,36.13,35.14,35.2,13368654
2016-02-11,34.59,35.11,34.47,34.84,18889731
2016-02-12,35.24,35.55,34.9,35.54,15837938
2016-02-16,35.76,35.91,35.42,35.7,19676336
2016-02-17,35.97,36.77,35.97,36.63,13186471
2016-02-18,36.71,36.87,36.4,36.63,12866629
2016-02-19,36.52,36.79,36.42,36.78,13203418
2016-02-22,37.11,37.49,36.9,37.11,10109943
2016-02-23,37.11,37.11,36.38,36.55,9417125
2016-02-24,36.09,36.73,35.77,36.63,10978188
2016-02-25,36.79,37.3,36.5,37.29,11566042
2016-02-26,37.43,37.65,36.84,36.96,16548735
2016-02-29,37,37.33,36.63,36.78,22300166
2016-03-01,37.15,37.99,37.04,37.99,13030757
2016-03-02,37.76,37.89,37.43,37.76,12791151
2016-03-03,37.61,37.91,37.4,37.89,8832188
2016-03-04,38,38.16,37.77,37.89,10638366
2016-03-07,37.54,38.45,37.52,38.36,13011008
2016-03-08,38.11,38.45,37.94,38.15,12384441
2016-03-09,38.43,38.61,38.12,38.48,16786465
2016-03-10,38.77,38.77,37.51,38.05,17621289
2016-03-11,38.45,38.97,38.28,38.95,13143306
2016-03-14,38.91,38.94,38.55,38.7,14704491
2016-03-15,38.35,38.87,38.13,38.74,17502867
2016-03-16,39.55,40.94,39.53,40.22,49082261
2016-03-17,40.15,40.96,40.07,40.61,22163514
2016-03-18,40.87,41.49,40.65,41.48,34354028
2016-03-21,41.42,42,41.37,41.61,17275055
2016-03-22,41.32,41.75,41.19,41.38,11970527
2016-03-23,41.3,41.35,40.57,40.75,13666756
2016-03-24,40.6,41.06,40.34,40.97,11956212
2016-03-28,41.11,41.11,40.56,40.62,14646960
2016-03-29,40.41,40.8,40.37,40.7,15159236
2016-03-30,40.96,41.11,40.85,40.97,9803646
2016-03-31,41.13,41.24,40.8,40.91,10196456
2016-04-01,40.68,41.22,40.62,41.16,9574125
2016-04-04,41.15,41.28,40.9,41.07,10243450
2016-04-05,40.85,41.06,40.46,40.53,9111323
2016-04-06,40.4,40.79,40.19,40.75,12516159
2016-04-07,40.59,40.59,39.81,39.97,12838607
2016-04-08,40.13,40.54,40.13,40.36,8011702
2016-04-11,40.59,41.08,40.38,40.39,10399576
2016-04-12,40.31,40.52,39.99,40.42,9245042
2016-04-13,40.82,41.39,40.63,41.31,12752341
2016-04-14,41.31,41.46,41.18,41.24,9150486
2016-04-15,41.12,41.38,41.02,41.02,10340334
2016-04-18,40.84,41.25,40.8,41.24,8849259
2016-04-19,41.41,41.49,40.97,41.06,9884448
2016-04-20,41.19,41.39,41.08,41.1,8481174
2016-04-21,41.03,41.3,40.88,40.99,11954053
2016-04-22,40.79,41.43,40.67,40.7,15003315
2016-04-25,40.59,40.83,40.47,40.78,10876223
2016-04-26,40.82,40.85,40.43,40.65,8365822
2016-04-27,40.51,41,40.51,40.85,8742137
2016-04-28,40.36,40.97,40.17,40.33,9233815
2016-04-29,40.17,40.17,39.37,39.86,12883301
2016-05-02,39.9,40.43,39.83,40.3,10454246
2016-05-03,40.03,40.11,39.53,39.68,11439557
2016-05-04,39.39,39.57,39.13,39.29,9046162
2016-05-05,39.44,39.46,39.13,39.23,8962693
2016-05-06,38.97,39.42,38.97,39.41,7587435
2016-05-09,39.34,39.72,39.22,39.36,7949374
2016-05-10,39.58,40.06,39.58,40.02,9290151
2016-05-11,39.86,40.08,39.64,39.65,7180106
2016-05-12,39.89,40.03,39.59,39.82,10006798
2016-05-13,39.78,40.08,39.51,39.61,9392633
2016-05-16,39.77,40.1,39.46,39.97,7797058
2016-05-17,39.8,40.02,39.47,39.6,9483701
2016-05-18,39.59,39.8,39.16,39.47,10379691
2016-05-19,39.16,39.24,38.56,38.84,15124376
2016-05-20,39.08,39.58,38.95,39.41,16153202
2016-05-23,39.31,39.44,39.14,39.18,8904799
2016-05-24,39.42,40.08,39.25,39.9,11329754
2016-05-25,40.05,40.29,40.05,40.13,7972174
2016-05-26,40.11,40.2,39.92,39.95,7573999
2016-05-27,39.83,40.08,39.8,40.07,8240624
2016-05-31,40.08,40.22,39.95,40.2,12567400
2016-06-01,40.06,40.3,39.82,40.26,9268776
2016-06-02,38.7,39.05,38.08,38.66,51063430
2016-06-03,38.74,39.21,38.69,39.1,20739974
2016-06-06,39.19,39.64,39.12,39.44,16116913
2016-06-07,39.55,39.74,39.05,39.13,20009508
2016-06-08,39.16,39.34,38.9,39.28,11671047
2016-06-09,39.19,39.21,38.75,39.05,12316133
2016-06-10,38.78,38.99,38.61,38.74,10441707
2016-06-13,38.5,38.89,38.38,38.62,13036297
2016-06-14,38.63,38.98,38.57,38.83,12092235
2016-06-15,38.8,38.92,38.41,38.44,14476086
2016-06-16,38.36,38.8,38.08,38.64,17916492
2016-06-17,39.49,39.96,38.92,39.68,34512377
2016-06-20,39.9,40.35,39.7,39.73,17149197
2016-06-21,39.93,40.12,39.75,39.99,20111116
2016-06-22,40.15,40.34,39.87,40.01,12643366
2016-06-23,40.4,40.87,40.26,40.83,15429983
2016-06-24,39.38,39.89,39.02,39.23,44204510
2016-06-27,38.87,38.88,38.18,38.48,22532950
2016-06-28,38.72,39.19,38.58,39.13,14750851
2016-06-29,39.76,40.7,39.49,40.55,23009741
2016-06-30,40.48,41.15,40.47,40.93,20100918
2016-07-01,40.7,41.05,40.69,40.86,11381612
2016-07-05,40.33,40.58,40.15,40.4,12501386
2016-07-06,40.2,40.57,40.02,40.53,12124296
2016-07-07,40.65,40.83,40.42,40.53,11676734
2016-07-08,40.88,41.18,40.74,40.87,14235589
2016-07-11,40.9,41.14,40.75,40.78,12911974
2016-07-12,41.23,41.58,41.06,41.42,13321022
2016-07-13,41.56,41.65,41.25,41.46,9612677
2016-07-14,41.57,41.87,41.5,41.67,9259846
2016-07-15,41.91,41.91,41.46,41.77,11666312
2016-07-18,41.71,41.83,41.58,41.64,8738905
2016-07-19,41.3,41.45,41.01,41.08,12723033
2016-07-20,41.48,41.5,41.25,41.25,11409678
2016-07-21,41.34,41.51,40.94,41.07,11546306
2016-07-22,41.12,41.21,40.94,41.08,10426334
2016-07-25,40.91,41.16,40.89,41.16,8974388
2016-07-26,41.06,41.24,40.81,40.94,11031902
2016-07-27,41.03,41.1,40.75,40.93,9567033
2016-07-28,41.35,41.4,40.72,41.19,17048636
2016-07-29,41.32,41.38,40.92,41.04,13230848
2016-08-01,40.91,41.27,40.91,41.15,12435386
2016-08-02,41.12,41.12,40.58,40.71,10268186
2016-08-03,40.62,40.85,40.6,40.71,12350485
2016-08-04,40.61,40.95,40.61,40.9,9142133
2016-08-05,41.07,41.22,40.96,41.13,9615322
2016-08-08,41.18,41.4,41.12,41.16,11427817
2016-08-09,41.09,41.27,41.05,41.1,9534007
2016-08-10,41.13,41.25,40.86,41.09,11077378
2016-08-11,41.13,41.41,41.13,41.28,9473686
2016-08-12,41.13,41.2,41,41.09,6301676
2016-08-15,41,41.64,41,41.39,12774946
2016-08-16,41.3,41.44,41.24,41.32,8109143
2016-08-17,41.38,41.38,41.07,41.21,9876443
2016-08-18,40.95,41.33,40.95,41.14,8544577
2016-08-19,41.04,41.34,41.01,41.32,9109870
2016-08-22,41.11,41.39,41.11,41.22,9834700
2016-08-23,41.37,41.64,41.36,41.5,10631824
2016-08-24,41.35,41.47,40.98,41.07,9830250
2016-08-25,41.12,41.2,41,41.1,7567154
2016-08-26,41.11,41.58,41.06,41.26,9228217
2016-08-29,41.48,41.53,41.26,41.31,9168520
2016-08-30,41.39,41.4,41.15,41.31,6840673
2016-08-31,41.27,41.32,41.09,41.22,9694690
2016-09-01,40.98,41.26,40.78,41.16,10652531
2016-09-02,41.26,41.42,41.03,41.25,9020230
2016-09-06,41.37,41.37,41.07,41.25,8308325
2016-09-07,41.14,41.31,40.95,41.25,10415336
2016-09-08,40.93,41,40.6,40.72,16732092
2016-09-09,40.33,40.74,40.03,40.03,14477482
2016-09-12,39.96,40.75,39.68,40.68,14927201
2016-09-13,40.37,40.53,39.97,40.18,13395176
2016-09-14,40.02,40.56,40.02,40.25,11626855
2016-09-15,40.18,41.03,40.09,40.86,19092475
2016-09-16,39.61,39.95,38.71,38.92,50703487
2016-09-19,39.13,39.55,39.04,39.23,19801878
2016-09-20,39.55,39.6,39.06,39.07,12121312
2016-09-21,39.19,39.58,39.19,39.51,10993990
2016-09-22,39.68,39.8,39.48,39.51,9679298
2016-09-23,39.39,39.42,39.03,39.23,14017314
2016-09-26,39,39.1,38.76,39.03,9840941
2016-09-27,38.9,39.49,38.86,39.3,10644622
2016-09-28,39.23,39.5,39.16,39.44,8103466
2016-09-29,39.25,39.62,39.08,39.12,8795189
2016-09-30,39.25,39.44,39.09,39.28,12861882
2016-10-03,39.2,39.26,38.86,38.99,10403519
2016-10-04,39.04,39.2,38.76,38.87,9199333
2016-10-05,39.11,39.33,38.89,39.15,8269218
2016-10-06,39.11,39.24,38.63,38.87,9789055
2016-10-07,38.84,39,38.61,38.71,11442032
2016-10-10,38.86,39,38.59,38.62,9475433
2016-10-11,38.56,38.65,37.81,38.01,14964003
2016-10-12,37.93,38.15,37.64,38.05,8944920
2016-10-13,37.86,38.19,37.62,38.03,14118062
2016-10-14,38.26,38.58,38.19,38.41,11601173
2016-10-17,38.54,38.54,38.21,38.29,9418950
2016-10-18,38.6,38.69,38.36,38.42,7121851
2016-10-19,38.52,38.63,38.31,38.35,8310928
2016-10-20,38.12,38.35,38.01,38.09,11196995
2016-10-21,37.99,38.12,37.77,37.93,13413355
2016-10-24,38.12,38.42,38.12,38.27,13550458
2016-10-25,38.33,38.43,38.1,38.36,11627932
2016-10-26,38.15,38.64,38.15,38.31,9723068
2016-10-27,38.41,38.56,38.15,38.22,7588890
2016-10-28,38.3,38.45,38.03,38.17,7803348
2016-10-31,38.31,38.51,38.2,38.42,10485259
2016-11-01,38.58,38.58,38.22,38.46,12018182
2016-11-02,38.46,38.49,37.97,38.03,9488381
2016-11-03,37.99,38.38,37.99,38.31,12393143
2016-11-04,38.31,38.58,38.17,38.28,14288949
2016-11-07,38.73,39.15,38.72,39.09,9506917
2016-11-08,39.16,39.35,38.98,39.13,7574742
2016-11-09,38.56,39.74,38.39,39.55,19497316
2016-11-10,39.65,40.06,39.3,39.58,26707219
2016-11-11,39.54,39.81,39.18,39.45,12217654
2016-11-14,39.39,39.67,39.11,39.3,15417089
2016-11-15,38.89,39.22,38.68,39.17,13594292
2016-11-16,39.1,39.8,38.92,39.7,12596969
2016-11-17,39.8,40.29,39.67,40.25,13316627
2016-11-18,40.28,40.49,39.67,39.86,12890599
2016-11-21,39.97,40.03,39.67,39.89,8073077
2016-11-22,40.09,40.12,39.81,40.09,10993083
2016-11-23,40.05,40.1,39.84,40.1,11101774
2016-11-25,40.04,40.35,40.04,40.27,4013115
2016-11-28,40.13,40.53,40.05,40.3,12118281
2016-11-29,40.34,40.74,40.13,40.55,10157369
2016-11-30,40.66,40.7,40.19,40.19,14374592
2016-12-01,40.11,40.18,38.46,38.7,22740168
2016-12-02,38.46,38.83,37.64,38.5,19120264
2016-12-05,38.6,39.11,38.54,38.97,13681522
2016-12-06,39.01,39.48,38.88,39.47,13524707
2016-12-07,39.5,40.37,39.49,40.32,15170645
2016-12-08,40.32,40.49,40.08,40.35,10109674
2016-12-09,40.41,40.77,40.28,40.52,11219098
2016-12-12,40.35,40.7,40.35,40.51,10891491
2016-12-13,40.47,41,40.47,40.76,12493139
2016-12-14,40.87,41.09,40.62,40.88,25102420
2016-12-15,40.95,41.14,40.74,40.86,17783475
2016-12-16,40.22,40.22,38.76,39.1,46224181
2016-12-19,39.03,39.19,38.59,38.9,15135143
2016-12-20,38.96,39.11,38.8,39,14006387
2016-12-21,39.06,39.06,38.61,38.83,11966373
2016-12-22,38.93,39.24,38.6,38.96,11226345
2016-12-23,38.79,39.02,38.63,38.78,8143554
2016-12-27,38.77,39.04,38.76,38.82,5073778
2016-12-28,38.87,38.92,38.63,38.68,8264081
2016-12-29,38.61,38.84,38.61,38.69,5712159
2016-12-30,38.75,38.86,38.34,38.45,10820188
2017-01-03,38.45,38.69,38.3,38.55,11051341
2017-01-04,38.55,38.92,38.55,38.74,9545541
2017-01-05,38.67,38.95,38.4,38.64,12064718
2017-01-06,38.75,38.75,38.38,38.45,14829725
2017-01-09,38.53,39.45,38.47,39.03,15587888
2017-01-10,39,39.07,38.66,38.66,11316576
2017-01-11,38.64,39.13,38.64,39.11,10403082
2017-01-12,39.03,39.32,38.59,39.2,11527296
2017-01-13,39.16,39.33,39.03,39.26,9455308
2017-01-17,39.07,39.28,38.88,39.1,11081367
2017-01-18,39.28,39.34,39.03,39.19,10394029
2017-01-19,39.12,39.38,39.1,39.21,12232380
2017-01-20,39.46,40.03,39.45,39.87,25439091
2017-01-23,39.76,40.09,39.43,39.68,13251221
2017-01-24,39.85,40.2,39.75,40.1,12216458
2017-01-25,40.32,40.38,39.95,40.15,13164793
2017-01-26,40.21,40.25,39.95,40.13,10556466
2017-01-27,40.2,40.39,40.13,40.23,9232665
2017-01-30,40.11,40.25,39.81,40.23,10589562
2017-01-31,40.21,40.25,39.67,40.11,10766745
2017-02-01,40.22,40.22,39.71,39.84,11836961
2017-02-02,39.77,40,39.68,39.98,10120343
2017-02-03,40.07,40.43,39.95,40.43,12941164
2017-02-06,40.44,40.44,40.08,40.1,7871322
2017-02-07,40.16,40.3,40.04,40.07,8848671
2017-02-08,40.06,40.35,40.01,40.02,8883343
2017-02-09,40.09,40.45,40.05,40.23,10977185
2017-02-10,40.33,40.92,40.21,40.79,13168666
2017-02-13,40.89,41.19,40.8,41.09,12779834
2017-02-14,40.92,41.17,40.75,41.1,9622961
2017-02-15,40.96,41.48,40.89,41.41,9243647
2017-02-16,41.46,41.74,41.37,41.59,10132672
2017-02-17,41.54,42.06,41.5,42.06,18545336
2017-02-21,41.99,42.38,41.93,42.27,12394709
2017-02-22,42.26,42.52,42.13,42.51,11602769
2017-02-23,42.56,42.99,42.5,42.96,15483953
2017-02-24,42.74,43.19,42.68,43.17,11426697
2017-02-27,43.26,43.26,42.52,42.7,13876507
2017-02-28,42.62,42.74,42.42,42.59,14450263
2017-03-01,42.75,43,42.69,42.92,11402152
2017-03-02,42.83,42.93,42.63,42.89,9431593
2017-03-03,42.77,42.88,42.59,42.69,8928505
2017-03-06,42.46,42.74,42.3,42.57,9196010
2017-03-07,42.58,42.75,42.52,42.6,9492905
2017-03-08,42.68,42.79,42.51,42.61,9217090
2017-03-09,42.63,42.63,42.25,42.44,10308443
2017-03-10,42.62,42.69,42.35,42.68,12244538
2017-03-13,42.75,42.78,42.53,42.58,12440837
2017-03-14,42.58,42.84,42.4,42.79,10290999
2017-03-15,42.9,43.2,42.64,43.05,18393223
2017-03-16,46.39,46.99,45.65,45.73,67535437
2017-03-17,45.25,45.98,45.11,45.66,31688720
2017-03-20,45.67,45.95,45.16,45.23,21452575
2017-03-21,45.31,45.4,44.71,44.84,21974454
2017-03-22,45.13,45.45,44.63,44.79,14339677
2017-03-23,44.68,45.06,44.67,44.95,16190536
2017-03-24,44.92,45.09,44.58,44.65,13110178
2017-03-27,44.51,44.93,44.36,44.84,8933400
2017-03-28,44.83,45.03,44.66,44.69,14008754
2017-03-29,44.52,44.73,44.47,44.52,10636243
2017-03-30,44.45,44.74,44.37,44.68,7792510
2017-03-31,44.5,44.85,44.46,44.61,10652754
2017-04-03,44.68,45.05,44.4,44.61,16044276
2017-04-04,44.61,44.74,44.38,44.59,9161341
2017-04-05,44.74,44.97,44.41,44.49,9445119
2017-04-06,44.53,44.53,44.14,44.18,11557755
2017-04-07,44.09,44.38,43.99,44.29,13446605
2017-04-10,44.21,44.44,43.96,44,11668629
2017-04-11,43.89,44.45,43.76,44.17,15422353
2017-04-12,44.33,44.41,44.03,44.18,8457041
2017-04-13,44.19,44.45,43.98,44,11838300
2017-04-17,44.12,44.36,44,44.29,10999992
2017-04-18,44.21,44.58,44.14,44.52,10446944
2017-04-19,44.44,44.54,44.08,44.19,10711956
2017-04-20,44.26,44.63,44.17,44.53,10880924
2017-04-21,44.59,44.74,44.4,44.43,11556016
2017-04-24,44.97,44.99,44.62,44.84,10848901
2017-04-25,44.98,44.98,44.6,44.72,12436821
2017-04-26,44.75,45.04,44.64,44.69,10122447
2017-04-27,44.88,44.94,44.65,44.77,8221029
2017-04-28,44.74,44.96,44.52,44.96,12962658
2017-05-01,45.01,45.18,44.87,45.05,9118316
2017-05-02,45,45.35,44.97,45.13,11649568
2017-05-03,45.05,45.15,44.77,44.89,10695874
2017-05-04,44.96,45.78,44.95,45.47,15505168
2017-05-05,45.71,45.78,45.36,45.58,8443421
2017-05-08,45.48,45.71,45.42,45.56,7559917
2017-05-09,45.5,45.68,45.38,45.48,6530558
2017-05-10,45.52,45.56,45.29,45.53,6906121
2017-05-11,45.41,45.41,44.97,45.16,8996359
2017-05-12,45.01,45.15,44.92,45.08,7965112
2017-05-15,45.24,45.36,45.09,45.32,9694029
2017-05-16,45.36,45.37,45.15,45.29,7944498
2017-05-17,44.99,45.09,44.2,44.23,18489195
2017-05-18,44.06,44.41,43.6,44.17,12777557
2017-05-19,44.21,44.52,44.17,44.31,11519180
2017-05-22,44.33,44.65,44.28,44.63,9805760
2017-05-23,44.68,44.84,44.52,44.56,6873723
2017-05-24,44.65,44.88,44.5,44.83,7712277
2017-05-25,44.99,45.3,44.83,45.2,7597616
2017-05-26,45.21,45.44,45.06,45.26,6899725
2017-05-30,45.11,45.46,45.11,45.42,10769777
2017-05-31,45.42,45.55,45.26,45.39,14757634
2017-06-01,45.52,45.8,45.36,45.79,8138901
2017-06-02,45.88,46.07,45.48,45.66,11794562
2017-06-05,45.69,45.99,45.67,45.92,8617321
2017-06-06,45.73,45.84,45.6,45.61,7449507
2017-06-07,45.62,45.65,45.14,45.4,7684551
2017-06-08,45.73,45.86,45.31,45.42,12889520
2017-06-09,45.4,45.67,44.68,45.03,12188360
2017-06-12,44.65,44.85,43.74,44.85,16189867
2017-06-13,45.07,45.24,44.62,44.98,10705755
2017-06-14,45.16,45.28,44.49,44.81,12024581
2017-06-15,44.55,44.81,44.37,44.68,10394642
2017-06-16,44.75,45.1,44.53,45.09,15930868
2017-06-19,45.27,45.75,45.21,45.73,12787720
2017-06-20,45.76,46.32,45.6,45.84,15299580
2017-06-21,46.15,46.54,46.08,46.33,30757278
2017-06-22,51.61,51.85,50.16,50.3,63193897
2017-06-23,50.24,51.83,50.07,50.95,42812545
2017-06-26,50.99,51.7,50.77,50.86,29453393
2017-06-27,50.75,51.45,50.52,50.75,17876401
2017-06-28,51.07,51.09,50.81,50.87,15981578
2017-06-29,50.76,50.88,49.98,50.2,13929067
2017-06-30,50.18,50.52,50.08,50.14,13146430
2017-07-03,50.05,50.13,49.32,49.36,10883219
2017-07-05,49.8,50.03,49.41,49.46,15775251
2017-07-06,49.25,49.42,48.77,48.85,14411942
2017-07-07,48.83,49.44,48.83,49.35,10889360
2017-07-10,49.27,49.83,49.22,49.62,10098514
2017-07-11,49.53,49.89,49.41,49.88,9751082
2017-07-12,50.02,50.48,49.96,50.45,14461391
2017-07-13,50.55,50.67,50.25,50.35,11959949
2017-07-14,50.27,50.65,50.27,50.56,9875932
2017-07-17,50.31,50.58,50.24,50.44,8094195
2017-07-18,50.34,50.7,50.16,50.45,14105601
2017-07-19,50.46,51.1,50.36,51,13312763
2017-07-20,51.14,51.26,50.83,51.13,8772545
2017-07-21,50.87,51.15,50.65,50.8,8791922
2017-07-24,50.8,50.9,50.61,50.76,7639116
2017-07-25,50.91,51.23,50.79,51.17,10536242
2017-07-26,51.15,51.19,51.02,51.17,5724523
2017-07-27,51.3,51.36,50.19,50.45,16508795
2017-07-28,50.19,50.49,50.04,50.3,8996435
2017-07-31,50.48,50.5,49.9,49.93,10066602
2017-08-01,50.15,50.22,49.82,50.16,6066247
2017-08-02,50.26,50.31,49.58,49.77,8720683
2017-08-03,49.92,50.41,49.72,50.23,9490119
2017-08-04,50.18,50.21,49.87,49.96,7025257
2017-08-07,50,50.09,49.53,49.64,8280295
2017-08-08,49.54,49.83,48.97,49.1,14684306
2017-08-09,48.98,49.39,48.86,49.06,15872408
2017-08-10,48.96,48.96,48.05,48.1,13391115
2017-08-11,48.18,48.44,47.98,48.24,11704784
2017-08-14,48.48,48.96,48.47,48.85,9229055
2017-08-15,48.89,49.06,48.77,48.83,10663484
2017-08-16,48.97,49.31,48.76,49.25,9881214
2017-08-17,49.17,49.31,48.55,48.55,9661645
2017-08-18,48.45,48.88,48.31,48.62,10248442
2017-08-21,48.65,48.96,48.54,48.9,7293402
2017-08-22,49.12,49.35,48.99,49.26,9233010
2017-08-23,49.06,49.43,48.94,49.07,6895425
2017-08-24,49.07,49.26,48.88,49.19,7365529
2017-08-25,49.44,49.44,49.15,49.24,7853334
2017-08-28,49.39,49.39,49.04,49.24,6211310
2017-08-29,48.88,49.57,48.75,49.45,7245889
2017-08-30,49.5,49.95,49.36,49.8,6957444
2017-08-31,49.88,50.51,49.84,50.33,12958147
2017-09-01,50.35,50.88,50.35,50.62,8716795
2017-09-05,50.53,51.08,50.47,50.93,15610724
2017-09-06,51.08,51.22,50.79,51.01,15615580
2017-09-07,51.19,51.78,51.03,51.73,11516836
2017-09-08,51.8,51.88,51.38,51.58,10356483
2017-09-11,51.88,52.61,51.81,52.49,16526301
2017-09-12,52.64,52.89,52.47,52.77,13352387
2017-09-13,52.52,52.98,52.45,52.8,14463029
2017-09-14,52.76,53.14,52.32,52.79,21901610
2017-09-15,50.65,50.7,48.48,48.74,66367857
2017-09-18,48.88,49.06,48.09,48.33,29434734
2017-09-19,48.49,48.5,47.88,48.04,23070671
2017-09-20,48,48.19,47.69,47.97,21257304
2017-09-21,47.82,48.19,47.82,47.97,15656341
2017-09-22,47.92,48.42,47.92,48.16,15341907
2017-09-25,48.52,48.54,47.64,47.97,15663567
2017-09-26,48.1,48.21,47.89,47.92,18679949
2017-09-27,48.05,48.36,47.95,48.16,14499186
2017-09-28,48.2,48.25,48.01,48.08,12997719
2017-09-29,48.19,48.75,47.96,48.35,44896559
2017-10-02,48.72,49,48.57,48.8,26097305
2017-10-03,48.95,48.96,48.54,48.69,12710761
2017-10-04,48.99,49.19,48.76,48.9,15204533
2017-10-05,48.96,49.03,48.5,48.91,13886059
2017-10-06,48.64,48.7,48.22,48.4,16340405
2017-10-09,48.36,48.58,48.17,48.36,10173049
2017-10-10,48.16,48.46,48,48.21,15630536
2017-10-11,48.16,48.47,48.16,48.28,12588339
2017-10-12,48.27,48.48,48.11,48.23,11715630
2017-10-13,48.37,48.71,48.33,48.61,10142300
2017-10-16,48.61,48.91,48.49,48.86,9378061
2017-10-17,48.82,49.3,48.71,49.19,14191308
2017-10-18,49.5,49.76,49.16,49.58,12064051
2017-10-19,49.44,49.67,49.19,49.35,10048594
2017-10-20,49.54,49.79,49.16,49.25,15501538
2017-10-23,49.28,49.66,49.22,49.31,14633363
2017-10-24,49.33,50.14,49.25,49.98,17562355
2017-10-25,49.89,50.65,49.64,49.7,20635798
2017-10-26,50.11,50.3,49.77,50.15,16952945
2017-10-27,50.29,50.97,50.03,50.88,15099521
2017-10-30,50.63,50.75,50.24,50.68,9049834
2017-10-31,50.73,51.28,50.45,50.9,14453112
2017-11-01,51.1,51.17,50.57,50.64,10128000
2017-11-02,50.54,50.7,50.12,50.28,10389824
2017-11-03,50.36,50.44,50.16,50.18,15814547
2017-11-06,50.1,50.55,50.02,50.4,9677982
2017-11-07,50.43,50.58,50.08,50.49,6796455
2017-11-08,50.33,50.74,50.2,50.54,7978663
2017-11-09,50.14,50.22,48.54,49.24,16195442
2017-11-10,49,49.37,48.74,49.32,9944188
2017-11-13,49.1,49.43,49.06,49.4,6566684
2017-11-14,49.32,49.33,48.9,49.2,8498922
2017-11-15,48.88,49.08,48.73,48.82,9425149
2017-11-16,49.11,49.62,49.01,49.2,11738536
2017-11-17,49,49.23,48.85,48.94,10035107
2017-11-20,49.04,49.16,48.92,49.02,11525088
2017-11-21,49,49.1,48.5,48.63,18313271
2017-11-22,48.56,48.83,48.42,48.58,10619037
2017-11-24,48.88,49.13,48.69,49.01,6008333
2017-11-27,48.94,49.22,48.75,48.88,13395574
2017-11-28,48.88,49.2,48.85,49.01,13930558
2017-11-29,48.85,48.86,48.2,48.52,14377575
2017-11-30,48.89,49.33,48.89,49.06,24701096
2017-12-01,49.05,50,48.9,49.61,15899489
2017-12-04,49.82,49.82,48.36,48.4,13473879
2017-12-05,48.21,48.65,47.97,47.99,17858893
2017-12-06,47.88,48.58,47.63,48.42,12974467
2017-12-07,48.37,48.81,48.3,48.52,13482831
2017-12-08,48.9,49.69,48.7,49.6,14732347
2017-12-11,49.61,50.5,49.56,50.47,15852801
2017-12-12,50,50.71,49.95,50.39,17463957
2017-12-13,50.33,50.51,50.01,50.05,17196888
2017-12-14,50.14,50.4,49.94,50.19,22259254
2017-12-15,48.48,48.48,47,48.3,75176011
2017-12-18,48.43,48.85,47.68,47.71,25156817
2017-12-19,47.96,48.35,47.74,47.82,28664335
2017-12-20,47.88,48.05,47.79,47.9,11432187
2017-12-21,48.11,48.11,47.23,47.28,18396828
2017-12-22,47.17,47.4,47.1,47.36,11197347
2017-12-26,47.37,47.58,47.25,47.43,7650197
2017-12-27,47.25,47.47,47.15,47.38,8132189
2017-12-28,47.3,47.55,47.3,47.52,7777596
2017-12-29,47.53,47.88,47.28,47.28,9750044
2018-01-02,47.57,47.8,46.17,46.63,25380018
2018-01-03,47.53,48.07,47.44,47.71,24165000
2018-01-04,47.99,48.19,47.72,48.18,19815057
2018-01-05,48.42,48.63,48.28,48.47,14496427
2018-01-08,48.3,49.07,47.94,48.98,15075007
2018-01-09,49.25,49.36,48.92,49.06,14153666
2018-01-10,48.86,49.27,48.58,48.8,13476601
2018-01-11,48.87,49.02,48.44,48.95,11687801
2018-01-12,49.18,49.83,49.06,49.51,15978201
2018-01-16,49.85,50.06,49.44,49.59,17152564
2018-01-17,49.91,50.29,49.85,50.27,23183110
2018-01-18,50.19,50.68,50.1,50.23,17119187
2018-01-19,50.5,50.6,50.27,50.58,14011470
2018-01-22,50.43,50.74,50.27,50.71,16840015
2018-01-23,50.75,51.27,50.57,51.12,14141416
2018-01-24,51.36,52,51.21,51.45,17205640
2018-01-25,51.54,52.04,51.54,51.6,13904280
2018-01-26,51.86,52.75,51.76,52.75,14909206
2018-01-29,52.67,52.79,51.88,51.94,12234923
2018-01-30,51.74,51.99,50.74,50.96,16863516
2018-01-31,50.86,51.85,50.86,51.59,16806832
2018-02-01,51.36,51.98,51.26,51.63,11674132
2018-02-02,51.25,51.41,50.04,50.13,17562215
2018-02-05,50.04,50.7,48.06,48.09,19725751
2018-02-06,47.33,49.51,46.81,49.4,25921187
2018-02-07,49.2,49.85,48.82,48.87,15138042
2018-02-08,49.09,49.12,46.81,46.84,21255423
2018-02-09,47.58,48.15,45.92,47.73,23191006
2018-02-12,48.22,48.49,47.72,48.15,16261649
2018-02-13,48.01,48.68,47.77,48.49,12633105
2018-02-14,48.19,49.52,48.14,49.45,14271379
2018-02-15,49.7,50.69,49.43,50.64,14132495
2018-02-16,50.55,51.14,50.49,50.71,11098819
2018-02-20,50.2,50.31,49.65,49.89,14144874
2018-02-21,49.87,50.34,49.43,49.43,13050820
2018-02-22,49.59,50.06,49.4,49.59,9513193
2018-02-23,49.79,50.57,49.62,50.5,8866832
2018-02-26,50.59,51.26,50.5,51.17,12955970
2018-02-27,51.07,51.4,50.53,50.73,14339563
2018-02-28,51.06,51.5,50.67,50.67,14947949
2018-03-01,50.96,50.96,49.42,49.71,16539779
2018-03-02,49.33,50.4,49.15,50.32,17290989
2018-03-05,49.9,51.49,49.85,51.29,18771549
2018-03-06,51.56,51.79,51.22,51.5,13907083
2018-03-07,51.06,51.81,51.03,51.72,11727303
2018-03-08,51.94,52.16,51.47,52.13,15864375
2018-03-09,52.35,53,52.2,52.97,16218601
2018-03-12,52.98,53.44,52.67,52.9,14108403
2018-03-13,53.24,53.48,52.34,52.58,12864366
2018-03-14,52.88,53.15,52.18,52.32,10885538
2018-03-15,52.22,52.67,52.11,52.37,14155248
2018-03-16,52.4,52.69,52.25,52.27,21011451
2018-03-19,52.43,52.58,51.51,51.95,25777352
2018-03-20,46.8,47.75,46.43,47.05,68600975
2018-03-21,47.29,48.06,47.01,47.02,34597724
2018-03-22,46.72,47.02,45.73,45.89,25610072
2018-03-23,45.98,46.34,44.76,44.79,21398879
2018-03-26,45.55,46.64,45.38,46.48,20754752
2018-03-27,46.63,46.82,45,45.38,18925257
2018-03-28,45.28,45.36,44.51,44.98,22156930
2018-03-29,45.31,46.29,45.01,45.75,14256447
2018-04-02,45.65,45.85,44.42,45.01,15343314
2018-04-03,45.33,45.33,44.29,44.89,15734569
2018-04-04,44.07,45.62,44.04,45.51,18505940
2018-04-05,45.73,46.18,45.55,45.96,12312979
2018-04-06,45.51,45.75,44.6,44.83,13893643
2018-04-09,45.11,45.65,44.88,44.9,15199976
2018-04-10,45.55,46.07,45.46,45.82,17177233
2018-04-11,45.4,45.99,45.36,45.61,14911438
2018-04-12,45.69,46.17,45.65,45.88,13970339
2018-04-13,46.31,46.53,45.61,46.08,12493597
2018-04-16,46.03,46.39,45.6,46.05,11639037
2018-04-17,46.41,46.93,46.39,46.66,10762747
2018-04-18,46.68,47.29,46.68,47.08,11312882
2018-04-19,46.99,47.11,46.7,46.82,8563187
2018-04-20,46.47,46.62,45.98,46.23,15675644
2018-04-23,46.38,46.47,45.72,45.8,14904389
2018-04-24,45.93,46.37,45.28,45.53,13356952
2018-04-25,45.42,45.84,45.05,45.75,12637523
2018-04-26,46.09,46.21,45.9,45.96,12175800
2018-04-27,46.12,46.12,45.47,45.53,14420754
2018-04-30,45.66,46.01,45.56,45.67,13896566
2018-05-01,45.39,45.95,45.39,45.95,8838034
2018-05-02,45.89,46.08,45.47,45.51,10715198
2018-05-03,45.36,45.39,44.49,45.06,15370217
2018-05-04,44.93,45.92,44.8,45.71,10571831
2018-05-07,45.94,46.24,45.78,46.07,9006006
2018-05-08,45.88,45.99,45.55,45.94,9830551
2018-05-09,46.23,46.68,45.98,46.58,11822388
2018-05-10,46.8,47.1,46.61,46.93,10974199
2018-05-11,47.11,47.15,46.64,46.82,9498144
2018-05-14,46.81,47.26,46.69,46.82,9689474
2018-05-15,46.51,46.82,46.25,46.81,11304873
2018-05-16,46.93,46.93,46.45,46.73,9874195
2018-05-17,46.69,47.06,46.42,46.54,10162341
2018-05-18,46.69,46.79,46.24,46.32,13517330
2018-05-21,46.53,47.28,46.49,47.21,13416333
2018-05-22,47.24,47.54,46.31,46.37,18505113
2018-05-23,46.08,46.97,46.02,46.9,9204379
2018-05-24,46.66,46.94,46.14,46.46,12497658
2018-05-25,46.49,47.17,46.48,47,11354337
2018-05-29,46.55,46.8,46.03,46.26,12427752
2018-05-30,46.63,47.23,46.43,47.05,11906539
2018-05-31,46.93,47.17,46.71,46.72,13062416
2018-06-01,47.08,47.36,46.9,47.35,10863237
2018-06-04,47.48,47.57,47.23,47.32,12178443
2018-06-05,47.33,47.42,46.81,47.13,13430887
2018-06-06,47.42,47.81,47.1,47.75,13299094
2018-06-07,47.93,48.03,47.42,47.68,13714092
2018-06-08,47.41,48.38,47.41,48.18,14515405
2018-06-11,48.15,48.39,47.97,48.19,12521110
2018-06-12,48.21,48.59,48.15,48.45,14713577
2018-06-13,48.11,48.67,48.09,48.27,18053335
2018-06-14,47.01,47.02,45.66,45.9,37001333
2018-06-15,45.87,46.49,45.19,46.28,28120363
2018-06-18,45.82,46.6,45.46,46.52,21474089
2018-06-19,45.84,46.41,45.77,46.27,22764939
2018-06-20,43.51,44.79,42.57,42.82,59129004
2018-06-21,43.18,43.84,42.98,43.1,32635062
2018-06-22,43.2,44.3,43.16,44.1,30594322
2018-06-25,43.57,44.47,43.49,44.28,24640543
2018-06-26,44.46,44.85,44.37,44.41,20717461
2018-06-27,44.57,44.74,43.44,43.45,26360075
2018-06-28,43.51,44.02,43.36,43.84,20918407
2018-06-29,44.04,44.53,43.75,44.06,22144908
2018-07-02,43.96,44.97,43.77,44.95,20655510
2018-07-03,44.99,44.99,44.52,44.72,16783349
2018-07-05,45.15,45.47,44.99,45.41,21916222
2018-07-06,45.46,46.19,45.27,46,20764300
2018-07-09,46.13,46.79,46.06,46.73,25125725
2018-07-10,46.83,47.36,46.68,46.99,27421994
2018-07-11,46.82,47.76,46.71,47.64,22802561
2018-07-12,47.79,48.2,47.75,48.15,24857935
2018-07-13,47.97,48.81,47.83,48.63,25772269
2018-07-16,48.62,48.62,47.95,48.46,22949744
2018-07-17,48.29,48.99,48.15,48.9,18823113
2018-07-18,48.79,49,48.4,48.64,19234709
2018-07-19,48.4,48.72,48.21,48.44,16656534
2018-07-20,48.49,48.71,48.36,48.52,17236248
2018-07-23,48.62,48.67,48.04,48.67,17990236
2018-07-24,48.75,49.1,48.56,48.67,19885451
2018-07-25,48.52,48.97,48.5,48.95,16335397
2018-07-26,48.85,49.17,48.76,48.87,15229974
2018-07-27,48.99,49.12,48.38,48.63,14856123
2018-07-30,48.58,48.58,47.46,47.73,20167307
2018-07-31,47.9,48.08,47.39,47.68,18808220
2018-08-01,47.91,48.22,47.15,47.35,22933594
2018-08-02,47.04,48.07,46.63,47.9,14227415
2018-08-03,47.92,48.48,47.9,48.47,14295805
2018-08-06,48.29,48.76,48.22,48.67,13529328
2018-08-07,48.94,48.95,48.47,48.48,11608045
2018-08-08,48.42,48.62,48.26,48.39,10849532
2018-08-09,48.27,48.71,48.27,48.54,14708037
2018-08-10,48.37,48.72,48.23,48.32,10502185
2018-08-13,48.34,48.59,47.97,48.01,12152082
2018-08-14,48.12,48.35,47.94,48.23,11513673
2018-08-15,48.1,48.26,47.53,47.84,14091015
2018-08-16,48.14,48.45,48.04,48.1,11874326
2018-08-17,48.21,48.5,47.99,48.36,11411979
2018-08-20,48.4,48.6,48.26,48.42,11936737
2018-08-21,48.58,48.64,48.37,48.41,10187882
2018-08-22,48.34,48.91,48.24,48.8,11639421
2018-08-23,48.8,49.33,48.68,48.96,11026688
2018-08-24,49,49.39,48.97,49.26,14011940
2018-08-27,49.41,49.7,49.28,49.33,12253333
2018-08-28,49.39,49.43,48.6,48.64,15475698
2018-08-29,48.64,49.1,48.64,48.89,17307730
2018-08-30,48.89,48.89,48.31,48.38,15154895
2018-08-31,48.38,48.63,48.35,48.58,17844087
2018-09-04,48.36,48.83,48.16,48.58,17289045
2018-09-05,48.41,48.49,47.78,48.04,16437911
2018-09-06,47.95,48.22,47.52,47.71,18456181
2018-09-07,47.46,47.99,47.33,47.81,20513945
2018-09-10,48,49.05,48,48.86,20390617
2018-09-11,48.52,49.05,48.52,48.92,14877344
2018-09-12,48.75,49.47,48.62,49.34,17058745
2018-09-13,49.28,49.74,48.88,48.96,22124422
2018-09-14,48.94,49.45,48.94,49.25,20066084
2018-09-17,49.31,49.94,49.1,49.18,29225048
2018-09-18,47.51,49.54,47.36,49.03,33451106
2018-09-19,48.92,49.54,48.66,49.43,20904826
2018-09-20,49.66,51.08,49.56,50.43,26973480
2018-09-21,50.83,51.12,50.35,51.1,50752079
2018-09-24,50.81,51.6,50.71,51.24,23906147
2018-09-25,51.39,51.93,50.97,51.72,18665820
2018-09-26,51.75,52.11,51.56,51.63,18131040
2018-09-27,51.56,52.02,51.33,51.69,17993558
2018-09-28,51.54,52.01,51.49,51.56,16234246
2018-10-01,51.22,51.99,51.14,51.8,19217922
2018-10-02,51.65,51.8,50.13,50.23,22406822
2018-10-03,49.59,50.1,49.59,49.75,21207699
2018-10-04,49.68,49.78,49.17,49.47,19033961
2018-10-05,49.42,49.76,49.12,49.35,16900168
2018-10-08,49.27,49.64,48.9,49.36,16295812
2018-10-09,49.11,49.4,48.83,48.87,19009806
2018-10-10,48.81,48.98,47.37,47.4,20885381
2018-10-11,47.33,47.89,46.49,46.78,26387578
2018-10-12,47.4,47.75,46.66,47.38,23152878
2018-10-15,46.96,47.62,46.87,47.12,15693598
2018-10-16,47.57,48.42,47.47,48.23,13600168
2018-10-17,47.43,48.24,47.43,47.86,15071061
2018-10-18,47.57,48.13,47.13,47.38,15084839
2018-10-19,47.5,48.24,47.35,47.59,17768405
2018-10-22,47.85,48.49,47.71,47.94,16480411
2018-10-23,47.16,48.32,47.12,47.99,18921508
2018-10-24,47.88,48.3,46.7,46.76,20028237
2018-10-25,47.42,48.29,47.28,47.96,19349505
2018-10-26,47.24,48.07,46.71,47.32,23089139
2018-10-29,47.81,48.09,46.33,47.02,19248721
2018-10-30,47.08,48.62,46.92,48.57,24438150
2018-10-31,49.05,49.45,48.59,48.84,21082852
2018-11-01,48.96,49.24,48.34,48.59,17764930
2018-11-02,48.93,49.02,48.24,48.83,17289522
2018-11-05,49,49.13,48.5,49.02,13125823
2018-11-06,49.1,49.47,48.83,49.25,12362678
2018-11-07,49.58,50.5,49.47,50.26,14330012
2018-11-08,50.22,50.5,50.07,50.43,11967073
2018-11-09,50.42,50.81,50.31,50.61,15316391
2018-11-12,50.17,50.38,49.11,49.22,14374352
2018-11-13,49.47,50,49.24,49.51,13550762
2018-11-14,49.97,49.97,48.74,48.84,16093969
2018-11-15,50.04,50.69,49.05,50.63,24922802
2018-11-16,50.53,51.44,50.42,51.17,20929570
2018-11-19,51.05,51.1,49.4,49.55,19520494
2018-11-20,48.67,49.07,47.96,48.33,19389607
2018-11-21,48.76,49.17,48.53,48.62,13859507
2018-11-23,48.04,49.12,48.04,48.7,7807298
2018-11-26,49.16,49.16,48.1,48.26,21603804
2018-11-27,47.92,47.98,46.78,47.44,28054617
2018-11-28,47.73,48.25,47.37,48.19,29352889
2018-11-29,48.38,48.38,47.44,47.9,17052085
2018-11-30,48.09,48.84,47.71,48.76,22884489
2018-12-03,49.44,50.12,49.21,49.83,21966591
2018-12-04,49.52,50.22,48.71,48.75,24643471
2018-12-06,47.75,47.77,45.65,46.68,39877047
2018-12-07,46.76,47.04,45.81,46,23978045
2018-12-10,46.01,47.08,45.33,46.67,26375511
2018-12-11,46.98,47.13,46.06,46.46,22680164
2018-12-12,47.11,48.11,47.01,47.32,21404010
2018-12-13,47.48,47.54,46.75,47.23,23295388
2018-12-14,46.78,47.03,46.41,46.6,21434449
2018-12-17,46.42,47.23,45.53,45.73,30441145
2018-12-18,48.1,48.34,45.44,45.85,42855600
2018-12-19,46.06,47.44,45.75,46.45,34397250
2018-12-20,46.05,46.95,45.48,46.24,35165179
2018-12-21,46.08,46.21,43.86,44,58768410
2018-12-24,43.77,43.82,42.68,42.69,17230381
2018-12-26,43,44.61,42.4,44.59,21428929
2018-12-27,43.95,45.09,43.46,44.97,19048702
2018-12-28,45.14,45.76,44.74,44.82,39141279
2018-12-31,45.19,45.5,44.84,45.15,14932651
2019-01-02,44.48,45.34,44.45,45.22,14320441
2019-01-03,44.75,45.5,44.41,44.78,19868713
2019-01-04,45.37,46.95,45.25,46.71,20983953
2019-01-07,46.93,48.1,46.47,47.45,17967907
2019-01-08,47.93,48.36,47.2,47.88,16255688
2019-01-09,46.64,48.23,46.61,47.78,19100183
2019-01-10,47.38,47.98,46.88,47.82,16652730
2019-01-11,47.67,48.62,47.37,48.29,16397521
2019-01-14,47.85,48.34,47.62,48.18,14869411
2019-01-15,47.47,48.53,47.41,48.38,12142144
2019-01-16,48.58,48.78,48.05,48.06,14114001
2019-01-17,48.01,48.91,47.81,48.58,12711208
2019-01-18,48.94,49.57,48.87,49.27,15930597
2019-01-22,48.84,49.17,48.66,48.94,13318705
2019-01-23,49.19,49.48,48.83,49.24,15551202
2019-01-24,49.26,49.43,48.87,49.2,11442236
2019-01-25,49.6,49.9,49.45,49.8,16656580
2019-01-28,49.45,49.73,49.21,49.52,11799138
2019-01-29,49.39,49.92,49.19,49.61,10838600
2019-01-30,49.86,50.5,49.6,50.36,13483753
2019-01-31,50.24,50.5,50.07,50.23,20403558
2019-02-01,50.52,51.1,50.29,50.81,14849598
2019-02-04,50.38,51.25,50.38,51.03,12221237
2019-02-05,51.17,51.37,50.88,51.24,13345467
2019-02-06,51.19,51.49,50.97,51.26,9220899
2019-02-07,50.79,50.99,50.17,50.22,14905039
2019-02-08,50.09,51.03,49.82,51.03,11535561
2019-02-11,50.96,51.47,50.95,51.23,9714510
2019-02-12,51.46,51.55,51.19,51.22,14188483
2019-02-13,51.25,51.55,50.95,51.42,11342571
2019-02-14,51.24,51.75,51.09,51.48,11155293
2019-02-15,51.13,51.72,51.07,51.72,13822166
2019-02-19,51.48,52.18,51.24,52.02,12357469
2019-02-20,52,52.21,51.5,51.77,13440874
2019-02-21,51.63,52.35,51.51,52.11,14759499
2019-02-22,52.39,52.6,52.2,52.48,11689681
2019-02-25,52.75,53.03,52.46,52.56,14722184
2019-02-26,52.46,52.88,52.24,52.6,12041308
2019-02-27,52.52,52.64,52.26,52.38,10674216
2019-02-28,52.2,52.51,52.04,52.13,31856866
2019-03-01,52.5,52.73,52.37,52.51,15757663
2019-03-04,52.67,52.85,51.57,52.04,14850055
2019-03-05,52.04,52.59,52.01,52.36,16291901
2019-03-06,52.31,52.75,52.13,52.35,12389327
2019-03-07,52.2,53.13,52.19,52.58,16624134
2019-03-08,52.35,52.78,52.13,52.77,15071067
2019-03-11,51.94,53.17,51.9,52.66,20027695
2019-03-12,52.67,53.29,52.58,52.8,18048545
2019-03-13,53.06,53.47,52.74,53.06,19490842
2019-03-14,52.98,53.4,52.85,53.05,24000329
2019-03-15,51.4,53.39,51,52.94,43340219
2019-03-18,52.87,53.96,52.78,53.46,21953604
2019-03-19,53.8,54.38,53.75,54.04,19214018
2019-03-20,53.89,54.19,52.51,52.64,24111603
2019-03-21,52.63,54.05,52.35,54.04,16686327
2019-03-22,53.62,53.88,52.74,52.77,16201521
2019-03-25,52.56,52.94,52.23,52.74,11755914
2019-03-26,53.29,53.54,53.06,53.28,11657558
2019-03-27,53.28,53.65,52.31,52.81,12636047
2019-03-28,53,53.29,52.79,53.19,9103127
2019-03-29,53.47,53.74,53.25,53.71,11485721
2019-04-01,53.88,54.65,53.85,54.58,15191712
2019-04-02,54.41,54.5,53.88,54.15,10812078
2019-04-03,54.16,54.39,53.85,54.06,12853422
2019-04-04,53.86,54.15,53.41,53.82,9978761
2019-04-05,53.74,54.19,53.74,53.93,10016462
2019-04-08,53.73,53.92,53.33,53.72,10126799
2019-04-09,53.5,54.1,53.47,53.83,9789013
2019-04-10,53.62,54.16,53.6,53.97,8477336
2019-04-11,54.05,54.19,53.52,53.79,8147643
2019-04-12,54.1,54.5,53.87,54.5,9013994
2019-04-15,54.5,54.75,54.31,54.63,7694969
2019-04-16,54.67,54.91,54.33,54.59,7265205
2019-04-17,54.68,54.83,54.39,54.48,7792166
2019-04-18,54.44,54.67,54.23,54.52,8233110
2019-04-22,54.4,54.68,54.2,54.62,6088127
2019-04-23,54.75,55.14,54.72,54.94,10923390
2019-04-24,55,55.53,54.96,55.18,8769848
2019-04-25,55.15,55.22,54.58,55.01,8226211
2019-04-26,55.22,55.49,55.01,55.41,7101579
2019-04-29,55.29,55.49,55.08,55.08,6442963
2019-04-30,55.06,55.38,54.83,55.33,10562254
2019-05-01,55.32,55.42,54.8,54.88,7792905
2019-05-02,54.81,55.05,54.46,54.6,9652179
2019-05-03,54.8,55.02,54.67,54.79,11066476
2019-05-06,53.9,55,53.83,54.85,9305412
2019-05-07,54.2,54.64,53.65,54,11712353
2019-05-08,54.35,54.43,53.81,53.99,10729819
2019-05-09,53.46,54.35,53.08,54.25,10711773
2019-05-10,53.77,54.97,53.51,54.65,11200287
2019-05-13,53.72,53.95,53.39,53.43,10664674
2019-05-14,53.64,54.62,53.36,54.13,11520824
2019-05-15,53.91,54.81,53.84,54.56,8573131
2019-05-16,54.91,55.15,54.55,54.64,10013804
2019-05-17,54.19,54.92,54.19,54.5,9057070
2019-05-20,53.95,54.36,53.53,53.66,9820306
2019-05-21,54.21,54.27,54.03,54.17,8482013
2019-05-22,54.23,54.55,54.04,54.2,8389651
2019-05-23,53.72,53.72,52.51,53.08,11213892
2019-05-24,53.38,53.47,52.59,52.77,9090777
2019-05-28,53.08,53.28,51.75,51.75,28230397
2019-05-29,51.43,51.81,51.05,51.69,12448661
2019-05-30,51.93,52.03,51.46,51.72,8569531
2019-05-31,51.24,51.36,50.51,50.6,11847089
2019-06-03,50.56,51.08,49.89,50.24,17434453
2019-06-04,50.79,52.24,50.63,52.02,17073297
2019-06-05,52.78,53.24,51.85,52.1,15855294
2019-06-06,52.09,52.74,51.86,52.59,10266909
2019-06-07,52.8,53.42,52.78,53.26,11591841
2019-06-10,53.68,54.41,53.57,54.01,12984592
2019-06-11,54.5,54.61,53.84,53.94,11288443
2019-06-12,53.68,54.05,53.43,53.62,10235475
2019-06-13,53.98,53.98,53.44,53.84,11289078
2019-06-14,53.61,53.83,53.28,53.28,12973055
2019-06-17,53.34,53.54,52.95,53.13,15208007
2019-06-18,52.86,53.6,52.41,52.9,20999664
2019-06-19,52.75,53.13,52.25,52.68,35449547
2019-06-20,55.98,57.47,55.53,56.99,54173948
2019-06-21,57.14,57.15,56.06,56.12,45168973
2019-06-24,56.25,57.3,55.9,56.74,19544187
2019-06-25,56.87,57.18,56.06,56.07,25462063
2019-06-26,56.43,56.85,56.24,56.66,15045220
2019-06-27,57,57.39,56.76,56.77,12605801
2019-06-28,56.9,57.08,56.36,56.97,42570474
2019-07-01,57.15,58.09,57.03,58.01,20438274
2019-07-02,57.88,58.56,57.77,58.46,17569987
2019-07-03,58.45,58.95,58.38,58.86,9989106
2019-07-05,58.53,59.52,58.34,59.28,13838941
2019-07-08,59.19,59.67,59.01,59.53,16105621
2019-07-09,59.2,59.63,59.01,59.6,14348560
2019-07-10,59.94,60.5,59.75,60.15,16059070
2019-07-11,60.18,60.21,59.4,59.99,11150361
2019-07-12,60.09,60.09,59.3,59.81,11234299
2019-07-15,59.85,59.85,59.25,59.53,10721578
2019-07-16,59.17,59.48,58.59,58.61,9698897
2019-07-17,58.8,58.95,57.99,57.99,9090941
2019-07-18,57.69,58.14,57.6,58.12,11883356
2019-07-19,58.31,58.53,57.52,57.54,11663536
2019-07-22,57.88,58.08,57.55,57.6,8761770
2019-07-23,58.06,58.14,57.44,57.45,8141115
2019-07-24,57.45,58.22,57.38,58.11,10778775
2019-07-25,58.37,58.63,58.08,58.29,8176205
2019-07-26,58.34,58.65,58.2,58.5,6057434
2019-07-29,58.79,58.79,57.8,58.06,7439258
2019-07-30,57.76,58.15,57.43,57.49,6367207
2019-07-31,57.88,57.88,55.62,56.3,11966713
2019-08-01,56.3,56.85,55.52,55.88,10215157
2019-08-02,56.19,56.19,55,55.84,12644401
2019-08-05,55.1,55.1,53.69,53.76,16204573
2019-08-06,54.2,54.45,53.61,53.96,13149503
2019-08-07,53.13,54.06,52.97,53.34,16344061
2019-08-08,53.72,54.75,53.72,54.65,12460824
2019-08-09,54.24,54.47,53.52,53.9,8471272
2019-08-12,53.68,53.79,53,53.25,6580115
2019-08-13,53.14,54.24,53,53.97,11447038
2019-08-14,53.35,53.37,52.24,52.32,12489202
2019-08-15,52.65,52.72,51.96,52.59,11257013
2019-08-16,53.18,53.69,53.01,53.59,9913097
2019-08-19,54.22,54.37,53.76,53.87,8273335
2019-08-20,53.52,53.84,52.9,52.98,7577816
2019-08-21,53.53,53.93,53.17,53.24,6113303
2019-08-22,53.58,53.72,52.88,53.19,6744890
2019-08-23,53.06,53.32,51.25,51.58,11374639
2019-08-26,52.14,52.32,51.83,52.13,8582319
2019-08-27,52.44,52.62,52.22,52.39,13853329
2019-08-28,52.2,52.2,51.62,51.95,7499128
2019-08-29,52.65,52.81,52.09,52.16,6857966
2019-08-30,52.5,52.55,51.75,52.06,7919973
2019-09-03,51.94,52,51.55,51.89,10128192
2019-09-04,52.35,53.13,52.22,52.97,10558965
2019-09-05,53.73,54.33,53.63,53.84,10414555
2019-09-06,54.1,54.14,53.14,53.16,11636088
2019-09-09,53.62,54.68,53.45,54.54,17803751
2019-09-10,54.54,55.47,54.14,55.47,19976492
2019-09-11,55.27,56.29,55.16,56.29,16749432
2019-09-12,54.34,54.88,52.9,53.89,28184390
2019-09-13,54,54.72,53.33,53.75,14736699
2019-09-16,53.4,53.57,52.79,53.14,15204244
2019-09-17,53.18,53.2,52.35,52.87,11476416
2019-09-18,52.82,52.84,51.85,52.56,9091864
2019-09-19,52.39,53.67,52.39,53.37,14924422
2019-09-20,53.71,54.25,53.42,53.47,59791448
2019-09-23,53.17,54.17,53.06,54.02,14263866
2019-09-24,54.14,54.49,53.12,53.35,15658346
2019-09-25,53.31,53.94,52.89,53.84,12925541
2019-09-26,54.11,54.33,53.47,53.96,13375775
2019-09-27,54.19,54.6,53.62,54.09,12391079
2019-09-30,54.25,55.28,54.05,55.03,17507826
2019-10-01,55.04,55.64,53.75,53.8,16524234
2019-10-02,53.5,53.56,52.67,53.15,16057896
2019-10-03,53.06,53.88,52.94,53.86,11756060
2019-10-04,54,55.18,53.84,55.14,13835817
2019-10-07,55.07,55.36,54.75,54.8,12462476
2019-10-08,54.29,54.71,53.77,54.05,15055993
2019-10-09,54.15,54.99,54.06,54.53,12894659
2019-10-10,54.45,55.6,54.35,55.49,13924306
2019-10-11,55.92,57.33,55.71,56.89,18728437
2019-10-14,56.83,57.21,56.41,56.46,11094392
2019-10-15,56.63,56.81,56.35,56.35,9237020
2019-10-16,55.79,56.01,55.55,55.88,9032457
2019-10-17,56.01,56.24,54.99,55.06,9966612
2019-10-18,54.95,55.26,54.18,54.55,12562854
2019-10-21,55.06,55.3,54.82,55.13,8351624
2019-10-22,55.22,55.43,54.02,54.11,7875719
2019-10-23,54,54.63,53.87,54.13,10533647
2019-10-24,54.47,54.65,53.94,54.26,6483723
2019-10-25,54.04,54.42,54.01,54.17,6306964
2019-10-28,54.35,54.68,54.27,54.64,7280200
2019-10-29,54.72,55.31,54.56,54.8,8333852
2019-10-30,55.18,55.18,54.45,54.85,6284896
2019-10-31,54.72,54.85,54.24,54.49,8260599
2019-11-01,54.81,55.15,54.55,55,7313584
2019-11-04,55.26,55.75,55.26,55.45,8757046
2019-11-05,55.76,55.84,55.51,55.67,10759319
2019-11-06,55.71,55.88,55.6,55.7,10572139
2019-11-07,55.96,56.63,55.86,55.98,9677704
2019-11-08,55.98,56.49,55.77,56.49,5869591
2019-11-11,56.2,56.61,56.18,56.43,5018039
2019-11-12,56.53,56.85,56.42,56.59,6184949
2019-11-13,56.21,56.56,56.17,56.21,6818251
2019-11-14,55.81,56.33,55.64,56.09,9056240
2019-11-15,56.4,56.56,56.26,56.42,7216865
2019-11-18,56.56,56.56,55.96,56.19,6924199
2019-11-19,56.47,56.95,56.26,56.27,7199492
2019-11-20,56.22,56.62,55.81,56.24,9117146
2019-11-21,56.22,56.59,56.12,56.23,8067136
2019-11-22,56.42,57.06,56.24,56.39,6346924
2019-11-25,56.46,56.68,56.28,56.56,7977693
2019-11-26,56.75,56.86,56.42,56.51,12078595
2019-11-27,56.9,56.91,56.38,56.61,5790026
2019-11-29,56.33,56.49,56.09,56.14,6479396
2019-12-02,56.23,56.46,55.38,55.43,14314182
2019-12-03,54.62,54.99,54.46,54.59,14320507
2019-12-04,54.9,54.9,54.18,54.41,11436874
2019-12-05,54.5,54.83,54.3,54.68,10557403
2019-12-06,55.03,55.13,54.61,54.83,9088555
2019-12-09,54.84,55.48,54.76,55.31,12128860
2019-12-10,55.4,55.9,55.23,55.82,10719907
2019-12-11,55.8,56.5,55.65,56.31,12159819
2019-12-12,56.3,56.66,55.76,56.47,15433071
2019-12-13,55,55.4,54.42,54.51,21432189
2019-12-16,54.6,54.98,53.7,53.99,19951519
2019-12-17,53.89,54.06,52.83,52.84,19782558
2019-12-18,53.06,53.61,52.95,53.39,14123168
2019-12-19,53.3,53.6,53.04,53.24,11910116
2019-12-20,53.91,53.95,53.35,53.6,27423669
2019-12-23,53.65,54.06,53.61,53.71,10591502
2019-12-24,53.78,53.96,53.35,53.44,3331654
2019-12-26,53.45,53.66,53.28,53.57,6702209
2019-12-27,53.66,53.8,53.34,53.46,7262263
2019-12-30,53.4,53.49,52.62,52.7,5936134
2019-12-31,52.57,53,52.55,52.98,7095128
2020-01-02,53.27,53.96,53.23,53.95,13206090
2020-01-03,52.99,54.05,52.95,53.76,11026717
2020-01-06,53.36,54.2,53.35,54.04,10982367
2020-01-07,53.89,54.33,53.61,54.16,12037347
2020-01-08,53.94,54.6,53.7,54.13,11857642
2020-01-09,54.25,54.8,54.03,54.38,10671019
2020-01-10,54.55,54.65,54.22,54.45,9734775
2020-01-13,54.46,54.79,54.36,54.58,10859994
2020-01-14,54.52,55.18,54.5,54.88,12627494
2020-01-15,54.88,55.18,54.68,54.76,9090815
2020-01-16,54.98,55.45,54.93,55.43,9866036
2020-01-17,55.63,55.69,54.85,55.13,11166619
2020-01-21,54.98,55.36,54.92,55.22,8773031
2020-01-22,55.41,55.65,54.6,54.72,6380481
2020-01-23,54.41,55,54.28,54.98,6583173
2020-01-24,55.06,55.19,53.88,54.07,6426029
2020-01-27,53.18,53.51,52.63,52.69,8259053
2020-01-28,52.86,53.68,52.65,53.46,8620547
2020-01-29,53.78,53.94,53.18,53.2,6332477
2020-01-30,52.82,53.33,52.28,53.31,7176193
2020-01-31,53.34,53.49,52.28,52.45,8884763
2020-02-03,52.73,53.41,52.69,53.09,8892516
2020-02-04,53.75,54.56,53.75,54.04,9769854
2020-02-05,54.67,55.03,54.58,54.74,9612932
2020-02-06,55,55.35,54.71,54.71,8832013
2020-02-07,54.27,54.97,54.19,54.72,7864760
2020-02-10,54.72,55.07,54.45,54.99,7198216
2020-02-11,55.17,55.54,55.11,55.15,8466579
2020-02-12,55.55,55.89,55.25,55.73,7541074
2020-02-13,55.31,55.64,55.01,55.31,8480140
2020-02-14,55.38,55.83,55.24,55.47,7496836
2020-02-18,55.42,55.76,55.1,55.45,7185651
2020-02-19,55.59,55.77,55.39,55.44,6819545
2020-02-20,55.4,55.87,54.88,55.51,6114630
2020-02-21,55.08,55.34,54.44,54.68,9078643
2020-02-24,53.1,53.53,52.51,52.65,10992552
2020-02-25,53.07,53.22,50.8,50.96,12202812
2020-02-26,51.31,53.14,51.24,52.05,16413096
2020-02-27,50.88,53.46,50.76,50.78,16161095
2020-02-28,49.24,49.89,47.9,49.46,24427058
2020-03-02,49.73,50.9,48.67,50.9,17328615
2020-03-03,50.62,51.84,48.25,48.85,21830505
2020-03-04,49.85,50.58,48.83,50.54,14813717
2020-03-05,49.23,49.68,47.74,48,15842951
2020-03-06,46.57,48.3,46.46,47.37,24581381
2020-03-09,44.95,47.57,44.66,46.01,25949263
2020-03-10,47.45,48.91,46.16,48.58,27067704
2020-03-11,46.81,47.48,44.27,44.72,24142853
2020-03-12,41.12,43.4,39.71,39.8,24123760
2020-03-13,44.45,47.99,43.42,47.93,28339433
2020-03-16,42.51,47.57,41.26,42.72,27493699
2020-03-17,43.62,47.71,41.66,46.86,25588856
2020-03-18,43.67,47.8,42.56,47.27,29557006
2020-03-19,46.47,47.97,44.87,45.07,20159074
2020-03-20,45.02,46.7,44.51,45.65,26341191
2020-03-23,45,46.49,43.88,44.19,23063662
2020-03-24,45.33,48.01,45.3,47.84,19323686
2020-03-25,47.1,48.74,45.48,45.94,25625781
2020-03-26,46.38,50.74,46.19,50.48,22418935
2020-03-27,49.09,51.6,48.56,49.83,20025303
2020-03-30,50.4,51.58,49.59,50.36,20611903
2020-03-31,51.12,51.18,48,48.33,15803792
2020-04-01,46.55,48.99,46.04,48.71,17918494
2020-04-02,48.18,49.89,48.1,49.8,16434410
2020-04-03,49.3,50.05,48.95,49.4,13362483
2020-04-06,50.4,51.88,50.35,51.49,13845785
2020-04-07,52.15,52.33,50.71,50.76,14063019
2020-04-08,50.98,52.68,50.88,52.13,15710702
2020-04-09,52.24,53.62,52.03,53.18,15521532
2020-04-13,52.7,53.14,52.4,52.97,12695030
2020-04-14,53.71,54.1,53.45,54,11674648
2020-04-15,53.21,53.45,52.81,53.16,10398180
2020-04-16,53.15,53.87,53.07,53.7,14098314
2020-04-17,54.52,54.72,53.97,54.62,13608890
2020-04-20,54.05,54.58,53.8,53.91,10358912
2020-04-21,53.23,53.34,51.12,51.31,14111658
2020-04-22,52.03,52.58,51.77,52.27,9669227
2020-04-23,52.23,52.99,51.45,51.97,10330317
2020-04-24,52.41,53.05,51.96,53.01,9404138
2020-04-27,53.36,53.64,53.06,53.37,9123356
2020-04-28,53.9,54.15,53.13,53.2,8350539
2020-04-29,53.95,54.28,53.69,53.88,9064459
2020-04-30,53.47,53.6,52.8,52.97,11808809
2020-05-01,52.38,52.44,51.31,51.79,8702464
2020-05-04,51.71,51.79,51.1,51.75,7568136
2020-05-05,52.22,52.86,51.99,52.05,7271831
2020-05-06,52.43,52.5,51.7,51.86,7049965
2020-05-07,52.4,52.92,52.27,52.6,7155008
2020-05-08,53.19,53.78,52.76,53.57,8131796
2020-05-11,53.13,53.83,53.06,53.53,8138678
2020-05-12,53.8,53.83,52.25,52.27,8599125
2020-05-13,52.43,52.49,51.28,51.65,10274294
2020-05-14,51.14,53.03,50.86,52.91,13794017
2020-05-15,52.7,53.99,52.52,52.92,39055671
2020-05-18,53.91,53.95,53.07,53.15,9901976
2020-05-19,53.18,53.25,52.32,52.34,9805061
2020-05-20,53.09,53.27,52.65,52.9,9115916
2020-05-21,52.76,52.94,52.12,52.22,7464119
2020-05-22,52.34,52.64,52.08,52.62,7211659
2020-05-26,53.65,53.68,52.65,52.78,11200711
2020-05-27,53,53.25,52.57,53.2,9228093
2020-05-28,53.76,54.15,53.22,53.62,9465604
2020-05-29,53.62,53.94,52.99,53.77,14735338
2020-06-01,53.28,53.38,52.79,53.06,7364358
2020-06-02,53.24,53.29,52.64,53.28,8756250
2020-06-03,53.33,53.62,52.99,53.49,9188780
2020-06-04,53.23,53.69,52.63,52.85,9696217
2020-06-05,53.09,54.27,52.74,53.98,12210054
2020-06-08,53.35,55.12,53.28,55.1,11519522
2020-06-09,55,55.06,53.88,54.18,8852655
2020-06-10,54.5,54.66,53.9,54.11,7436715
2020-06-11,53.25,53.56,51.23,51.31,12806143
2020-06-12,52.45,53,50.98,51.86,11537560
2020-06-15,50.96,53.43,50.91,53.25,16038072
2020-06-16,54.46,55,53.78,54.59,19380240
2020-06-17,53.03,53.74,51.5,51.52,28692615
2020-06-18,51.6,53.99,51.32,53.69,19259542
2020-06-19,54.21,54.46,52.98,54.4,33020470
2020-06-22,54.09,55.38,53.88,55.12,16705854
2020-06-23,55.3,55.97,55.13,55.19,18695018
2020-06-24,55.12,55.68,54.33,54.44,18287769
2020-06-25,54.4,54.59,53.54,54.53,16008724
2020-06-26,54.35,54.58,53.63,54.18,17969438
2020-06-29,54.23,54.96,53.85,54.76,14366908
2020-06-30,54.8,55.44,54.49,55.27,18885859
2020-07-01,54.69,55.88,54.68,55.49,17856751
2020-07-02,55.79,56.42,55.65,55.94,15478903
2020-07-06,56.19,56.83,56.16,56.6,15309672
2020-07-07,56.35,56.95,56.22,56.31,13232198
2020-07-08,56.63,56.68,55.99,56.66,12582610
2020-07-09,56.99,57.8,56.82,57.53,15692557
2020-07-10,57.47,57.52,56.69,57.39,12615792
2020-07-13,57.4,57.83,56.97,57.01,15965564
2020-07-14,56.67,57.29,56.48,57.2,15510256
2020-07-15,57.42,57.84,56.38,56.62,10571043
2020-07-16,56.42,56.49,55.58,55.82,8779360
2020-07-17,56.08,56.12,54.76,54.9,14345065
2020-07-20,54.88,55.51,54.69,55.4,11469286
2020-07-21,55.8,56.33,55.58,55.91,11875095
2020-07-22,55.7,56.17,55.7,56.01,13842610
2020-07-23,56,56.36,55.6,55.76,12576046
2020-07-24,55.47,56.03,55.26,55.65,8939667
2020-07-27,55.66,55.95,55.32,55.34,10319936
2020-07-28,55.25,55.74,55.2,55.35,13030193
2020-07-29,55.56,55.9,55.35,55.7,7243071
2020-07-30,55,55.48,54.89,55.25,7633243
2020-07-31,55.18,55.47,54.33,55.45,9352834
2020-08-03,55.78,56.09,55.49,55.98,9165025
2020-08-04,55.78,56.01,55.53,56,6364339
2020-08-05,56.32,56.32,55.38,55.5,6629046
2020-08-06,55.49,55.6,54.94,55.28,8169855
2020-08-07,55.01,55.24,54.76,55.23,8772264
2020-08-10,55.24,55.62,54.88,54.94,10047111
2020-08-11,55.24,55.46,54.13,54.27,8075289
2020-08-12,54.52,54.7,53.97,54.17,9068344
2020-08-13,53.91,54.19,53.68,54.02,8260423
2020-08-14,54.03,54.56,53.77,54.2,5454407
2020-08-17,54.2,54.39,53.66,53.99,9523832
2020-08-18,55.62,56.92,54.87,55.18,21102607
2020-08-19,55.58,56.8,55.46,56.2,16751451
2020-08-20,55.59,55.81,55.09,55.26,10975123
2020-08-21,55.38,55.45,54.73,55.19,9551993
2020-08-24,55.76,56.1,55.44,56.01,7892051
2020-08-25,56.15,56.75,56.02,56.09,7427033
2020-08-26,56.34,57.49,56.06,57.49,11597557
2020-08-27,57.45,58.45,56.58,57.18,15834697
2020-08-28,57.33,58.16,57.21,57.88,8613830
2020-08-31,57.13,57.76,57.03,57.22,18683506
2020-09-01,57.37,58.01,57.08,57.66,10170906
2020-09-02,57.72,59.32,57.72,59.03,14342824
2020-09-03,58.72,58.99,56.65,57.1,15387416
2020-09-04,56.88,57.26,55.15,55.73,14697178
2020-09-08,55.35,55.79,54.87,55.32,16472847
2020-09-09,56.16,57.4,55.86,56.95,13993244
2020-09-10,57.44,58.18,56.75,57.33,20500894
2020-09-11,60.71,61.86,56.87,57,40220642
2020-09-14,60.86,61.5,59.35,59.46,50107372
2020-09-15,60.01,61.68,59.39,60.94,30385568
2020-09-16,61.12,61.39,59.65,60.43,21258937
2020-09-17,59.42,60.61,59,60.18,22831155
2020-09-18,59.98,60.29,59.42,59.75,49311743
2020-09-21,62.46,62.6,60.03,60.82,32560391
2020-09-22,60.38,60.75,59.46,60.62,13306036
2020-09-23,60.11,60.49,58.9,58.96,15513546
2020-09-24,58.74,59.9,58.29,59.3,9560454
2020-09-25,59.27,59.99,58.96,59.8,9371875
2020-09-28,60.03,60.54,59.47,59.58,9356280
2020-09-29,59.58,60.16,59.4,59.47,6394062
2020-09-30,59.52,60.39,59.37,59.7,11001511
2020-10-01,60.17,60.27,59.45,59.68,7357652
2020-10-02,58.71,59.52,58.51,58.83,7329794
2020-10-05,59.44,59.67,59.09,59.56,6899164
2020-10-06,59.51,60.53,59.4,59.51,9743637
2020-10-07,59.77,60.9,59.63,60.59,8690909
2020-10-08,60.79,61.3,60.63,60.89,7202796
2020-10-09,61.15,61.38,60.86,61.15,7355665
2020-10-12,61.24,61.83,61.07,61.46,8274959
2020-10-13,61.57,61.78,60.88,60.97,8896300
2020-10-14,61.35,61.53,60.85,60.96,6652230
2020-10-15,60.27,60.74,60.08,60.52,6251805
2020-10-16,60.71,61.11,60.26,60.29,6070963
2020-10-19,60.39,60.75,59.39,59.62,8311250
2020-10-20,59.92,60.33,59.63,59.75,9241256
2020-10-21,59.34,60.12,59.22,59.67,10114873
2020-10-22,59.44,59.87,58.69,59.69,11900906
2020-10-23,59.9,60.16,59.71,59.9,9739283
2020-10-26,58.1,58.48,56.53,57.49,18876908
2020-10-27,57.64,57.98,57.02,57.08,10806520
2020-10-28,56.27,56.6,55.53,55.59,13910925
2020-10-29,55.2,56.76,55.14,56.02,13573708
2020-10-30,55.75,56.63,55.45,56.11,12603416
2020-11-02,56.44,57.47,56.12,56.45,11413156
2020-11-03,57,57.5,56.56,56.8,8911182
2020-11-04,58,58.09,56.35,56.49,12054854
2020-11-05,57.46,57.65,56.42,56.66,9017093
2020-11-06,56.77,56.98,56.15,56.8,7510696
2020-11-09,58.19,59.08,56.77,56.84,11486564
2020-11-10,56.91,57.24,56.2,56.67,9016029
2020-11-11,57.06,57.63,56.8,57.2,7724436
2020-11-12,57.26,57.49,56.1,56.45,7325363
2020-11-13,56.88,57.09,56.54,56.91,5871756
2020-11-16,57.02,57.61,56.88,57.15,6309178
2020-11-17,57,57.39,56.81,57.12,5569888
2020-11-18,57.12,57.29,56.24,56.25,8998775
2020-11-19,56.09,56.48,55.56,56.45,9643358
2020-11-20,56.36,56.44,55.68,55.7,8397531
2020-11-23,55.85,56.57,55.77,56.08,8236572
2020-11-24,56.6,57.9,56.36,57.57,10427806
2020-11-25,57.72,57.76,57.26,57.41,6848882
2020-11-27,57.4,57.87,57.15,57.76,5627039
2020-11-30,57.61,58.2,57.2,57.72,26676923
2020-12-01,58.2,59.28,58.01,58.74,11856022
2020-12-02,58.29,59.27,58.14,59.08,9330428
2020-12-03,59.22,59.98,59.06,59.27,9783917
2020-12-04,59.31,60.55,59.27,59.96,10872722
2020-12-07,59.96,60.2,59.63,59.8,14922926
2020-12-08,58.99,59.71,58.22,59.03,15237803
2020-12-09,58.89,59.91,58.8,59.73,12204062
2020-12-10,59.51,59.81,59.04,59.48,14219868
2020-12-11,60.94,61,59.42,60.61,16209933
2020-12-14,60.83,61.66,60.69,60.76,16193565
2020-12-15,61.09,62.19,60.9,61.86,15510275
2020-12-16,61.87,63.19,61.85,62.78,16119875
2020-12-17,62.99,64.05,62.73,63.61,15320549
2020-12-18,63.48,65.33,63.43,65.06,33728701
2020-12-21,63.89,65.19,63.88,64.48,18210155
2020-12-22,64.56,66,64.43,65.15,17148222
2020-12-23,65.26,66.2,65.15,65.3,13075190
2020-12-24,65.05,65.59,64.78,64.96,3796498
2020-12-28,65.41,65.69,64.75,64.87,6463473
2020-12-29,65.25,65.27,64.22,64.46,7770151
2020-12-30,64.8,64.91,64.35,64.4,6191976
2020-12-31,64.34,64.77,64.01,64.69,6928616
2021-01-04,64.69,64.7,63.17,63.75,11249924
2021-01-05,63.68,63.79,62.48,62.96,11005681
2021-01-06,62.27,63.35,61.91,62.57,8685354
2021-01-07,62.85,63.74,62.85,63.07,7383087
2021-01-08,63.18,63.54,62.91,63.38,7751661
2021-01-11,62.95,63.57,62.84,63.03,6286635
2021-01-12,63,63.02,62.18,62.42,7758409
2021-01-13,62.32,62.59,61.97,62.06,8298324
2021-01-14,62.07,62.17,61.51,61.6,10258642
2021-01-15,61.6,62,61.21,61.78,7532602
2021-01-19,62.1,62.29,61.1,61.29,8903369
2021-01-20,61.37,62.03,61.15,61.56,7025010
2021-01-21,61.65,61.85,60.92,61.21,6951250
2021-01-22,60.94,61.15,59.74,60.36,9897003
2021-01-25,60.38,60.95,59.77,60.9,8524722
2021-01-26,61.06,62.04,60.84,61.8,8186548
2021-01-27,61.4,63.18,61.37,62.55,14789029
2021-01-28,62.55,63.24,61.17,61.22,11166414
2021-01-29,61.16,61.5,60.21,60.43,11451806
2021-02-01,60.92,62.01,60.74,61.51,10553525
2021-02-02,61.88,62.92,61.8,62.37,10528004
2021-02-03,62.18,62.75,61.98,62.17,9933501
2021-02-04,62.48,63.39,62.25,63.35,9928668
2021-02-05,63.5,64.07,63.28,63.6,9170225
2021-02-08,63.79,63.87,62.84,63.11,7003488
2021-02-09,63.08,63.85,62.91,63.67,5437365
2021-02-10,63.84,63.9,62.93,63.27,9577544
2021-02-11,63.56,63.97,62.28,62.7,7690915
2021-02-12,62.32,63.12,62.31,63.08,6663628
2021-02-16,63.11,63.26,62.1,62.14,7526113
2021-02-17,61.83,62.15,61.36,62.09,6245136
2021-02-18,61.81,62.21,61.66,62.07,6262831
2021-02-19,62.26,62.36,61.08,61.13,10905120
2021-02-22,62.85,64.97,62.28,64.45,20940315
2021-02-23,64.42,65.22,64.05,64.5,18175420
2021-02-24,64.49,65.15,64.08,64.7,10609343
2021-02-25,64.64,66.36,64.58,65.3,15356112
2021-02-26,65.54,66.28,64.5,64.51,20512572
2021-03-01,64.95,66.73,64.77,66.17,11758868
2021-03-02,66.15,67.42,66,66.66,13282034
2021-03-03,66.25,67.54,66.2,66.91,15827615
2021-03-04,66.68,67.31,65.31,65.61,19951123
2021-03-05,67.31,71.72,67.31,69.97,34211451
2021-03-08,70.47,72.94,70.1,72.16,23300493
2021-03-09,72.4,73.22,72,72.64,17296384
2021-03-10,73.5,73.62,71.5,72.12,21378578
2021-03-11,67.65,68.1,65.43,67.41,38095367
2021-03-12,66.96,67.87,66.45,67.16,11606331
2021-03-15,66.95,67.78,66.9,67.73,8921150
2021-03-16,68,68.07,66.68,66.85,14512509
2021-03-17,66.8,66.85,66.16,66.22,11892394
2021-03-18,66.47,67.01,66.09,66.74,13751415
2021-03-19,66.79,66.83,65.96,66.26,30963637
2021-03-22,66.22,66.52,65.86,66.32,10263671
2021-03-23,66.33,67.94,66.33,67.27,12390136
2021-03-24,67.11,67.41,66.74,66.83,11391115
2021-03-25,66.96,68.73,66.76,68.63,14844716
2021-03-26,68.57,70.37,68.28,70.25,12617298
2021-03-29,70.21,72.33,70.17,71.13,15183697
2021-03-30,70.83,71.05,69.95,70.55,12000182
2021-03-31,70.7,71.1,69.91,70.17,9971736
2021-04-01,70.46,71.83,70.33,71.81,13228748
2021-04-05,72.19,74.9,72.06,74.16,25010153
2021-04-06,73.62,74.65,73.16,74.28,14699810
2021-04-07,73.6,74.18,73.45,74.07,12356770
2021-04-08,74.27,75.53,74.15,75.28,13507957
2021-04-09,75.35,75.69,74.9,75.58,13285733
2021-04-12,75.25,76.19,75.2,76.12,10634896
2021-04-13,76.16,77.01,75.9,76.67,13142446
2021-04-14,77.04,77.36,76.51,76.82,12730816
2021-04-15,77,78.55,76.83,78.29,13604189
2021-04-16,78.31,79.34,77.86,78.95,13334088
2021-04-19,78.81,80.21,78.34,78.75,19967188
2021-04-20,78.7,79.42,78.65,79.24,12562254
2021-04-21,78.79,79.34,76.53,76.66,18672795
2021-04-22,76.11,76.48,74.75,74.87,16769293
2021-04-23,74.29,75,73.85,74.97,10665756
2021-04-26,74.97,75.04,74.2,74.5,9402153
2021-04-27,74.39,75.43,74.22,75.22,9300188
2021-04-28,75.16,75.27,74.66,74.77,6107809
2021-04-29,75.38,75.9,74.64,75.87,7940387
2021-04-30,75.56,75.92,75.19,75.79,7825321
2021-05-03,76.28,77.48,76.08,77.33,15319639
2021-05-04,77.07,78.7,76.93,78.53,15316549
2021-05-05,78.97,79.83,78.42,79.19,12121945
2021-05-06,79.18,79.96,78.56,79.74,14089717
2021-05-07,79.81,80.54,78.58,80.4,14073449
2021-05-10,78.77,80.72,78.6,80.15,17356662
2021-05-11,79.75,79.9,77.25,77.69,12980394
2021-05-12,77.57,78.19,76.53,76.75,12302575
2021-05-13,77.53,78.44,76.88,78.14,11399492
2021-05-14,78.12,79.05,78.12,78.89,9033402
2021-05-17,78.88,79.53,78.85,79.08,6637900
2021-05-18,78.99,79.47,78.39,78.69,6643073
2021-05-19,77.81,78.77,77.55,78.74,8165040
2021-05-20,78.95,79.32,78.68,78.72,8802676
2021-05-21,79.19,79.85,78.98,79.03,8628957
2021-05-24,79.49,79.88,79.14,79.38,7044732
2021-05-25,79.61,79.68,78.65,78.83,7160582
2021-05-26,78.59,79.37,78.55,79.26,12851068
2021-05-27,79.5,80.05,78.84,78.98,12867810
2021-05-28,78.95,79.36,78.67,78.74,6929875
2021-06-01,79.58,79.83,78.48,79.57,10485636
2021-06-02,79.7,80.93,79.51,80.27,12249543
2021-06-03,79.8,81.46,79.65,81.09,12038728
2021-06-04,81.42,83.96,81.37,82.89,14502894
2021-06-07,82.94,84.25,82.85,83.94,10445620
2021-06-08,84.03,85.03,84,84.61,10726824
2021-06-09,84.6,84.83,84.03,84.52,9720292
2021-06-10,84.16,84.46,81.71,82.3,16680776
2021-06-11,81.98,83.24,81.84,82.9,11066521
2021-06-14,83,83.1,82.13,82.62,10173176
2021-06-15,82,82.51,81.35,81.64,17298048
2021-06-16,77.99,78.55,75.9,77.08,36560609
2021-06-17,76.99,77.74,76.56,77.56,14836059
2021-06-18,76.9,76.91,75.97,76.23,22521187
2021-06-21,76.61,78.1,76.55,77.99,8924329
2021-06-22,78.06,79.19,77.66,78.68,9845790
2021-06-23,78.76,78.87,78.06,78.1,7295957
2021-06-24,78.65,78.96,77.61,77.74,9623990
2021-06-25,78.03,78.61,77.56,78.46,12845044
2021-06-28,78.49,78.97,78.33,78.5,5605358
2021-06-29,78.54,78.59,77.82,78.1,5392865
2021-06-30,77.59,78.21,77.58,77.84,7899840
2021-07-01,77.98,79.62,77.91,79.54,13108048
2021-07-02,79.45,82.26,79.35,81.82,15258432
2021-07-06,81.6,83.63,81.36,83.08,14200383
2021-07-07,83.17,87.17,82.96,86.09,20976638
2021-07-08,85.02,86.89,84.66,85.59,16383270
2021-07-09,85.88,88.4,85.78,87.76,15685337
2021-07-12,87.53,88.85,86.97,87.08,16076792
2021-07-13,86.7,87.93,86.53,87.07,12789253
2021-07-14,87.08,88.67,86.66,88.28,13330546
2021-07-15,88.1,88.77,85.51,86.24,18306277
2021-07-16,86.75,88.48,86.52,87.49,14617487
2021-07-19,86.91,87.87,86.19,86.98,15619867
2021-07-20,87.1,89.05,87.02,88.66,12813858
2021-07-21,88.89,90.25,88.46,89.69,13108092
2021-07-22,90,91.14,89.68,90.69,13639256
2021-07-23,90.99,91.2,87.12,87.69,12680902
2021-07-26,87.44,88.1,86.67,87.86,10454091
2021-07-27,87.76,88.6,87.12,87.8,8465196
2021-07-28,87.9,87.95,87.12,87.18,6397023
2021-07-29,87.68,88.26,87.33,87.63,6201421
2021-07-30,87.41,88.15,86.87,87.14,7962771
2021-08-02,87.73,87.93,87.09,87.6,5579320
2021-08-03,87.88,90.17,87.81,89.74,9889768
2021-08-04,89.79,90.09,89.28,90.05,7509939
2021-08-05,90.18,90.52,88.76,89.43,8231282
2021-08-06,89.24,89.88,88.82,89.52,6513914
2021-08-09,89.46,90.47,89.1,89.9,5798690
2021-08-10,89.1,90.12,88.93,89.64,5473399
2021-08-11,89.9,90.42,89.51,89.63,8009834
2021-08-12,89.11,89.98,88.67,89.81,5687319
2021-08-13,90.62,91.34,89.95,90.38,6640448
2021-08-16,89.86,90.84,89.54,90.82,7123782
2021-08-17,90.99,91.78,90.37,90.95,6738472
2021-08-18,90.49,91.05,88.86,88.94,7666310
2021-08-19,88.29,89.39,88.23,88.71,8099673
2021-08-20,88.8,89.4,88.3,88.94,8716473
2021-08-23,89.49,89.57,88.71,89.12,7147300
2021-08-24,89.21,89.65,88.47,88.55,6320123
2021-08-25,88.55,88.9,88.05,88.62,5748627
2021-08-26,88.81,89.18,88.46,88.72,9093352
2021-08-27,88.79,89.52,88.61,89.35,5426758
2021-08-30,89.46,89.98,89.3,89.45,5356951
2021-08-31,89.45,89.5,88.49,89.13,8113258
2021-09-01,89.26,90.17,88.87,89.95,8208004
2021-09-02,90.17,90.5,89.41,89.8,7717680
2021-09-03,89.34,90.48,89.3,90,8457134
2021-09-07,90.04,90.67,88.54,88.72,11046158
2021-09-08,88.14,89.6,87.97,89.47,8851215
2021-09-09,89.6,90.83,89.41,89.54,11034731
2021-09-10,89.65,90.55,89.51,89.68,10547389
2021-09-13,90.12,90.51,88.23,88.89,18883408
2021-09-14,86.19,86.95,84.73,86.39,22714211
2021-09-15,86.55,88.36,86.17,87.73,14951102
2021-09-16,87.67,87.97,86.19,87.25,12410530
2021-09-17,86.21,87.57,85.95,86.39,58069781
2021-09-20,85.03,87.41,84.93,86.17,13897724
2021-09-21,86.74,87.66,86.12,86.92,11124697
2021-09-22,87.62,89,87.24,88.44,9908007
2021-09-23,88.94,90.06,88.66,89.42,9720231
2021-09-24,89.27,90.06,88.94,89.94,7617784
2021-09-27,89.78,91.31,89.15,91.04,11532971
2021-09-28,90.64,92.27,90.05,90.49,15041761
2021-09-29,91.15,92.08,91,91.25,12007329
2021-09-30,91.25,91.58,87.12,87.13,15651919
2021-10-01,87.76,90.27,87.6,89.74,13320918
2021-10-04,89.48,90.43,88.96,89.26,10853862
2021-10-05,89.35,91.97,89.17,91.49,9788585
2021-10-06,90.42,91.5,89.65,91.34,10268251
2021-10-07,91.71,92.88,91.65,92.31,9124444
2021-10-08,92.38,95.02,92.11,94.39,13202330
2021-10-11,94.29,96.8,94.2,95.29,12959279
2021-10-12,95.83,96.52,95.26,95.57,9964109
2021-10-13,96.1,96.99,95.95,96.4,9461742
2021-10-14,96.8,97.35,94.37,95.28,7911808
2021-10-15,95.09,96.04,94.73,95.33,7423125
2021-10-18,95.5,96.65,95.1,96.51,7344106
2021-10-19,97,97.28,96.32,97.06,5616545
2021-10-20,97.27,97.97,96.25,96.64,6574073
2021-10-21,96.57,96.83,95.71,96.3,6224679
2021-10-22,96.29,98.27,96.22,98.25,6819582
2021-10-25,98.44,98.95,97.55,97.89,5083106
2021-10-26,98.3,98.56,96.94,96.98,7089655
2021-10-27,96.81,97.3,96,96.03,5941450
2021-10-28,96.65,97.7,95.93,96.23,5177185
2021-10-29,95.79,96.97,95.46,95.94,7578628
2021-11-01,96,96.03,93.91,94.38,7327599
2021-11-02,93.73,95.92,93.5,95.87,6229796
2021-11-03,96.5,96.87,94.75,96.15,5746432
2021-11-04,96.23,96.61,95.32,95.63,5857745
2021-11-05,96.2,96.55,94.1,94.95,6160237
2021-11-08,95.25,95.25,94.31,95.14,5056415
2021-11-09,95.11,95.61,94.06,94.59,6102570
2021-11-10,94.1,94.85,93.36,93.83,5828755
2021-11-11,94.11,94.76,93.8,94.04,3620667
2021-11-12,94.29,94.47,93.43,93.54,6435453
2021-11-15,93.82,94.25,92.92,94.02,5700925
2021-11-16,94.14,96.37,94.02,95.61,7392924
2021-11-17,95.76,96.14,94.82,95.33,6257596
2021-11-18,95.15,95.33,93.5,94.66,5727254
2021-11-19,94.81,96.96,93.94,93.97,8938025
2021-11-22,93.73,95.67,93.41,94.61,6489341
2021-11-23,94.16,94.29,92.26,92.94,8905642
2021-11-24,92.23,93.7,92.15,93.58,10908548
2021-11-26,92.89,94.08,92.07,92.33,4519322
2021-11-29,93.17,94.13,92.87,92.94,9552635
2021-11-30,93.02,93.52,90.61,90.74,23271206
2021-12-01,91.69,92.39,89.66,89.75,12085340
2021-12-02,89.4,91.04,89,89.99,7090016
2021-12-03,90.35,90.79,87.72,88.24,10808740
2021-12-06,88.34,89.17,87.85,88.94,8398492
2021-12-07,89.98,90.73,89.21,90.05,6803903
2021-12-08,90.05,90.17,87.91,88.94,7695809
2021-12-09,89.12,89.99,88.24,88.77,8615780
2021-12-10,104.29,106.34,100.1,102.63,45824639
2021-12-13,102.44,104.36,100.52,100.89,16317620
2021-12-14,100,101.46,99.39,99.89,9511569
2021-12-15,100.58,103.76,100.24,103.65,14452216
2021-12-16,103.95,104,102.28,103.22,9053176
2021-12-17,97.69,99.95,95.81,96.62,28961171
2021-12-20,96.42,96.42,91.52,91.64,17205399
2021-12-21,91.81,91.84,89.71,91.51,15822978
2021-12-22,91.27,91.86,89.51,89.86,10538961
2021-12-23,90.03,90.36,89.06,89.72,9655431
2021-12-27,89.7,90.33,89.02,89.54,7668988
2021-12-28,89.7,89.8,88.52,88.65,5614472
2021-12-29,88.5,89.19,87.72,88.21,5628531
2021-12-30,88.65,88.91,87.77,88.01,7382356
2021-12-31,88.05,88.1,87.18,87.21,5908158
2022-01-03,87.33,87.94,85.76,87.9,10653484
2022-01-04,87.9,89.58,87.73,88.84,11958975
2022-01-05,88.49,88.6,86.22,86.46,11236680
2022-01-06,86,87.42,85.55,86.34,7918392
2022-01-07,86.45,88,86.28,87.51,9836795
2022-01-10,87.38,89.38,86.95,89.28,11025508
2022-01-11,88.64,89,87.41,88.48,7249777
2022-01-12,88.89,89.52,87.67,88.31,5840337
2022-01-13,88.73,88.92,87.55,87.79,6044282
2022-01-14,87.48,88.1,86.66,87.69,6054842
2022-01-18,86.87,86.97,85.34,85.55,6827937
2022-01-19,85.77,86.69,83.23,83.38,10501777
2022-01-20,83.92,85,82.52,82.72,10836879
2022-01-21,83.36,83.39,82.03,82.22,11608986
2022-01-24,81.22,82.42,79.59,82.42,16771776
2022-01-25,81.33,82.1,80.2,81.07,13469908
2022-01-26,81.91,82.03,79.28,79.59,13971284
2022-01-27,80.11,81.15,79.2,79.78,10333982
2022-01-28,79.99,80.5,78.57,80.48,7854679
2022-01-31,80.49,81.64,80.12,81.16,10594228
2022-02-01,81.4,81.4,79.65,81.04,8016863
2022-02-02,81.16,82.88,80.84,82.5,9287553
2022-02-03,81.63,82.76,81.63,81.94,8207183
2022-02-04,82.03,82.91,81.47,82.11,5570209
2022-02-07,82.14,82.25,80.66,80.74,6292225
2022-02-08,80.29,80.86,79.8,80.79,6585399
2022-02-09,81.75,83.65,81.65,83.45,8755857
2022-02-10,82.75,83.78,81.62,81.85,6336287
2022-02-11,81.84,82.43,79.53,79.75,7670453
2022-02-14,79.58,79.73,78.44,78.95,5389794
2022-02-15,79.39,79.93,79.21,79.77,5713602
2022-02-16,79.47,79.78,78.22,79.19,6227096
2022-02-17,78.76,78.98,75.33,75.53,9247133
2022-02-18,75.5,75.73,74.28,74.57,7790102
2022-02-22,73.82,74.91,73.62,74.12,8039023
2022-02-23,74.07,74.38,72.35,72.47,6807081
2022-02-24,70.94,74.94,70.23,74.81,11240472
2022-02-25,74.65,76.83,74.32,76.35,8291803
2022-02-28,75.57,76.7,75.02,75.97,9234369
2022-03-01,75.98,76.5,75.62,76.01,8752131
2022-03-02,76.45,78.86,76.25,78.28,8527165
2022-03-03,78.96,79.04,77.43,78.25,8203025
2022-03-04,77.67,77.91,75.78,76.49,8841964
2022-03-07,76.29,76.39,73.44,74.32,11110149
2022-03-08,73.84,75.23,73.11,73.33,9134057
2022-03-09,74.92,76.95,74.69,76.1,8959496
2022-03-10,75.1,76.85,75.03,76.65,13812596
2022-03-11,76.7,79.9,74,77.82,22795849
2022-03-14,77.92,78.6,75.44,77.07,13306302
2022-03-15,78.05,81.54,77.07,80.6,16847194
2022-03-16,81,81.23,77.75,79.96,14071329
2022-03-17,79.78,81.29,79.26,80.6,10462536
2022-03-18,79.63,81.99,78.84,81.68,24176035
2022-03-21,81.28,81.98,80.27,80.96,8131283
2022-03-22,81.46,82.23,80.83,81.8,9292304
2022-03-23,81.25,81.41,80.22,80.39,7451282
2022-03-24,80.65,82.82,80.49,82.24,7025694
2022-03-25,82.04,82.84,81.23,81.73,5685003
2022-03-28,81.74,83.71,81.74,83.6,6626753
2022-03-29,84.49,84.51,83.11,84.29,5762029
2022-03-30,83.96,84.36,83.12,83.36,5533157
2022-03-31,83.11,83.91,82.59,82.73,9433347
2022-04-01,83.04,83.36,81.47,82.01,6147478
2022-04-04,82.25,84.3,82,84.07,7884320
2022-04-05,83.4,84.52,82.67,82.94,5143421
2022-04-06,81.92,82.47,81.37,82.12,5492353
2022-04-07,81.25,82.01,80.78,81.54,7112164
2022-04-08,81.71,81.83,80.26,80.94,6182460
2022-04-11,80.63,81.13,79.7,79.76,5738411
2022-04-12,79.95,80.99,79.02,79.33,6174735
2022-04-13,79.26,79.96,78.63,79.75,4728639
2022-04-14,79.83,80.36,79.32,79.45,5590385
2022-04-18,79.15,79.98,77.91,78.22,4955883
2022-04-19,78.25,79.78,78.24,79.56,5412371
2022-04-20,79.79,81.86,79.79,80.29,9472638
2022-04-21,81.49,81.6,79.33,79.48,5616095
2022-04-22,79.27,79.7,76.16,76.21,9357054
2022-04-25,76.2,77.06,74.7,76.98,7305933
2022-04-26,76.35,76.65,74.48,74.51,7555238
2022-04-27,74.58,76.02,74.42,74.76,7279244
2022-04-28,75.52,76.63,74.6,76.14,6178748
2022-04-29,75.34,75.87,73.15,73.4,7946947
2022-05-02,73.93,74.6,72.53,74,7379947
2022-05-03,73.85,74.21,72.81,73.29,5211626
2022-05-04,73.38,75.35,72.79,75.21,6760142
2022-05-05,74,74.72,71.99,72.8,7197207
2022-05-06,72.13,72.94,71.63,72.49,6222457
2022-05-09,71.64,72.59,71.17,71.54,7019736
2022-05-10,72.5,73.62,71.27,72.53,8129032
2022-05-11,72.31,73.46,70.87,71.03,6932051
2022-05-12,70.88,70.93,68.97,70.73,11698892
2022-05-13,70.96,71.98,70.53,71.17,6700124
2022-05-16,70.69,70.91,69.39,69.71,6942287
2022-05-17,71.05,71.9,70.7,71.88,5952505
2022-05-18,70.8,70.94,67.81,68.3,7977287
2022-05-19,67.48,67.9,66.72,67.04,9451784
2022-05-20,67.88,68.69,66.85,68.63,7531062
2022-05-23,69.31,70.47,68.67,70.04,7370173
2022-05-24,69.67,70.53,68.31,69.03,6644122
2022-05-25,68.88,70.22,68.77,69.83,7103302
2022-05-26,70.13,72.12,69.91,71.66,6759102
2022-05-27,72.36,72.85,71.55,72.78,6566671
2022-05-31,72.23,72.98,71.52,71.92,16890347
2022-06-01,73.02,73.27,71.15,71.6,5804707
2022-06-02,71.48,73.19,71.01,73.14,6200443
2022-06-03,72.56,72.96,71.23,71.79,8169519
2022-06-06,72.63,74.84,72.63,72.97,5274706
2022-06-07,71.59,73.13,71.59,72.69,5675655
2022-06-08,72.01,72.15,70.94,71.38,5253466
2022-06-09,70.77,71.16,69.2,69.22,6828482
2022-06-10,67.98,68.22,66.96,67.14,10261566
2022-06-13,65.78,66.1,63.76,64.05,16547246
2022-06-14,72,72.43,69.02,70.72,29661295
2022-06-15,70.45,71.42,68.67,69.7,11765545
2022-06-16,68.5,68.96,67.58,68.71,10685987
2022-06-17,68.75,69.37,67.39,67.72,16445643
2022-06-21,68.61,69.53,67.39,67.68,10047748
2022-06-22,66.93,67.57,66.38,66.53,8222382
2022-06-23,66.45,67.87,66.31,67.63,8775794
2022-06-24,68.33,70.78,67.97,70.7,20132584
2022-06-27,69.37,70.85,68.94,70.41,8840843
2022-06-28,70.57,71.07,68.53,68.58,7253564
2022-06-29,69.03,70.09,68.78,69.21,8077928
2022-06-30,68.21,70.25,68.21,69.87,9888767
2022-07-01,69.85,70.98,69.81,70.87,7805555
2022-07-05,70.38,72,70.18,71.99,9043000
2022-07-06,72.32,72.74,71.31,71.66,6043679
2022-07-07,71.83,71.98,71.18,71.83,7814621
2022-07-08,71.69,72.24,71.33,71.87,4927307
2022-07-11,71,71.97,70.9,71.57,4554846
2022-07-12,71.6,71.94,70.07,70.41,7140901
2022-07-13,69.05,70.53,68.68,70.03,6454765
2022-07-14,69.16,69.58,68.23,69.45,4915580
2022-07-15,70.26,70.87,70,70.74,5134170
2022-07-18,71.25,71.71,70.15,70.21,4642410
2022-07-19,70.64,72.3,70.26,72.24,7160284
2022-07-20,72.55,73.1,72.16,72.59,5655726
2022-07-21,72.15,74.63,72.13,74.54,7005112
2022-07-22,74.82,75.29,74.26,74.9,6659961
2022-07-25,75.1,75.43,74.34,74.86,5721609
2022-07-26,74.8,75.3,73.71,74.03,7284442
2022-07-27,74.38,76.12,74.32,75.87,6677226
2022-07-28,75.64,77.28,75.31,77.04,5688062
2022-07-29,77.01,78.16,77,77.84,5926562
2022-08-01,77.18,77.81,76.7,77.44,5227535
2022-08-02,76.99,77.26,76.06,76.35,6403482
2022-08-03,76.72,77.76,76.3,77.37,6127778
2022-08-04,77.45,77.85,77.11,77.4,3656151
2022-08-05,76.27,77.4,76,77.35,4858132
2022-08-08,76.92,77.43,76.27,76.47,4733592
2022-08-09,76.21,76.91,75.84,76.77,4243763
2022-08-10,77.59,77.98,77.2,77.54,5258490
2022-08-11,77.95,78,77.08,77.16,5555003
2022-08-12,78,79.42,77.66,79.15,6692347
2022-08-15,78.84,79.42,78.5,79.11,3733644
2022-08-16,78.9,79.66,78.85,79.52,6185088
2022-08-17,79,79.77,78.95,79.25,5185253
2022-08-18,79.28,79.88,79.01,79.32,4120543
2022-08-19,79.03,79.13,78.44,78.66,4679022
2022-08-22,77.93,77.93,76.17,76.46,5757837
2022-08-23,76.25,77.01,76.25,76.41,4432266
2022-08-24,76.47,76.56,76.05,76.17,3876359
2022-08-25,76.34,76.91,75.98,76.89,3523549
2022-08-26,76.98,77.26,74.57,74.65,4904315
2022-08-29,74.11,74.86,74.07,74.19,4295701
2022-08-30,74.42,74.67,73.46,74.14,5099130
2022-08-31,74.46,75.15,74.04,74.15,8612925
2022-09-01,74.12,75.37,73.53,75.3,8139759
2022-09-02,75.74,76.77,74.48,74.68,11027695
2022-09-06,74.7,75.19,73.55,73.83,7090148
2022-09-07,73.68,74.67,73.42,74.49,5792572
2022-09-08,74.03,74.8,73.61,74.65,6897091
2022-09-09,74.65,76.01,74.44,75.91,7764742
2022-09-12,76.63,77.38,76.27,77.08,15628850
2022-09-13,76.06,79.41,75.78,76.04,29476532
2022-09-14,75.79,75.87,71.77,72.12,21601363
2022-09-15,71.5,72.09,69.75,70.24,12478141
2022-09-16,69.58,69.8,68.25,68.83,23411963
2022-09-19,68.2,69.13,67.91,69.07,8363973
2022-09-20,68.27,68.46,67.45,68.11,8624496
2022-09-21,68.71,68.88,66.74,66.75,6768203
2022-09-22,66.85,66.94,65.84,66.03,7190884
2022-09-23,65.35,65.44,63.87,64.55,9282634
2022-09-26,64.33,64.92,63.39,63.45,6897757
2022-09-27,64.16,64.4,62.04,62.42,9284984
2022-09-28,62.62,63.35,62.25,63.07,8549898
2022-09-29,62.29,62.6,60.78,61.4,8882075
2022-09-30,61.26,62.14,61.06,61.07,9794421
2022-10-03,60.99,63.24,60.81,63.08,9661405
2022-10-04,63.8,65.83,63.8,65.69,9892607
2022-10-05,65.34,67.19,64.98,66.64,9201607
2022-10-06,66.33,66.81,65.22,65.3,6991998
2022-10-07,64.49,64.62,62.74,63.29,7138048
2022-10-10,63.61,63.9,62.02,62.57,6407213
2022-10-11,61.85,63.1,61.65,62.41,7377104
2022-10-12,62.62,64.28,62.17,63.78,9008662
2022-10-13,62.48,65.71,62.27,65.2,10147221
2022-10-14,65.72,66.61,64.21,64.31,8045062
2022-10-17,65.88,67.57,65.87,67.02,11368318
2022-10-18,68,68.58,66.33,67.03,6688607
2022-10-19,66.49,67.19,65.78,66.3,5506033
2022-10-20,67.53,69.92,67.19,69.25,17600525
2022-10-21,71.03,72.79,70.31,72.7,15652602
2022-10-24,72.93,73.69,71.78,72.92,11489360
2022-10-25,73.45,74.11,72.61,73.14,9137741
2022-10-26,72.61,75.72,72.55,74.82,10693739
2022-10-27,74.75,75.88,74.55,75.15,7053018
2022-10-28,75.3,77.68,75.3,77.36,8758344
2022-10-31,76.5,78.33,76.4,78.07,12348964
2022-11-01,78.6,79.23,76.34,77.11,7752961
2022-11-02,76.65,77.43,75.01,75.12,7524547
2022-11-03,74.72,75.69,74.05,75.03,6761242
2022-11-04,75.94,76.67,74.24,76,7218982
2022-11-07,76.11,77.09,75.49,76.74,5394281
2022-11-08,76.95,77.14,75.02,75.64,9104244
2022-11-09,75.38,76.54,75,75.66,6013703
2022-11-10,77.7,78.47,76.71,77.17,10437314
2022-11-11,77.13,77.89,76.57,77.74,7712925
2022-11-14,77.48,79.54,77.33,78.53,7152952
2022-11-15,78.93,80.68,78.01,79.18,7618478
2022-11-16,79.12,80.23,78.86,79.89,6011890
2022-11-17,79.17,79.58,78.19,79.2,5717402
2022-11-18,80,80.46,78.85,79.73,6106989
2022-11-21,79.57,80.1,78.9,79.82,5235554
2022-11-22,79.89,82.21,79.83,82.12,8796154
2022-11-23,82.12,82.92,81.78,82.56,6347899
2022-11-25,82.85,83.49,82.54,82.72,2754876
2022-11-28,82.11,82.14,81.07,81.39,5113103
2022-11-29,81.33,81.5,80.52,80.85,4928270
2022-11-30,80.47,83.18,80,83.03,9610329
2022-12-01,83.05,84.53,82.35,84.11,6127308
2022-12-02,83.2,83.62,82.58,83.35,4798927
2022-12-05,82.41,82.42,79.41,79.43,9102943
2022-12-06,79.35,79.82,78.06,78.91,7656126
2022-12-07,78.67,79.44,78.58,78.78,5105512
2022-12-08,79.13,80.21,78.53,80.07,5918748
2022-12-09,79.65,80.36,79.54,79.86,6850806
2022-12-12,80.31,81.41,79.94,81.28,15807550
2022-12-13,84.94,85.58,79.7,80.56,22812160
2022-12-14,80.81,82.89,80.57,81.82,11183148
2022-12-15,80.79,81.03,79.46,80.07,8198939
2022-12-16,79.96,80.46,79.48,79.58,19200747
2022-12-19,79.92,81.1,79.68,80.5,7738813
2022-12-20,80.5,81.49,80.35,80.94,6390180
2022-12-21,81.35,82.14,80.94,81.5,5932395
2022-12-22,80.94,81.17,79.43,80.49,8182431
2022-12-23,80.51,80.9,79.99,80.85,4129226
2022-12-27,80.88,81.47,80.61,80.98,4290843
2022-12-28,81.09,81.64,80.19,80.33,3794094
2022-12-29,80.97,81.8,80.7,81.4,3867801
2022-12-30,81.13,81.93,80.76,81.74,5375702
2023-01-03,82.47,83.84,82.26,83.72,8997534
2023-01-04,84.2,85.17,83.64,84.48,7836238
2023-01-05,85,85.4,83.22,84.31,7643784
2023-01-06,84.74,86.34,83.82,85.66,8641597
2023-01-09,86.84,87.59,86.16,86.42,7519836
2023-01-10,85.64,86.61,85.57,86.5,5703270
2023-01-11,87.37,88.66,87.09,88.6,8359667
2023-01-12,88.7,89.2,88.17,88.78,6071099
2023-01-13,87.95,89.47,87.66,89.2,5090938
2023-01-17,89.19,89.44,88.43,88.6,6550412
2023-01-18,88.6,88.63,86.6,86.71,6397707
2023-01-19,86.4,86.99,85.26,85.94,5597039
2023-01-20,86.03,87.38,85.5,87.25,5567493
2023-01-23,87.19,89.13,86.97,88.97,7390256
2023-01-24,89.05,90.1,88,89.7,7004581
2023-01-25,88.7,89.86,87.74,89.64,5896812
2023-01-26,89.89,90.49,89.09,89.83,7302869
2023-01-27,89.5,89.72,88.96,88.99,5676836
2023-01-30,88.47,88.62,86.99,87.35,6255306
2023-01-31,87.69,88.48,87.35,88.46,6200413
2023-02-01,88.37,90.65,88.21,90.05,6141252
2023-02-02,90.66,91.22,88.95,89.38,8269151
2023-02-03,88.47,90.26,88.27,89.62,5671823
2023-02-06,89.51,89.61,88.4,88.53,4097311
2023-02-07,87.87,88.02,86.3,87.74,9226071
2023-02-08,86.93,87.92,86.51,86.69,7624398
2023-02-09,87.14,87.9,86.33,86.65,4960391
2023-02-10,86.53,87.38,86.34,87.14,5318403
2023-02-13,87.28,89.45,87.2,89.42,5560902
2023-02-14,89,89.41,87.71,89.09,7484776
2023-02-15,88.85,89.21,88.03,88.34,4330547
2023-02-16,87.46,88.27,87.01,87.72,5942533
2023-02-17,87.2,87.43,86.51,87.28,6398487
2023-02-21,86.76,86.94,86.15,86.2,5260328
2023-02-22,86.68,87.18,85.98,86.32,5840102
2023-02-23,87.15,89.48,87.06,88.58,8637135
2023-02-24,87.31,88.89,87.14,88.66,7659188
2023-02-27,88.86,88.97,87.36,87.96,6748861
2023-02-28,87.7,88.01,87.18,87.4,7468234
2023-03-01,86.9,87.21,85.99,86.34,5119757
2023-03-02,86.06,87.28,85.87,86.97,5293599
2023-03-03,87.32,89.29,87.08,89.25,5498531
2023-03-06,89.41,90.67,89.15,89.74,7424800
2023-03-07,89.58,90.08,88.05,88.36,5382366
2023-03-08,88.4,89.09,88.15,88.49,5159208
2023-03-09,88.33,89.64,86.53,86.87,10572293
2023-03-10,84.41,85.25,82.88,84.07,16029345
2023-03-13,83.32,85.53,82.04,84.93,10299942
2023-03-14,85.93,85.93,83.43,84.56,8732248
2023-03-15,83.08,83.37,82.12,82.98,11463010
2023-03-16,82.92,85.11,82.08,84.82,10149163
2023-03-17,85,85.98,84.61,85.26,13066028
2023-03-20,85.28,87.51,85.25,86.96,9177289
2023-03-21,87.49,87.85,86.66,87.58,6683731
2023-03-22,87.54,89.16,87.44,87.9,7233663
2023-03-23,88.65,89.64,87.64,87.78,10747139
2023-03-24,87.98,88.48,87.51,88.01,5852248
2023-03-27,88.62,90.5,88.55,90.14,8170050
2023-03-28,90.22,90.88,89.48,89.85,6378927
2023-03-29,90.13,90.66,89.81,90.62,5233647
2023-03-30,90.85,91.18,89.71,90.51,5640690
2023-03-31,90.56,93,90.41,92.92,10476333
2023-04-03,92.38,94,92.09,93.92,8410872
2023-04-04,93.85,94.02,92.93,94,6651475
2023-04-05,93.62,95.11,93.48,94.89,7478750
2023-04-06,94.33,96.08,93.99,95.92,9146244
2023-04-10,94.68,95.11,93.55,93.76,8681735
2023-04-11,93.46,94.13,93.2,93.97,8196049
2023-04-12,94.38,95.32,93.6,93.9,8040306
2023-04-13,94.18,95.75,93.94,95.55,6240215
2023-04-14,95.5,95.99,94.68,95.71,6485060
2023-04-17,95.64,95.99,95.31,95.59,4772486
2023-04-18,96,96.74,95.77,96.47,7219366
2023-04-19,95.59,96.47,95.59,95.81,4766371
2023-04-20,96,96.15,94.6,94.83,5815527
2023-04-21,95.01,95.31,94.26,95.15,7335787
2023-04-24,95.34,96.08,94.97,95.44,4901783
2023-04-25,95.14,95.7,94.02,94.06,5768842
2023-04-26,93.75,94.81,93.34,93.71,6395726
2023-04-27,94.31,95.09,93.29,95.04,5615746
2023-04-28,94.27,95.4,94.24,94.72,8498551
2023-05-01,94.8,95.73,94.7,94.87,5459865
2023-05-02,94.93,95.24,93.85,94.8,5995080
2023-05-03,95.07,95.42,94.54,94.78,6744810
2023-05-04,94.98,95.12,94.41,94.97,5038200
2023-05-05,95,97.31,94.83,96.97,8068571
2023-05-08,97.08,97.28,96.44,96.79,5314753
2023-05-09,96.2,96.89,96.1,96.14,6333498
2023-05-10,96.79,97.68,96.26,97.52,5935280
2023-05-11,97.54,97.63,96.34,97.44,5144541
2023-05-12,97.61,97.92,96.93,97.85,4994703
2023-05-15,97.87,97.96,97.05,97.26,4443811
2023-05-16,97.17,98.85,96.92,98.25,6898204
2023-05-17,98.78,100.4,98.43,99.77,9436009
2023-05-18,99.77,102.46,99.73,102.34,10005725
2023-05-19,102.39,103.07,101.92,102.84,8560257
2023-05-22,102.48,103.1,101.73,101.77,5890481
2023-05-23,101.07,101.43,98.47,98.54,10047261
2023-05-24,97.95,98.88,97.29,98.32,6815861
2023-05-25,99.2,104.66,98.77,104.29,16729608
2023-05-26,104.35,106.23,104.03,104.08,13994064
2023-05-30,104.9,105.98,104.19,105.15,10296707
2023-05-31,104.47,106.49,104.15,105.94,13713520
2023-06-01,104.88,106.61,104.78,105.99,7835885
2023-06-02,106.52,106.77,105.75,105.89,8652377
2023-06-05,105.89,107.6,105.51,106.93,7997782
2023-06-06,106.81,107.49,106.15,107.1,7022994
2023-06-07,107.14,108.37,104.84,105.25,9842484
2023-06-08,105.67,107.79,105.35,107.48,9529126
2023-06-09,107.7,110.15,107.41,109.85,12597073
2023-06-12,114.34,117.51,114.34,116.43,39532005
2023-06-13,123.32,123.99,116.02,116.68,39190916
2023-06-14,116.5,122.51,115.74,122.27,26264249
2023-06-15,121.95,127.54,121.66,126.55,27476726
2023-06-16,127.14,127.4,125.15,125.46,19514667
2023-06-20,124.45,125.25,121.96,122.04,16280340
2023-06-21,121.95,123.36,120.36,122.1,17582950
2023-06-22,121.61,122.59,120.07,120.58,12204559
2023-06-23,119.59,119.9,118.14,118.64,19734336
2023-06-26,117.99,119.43,116.7,116.78,8987034
2023-06-27,116.57,118.46,116.26,117.84,6970419
2023-06-28,116.78,118.62,116.39,116.53,9240450
2023-06-29,115.65,117.8,114.63,117.78,9234347
2023-06-30,119.84,121.73,119.03,119.09,13703101
2023-07-03,118.01,118.25,116.83,117.15,4284699
2023-07-05,116.52,117.01,115.41,115.96,8471859
2023-07-06,114.67,115.81,114.64,115.45,7987217
2023-07-07,114.84,115.98,114.49,114.61,7001618
2023-07-10,114.28,115.03,113.66,114.38,6931013
2023-07-11,114.2,115,113.43,114.88,6118606
2023-07-12,115.67,118.09,115.64,116.02,11011586
2023-07-13,117.09,118.58,116.76,117.45,9359604
2023-07-14,118.18,119.97,117.68,119.27,7723843
2023-07-17,118.85,119.97,118.25,118.89,6736825
2023-07-18,118.78,121.29,117.81,120.77,8906658
2023-07-19,120.82,121.36,118.42,118.69,7609014
2023-07-20,117.49,119.05,115.23,115.88,12913026
2023-07-21,116.49,119.27,116.21,117.65,9159643
2023-07-24,117.94,118.54,116.73,118.07,6200393
2023-07-25,117.98,118.51,116.81,117.95,6266278
2023-07-26,117.42,117.62,115,115.5,8159988
2023-07-27,117.55,117.6,115.64,116.4,7843027
2023-07-28,116.68,117.3,115.65,115.99,6912012
2023-07-31,116.43,117.24,115.83,117.23,6708458
2023-08-01,116.92,118.04,116.48,117.91,5250652
2023-08-02,116.92,116.98,114.32,115.71,6387789
2023-08-03,115.24,116.17,114.26,114.55,5215848
2023-08-04,115.34,116.4,114.26,114.44,5579319
2023-08-07,115.47,116.38,115.07,116.1,7347041
2023-08-08,115.04,115.61,114.22,115.23,4694781
2023-08-09,115.34,115.71,112.33,113.1,6542427
2023-08-10,113.78,115.09,112.48,112.99,6004125
2023-08-11,112.39,113.48,111.13,113.06,5288879
2023-08-14,113.18,115.81,113.15,115.57,6494216
2023-08-15,115.45,118.06,114.84,117.29,10412160
2023-08-16,117.16,117.81,115.27,115.34,5721951
2023-08-17,115.74,116.78,114.36,114.88,6183897
2023-08-18,114.5,116.99,113.95,116.46,9412775
2023-08-21,116.9,117.35,115.19,116.59,5811160
2023-08-22,117.51,117.68,115.73,116.54,4961062
2023-08-23,117.1,120.45,112.11,117.84,16517285
2023-08-24,119.68,119.73,112.41,112.91,11995894
2023-08-25,112.91,116.15,112.74,116.06,8758141
2023-08-28,116.37,117.71,115.7,116.84,4514753
2023-08-29,120.95,121.21,118.53,120.65,11920537
2023-08-30,120.72,121.74,120.15,121.12,5601778
2023-08-31,121,121.98,120.12,120.39,9109806
2023-09-01,121.01,121.69,120.09,120.93,6190045
2023-09-05,122.44,124.28,121.18,123.98,11089638
2023-09-06,123.06,124.58,122.73,124.33,8728483
2023-09-07,123.83,125.96,122.59,125.09,11864401
2023-09-08,124.8,126.69,124.35,126.32,10612971
2023-09-11,127.02,127.42,124.72,126.71,22155564
2023-09-12,112.08,113.3,107.3,109.61,68605745
2023-09-13,108.32,112.94,108.2,111.84,27170953
2023-09-14,113.5,115.14,111.95,113.66,19849654
2023-09-15,114.19,115.2,112.5,113.91,23215012
2023-09-18,113.42,114.47,111.58,112.21,11744057
2023-09-19,112.48,113.74,111.71,112.77,9536119
2023-09-20,112.81,114.7,112.46,112.87,8779955
2023-09-21,111.51,112.5,109.33,109.43,12653515
2023-09-22,109.99,110.6,108.51,109.03,11152050
2023-09-25,108.45,108.65,107.5,108.3,8410012
2023-09-26,107.14,107.4,104.31,104.88,13209049
2023-09-27,105,105.28,103.35,104.62,8916439
2023-09-28,104.03,106.6,103.27,106.15,7373621
2023-09-29,107.11,107.37,105.38,105.92,7299109
2023-10-02,105.81,106.73,105.29,106.71,5963457
2023-10-03,106.42,106.5,103.54,104.52,8783327
2023-10-04,104.96,107.3,104.5,107.08,8842650
2023-10-05,106.97,108.44,106.19,108.35,7651479
2023-10-06,107.93,110.53,107.58,109.96,8246950
2023-10-09,110.75,110.97,109.47,110.32,6012363
2023-10-10,110.21,111.06,109.62,109.71,6910436
2023-10-11,109.51,110.06,108.83,109.64,5641686
2023-10-12,109.95,110.92,108.88,109.11,6598533
2023-10-13,109.19,109.51,107.79,108.25,5882175
2023-10-16,108.95,109.59,108.31,108.71,5487985
2023-10-17,107.58,109.79,106.9,109.04,5261788
2023-10-18,108.4,109.73,107.86,108.25,5123946
2023-10-19,108.63,110.22,108.19,108.34,7989244
2023-10-20,106.99,107.04,100.66,101.85,21831362
2023-10-23,102.04,104.69,102.01,103.66,10722584
2023-10-24,103.95,104.46,102.5,103.2,6173992
2023-10-25,102.7,103.67,101.01,101.43,7081685
2023-10-26,101.69,102.39,99.87,100.4,7565581
2023-10-27,101,102.09,100.59,100.99,5207854
2023-10-30,101.14,102.41,100.82,101.65,5433719
2023-10-31,102.01,103.52,101.1,103.4,6258385
2023-11-01,103.8,106.2,103.8,105.75,8602440
2023-11-02,106.45,107.22,105.57,106.87,5918301
2023-11-03,107.17,109.07,106.62,108.05,7280025
2023-11-06,108.06,109.21,107.44,109.11,6062799
2023-11-07,109.99,110.38,108.58,108.99,7412638
2023-11-08,109.23,112.56,109.19,112.33,10994910
2023-11-09,112.4,113.31,111.61,112.18,6853941
2023-11-10,112.09,113.18,111.14,113.07,5243795
2023-11-13,113.07,114.49,112.78,114.15,5740466
2023-11-14,114.86,116.46,114.45,116.1,6733655
2023-11-15,116.15,116.31,113.93,114.06,7386240
2023-11-16,113.76,115.87,113.47,114.67,7476084
2023-11-17,114.61,115.64,114.16,115.36,4793121
2023-11-20,115.65,117.15,115.51,116.92,5729247
2023-11-21,117.21,117.67,115.68,116.08,5995308
2023-11-22,116.7,117.29,115.51,116.24,4344743
2023-11-24,116.49,116.59,115.34,116.25,2168187
2023-11-27,116.01,116.77,115.45,116.47,5165309
2023-11-28,116,116.8,115.87,116.24,4892619
2023-11-29,117.34,117.58,115.96,116.21,6127312
2023-11-30,116.86,117.23,115.18,116.21,11075593
2023-12-01,116.07,117.35,115.26,117.16,5739833
2023-12-04,116.27,116.68,114.55,115.78,5587538
2023-12-05,114.57,115.27,113.81,114.53,5913562
2023-12-06,114.94,114.99,111.93,112.03,7815722
2023-12-07,112.41,113.03,111.81,112.87,6772848
2023-12-08,112.01,113.64,111.59,113.61,7765999
2023-12-11,113.77,115.35,113.61,115.13,19544239
2023-12-12,102.7,104.95,100.69,100.81,57666473
2023-12-13,101.08,103.1,99.26,102.99,29392208
2023-12-14,101.87,102.25,99.87,100.31,22865164
2023-12-15,99.69,103.99,99.36,103.32,30212316
2023-12-18,103.41,106.16,102.91,105,13473124
2023-12-19,104.98,106.34,104.8,106.25,10108507
2023-12-20,105.95,106.09,104.05,104.15,9241956
2023-12-21,104.7,105.93,104.52,105.86,8168010
2023-12-22,105.7,106.49,105.46,106.2,5680031
2023-12-26,106.52,106.65,105.34,106.19,5767415
2023-12-27,106.32,106.33,105.56,105.94,5627364
2023-12-28,106.01,106.61,105.58,106.25,5689057
2023-12-29,106.6,106.92,104.78,105.43,6899695
2024-01-02,104.52,104.68,102.44,104.06,9597500
2024-01-03,103.3,103.38,101.74,102.46,9455569
2024-01-04,102.77,103.36,102.4,102.59,6822299
2024-01-05,102.53,103.72,102.29,102.73,6133770
2024-01-08,102.94,104.77,102.13,104.66,7038658
2024-01-09,103.85,104.48,103.29,103.63,6725200
2024-01-10,103.09,104.07,102.72,103.92,7270545
2024-01-11,104.35,104.84,103.54,104.77,6118998
2024-01-12,105.1,106.7,104.97,106.6,9703848
2024-01-16,106.41,106.66,105.42,106.57,7547241
2024-01-17,106.46,107.5,105.68,106.43,7771460
2024-01-18,106.99,108.88,106.62,108.7,10362279
2024-01-19,109.32,110.22,109.02,109.67,11163772
2024-01-22,110.06,110.69,109.27,110.1,7485307
2024-01-23,110.29,112.68,109.56,111.83,9185921
2024-01-24,113.42,115.42,113.33,114.31,11702698
2024-01-25,114.89,116.18,114.35,115,8877205
2024-01-26,114.64,115.48,114.27,114.64,5541900
2024-01-29,114.19,114.59,113.01,113.75,7014424
2024-01-30,113.36,114.4,112.63,114.16,8231882
2024-01-31,113.81,114.27,111.67,111.7,7386705
2024-02-01,112.91,115.78,112.55,115.53,7882168
2024-02-02,115.82,116.49,115.16,115.79,6499594
2024-02-05,115.53,116.72,114.77,116.39,8084508
2024-02-06,116.74,116.95,114.98,115.3,4639268
2024-02-07,115.8,117.59,115.3,117.27,7672882
2024-02-08,117.09,117.79,115.97,116.68,4472770
2024-02-09,117.06,117.34,115.73,116.64,5787142
2024-02-12,116.26,117.1,115.38,115.84,5439629
2024-02-13,113.79,114.21,113,113.68,8171722
2024-02-14,114.32,114.72,113.53,114.26,5946116
2024-02-15,114.25,114.31,112.57,112.78,8455623
2024-02-16,113.02,113.11,111.25,111.31,8936016
2024-02-20,110.54,110.77,107.68,108.45,10975638
2024-02-21,106.76,108.38,106.51,108.16,7867610
2024-02-22,111.49,111.89,109.66,111.01,8957789
2024-02-23,112,113.37,111.71,111.95,7504506
2024-02-26,112,112.54,110.93,110.97,6342943
2024-02-27,110.62,111.51,109.79,111.38,6593144
2024-02-28,111.26,112.02,111.1,111.68,5278179
2024-02-29,111.68,112.44,110.64,111.68,12193860
2024-03-01,111.68,113.94,111.52,113.78,7605145
2024-03-04,113.58,114.6,113.39,114.06,6588062
2024-03-05,112.82,113.2,110.37,110.94,8241978
2024-03-06,111.5,113.05,110.67,112.27,6706372
2024-03-07,113.94,114.8,112.29,114.54,7670135
2024-03-08,114.07,114.33,111.54,112.42,8312943
2024-03-11,111.61,114.75,111.18,114.13,20438335
2024-03-12,126.26,129.37,124.6,127.54,48536077
2024-03-13,128,128.8,124.83,125.52,15870346
2024-03-14,127.23,127.8,124.94,125.53,10965902
2024-03-15,124.04,126.01,123.56,125.54,17844884
2024-03-18,127.2,128.95,126.88,127.8,12231423
2024-03-19,127.75,129.21,126.49,129.19,10220950
2024-03-20,129.98,130.69,128.27,129.24,8373330
2024-03-21,130.52,132.77,128.95,129.01,17842357
2024-03-22,129.01,129.21,127.55,127.79,6659950
2024-03-25,127.67,127.67,126.05,126.08,7446068
2024-03-26,126.75,126.94,125.84,126.47,7063930
2024-03-27,127.33,127.82,124.47,125.27,8115884
2024-03-28,125.39,126.17,125.2,125.61,6587431
2024-04-01,125.54,126.27,124.56,125.48,4133571
2024-04-02,124.51,124.93,123.43,124.34,4862415
2024-04-03,124.26,126.41,124.06,126.24,7429977
2024-04-04,127.6,127.99,124.03,124.19,7588298
2024-04-05,124.42,126,124.14,124.9,4899499
2024-04-08,125,125.12,123.76,124.35,6119225
2024-04-09,124.35,124.75,121.24,123.23,5564905
2024-04-10,121.35,123.08,121.32,121.75,4509869
2024-04-11,121.72,123.82,121.36,123.24,7315241
2024-04-12,121.74,121.84,120.42,121.11,6196877
2024-04-15,122.18,122.47,119.44,119.88,5101455
2024-04-16,120.09,121.44,119.75,120.62,6999959
2024-04-17,120.98,121.04,118.61,118.67,5366587
2024-04-18,118.76,118.76,115.7,116,6662406
2024-04-19,116.12,116.77,114.46,114.88,8251495
2024-04-22,116.03,116.34,114.34,114.53,7125490
2024-04-23,115.17,115.86,114.75,115.09,5494823
2024-04-24,115.38,115.73,113.88,115.34,5791761
2024-04-25,113.63,114.99,112.78,114.89,6796627
2024-04-26,117.04,119.21,116.15,117.21,8355111
2024-04-29,116.99,117.31,115.29,116.49,5190565
2024-04-30,115.09,115.52,113.69,113.75,6234710
2024-05-01,113.91,116.76,113.65,114.63,5583638
2024-05-02,115.23,115.81,114.26,114.96,5001045
2024-05-03,115.98,116.21,115.07,115.8,4484976
2024-05-06,116.33,118.36,116.18,118.34,6052397
2024-05-07,118,119.13,117.29,117.93,6437743
2024-05-08,117.71,117.98,117.11,117.39,4635960
2024-05-09,117.39,117.73,116.5,116.64,3236316
2024-05-10,117.15,117.63,115.91,116.67,4122531
2024-05-13,117.13,117.19,116.2,116.37,4139953
2024-05-14,116.5,122.55,116.13,120.87,17811221
2024-05-15,120.17,122.09,119.67,121.63,6604632
2024-05-16,121.94,122.45,121.21,122.16,5159256
2024-05-17,123.18,123.58,122.08,123.5,6179367
2024-05-20,123.8,124.68,123.24,124.52,5989022
2024-05-21,124.46,125.36,123.92,124.63,5549456
2024-05-22,124.63,125.16,123.3,124.6,5705042
2024-05-23,126.55,126.7,123.16,124.09,6108584
2024-05-24,123.42,123.51,121.42,122.91,7173435
2024-05-28,123.24,124.82,123.01,124.49,6911394
2024-05-29,122.99,123.92,122.77,123.74,4735091
2024-05-30,120.17,121.44,117.03,117.09,10851552
2024-05-31,116.59,117.42,114.55,117.19,12755639
2024-06-03,117.53,119.33,117.34,119.28,7256308
2024-06-04,119.02,120.37,118.72,120.07,7367975
2024-06-05,121.65,122.79,120.51,122.63,5973706
2024-06-06,122.88,124.27,122.25,123.5,7347249
2024-06-07,124.21,126.22,123.27,125.92,11544957
2024-06-10,125.73,126.95,124.05,124.5,10190447
2024-06-11,124.05,124.83,122.29,123.88,18373935
2024-06-12,134.69,140.96,133.96,140.38,40871317
2024-06-13,140.43,142.4,138.77,139.85,13733247
2024-06-14,139.26,139.97,137.38,138.13,11330789
2024-06-17,138.8,141.44,138.25,141.31,11232754
2024-06-18,141.22,145.06,141.22,144.64,11629395
2024-06-20,145.32,145.32,141.95,142.91,8940005
2024-06-21,143.72,143.72,140.44,141.5,14930875
2024-06-24,140,141.53,139.12,139.89,7793293
2024-06-25,139,139.55,137.56,139.17,8469641
2024-06-26,139.49,140.75,138.08,138.23,8036309
2024-06-27,139.25,141.42,138.81,140.18,7518199
2024-06-28,139.44,142.82,139.27,141.2,25814821
2024-07-01,141.69,144.06,141.07,143.09,6552353
2024-07-02,142.63,144.22,142.55,143.28,5920529
2024-07-03,143.75,144.65,143.5,144.38,3560778
2024-07-05,144.95,145.79,144.02,144.83,5365527
2024-07-08,144.76,145.23,143.43,145.03,8622633
2024-07-09,145.13,145.7,138,140.68,14340040
2024-07-10,141.12,142.38,139.74,142.07,6350258
2024-07-11,142.36,143.48,141.68,142.76,5246402
2024-07-12,142.71,145.13,141.26,144.77,7361770
2024-07-15,145.73,146.59,141.92,143.07,8687837
2024-07-16,143.07,143.5,142.05,142.61,7181470
2024-07-17,140.48,141.79,138.68,139.26,9157003
2024-07-18,139.36,140.06,137.2,138.03,5998726
2024-07-19,138.35,140.44,138.08,138.56,6111941
2024-07-22,139.74,140.68,139.12,140.17,5387176
2024-07-23,141.3,143.22,141.21,143.11,6697410
2024-07-24,141.7,142.66,138.4,138.77,8018807
2024-07-25,140.15,141.07,137.7,137.82,7654625
2024-07-26,138.87,139.96,138.38,139.01,5139377
2024-07-29,139.27,139.78,137.82,138.31,4054647
2024-07-30,139.07,139.57,134.96,135.67,6505701
2024-07-31,139.69,141.55,138.66,139.45,7188043
2024-08-01,139.29,140.39,135.77,137.51,5906808
2024-08-02,132.77,134.3,131.8,133.28,8251585
2024-08-05,127.89,129.97,126.66,127.86,10354987
2024-08-06,130.54,131.04,128.08,128.21,8373891
2024-08-07,128.92,130.3,125.75,125.9,8617652
2024-08-08,128,129.82,127.65,128.96,6243219
2024-08-09,128.4,132.37,128.34,132.06,5597278
2024-08-12,132.25,132.71,131.21,132.58,5600826
2024-08-13,132.97,134.54,132.81,134.26,4324038
2024-08-14,134.04,135.97,134.01,135.6,4044630
2024-08-15,136.93,137.25,135.72,136.93,4698128
2024-08-16,136.79,137.82,136.39,137.47,4893787
2024-08-19,137.53,137.95,136.46,137.92,3641585
2024-08-20,137.82,139.79,137.82,139.17,3738261
2024-08-21,138.8,140.3,138.55,140.2,3776768
2024-08-22,140.7,141.08,137.65,138.08,5162189
2024-08-23,138.73,139.79,137.26,139.19,4544571
2024-08-26,139.39,139.4,138.19,138.9,2729605
2024-08-27,137.85,139.5,137.74,138.48,3872342
2024-08-28,138.83,138.95,136.91,137.88,3022639
2024-08-29,139.14,141.16,138.85,139.42,4588361
2024-08-30,140.33,141.72,140.1,141.29,7980679
2024-09-03,140.45,142.2,138.83,139.5,6831174
2024-09-04,138.44,141.1,137.95,140.75,6243325
2024-09-05,141.4,143.28,140.31,142.61,8733246
2024-09-06,143.79,143.94,139.4,141.81,11154796
2024-09-09,142.49,143.3,139.51,139.89,20233428
2024-09-10,154.23,160.52,153.12,155.89,37374210
2024-09-11,156.78,159.44,154.84,157.18,12630122
2024-09-12,159.04,162.34,157.9,161.38,16352048
2024-09-13,173.7,173.94,161,162.03,25727805
2024-09-16,164.99,173.99,164.51,170.33,27384374
2024-09-17,170.28,170.64,166.77,167.47,12580114
2024-09-18,167.62,167.62,163.73,164.53,12274414
2024-09-19,167.25,168.16,164.51,167.59,10075884
2024-09-20,167.13,168.83,166.6,168,12187736
2024-09-23,167.23,167.33,164.26,165.95,7916081
2024-09-24,165.74,166.1,163.92,165.8,6155076
2024-09-25,167.69,168.75,165.66,166.28,7142437
2024-09-26,167.65,168.36,166.48,168.1,7096842
2024-09-27,168.09,169.11,166.51,168.74,8974377
2024-09-30,169.5,170.52,166.45,170.4,10218973
2024-10-01,170.22,170.51,165.97,167.16,7595053
2024-10-02,167.6,169.18,167.27,167.71,7073025
2024-10-03,166.89,167.86,166.24,166.86,4735708
2024-10-04,168.71,170.9,168.17,170.86,6389504
2024-10-07,170.42,172.33,169.55,169.97,6790956
2024-10-08,170.6,174.64,170.44,174.37,7845377
2024-10-09,174.56,178.61,173.81,178.29,8120894
2024-10-10,177.65,178.3,174.18,175.41,7115887
2024-10-11,175.5,177,174.4,175.77,5869413
2024-10-14,176.55,177.22,175.5,176.12,4688662
2024-10-15,176.94,178.22,173.75,174.09,5848630
2024-10-16,173.5,174.91,171.64,174.77,6383034
2024-10-17,177.5,177.75,175.14,175.68,5473951
2024-10-18,176.8,176.97,174.58,174.69,5001257
2024-10-21,174.45,175.15,173.16,173.76,4198362
2024-10-22,175.45,175.85,174.28,175.31,5510114
2024-10-23,174.5,176.07,173.01,173.1,4830414
2024-10-24,173.32,174.95,172.91,174.38,3488036
2024-10-25,174.78,176.29,173.1,173.52,3674717
2024-10-28,174.05,174.17,172.14,172.42,4329971
2024-10-29,172.29,174.02,172.29,173.43,4122913
2024-10-30,173.98,176.16,172.79,174.56,5822451
2024-10-31,170.52,170.88,167.4,167.84,9477476
2024-11-01,170.15,172.27,169.1,170.02,5680595
2024-11-04,170.31,170.48,168.73,169.59,4804405
2024-11-05,170.47,171.89,170.32,171.78,5456754
2024-11-06,178.52,182.1,177.42,181.24,11084987
2024-11-07,181.08,186.67,180.54,186.37,7759399
2024-11-08,186.26,190.16,186.26,189.25,8520419
2024-11-11,191.05,191.5,187.84,189.13,5973638
2024-11-12,188.54,190.61,187.2,189.58,6629891
2024-11-13,189,191.77,188.79,189.63,5695426
2024-11-14,188.66,189.59,186.71,187.05,7804318
2024-11-15,184.52,185.8,182.33,183.74,8986276
2024-11-18,184.3,186.18,182.88,185.73,6291406
2024-11-19,184.89,189.32,184.32,188.9,8116958
2024-11-20,190.9,190.97,187.82,190.75,4860222
2024-11-21,191.94,196.04,191.64,192.43,11394263
2024-11-22,193,194.2,191.06,192.29,6879447
2024-11-25,194.5,194.75,187.99,187.99,15138474
2024-11-26,188.32,192.4,188.32,190.37,6427210
2024-11-27,188.96,188.96,182.22,182.7,8368797
2024-11-29,184.01,185.93,184,184.84,4628044
2024-12-02,185.29,185.29,181,181.41,8859696
2024-12-03,181.18,183.04,179.11,182.89,8917062
2024-12-04,188,189.79,185.9,188.19,8906283
2024-12-05,189.02,189.02,185.85,186.24,6398073
2024-12-06,187,192.63,186.38,191.69,10503383
2024-12-09,196.3,198.31,188.93,190.45,20157957
2024-12-10,173.46,177.8,171.06,177.74,26502016
2024-12-11,178,181.38,174.83,178.58,13188714
2024-12-12,178,178.17,174.81,175.32,8154218
2024-12-13,175,176.14,171.64,173.39,8351106
2024-12-16,173.84,174.27,170.93,171.23,9571955
2024-12-17,170.75,172.99,169.27,169.71,8940204
2024-12-18,169.41,171.23,165.36,165.41,8817934
2024-12-19,167.55,171,167.4,168.79,8386394
2024-12-20,167.73,171.26,165.63,169.66,13810525
2024-12-23,169.59,169.62,167.17,169.14,6518229
2024-12-24,169.7,171.77,169.03,171.41,2451547
2024-12-26,170.5,172.55,170.5,171.68,4103882
2024-12-27,170.38,171.15,167.2,168.96,4344287
2024-12-30,166.51,167.91,164.55,166.91,5254833
2024-12-31,167.2,167.3,165.84,166.64,4307524
2025-01-02,168.52,168.69,164.9,166.03,5365667
2025-01-03,166.7,167.2,165.27,166.32,5878052
2025-01-06,167.31,168.05,165.19,165.69,6845373
2025-01-07,165.58,166.16,161.32,162.03,7712222
2025-01-08,162.18,163.98,161.43,163.14,7596214
2025-01-10,159.2,159.2,153.92,154.5,13593882
2025-01-13,153.74,154.15,152.42,153.92,8828492
2025-01-14,156.42,157.25,154.35,156.31,7410242
2025-01-15,158.67,159.15,157.26,158.31,10701234
2025-01-16,160.15,161.5,158.41,159.54,9210555
2025-01-17,161.77,163.16,160.54,161.03,11618283
2025-01-21,163.87,173.37,162.75,172.57,30232048
2025-01-22,191.51,191.99,180.57,184.22,48028518
2025-01-23,181.64,186.57,181.5,186.47,17314645
2025-01-24,188.64,189.1,181.87,183.6,12147180
2025-01-27,168.9,172.52,152.66,158.28,42201592
2025-01-28,162.99,165.83,156.75,164,20319300
2025-01-29,164.03,164.03,160.01,162.02,9866583
2025-01-30,164.78,171.49,164.1,170.38,14981706
2025-01-31,170.41,173,169.13,170.06,8722470
2025-02-03,163.2,169.9,163.2,168.6,8250588
2025-02-04,170.4,170.4,166.35,167.89,6776982
2025-02-05,168.99,171.89,168.52,171.66,7866650
2025-02-06,173,175.65,171.57,172.35,7036908
2025-02-07,175,177.39,173.18,174.46,9991297
2025-02-10,176,179.99,174.92,178.92,7625900
2025-02-11,177.62,179.12,176.45,177.19,6528766
2025-02-12,174.89,174.89,170.71,172.22,7454841
2025-02-13,173,174.38,172.1,173.86,6421673
2025-02-14,174.25,175.03,172.81,174.16,7260851
2025-02-18,176.75,182.24,176.09,179.8,11430497
2025-02-19,178.58,181.68,175.7,181.52,8688500
2025-02-20,179.81,180.27,174.43,176,8737035
2025-02-21,176.12,176.88,167.55,167.81,9713871
2025-02-24,173.57,174.17,164.66,169.96,10639053
2025-02-25,169.29,170.6,164.44,168.54,8316085
2025-02-26,170.98,173.87,169.13,172.47,6915115
2025-02-27,173,174.86,164.58,164.76,7436810
2025-02-28,163.11,166.15,160.81,166.06,12843286
2025-03-03,166.95,167.12,161.13,162.02,8081840
2025-03-04,159.22,159.76,153.52,157.47,13171897
2025-03-05,158.06,162.49,157.05,161.56,7140996
2025-03-06,157.16,157.16,149.73,150.94,12321246
2025-03-07,150.62,156.48,148.5,155.16,12646488
2025-03-10,150.53,152.52,146.8,148.79,21486052
2025-03-11,143.42,145.78,137.7,144.18,27200233
2025-03-12,146.23,152.23,145.01,150.89,15373853
2025-03-13,149.79,150.17,145.48,147.66,14187662
2025-03-14,148.92,150.88,147.88,149.27,9329964
2025-03-17,150.4,155.75,150.4,154.01,9884994
2025-03-18,152.37,152.42,148.63,149.45,9402508
2025-03-19,150.06,154.07,150,152.45,6909504
2025-03-20,151.58,154.49,150.82,152.72,7051615
2025-03-21,151.65,153.84,150.11,152.23,17620224
2025-03-24,156.34,156.6,154.03,154.87,7848332
2025-03-25,154.51,155.6,153.05,153.93,8521249
2025-03-26,152.89,153.03,146.56,147.8,13222521
2025-03-27,145.85,147.04,144.92,145.78,9148321
2025-03-28,143.78,145.65,139.11,140.87,13144486
2025-03-31,138.64,140.59,136.76,139.81,15509923
2025-04-01,139.76,143.25,138.76,141.94,9518457
2025-04-02,139.86,147.89,139.86,145.86,11594432
2025-04-03,139.25,141.4,136.64,137.23,14433768
2025-04-04,132.91,133.82,126.95,128.27,14986861
2025-04-07,118.86,134.11,118.86,127.16,19482652
2025-04-08,132.54,132.99,121.7,124.5,11950277
2025-04-09,123.4,140.59,123.4,139.69,17761994
2025-04-10,136.65,136.65,129.26,133.35,12401562
2025-04-11,132.11,133,128.84,132.35,10190175
2025-04-14,136.8,136.8,132.87,134.64,8217740
2025-04-15,134.76,136.48,133.72,133.94,8629959
2025-04-16,132.28,132.54,127.85,129.76,8295176
2025-04-17,130.9,131.3,128.44,128.62,8925522
2025-04-21,126.89,127.2,121.24,122.82,12201231
2025-04-22,124.5,127.99,123.39,127.24,11233702
2025-04-23,134.91,135.87,130.99,131.4,9528873
2025-04-24,132.51,137.86,132,137.51,7305887
2025-04-25,137.49,139,136.76,138.49,5476378
2025-04-28,139.65,140.67,138.08,140.14,6985102
2025-04-29,139.81,141.16,139.55,140.79,4851458
2025-04-30,138.48,141.3,135.57,140.72,9443538
2025-05-01,146.56,148.64,145.34,145.49,11525751
2025-05-02,148.33,153.06,148.33,150.73,11345977
2025-05-05,149.44,150.82,148.52,149.29,5187449
2025-05-06,146.98,148.94,145.72,147.7,5108595
2025-05-07,147.5,149.9,147.24,149.37,6051937
2025-05-08,149.05,151.81,148.61,150.3,6113612
2025-05-09,150.04,151.8,149.79,150.34,4707130
2025-05-12,156.31,157.43,154.42,157.22,7875461
2025-05-13,158.22,163.22,157.57,162.27,11955157
2025-05-14,162.36,163.41,161.06,162.95,7499392
2025-05-15,161.36,161.74,158.91,159.4,10169217
2025-05-16,160,160.84,158.52,160.49,8515458
2025-05-19,158.3,161.97,157.83,159.64,10268917
2025-05-20,158.63,160.36,157.53,160.31,7576418
2025-05-21,158.35,160.9,156.46,157.18,6011038
2025-05-22,156.98,159.19,156.82,157.31,7603261
2025-05-23,154.99,157.38,154.26,155.97,6527516
2025-05-27,159.32,162.4,158.92,161.91,6976813
2025-05-28,161.87,164.32,161.28,163.85,8090652
2025-05-29,165,165.32,161.49,162.9,6995831
2025-05-30,163.43,165.75,161.55,165.53,17547858
2025-06-02,164.17,167,162.6,166.57,7165969
2025-06-03,166.8,169.33,166.59,169.14,7155281
2025-06-04,169.71,170.48,167.57,168.1,6375793
2025-06-05,169,172.26,168.76,171.14,7710284
2025-06-06,174,174.79,172.66,174.02,6833674
2025-06-09,174.86,178.72,173.79,177.15,9668911
2025-06-10,177.71,177.85,174.28,177.48,11056716
2025-06-11,177.55,179.55,176.2,176.38,18002910
2025-06-12,189.96,202.49,188.88,199.86,54609995
2025-06-13,201.58,216.6,201.2,215.22,53707361
2025-06-16,213.2,215.17,209.98,211.1,22665299
2025-06-17,210.66,215.88,207.48,208.18,17819162
2025-06-18,211.09,214.72,209.57,210.87,15055390
2025-06-20,213.35,213.8,204.64,205.17,20879095
2025-06-23,205.51,207.27,202.54,207.04,13418393
2025-06-24,209.99,216.37,208.55,215.27,19030617
2025-06-25,214.94,216.93,210.23,210.72,11804604
2025-06-26,212,214.42,210.36,212.82,10531112
2025-06-27,213.69,214.65,209.96,210.24,14127502
2025-06-30,226.5,228.22,218.38,218.63,31844231
2025-07-01,219.3,223.17,216.31,218.96,16962196
2025-07-02,217.68,231.9,216.72,229.98,22326900
2025-07-03,233.22,237.99,231.2,237.32,18441376
2025-07-07,235.11,235.25,229.5,232.26,16584266
2025-07-08,237.13,241.44,233.19,234.5,20401777
2025-07-09,235.51,236.51,232,235.81,10871629
2025-07-10,239.94,240.06,233.5,235,11486345
2025-07-11,231.37,234,229.87,230.56,10208178
2025-07-14,229.45,230.64,225.12,229.28,11336967
2025-07-15,232.41,235.6,229.2,234.96,10728795
2025-07-16,235.5,241.33,233.19,241.3,12597452
2025-07-17,243.34,251.6,242.01,248.75,17631328
2025-07-18,248.5,249.68,245,245.45,9678072
2025-07-21,245.31,246.8,243.24,243.54,7348362
2025-07-22,241.98,242.29,235.41,238.11,11380866
2025-07-23,239.95,243.42,238.66,241.9,7255797
2025-07-24,242.41,244.08,240.56,242.83,8237851
2025-07-25,242.34,245.47,241.43,245.12,7149571
2025-07-28,246,247.78,243.42,247.71,6756775
2025-07-29,248.7,253.07,246.59,249.98,8415324
2025-07-30,248.64,251.05,245.6,250.6,8441378
2025-07-31,255.77,260.87,253.32,253.77,15548726
2025-08-01,247.83,248.41,242,244.42,12718218
2025-08-04,245.9,252.91,245.9,252.53,8614784
2025-08-05,255.41,258.49,251.37,255.67,11197287
2025-08-06,256.84,256.84,251.72,256.43,9930222
2025-08-07,257.71,257.76,246.52,249.39,11954223
2025-08-08,250.03,250.89,247.86,250.05,8313278
2025-08-11,248.4,254.69,245.56,252.68,9012112
2025-08-12,252.58,257.87,251.08,253.86,10001712
2025-08-13,257.17,257.67,242.64,244.18,14182078
2025-08-14,244.95,248.92,242.57,244.96,10285555
2025-08-15,246.92,250.63,242.93,248.28,11553988
2025-08-18,246.2,249.16,243.62,249.07,6759921
2025-08-19,249.25,249.25,232.23,234.62,16819250
2025-08-20,232.18,235.88,228.25,235.06,11256417
2025-08-21,233.05,235.92,232.43,233.16,7403128
2025-08-22,234.06,238.5,231.46,236.37,9343637
2025-08-25,237.35,239.03,235.27,235.41,6308625
2025-08-26,235,236.91,232.71,234.21,11805197
2025-08-27,235,236.53,232.68,235.81,5637590
2025-08-28,235.54,241.95,235.12,240.32,8691548
2025-08-29,237.61,238.22,223.11,226.13,16618641
2025-09-02,222,225.45,218.79,225.3,10461903
2025-09-03,225.9,225.9,221.75,223.45,8900813
2025-09-04,222,223.57,219.56,223,10303069
2025-09-05,232.55,234.62,225.89,232.8,15386096
2025-09-08,239.89,242.42,235.31,238.48,18803046
2025-09-09,239.94,243.49,234.56,241.51,41178697
2025-09-10,319.19,345.72,312.09,328.33,131618085
2025-09-11,330.34,331,304.6,307.86,69986027
2025-09-12,305.79,307.97,291.75,292.18,51781914
2025-09-15,306.45,307.03,297.29,302.14,40004004
2025-09-16,314.06,319.97,302.27,306.65,51923268
2025-09-17,307.69,308.66,295.03,301.41,27707949
2025-09-18,303.04,303.82,292,296.62,24673116
2025-09-19,299,311.11,297.32,308.66,40776201
2025-09-22,309.63,329.5,306.92,328.15,44437549
2025-09-23,324,325,310.05,313.83,35280199
2025-09-24,311.86,312.47,300.03,308.46,33765279
2025-09-25,295.27,298.75,288.55,291.33,39274883
2025-09-26,293,294,283,283.46,25990691
2025-09-29,284.6,285.98,279.61,282.76,25778508
2025-09-30,283.69,284,275.9,281.24,23880810
2025-10-01,278.8,289.99,277.88,289.01,23378324
2025-10-02,291.8,294.97,286.05,288.78,16215460
2025-10-03,289.6,294.64,284,286.14,13688407
2025-10-06,292.38,296.68,290.8,291.59,14076795
2025-10-07,293.22,293.22,271,284.24,31723384
2025-10-08,285.42,291.53,283.6,288.63,18982122
2025-10-09,291.55,300.97,287.26,296.96,26479833
2025-10-10,300.28,307.72,292.01,292.96,28895338
2025-10-13,298.7,310.7,297.74,308.01,21703725
2025-10-14,303.57,304.42,291.98,299,17346186
2025-10-15,304.9,311.01,298.92,303.62,13698938
2025-10-16,305.6,322.54,303.07,313,32500863
2025-10-17,303.75,304.28,287.5,291.31,37653000
2025-10-20,288.95,289.24,275.31,277.18,32810748
2025-10-21,278.11,280.3,272.26,275.15,18370806
2025-10-22,274.82,277.2,269.25,272.66,16474016
2025-10-23,272.96,283.1,272.39,280.07,16872158
2025-10-24,285.92,287.19,282.25,283.33,13194896
2025-10-27,286.57,287,279.81,281.4,13855836
2025-10-28,283,285.46,280.54,280.83,12448523
2025-10-29,281.46,281.62,271.35,275.3,18007149
2025-10-30,268.74,269.76,256.28,256.89,27954197
2025-10-31,259.51,265.81,256.71,262.61,16898693
2025-11-03,265.24,265.62,255.23,257.85,15709214
2025-11-04,249.98,255.28,245.19,248.17,19772593
2025-11-05,247.91,252.4,247.03,250.31,11991459
2025-11-06,247.94,249.07,239.29,243.8,18678269
2025-11-07,239,240.4,232.35,239.26,20969260
2025-11-10,245.95,247.24,237.07,240.83,16698716
2025-11-11,236.23,237.45,228.89,236.15,20686607
2025-11-12,236.74,236.81,226.17,226.99,24194992
2025-11-13,224.99,225.16,215.22,217.57,30008998
2025-11-14,210.83,227.05,210.77,222.85,36053807
2025-11-17,218.21,222.8,215.56,219.86,16143779
2025-11-18,216.21,223.7,214.5,220.49,21098291
2025-11-19,219.06,228.15,217.31,225.53,21679490
2025-11-20,231.16,234,210.3,210.69,27459600
2025-11-21,207.08,208.31,193.55,198.76,44834071
2025-11-24,196.86,203.82,194.3,200.28,31144706
2025-11-25,194.08,199.41,185.63,197.03,29594993
2025-11-26,209.5,210,202.24,204.96,26544148
2025-11-28,199.51,202.34,197.61,201.95,13848479
2025-12-01,200.5,203.5,196.7,200.94,13461204
2025-12-02,205.14,209.7,200,201.1,19664471
2025-12-03,200.33,207.92,199.4,207.73,19060528
2025-12-04,207.86,215.41,206.32,214.33,23316937
2025-12-05,219,219.5,213.62,217.58,24208687
2025-12-08,221.35,224.75,216.91,220.54,24711161
2025-12-09,220.03,222.62,218.28,221.53,17643643
2025-12-10,221.8,225.32,217.58,223.01,47927993
2025-12-11,190.62,201.99,186.23,198.85,100612691
2025-12-12,196.37,197.85,185.98,189.97,55201644
2025-12-15,188.29,188.97,181.4,184.92,43897509
2025-12-16,184.7,189.8,184.49,188.65,32433525
2025-12-17,183.31,186.5,177.07,178.46,50222018
2025-12-18,182.72,184.76,178.58,180.03,36297285
2025-12-19,188.39,195.12,188.12,191.97,77008550
2025-12-22,196.82,198.8,192.83,198.38,27148017
2025-12-23,196.43,197.2,192.19,195.34,18301588
2025-12-24,195,198.28,194.42,197.49,9282733
2025-12-26,198.06,200.37,196.11,197.99,11262030
2025-12-29,194.16,198.51,192.64,195.38,14748125
2025-12-30,196.06,198.38,195.71,197.21,14197359
2025-12-31,196.42,197.2,194.73,194.91,10341453
2026-01-02,197.47,198.59,194.21,195.71,14540657
2026-01-05,198.34,201.69,192.33,192.59,22635516
2026-01-06,192.56,194.88,190.7,193.75,16474464
2026-01-07,195.3,195.67,192,192.84,11171198
2026-01-08,190.88,190.95,186.15,189.65,19468504
2026-01-09,191.66,200.18,188.78,198.52,26152742
2026-01-12,197.6,206.6,197.01,204.68,25428545
2026-01-13,205,207.8,200.66,202.29,15857426
2026-01-14,201.68,201.68,190.81,193.61,22473159
2026-01-15,195.01,195.01,189.39,189.85,16418626
2026-01-16,189.91,191.87,186.53,191.09,19224705
2026-01-20,187.19,187.19,179.36,179.92,29129492
2026-01-21,179.68,180.6,170.6,173.88,38189995
2026-01-22,179.37,180.16,176.5,178.18,21141907
2026-01-23,172.62,179.65,172,177.16,23011338
2026-01-26,179.1,185.31,178.53,182.44,21100378
2026-01-27,179.19,179.72,173.68,174.9,27093664
2026-01-28,174.92,181.68,171.86,172.8,35882668
2026-01-29,170.15,170.23,161.52,169.01,37254511
2026-01-30,168.17,168.9,163.24,164.58,27362378
2026-02-02,170.92,171.2,160,160.06,47421032
2026-02-03,158.26,159.38,151.9,154.67,43260101
2026-02-04,153.89,153.94,144.43,146.67,42323390
2026-02-05,145.6,146.55,135.25,136.48,42788953
2026-02-06,139.75,143.2,138.91,142.82,29962414
2026-02-09,148.49,159.75,147,156.59,49936490
2026-02-10,160,165.39,156.96,159.89,40092248
2026-02-11,163.66,163.66,154,157.16,24538854
2026-02-12,157.93,159.04,152.5,156.48,23285399
2026-02-13,159.25,162.3,155.29,160.14,18596959
2026-02-17,157.98,159.28,152.88,153.97,19610800
2026-02-18,154.41,157.3,151.37,156.17,14801081
2026-02-19,157.19,160.08,155.77,156.54,14976323
2026-02-20,153.3,153.99,147.39,148.08,29621889
2026-02-23,145.69,145.8,138.59,141.31,31749782
2026-02-24,140.84,146.76,138.73,146.14,21336625
2026-02-25,149.16,153.28,147.34,147.89,27303929
2026-02-26,148.79,152.5,145.15,150.31,20652224
2026-02-27,143.88,146.08,142.1,145.4,36425196
2026-03-02,141.62,150.17,141.18,149.25,22418783
2026-03-03,144.75,150.93,143.05,149.01,20120790
2026-03-04,150.01,153.61,149.1,152.37,17585394
2026-03-05,152.59,157.94,150.12,154.79,24094780
2026-03-06,152.92,159.19,151.62,152.96,38000592
2026-03-09,150.7,152,146.43,151.56,31173468
2026-03-10,153.62,154.14,148.45,149.4,51544624
2026-03-11,166.38,171.76,160.58,163.12,83247485
2026-03-12,164.66,167.83,158.61,159.16,37133719
2026-03-13,159.05,160.77,154.15,155.11,26350375
2026-03-16,156.06,158.74,154.51,155.97,21607690
2026-03-17,155.44,158.92,153.5,154.69,23929463
2026-03-18,153.4,154.97,152.04,152.9,18051076
2026-03-19,150.46,156.92,148.89,155.52,22046114
2026-03-20,153.05,153.25,147.95,149.68,37551358
2026-03-23,151.42,155.78,150.71,154.34,19927945
2026-03-24,153,153.9,146.85,147.09,26122141
2026-03-25,149.23,149.84,144.6,146.02,20683774
2026-03-26,143.89,146.47,142.54,142.81,16961885
2026-03-27,140.93,141.69,138.3,139.66,17929588
2026-03-30,140.04,141.2,136.95,138.8,20125735
2026-03-31,140.3,147.4,139.85,147.11,24491953
2026-04-01,149.09,149.65,144.67,145.23,20495868
2026-04-02,142.78,146.44,140.3,146.38,14381866
2026-04-06,147.44,148.55,143.85,145.54,12556728
2026-04-07,143.78,144.57,139.94,143.17,17250446
2026-04-08,150.3,151.46,142.9,143.66,23527035
2026-04-09,142.2,142.8,136,137.86,30407824
2026-04-10,137.32,140.17,134.57,138.09,26171810
2026-04-13,139.77,155.91,139.72,155.62,49997735
2026-04-14,167.93,169.4,161.56,163,59779844
2026-04-15,166.89,172.56,166.21,169.81,43010822
2026-04-16,176.42,180.27,173.8,178.34,46997279
2026-04-17,182.93,184.5,173.36,175.06,45282650
2026-04-20,176.81,177.76,173.51,177.58,22330910
2026-04-21,178.35,185.34,176.01,181.17,39638047
2026-04-22,186.18,189.18,182.8,187.5,32448789
2026-04-23,180.4,181.89,174.08,176.28,37084242
2026-04-24,180.51,180.71,168.8,173.28,33214989
2026-04-27,172.58,173.55,167.9,172.96,21616574
2026-04-28,162.16,168.7,162.05,165.96,33716456
2026-04-29,164.04,164.76,160.65,163.83,20587497
2026-04-30,162.02,165.18,160.33,161.39,21016368
2026-05-01,166.42,174.3,166.15,171.83,26318018
2026-05-04,176.02,183.5,174.26,180.29,33504466
2026-05-05,182.13,186.52,179,185.35,23497237
2026-05-06,186.2,194.29,182.67,194.03,27685486
2026-05-07,198.61,200.15,190.8,194.59,31803162
2026-05-08,192.58,198,190.21,195.95,21158338
2026-05-11,192.15,195.68,190.6,193.84,16890588
2026-05-12,192.92,192.92,180.87,186.83,22123411
2026-05-13,189.03,191.57,185.06,189.76,15789273
2026-05-14,188.18,200.71,185.45,195.61,22544996
2026-05-15,190.49,196.43,188.9,192.95,15747148
2026-05-18,190,190.76,183.27,186.61,19114329
2026-05-19,186,188.72,180.93,181.46,16717712
2026-05-20,179.94,188.22,178.8,188.16,16517224
2026-05-21,189.01,192.82,187.2,189.77,12119718
2026-05-22,191.67,197,191.1,192.08,10875804
2026-05-26,193.3,195.2,190.56,193.06,12856101
2026-05-27,191.48,192.14,187.92,190.96,12125998
2026-05-28,194.04,205,193.38,203.7,25339881
2026-05-29,209,226.29,208.01,225.78,41082199
2026-06-01,230.5,250.25,224.6,248.15,48389992
2026-06-02,242.8,249,238.84,244.58,30294766
2026-06-03,240.48,240.51,227.61,230.33,23644680
2026-06-04,227,238.95,224,236.34,19993754
2026-06-05,229.49,231.44,209.45,213.68,29019876
2026-06-08,217.75,219.06,209.33,211.82,17227241
2026-06-09,213.91,220.5,197.79,205.81,26040723
2026-06-10,198.5,212.48,198.18,201.26,46108327
2026-06-11,179.67,184.77,175.28,184.1,63678509
2026-06-12,185.01,185.58,179,184.13,29562285
2026-06-15,187.39,195.32,186.21,192.64,20279864
2026-06-16,190.01,195.32,187.66,188.33,16985543
2026-06-17,186.16,190.19,182.58,183.53,16616627
2026-06-18,183.01,187.99,177.7,184.29,31386082
2026-06-22,182.31,184.58,174.4,175.07,22935420
2026-06-23,170.23,174.33,164.61,165.16,33327887
2026-06-24,162.48,165.75,155.35,157.53,38305029
2026-06-25,157.35,157.62,150.36,152.46,36914336
2026-06-26,150.26,153.54,148,148.53,36532142
2026-06-29,153.94,154.5,145.2,147.76,34310313
2026-06-30,147.25,149.93,144.48,146.55,35926861
2026-07-01,144.49,147.55,142.5,142.5,45963999
2026-07-02,143.3,147.06,138.83,140.27,44273642
2026-07-06,144.3,145.62,141.16,143.76,36682952
2026-07-07,143.72,145.56,137.55,141.6,47199977
2026-07-08,139.06,141.84,137.54,140.49,34607305
2026-07-09,141.42,149.07,140.94,144.22,35221882
2026-07-10,145.65,145.68,139.26,140.64,29843310
2026-07-13,139.03,139.65,131.35,131.54,56690275
2026-07-14,132,132.76,127.6,127.94,52670411
2026-07-15,130.56,133.9,128.84,132.49,48520435
2026-07-16,131.48,131.78,123.66,124.21,54780940
2026-07-17,121.7,128.44,121.5,126.41,39917140
2026-07-20,124.27,125.49,120.03,121.38,36793230
2026-07-21,122.81,127.42,122.21,127.05,27748087
2026-07-22,126.18,128.84,124.7,125.84,21096693
2026-07-23,123.96,124.7,119.44,120.04,30900643
2026-07-24,122.47,123.08,114.75,114.99,46405703
2026-07-27,118,121.99,116.8,119.9,36916623
2026-07-28,118.18,122.33,114.5,119.96,32665418
2026-07-29,119.42,121.92,116.2,117.74,28081772
2026-07-30,122.87,128.34,121.58,127.56,41338393
2026-07-31,130.07,132.4,125.7,129.87,34438662
2026-08-03,131.92,143.07,130.21,141.85,49696897
2026-08-04,141.01,148.7,141.01,145.74,43723492
2026-08-05,145,146.39,142.5,144.39,23524074
2026-08-06,139.25,146.58,138.72,143.47,23073335
2026-08-07,145.32,147.16,142.34,147.02,22874018
2026-08-10,148.26,151.99,146.62,151.05,24265024
2026-08-11,151.2,151.99,144.24,145.48,28761754
2026-08-12,152.81,154.89,147.89,153.28,43559359
2026-08-13,151.98,159.26,151.91,156.22,25739974
2026-08-14,155.84,156.39,148.8,150.52,21905468
2026-08-17,148.45,150.4,145.5,146.65,20667954
2026-08-18,143.25,146,142.35,142.79,19152302
2026-08-19,142.7,146.08,137.43,143.81,26552897
2026-08-20,144.3,145.92,141.02,142.07,15184406
2026-08-21,143.72,148.35,142.6,146.47,19635032
2026-08-24,145.12,145.12,141.25,142.45,14158571
2026-08-25,143.3,146.34,142.51,144.76,13329370
2026-08-26,147,151.63,146.82,148.87,18426067
2026-08-27,152.11,153.83,147.52,151.94,30251434
2026-08-28,153.6,153.99,149.71,150.85,17799963
2026-08-31,149.31,151.26,147.75,149.12,16118904
2026-09-01,146.75,146.79,139.95,141.32,25443267
2026-09-02,140.26,146.69,139.72,145.75,21906715
2026-09-03,147.27,156.77,146.92,154.04,25101732
2026-09-04,159.46,159.7,156.71,158.78,26511285
2026-09-08,167.6,170.7,161.16,162.52,37662791
2026-09-09,163.54,165.15,160.36,161.63,27464576
2026-09-10,158.38,159.24,152.52,152.94,56824750
2026-09-11,164.43,166,149.84,150.28,80438563
2026-09-14,141.42,145.33,141.01,144.79,42159750
2026-09-15,143.46,144.88,140.02,140.35,31552727
2026-09-16,140.03,146.52,139,143.16,34366403
2026-09-17,146.75,152,146.15,150.59,27742388
2026-09-18,150.47,150.9,144.4,147.61,39324905
2026-09-21,148.93,149.98,146.16,148.56,22418311
2026-09-22,151.25,153.6,148.6,149.2,31259963
2026-09-23,148.3,148.66,144.23,144.56,22682255
2026-09-24,137.32,140.34,133.48,139.54,56629387
2026-09-25,138.57,140.88,136.92,137.1,23671012
2026-09-28,132.73,135.69,131.58,132.6,36060097
2026-09-29,132.79,143.67,132.53,137.79,45709736
2026-09-30,136.54,138.5,134.75,137.3,22321579
2026-10-01,139.6,140.25,135.33,138.07,25459117
2026-10-02,142.09,144.86,140.26,142.3,35409322
2026-10-05,142.53,146.66,142.37,142.48,18069588
2026-10-06,143.93,146.94,143.86,144.77,20041634
2026-10-07,142.54,144.7,141.37,143.56,15739444
2026-10-08,142.19,142.78,134.66,135.69,41331168
