ticker,company,fiscal_quarter,period_end,calendar_quarter,metric,value_usd,basis,method,xbrl_tag,accessions,tier,needs_review,refreshed_et
MSFT,Microsoft,FY2022Q4,2022-06-30,2022-Q2,cash,104757000000,instant,reported,CashAndCashEquivalentsAtCarryingValue + ShortTermInvestments,0000950170-23-035122,T1 (XBRL),no,2026-10-08 18:30 ET
MSFT,Microsoft,FY2022Q4,2022-06-30,2022-Q2,debt,49781000000,instant,reported,LongTermDebt,0000950170-23-035122,T1 (XBRL),no,2026-10-08 18:30 ET
MSFT,Microsoft,FY2022Q4,2022-06-30,2022-Q2,ol_liab,13717000000,instant,reported,OperatingLeaseLiability,0000950170-23-035122,T1 (XBRL),no,2026-10-08 18:30 ET
MSFT,Microsoft,FY2022Q4,2022-06-30,2022-Q2,fl_liab,14902000000,instant,reported,FinanceLeaseLiability,0000950170-23-035122,T1 (XBRL),no,2026-10-08 18:30 ET
MSFT,Microsoft,FY2022Q4,2022-06-30,2022-Q2,ol_pay_due,15004000000,instant,reported,LesseeOperatingLeaseLiabilityPaymentsDue,0001564590-22-026876,T1 (XBRL),no,2026-10-08 18:30 ET
MSFT,Microsoft,FY2022Q4,2022-06-30,2022-Q2,fl_pay_due,17668000000,instant,reported,FinanceLeaseLiabilityPaymentsDue,0001564590-22-026876,T1 (XBRL),no,2026-10-08 18:30 ET
MSFT,Microsoft,FY2022Q4,2022-06-30,2022-Q2,ppe_net,74398000000,instant,reported,PropertyPlantAndEquipmentNet,0000950170-23-035122,T1 (XBRL),no,2026-10-08 18:30 ET
MSFT,Microsoft,FY2022Q4,2022-06-30,2022-Q2,net_debt,-54976000000,instant,FNAM calculation,,,FNAM calculation,no,2026-10-08 18:30 ET
MSFT,Microsoft,FY2022Q4,2022-06-30,2022-Q2,lease_adj_net_debt,-26357000000,instant,FNAM calculation,,,FNAM calculation,no,2026-10-08 18:30 ET
MSFT,Microsoft,FY2023Q1,2022-09-30,2022-Q3,cash,107262000000,instant,reported,CashAndCashEquivalentsAtCarryingValue + ShortTermInvestments,0001564590-22-035087,T1 (XBRL),no,2026-10-08 18:30 ET
MSFT,Microsoft,FY2023Q1,2022-09-30,2022-Q3,debt,48622000000,instant,reported,LongTermDebt,0001564590-22-035087,T1 (XBRL),no,2026-10-08 18:30 ET
MSFT,Microsoft,FY2023Q1,2022-09-30,2022-Q3,ol_liab,13884000000,instant,reported,OperatingLeaseLiability,0001564590-22-035087,T1 (XBRL),no,2026-10-08 18:30 ET
MSFT,Microsoft,FY2023Q1,2022-09-30,2022-Q3,fl_liab,14630000000,instant,reported,FinanceLeaseLiability,0001564590-22-035087,T1 (XBRL),no,2026-10-08 18:30 ET
MSFT,Microsoft,FY2023Q1,2022-09-30,2022-Q3,ol_pay_due,15375000000,instant,reported,LesseeOperatingLeaseLiabilityPaymentsDue,0001564590-22-035087,T1 (XBRL),no,2026-10-08 18:30 ET
MSFT,Microsoft,FY2023Q1,2022-09-30,2022-Q3,fl_pay_due,17370000000,instant,reported,FinanceLeaseLiabilityPaymentsDue,0001564590-22-035087,T1 (XBRL),no,2026-10-08 18:30 ET
MSFT,Microsoft,FY2023Q1,2022-09-30,2022-Q3,ppe_net,77037000000,instant,reported,PropertyPlantAndEquipmentNet,0001564590-22-035087,T1 (XBRL),no,2026-10-08 18:30 ET
MSFT,Microsoft,FY2023Q1,2022-09-30,2022-Q3,net_debt,-58640000000,instant,FNAM calculation,,,FNAM calculation,no,2026-10-08 18:30 ET
MSFT,Microsoft,FY2023Q1,2022-09-30,2022-Q3,lease_adj_net_debt,-30126000000,instant,FNAM calculation,,,FNAM calculation,no,2026-10-08 18:30 ET
MSFT,Microsoft,FY2023Q2,2022-12-31,2022-Q4,cash,99508000000,instant,reported,CashAndCashEquivalentsAtCarryingValue + ShortTermInvestments,0001564590-23-000733,T1 (XBRL),no,2026-10-08 18:30 ET
MSFT,Microsoft,FY2023Q2,2022-12-31,2022-Q4,debt,48116000000,instant,reported,LongTermDebt,0001564590-23-000733,T1 (XBRL),no,2026-10-08 18:30 ET
MSFT,Microsoft,FY2023Q2,2022-12-31,2022-Q4,ol_liab,14285000000,instant,reported,OperatingLeaseLiability,0001564590-23-000733,T1 (XBRL),no,2026-10-08 18:30 ET
MSFT,Microsoft,FY2023Q2,2022-12-31,2022-Q4,fl_liab,15584000000,instant,reported,FinanceLeaseLiability,0001564590-23-000733,T1 (XBRL),no,2026-10-08 18:30 ET
MSFT,Microsoft,FY2023Q2,2022-12-31,2022-Q4,ol_pay_due,15943000000,instant,reported,LesseeOperatingLeaseLiabilityPaymentsDue,0001564590-23-000733,T1 (XBRL),no,2026-10-08 18:30 ET
MSFT,Microsoft,FY2023Q2,2022-12-31,2022-Q4,fl_pay_due,18694000000,instant,reported,FinanceLeaseLiabilityPaymentsDue,0001564590-23-000733,T1 (XBRL),no,2026-10-08 18:30 ET
MSFT,Microsoft,FY2023Q2,2022-12-31,2022-Q4,ppe_net,82755000000,instant,reported,PropertyPlantAndEquipmentNet,0001564590-23-000733,T1 (XBRL),no,2026-10-08 18:30 ET
MSFT,Microsoft,FY2023Q2,2022-12-31,2022-Q4,net_debt,-51392000000,instant,FNAM calculation,,,FNAM calculation,no,2026-10-08 18:30 ET
MSFT,Microsoft,FY2023Q2,2022-12-31,2022-Q4,lease_adj_net_debt,-21523000000,instant,FNAM calculation,,,FNAM calculation,no,2026-10-08 18:30 ET
MSFT,Microsoft,FY2023Q3,2023-03-31,2023-Q1,cash,104427000000,instant,reported,CashAndCashEquivalentsAtCarryingValue + ShortTermInvestments,0000950170-23-014423,T1 (XBRL),no,2026-10-08 18:30 ET
MSFT,Microsoft,FY2023Q3,2023-03-31,2023-Q1,debt,48210000000,instant,reported,LongTermDebt,0000950170-23-014423,T1 (XBRL),no,2026-10-08 18:30 ET
MSFT,Microsoft,FY2023Q3,2023-03-31,2023-Q1,ol_liab,14639000000,instant,reported,OperatingLeaseLiability,0000950170-23-014423,T1 (XBRL),no,2026-10-08 18:30 ET
MSFT,Microsoft,FY2023Q3,2023-03-31,2023-Q1,fl_liab,16463000000,instant,reported,FinanceLeaseLiability,0000950170-23-014423,T1 (XBRL),no,2026-10-08 18:30 ET
MSFT,Microsoft,FY2023Q3,2023-03-31,2023-Q1,ol_pay_due,16427000000,instant,reported,LesseeOperatingLeaseLiabilityPaymentsDue,0000950170-23-014423,T1 (XBRL),no,2026-10-08 18:30 ET
MSFT,Microsoft,FY2023Q3,2023-03-31,2023-Q1,fl_pay_due,19969000000,instant,reported,FinanceLeaseLiabilityPaymentsDue,0000950170-23-014423,T1 (XBRL),no,2026-10-08 18:30 ET
MSFT,Microsoft,FY2023Q3,2023-03-31,2023-Q1,ppe_net,88132000000,instant,reported,PropertyPlantAndEquipmentNet,0000950170-23-014423,T1 (XBRL),no,2026-10-08 18:30 ET
MSFT,Microsoft,FY2023Q3,2023-03-31,2023-Q1,net_debt,-56217000000,instant,FNAM calculation,,,FNAM calculation,no,2026-10-08 18:30 ET
MSFT,Microsoft,FY2023Q3,2023-03-31,2023-Q1,lease_adj_net_debt,-25115000000,instant,FNAM calculation,,,FNAM calculation,no,2026-10-08 18:30 ET
MSFT,Microsoft,FY2023Q4,2023-06-30,2023-Q2,cash,111262000000,instant,reported,CashAndCashEquivalentsAtCarryingValue + ShortTermInvestments,0000950170-24-087843,T1 (XBRL),no,2026-10-08 18:30 ET
MSFT,Microsoft,FY2023Q4,2023-06-30,2023-Q2,debt,47237000000,instant,reported,LongTermDebt + CommercialPaper,0000950170-24-087843,T1 (XBRL),no,2026-10-08 18:30 ET
MSFT,Microsoft,FY2023Q4,2023-06-30,2023-Q2,ol_liab,15137000000,instant,reported,OperatingLeaseLiability,0000950170-24-087843,T1 (XBRL),no,2026-10-08 18:30 ET
MSFT,Microsoft,FY2023Q4,2023-06-30,2023-Q2,fl_liab,17067000000,instant,reported,FinanceLeaseLiability,0000950170-24-087843,T1 (XBRL),no,2026-10-08 18:30 ET
MSFT,Microsoft,FY2023Q4,2023-06-30,2023-Q2,ol_pay_due,17100000000,instant,reported,LesseeOperatingLeaseLiabilityPaymentsDue,0000950170-23-035122,T1 (XBRL),no,2026-10-08 18:30 ET
MSFT,Microsoft,FY2023Q4,2023-06-30,2023-Q2,fl_pay_due,20634000000,instant,reported,FinanceLeaseLiabilityPaymentsDue,0000950170-23-035122,T1 (XBRL),no,2026-10-08 18:30 ET
MSFT,Microsoft,FY2023Q4,2023-06-30,2023-Q2,ppe_net,95641000000,instant,reported,PropertyPlantAndEquipmentNet,0000950170-24-087843,T1 (XBRL),no,2026-10-08 18:30 ET
MSFT,Microsoft,FY2023Q4,2023-06-30,2023-Q2,net_debt,-64025000000,instant,FNAM calculation,,,FNAM calculation,no,2026-10-08 18:30 ET
MSFT,Microsoft,FY2023Q4,2023-06-30,2023-Q2,lease_adj_net_debt,-31821000000,instant,FNAM calculation,,,FNAM calculation,no,2026-10-08 18:30 ET
MSFT,Microsoft,FY2024Q1,2023-09-30,2023-Q3,cash,143951000000,instant,reported,CashAndCashEquivalentsAtCarryingValue + ShortTermInvestments,0000950170-23-054855,T1 (XBRL),no,2026-10-08 18:30 ET
MSFT,Microsoft,FY2024Q1,2023-09-30,2023-Q3,debt,71502000000,instant,reported,LongTermDebt + CommercialPaper,0000950170-23-054855,T1 (XBRL),no,2026-10-08 18:30 ET
MSFT,Microsoft,FY2024Q1,2023-09-30,2023-Q3,ol_liab,16025000000,instant,reported,OperatingLeaseLiability,0000950170-23-054855,T1 (XBRL),no,2026-10-08 18:30 ET
MSFT,Microsoft,FY2024Q1,2023-09-30,2023-Q3,fl_liab,18154000000,instant,reported,FinanceLeaseLiability,0000950170-23-054855,T1 (XBRL),no,2026-10-08 18:30 ET
MSFT,Microsoft,FY2024Q1,2023-09-30,2023-Q3,ol_pay_due,18017000000,instant,reported,LesseeOperatingLeaseLiabilityPaymentsDue,0000950170-23-054855,T1 (XBRL),no,2026-10-08 18:30 ET
MSFT,Microsoft,FY2024Q1,2023-09-30,2023-Q3,fl_pay_due,22181000000,instant,reported,FinanceLeaseLiabilityPaymentsDue,0000950170-23-054855,T1 (XBRL),no,2026-10-08 18:30 ET
MSFT,Microsoft,FY2024Q1,2023-09-30,2023-Q3,ppe_net,102502000000,instant,reported,PropertyPlantAndEquipmentNet,0000950170-23-054855,T1 (XBRL),no,2026-10-08 18:30 ET
MSFT,Microsoft,FY2024Q1,2023-09-30,2023-Q3,net_debt,-72449000000,instant,FNAM calculation,,,FNAM calculation,no,2026-10-08 18:30 ET
MSFT,Microsoft,FY2024Q1,2023-09-30,2023-Q3,lease_adj_net_debt,-38270000000,instant,FNAM calculation,,,FNAM calculation,no,2026-10-08 18:30 ET
MSFT,Microsoft,FY2024Q2,2023-12-31,2023-Q4,cash,81017000000,instant,reported,CashAndCashEquivalentsAtCarryingValue + ShortTermInvestments,0000950170-24-008814,T1 (XBRL),no,2026-10-08 18:30 ET
MSFT,Microsoft,FY2024Q2,2023-12-31,2023-Q4,debt,74219000000,instant,reported,LongTermDebt + CommercialPaper,0000950170-24-008814,T1 (XBRL),no,2026-10-08 18:30 ET
MSFT,Microsoft,FY2024Q2,2023-12-31,2023-Q4,ol_liab,16942000000,instant,reported,OperatingLeaseLiability,0000950170-24-008814,T1 (XBRL),no,2026-10-08 18:30 ET
MSFT,Microsoft,FY2024Q2,2023-12-31,2023-Q4,fl_liab,20197000000,instant,reported,FinanceLeaseLiability,0000950170-24-008814,T1 (XBRL),no,2026-10-08 18:30 ET
MSFT,Microsoft,FY2024Q2,2023-12-31,2023-Q4,ol_pay_due,19065000000,instant,reported,LesseeOperatingLeaseLiabilityPaymentsDue,0000950170-24-008814,T1 (XBRL),no,2026-10-08 18:30 ET
MSFT,Microsoft,FY2024Q2,2023-12-31,2023-Q4,fl_pay_due,25089000000,instant,reported,FinanceLeaseLiabilityPaymentsDue,0000950170-24-008814,T1 (XBRL),no,2026-10-08 18:30 ET
MSFT,Microsoft,FY2024Q2,2023-12-31,2023-Q4,ppe_net,112308000000,instant,reported,PropertyPlantAndEquipmentNet,0000950170-24-008814,T1 (XBRL),no,2026-10-08 18:30 ET
MSFT,Microsoft,FY2024Q2,2023-12-31,2023-Q4,net_debt,-6798000000,instant,FNAM calculation,,,FNAM calculation,no,2026-10-08 18:30 ET
MSFT,Microsoft,FY2024Q2,2023-12-31,2023-Q4,lease_adj_net_debt,30341000000,instant,FNAM calculation,,,FNAM calculation,no,2026-10-08 18:30 ET
MSFT,Microsoft,FY2024Q3,2024-03-31,2024-Q1,cash,80021000000,instant,reported,CashAndCashEquivalentsAtCarryingValue + ShortTermInvestments,0000950170-24-048288,T1 (XBRL),no,2026-10-08 18:30 ET
MSFT,Microsoft,FY2024Q3,2024-03-31,2024-Q1,debt,65442000000,instant,reported,LongTermDebt + CommercialPaper,0000950170-24-048288,T1 (XBRL),no,2026-10-08 18:30 ET
MSFT,Microsoft,FY2024Q3,2024-03-31,2024-Q1,ol_liab,17882000000,instant,reported,OperatingLeaseLiability,0000950170-24-048288,T1 (XBRL),no,2026-10-08 18:30 ET
MSFT,Microsoft,FY2024Q3,2024-03-31,2024-Q1,fl_liab,22905000000,instant,reported,FinanceLeaseLiability,0000950170-24-048288,T1 (XBRL),no,2026-10-08 18:30 ET
MSFT,Microsoft,FY2024Q3,2024-03-31,2024-Q1,ol_pay_due,20118000000,instant,reported,LesseeOperatingLeaseLiabilityPaymentsDue,0000950170-24-048288,T1 (XBRL),no,2026-10-08 18:30 ET
MSFT,Microsoft,FY2024Q3,2024-03-31,2024-Q1,fl_pay_due,28528000000,instant,reported,FinanceLeaseLiabilityPaymentsDue,0000950170-24-048288,T1 (XBRL),no,2026-10-08 18:30 ET
MSFT,Microsoft,FY2024Q3,2024-03-31,2024-Q1,ppe_net,121375000000,instant,reported,PropertyPlantAndEquipmentNet,0000950170-24-048288,T1 (XBRL),no,2026-10-08 18:30 ET
MSFT,Microsoft,FY2024Q3,2024-03-31,2024-Q1,net_debt,-14579000000,instant,FNAM calculation,,,FNAM calculation,no,2026-10-08 18:30 ET
MSFT,Microsoft,FY2024Q3,2024-03-31,2024-Q1,lease_adj_net_debt,26208000000,instant,FNAM calculation,,,FNAM calculation,no,2026-10-08 18:30 ET
MSFT,Microsoft,FY2024Q4,2024-06-30,2024-Q2,cash,75543000000,instant,reported,CashAndCashEquivalentsAtCarryingValue + ShortTermInvestments,0000950170-25-100235,T1 (XBRL),no,2026-10-08 18:30 ET
MSFT,Microsoft,FY2024Q4,2024-06-30,2024-Q2,debt,51630000000,instant,reported,LongTermDebt + CommercialPaper,0000950170-25-100235,T1 (XBRL),no,2026-10-08 18:30 ET
MSFT,Microsoft,FY2024Q4,2024-06-30,2024-Q2,ol_liab,19077000000,instant,reported,OperatingLeaseLiability,0000950170-25-100235,T1 (XBRL),no,2026-10-08 18:30 ET
MSFT,Microsoft,FY2024Q4,2024-06-30,2024-Q2,fl_liab,27145000000,instant,reported,FinanceLeaseLiability,0000950170-25-100235,T1 (XBRL),no,2026-10-08 18:30 ET
MSFT,Microsoft,FY2024Q4,2024-06-30,2024-Q2,ol_pay_due,21570000000,instant,reported,LesseeOperatingLeaseLiabilityPaymentsDue,0000950170-24-087843,T1 (XBRL),no,2026-10-08 18:30 ET
MSFT,Microsoft,FY2024Q4,2024-06-30,2024-Q2,fl_pay_due,34149000000,instant,reported,FinanceLeaseLiabilityPaymentsDue,0000950170-24-087843,T1 (XBRL),no,2026-10-08 18:30 ET
MSFT,Microsoft,FY2024Q4,2024-06-30,2024-Q2,ppe_net,135591000000,instant,reported,PropertyPlantAndEquipmentNet,0000950170-25-100235,T1 (XBRL),no,2026-10-08 18:30 ET
MSFT,Microsoft,FY2024Q4,2024-06-30,2024-Q2,net_debt,-23913000000,instant,FNAM calculation,,,FNAM calculation,no,2026-10-08 18:30 ET
MSFT,Microsoft,FY2024Q4,2024-06-30,2024-Q2,lease_adj_net_debt,22309000000,instant,FNAM calculation,,,FNAM calculation,no,2026-10-08 18:30 ET
MSFT,Microsoft,FY2025Q1,2024-09-30,2024-Q3,cash,78428000000,instant,reported,CashAndCashEquivalentsAtCarryingValue + ShortTermInvestments,0000950170-24-118967,T1 (XBRL),no,2026-10-08 18:30 ET
MSFT,Microsoft,FY2025Q1,2024-09-30,2024-Q3,debt,45117000000,instant,reported,LongTermDebt + CommercialPaper,0000950170-24-118967,T1 (XBRL),no,2026-10-08 18:30 ET
MSFT,Microsoft,FY2025Q1,2024-09-30,2024-Q3,ol_liab,20370000000,instant,reported,OperatingLeaseLiability,0000950170-24-118967,T1 (XBRL),no,2026-10-08 18:30 ET
MSFT,Microsoft,FY2025Q1,2024-09-30,2024-Q3,fl_liab,31351000000,instant,reported,FinanceLeaseLiability,0000950170-24-118967,T1 (XBRL),no,2026-10-08 18:30 ET
MSFT,Microsoft,FY2025Q1,2024-09-30,2024-Q3,ol_pay_due,22971000000,instant,reported,LesseeOperatingLeaseLiabilityPaymentsDue,0000950170-24-118967,T1 (XBRL),no,2026-10-08 18:30 ET
MSFT,Microsoft,FY2025Q1,2024-09-30,2024-Q3,fl_pay_due,39709000000,instant,reported,FinanceLeaseLiabilityPaymentsDue,0000950170-24-118967,T1 (XBRL),no,2026-10-08 18:30 ET
MSFT,Microsoft,FY2025Q1,2024-09-30,2024-Q3,ppe_net,152863000000,instant,reported,PropertyPlantAndEquipmentNet,0000950170-24-118967,T1 (XBRL),no,2026-10-08 18:30 ET
MSFT,Microsoft,FY2025Q1,2024-09-30,2024-Q3,net_debt,-33311000000,instant,FNAM calculation,,,FNAM calculation,no,2026-10-08 18:30 ET
MSFT,Microsoft,FY2025Q1,2024-09-30,2024-Q3,lease_adj_net_debt,18410000000,instant,FNAM calculation,,,FNAM calculation,no,2026-10-08 18:30 ET
MSFT,Microsoft,FY2025Q2,2024-12-31,2024-Q4,cash,71555000000,instant,reported,CashAndCashEquivalentsAtCarryingValue + ShortTermInvestments,0000950170-25-010491,T1 (XBRL),no,2026-10-08 18:30 ET
MSFT,Microsoft,FY2025Q2,2024-12-31,2024-Q4,debt,44970000000,instant,reported,LongTermDebt + CommercialPaper,0000950170-25-010491,T1 (XBRL),no,2026-10-08 18:30 ET
MSFT,Microsoft,FY2025Q2,2024-12-31,2024-Q4,ol_liab,21862000000,instant,reported,OperatingLeaseLiability,0000950170-25-010491,T1 (XBRL),no,2026-10-08 18:30 ET
MSFT,Microsoft,FY2025Q2,2024-12-31,2024-Q4,fl_liab,36077000000,instant,reported,FinanceLeaseLiability,0000950170-25-010491,T1 (XBRL),no,2026-10-08 18:30 ET
MSFT,Microsoft,FY2025Q2,2024-12-31,2024-Q4,ol_pay_due,24370000000,instant,reported,LesseeOperatingLeaseLiabilityPaymentsDue,0000950170-25-010491,T1 (XBRL),no,2026-10-08 18:30 ET
MSFT,Microsoft,FY2025Q2,2024-12-31,2024-Q4,fl_pay_due,46361000000,instant,reported,FinanceLeaseLiabilityPaymentsDue,0000950170-25-010491,T1 (XBRL),no,2026-10-08 18:30 ET
MSFT,Microsoft,FY2025Q2,2024-12-31,2024-Q4,ppe_net,166902000000,instant,reported,PropertyPlantAndEquipmentNet,0000950170-25-010491,T1 (XBRL),no,2026-10-08 18:30 ET
MSFT,Microsoft,FY2025Q2,2024-12-31,2024-Q4,net_debt,-26585000000,instant,FNAM calculation,,,FNAM calculation,no,2026-10-08 18:30 ET
MSFT,Microsoft,FY2025Q2,2024-12-31,2024-Q4,lease_adj_net_debt,31354000000,instant,FNAM calculation,,,FNAM calculation,no,2026-10-08 18:30 ET
MSFT,Microsoft,FY2025Q3,2025-03-31,2025-Q1,cash,79618000000,instant,reported,CashAndCashEquivalentsAtCarryingValue + ShortTermInvestments,0000950170-25-061046,T1 (XBRL),no,2026-10-08 18:30 ET
MSFT,Microsoft,FY2025Q3,2025-03-31,2025-Q1,debt,42881000000,instant,reported,LongTermDebt + CommercialPaper,0000950170-25-061046,T1 (XBRL),no,2026-10-08 18:30 ET
MSFT,Microsoft,FY2025Q3,2025-03-31,2025-Q1,ol_liab,22924000000,instant,reported,OperatingLeaseLiability,0000950170-25-061046,T1 (XBRL),no,2026-10-08 18:30 ET
MSFT,Microsoft,FY2025Q3,2025-03-31,2025-Q1,fl_liab,39214000000,instant,reported,FinanceLeaseLiability,0000950170-25-061046,T1 (XBRL),no,2026-10-08 18:30 ET
MSFT,Microsoft,FY2025Q3,2025-03-31,2025-Q1,ol_pay_due,25533000000,instant,reported,LesseeOperatingLeaseLiabilityPaymentsDue,0000950170-25-061046,T1 (XBRL),no,2026-10-08 18:30 ET
MSFT,Microsoft,FY2025Q3,2025-03-31,2025-Q1,fl_pay_due,50719000000,instant,reported,FinanceLeaseLiabilityPaymentsDue,0000950170-25-061046,T1 (XBRL),no,2026-10-08 18:30 ET
MSFT,Microsoft,FY2025Q3,2025-03-31,2025-Q1,ppe_net,183939000000,instant,reported,PropertyPlantAndEquipmentNet,0000950170-25-061046,T1 (XBRL),no,2026-10-08 18:30 ET
MSFT,Microsoft,FY2025Q3,2025-03-31,2025-Q1,net_debt,-36737000000,instant,FNAM calculation,,,FNAM calculation,no,2026-10-08 18:30 ET
MSFT,Microsoft,FY2025Q3,2025-03-31,2025-Q1,lease_adj_net_debt,25401000000,instant,FNAM calculation,,,FNAM calculation,no,2026-10-08 18:30 ET
MSFT,Microsoft,FY2025Q4,2025-06-30,2025-Q2,cash,94565000000,instant,reported,CashAndCashEquivalentsAtCarryingValue + ShortTermInvestments,0001193125-26-323660,T1 (XBRL),no,2026-10-08 18:30 ET
MSFT,Microsoft,FY2025Q4,2025-06-30,2025-Q2,debt,43151000000,instant,reported,LongTermDebt + CommercialPaper,0001193125-26-323660 0000950170-25-100235,T1 (XBRL),no,2026-10-08 18:30 ET
MSFT,Microsoft,FY2025Q4,2025-06-30,2025-Q2,ol_liab,22861000000,instant,reported,OperatingLeaseLiability,0001193125-26-323660,T1 (XBRL),no,2026-10-08 18:30 ET
MSFT,Microsoft,FY2025Q4,2025-06-30,2025-Q2,fl_liab,46172000000,instant,reported,FinanceLeaseLiability,0001193125-26-323660,T1 (XBRL),no,2026-10-08 18:30 ET
MSFT,Microsoft,FY2025Q4,2025-06-30,2025-Q2,ol_pay_due,25481000000,instant,reported,LesseeOperatingLeaseLiabilityPaymentsDue,0000950170-25-100235,T1 (XBRL),no,2026-10-08 18:30 ET
MSFT,Microsoft,FY2025Q4,2025-06-30,2025-Q2,fl_pay_due,60506000000,instant,reported,FinanceLeaseLiabilityPaymentsDue,0000950170-25-100235,T1 (XBRL),no,2026-10-08 18:30 ET
MSFT,Microsoft,FY2025Q4,2025-06-30,2025-Q2,ppe_net,204966000000,instant,reported,PropertyPlantAndEquipmentNet,0001193125-26-323660,T1 (XBRL),no,2026-10-08 18:30 ET
MSFT,Microsoft,FY2025Q4,2025-06-30,2025-Q2,net_debt,-51414000000,instant,FNAM calculation,,,FNAM calculation,no,2026-10-08 18:30 ET
MSFT,Microsoft,FY2025Q4,2025-06-30,2025-Q2,lease_adj_net_debt,17619000000,instant,FNAM calculation,,,FNAM calculation,no,2026-10-08 18:30 ET
MSFT,Microsoft,FY2026Q1,2025-09-30,2025-Q3,cash,102012000000,instant,reported,CashAndCashEquivalentsAtCarryingValue + ShortTermInvestments,0001193125-25-256321,T1 (XBRL),no,2026-10-08 18:30 ET
MSFT,Microsoft,FY2026Q1,2025-09-30,2025-Q3,debt,43208000000,instant,reported,LongTermDebt,0001193125-25-256321,T1 (XBRL),no,2026-10-08 18:30 ET
MSFT,Microsoft,FY2026Q1,2025-09-30,2025-Q3,ol_liab,22733000000,instant,reported,OperatingLeaseLiability,0001193125-25-256321,T1 (XBRL),no,2026-10-08 18:30 ET
MSFT,Microsoft,FY2026Q1,2025-09-30,2025-Q3,fl_liab,54434000000,instant,reported,FinanceLeaseLiability,0001193125-25-256321,T1 (XBRL),no,2026-10-08 18:30 ET
MSFT,Microsoft,FY2026Q1,2025-09-30,2025-Q3,ol_pay_due,25292000000,instant,reported,LesseeOperatingLeaseLiabilityPaymentsDue,0001193125-25-256321,T1 (XBRL),no,2026-10-08 18:30 ET
MSFT,Microsoft,FY2026Q1,2025-09-30,2025-Q3,fl_pay_due,72834000000,instant,reported,FinanceLeaseLiabilityPaymentsDue,0001193125-25-256321,T1 (XBRL),no,2026-10-08 18:30 ET
MSFT,Microsoft,FY2026Q1,2025-09-30,2025-Q3,ppe_net,230861000000,instant,reported,PropertyPlantAndEquipmentNet,0001193125-25-256321,T1 (XBRL),no,2026-10-08 18:30 ET
MSFT,Microsoft,FY2026Q1,2025-09-30,2025-Q3,net_debt,-58804000000,instant,FNAM calculation,,,FNAM calculation,no,2026-10-08 18:30 ET
MSFT,Microsoft,FY2026Q1,2025-09-30,2025-Q3,lease_adj_net_debt,18363000000,instant,FNAM calculation,,,FNAM calculation,no,2026-10-08 18:30 ET
MSFT,Microsoft,FY2026Q2,2025-12-31,2025-Q4,cash,89462000000,instant,reported,CashAndCashEquivalentsAtCarryingValue + ShortTermInvestments,0001193125-26-027207,T1 (XBRL),no,2026-10-08 18:30 ET
MSFT,Microsoft,FY2026Q2,2025-12-31,2025-Q4,debt,40262000000,instant,reported,LongTermDebt,0001193125-26-027207,T1 (XBRL),no,2026-10-08 18:30 ET
MSFT,Microsoft,FY2026Q2,2025-12-31,2025-Q4,ol_liab,22865000000,instant,reported,OperatingLeaseLiability,0001193125-26-027207,T1 (XBRL),no,2026-10-08 18:30 ET
MSFT,Microsoft,FY2026Q2,2025-12-31,2025-Q4,fl_liab,60151000000,instant,reported,FinanceLeaseLiability,0001193125-26-027207,T1 (XBRL),no,2026-10-08 18:30 ET
MSFT,Microsoft,FY2026Q2,2025-12-31,2025-Q4,ol_pay_due,25581000000,instant,reported,LesseeOperatingLeaseLiabilityPaymentsDue,0001193125-26-027207,T1 (XBRL),no,2026-10-08 18:30 ET
MSFT,Microsoft,FY2026Q2,2025-12-31,2025-Q4,fl_pay_due,81067000000,instant,reported,FinanceLeaseLiabilityPaymentsDue,0001193125-26-027207,T1 (XBRL),no,2026-10-08 18:30 ET
MSFT,Microsoft,FY2026Q2,2025-12-31,2025-Q4,ppe_net,261126000000,instant,reported,PropertyPlantAndEquipmentNet,0001193125-26-027207,T1 (XBRL),no,2026-10-08 18:30 ET
MSFT,Microsoft,FY2026Q2,2025-12-31,2025-Q4,net_debt,-49200000000,instant,FNAM calculation,,,FNAM calculation,no,2026-10-08 18:30 ET
MSFT,Microsoft,FY2026Q2,2025-12-31,2025-Q4,lease_adj_net_debt,33816000000,instant,FNAM calculation,,,FNAM calculation,no,2026-10-08 18:30 ET
MSFT,Microsoft,FY2026Q3,2026-03-31,2026-Q1,cash,78272000000,instant,reported,CashAndCashEquivalentsAtCarryingValue + ShortTermInvestments,0001193125-26-191507,T1 (XBRL),no,2026-10-08 18:30 ET
MSFT,Microsoft,FY2026Q3,2026-03-31,2026-Q1,debt,40262000000,instant,reported,LongTermDebt,0001193125-26-191507,T1 (XBRL),no,2026-10-08 18:30 ET
MSFT,Microsoft,FY2026Q3,2026-03-31,2026-Q1,ol_liab,22238000000,instant,reported,OperatingLeaseLiability,0001193125-26-191507,T1 (XBRL),no,2026-10-08 18:30 ET
MSFT,Microsoft,FY2026Q3,2026-03-31,2026-Q1,fl_liab,62932000000,instant,reported,FinanceLeaseLiability,0001193125-26-191507,T1 (XBRL),no,2026-10-08 18:30 ET
MSFT,Microsoft,FY2026Q3,2026-03-31,2026-Q1,ol_pay_due,24855000000,instant,reported,LesseeOperatingLeaseLiabilityPaymentsDue,0001193125-26-191507,T1 (XBRL),no,2026-10-08 18:30 ET
MSFT,Microsoft,FY2026Q3,2026-03-31,2026-Q1,fl_pay_due,84602000000,instant,reported,FinanceLeaseLiabilityPaymentsDue,0001193125-26-191507,T1 (XBRL),no,2026-10-08 18:30 ET
MSFT,Microsoft,FY2026Q3,2026-03-31,2026-Q1,ppe_net,283228000000,instant,reported,PropertyPlantAndEquipmentNet,0001193125-26-191507,T1 (XBRL),no,2026-10-08 18:30 ET
MSFT,Microsoft,FY2026Q3,2026-03-31,2026-Q1,net_debt,-38010000000,instant,FNAM calculation,,,FNAM calculation,no,2026-10-08 18:30 ET
MSFT,Microsoft,FY2026Q3,2026-03-31,2026-Q1,lease_adj_net_debt,47160000000,instant,FNAM calculation,,,FNAM calculation,no,2026-10-08 18:30 ET
MSFT,Microsoft,FY2026Q4,2026-06-30,2026-Q2,cash,76843000000,instant,reported,CashAndCashEquivalentsAtCarryingValue + ShortTermInvestments,0001193125-26-323660,T1 (XBRL),no,2026-10-08 18:30 ET
MSFT,Microsoft,FY2026Q4,2026-06-30,2026-Q2,debt,40294000000,instant,reported,LongTermDebt,0001193125-26-323660,T1 (XBRL),no,2026-10-08 18:30 ET
MSFT,Microsoft,FY2026Q4,2026-06-30,2026-Q2,ol_liab,21925000000,instant,reported,OperatingLeaseLiability,0001193125-26-323660,T1 (XBRL),no,2026-10-08 18:30 ET
MSFT,Microsoft,FY2026Q4,2026-06-30,2026-Q2,fl_liab,66594000000,instant,reported,FinanceLeaseLiability,0001193125-26-323660,T1 (XBRL),no,2026-10-08 18:30 ET
MSFT,Microsoft,FY2026Q4,2026-06-30,2026-Q2,ol_pay_due,24706000000,instant,reported,LesseeOperatingLeaseLiabilityPaymentsDue,0001193125-26-323660,T1 (XBRL),no,2026-10-08 18:30 ET
MSFT,Microsoft,FY2026Q4,2026-06-30,2026-Q2,fl_pay_due,89686000000,instant,reported,FinanceLeaseLiabilityPaymentsDue,0001193125-26-323660,T1 (XBRL),no,2026-10-08 18:30 ET
MSFT,Microsoft,FY2026Q4,2026-06-30,2026-Q2,ppe_net,313076000000,instant,reported,PropertyPlantAndEquipmentNet,0001193125-26-323660,T1 (XBRL),no,2026-10-08 18:30 ET
MSFT,Microsoft,FY2026Q4,2026-06-30,2026-Q2,net_debt,-36549000000,instant,FNAM calculation,,,FNAM calculation,no,2026-10-08 18:30 ET
MSFT,Microsoft,FY2026Q4,2026-06-30,2026-Q2,lease_adj_net_debt,51970000000,instant,FNAM calculation,,,FNAM calculation,no,2026-10-08 18:30 ET
GOOGL,Alphabet,FY2022Q2,2022-06-30,2022-Q2,cash,124997000000,instant,reported,CashAndCashEquivalentsAtCarryingValue + MarketableSecuritiesCurrent,0001652044-22-000071,T1 (XBRL),no,2026-10-08 18:30 ET
GOOGL,Alphabet,FY2022Q2,2022-06-30,2022-Q2,ol_liab,13994000000,instant,reported,OperatingLeaseLiabilityNoncurrent + OperatingLeaseLiabilityCurrent,0001652044-22-000071,T1 (XBRL),no,2026-10-08 18:30 ET
GOOGL,Alphabet,FY2022Q2,2022-06-30,2022-Q2,fl_liab,1966000000,instant,reported,FinanceLeaseLiability,0001652044-22-000071,T1 (XBRL),no,2026-10-08 18:30 ET
GOOGL,Alphabet,FY2022Q2,2022-06-30,2022-Q2,ppe_net,106223000000,instant,reported,PropertyPlantAndEquipmentAndFinanceLeaseRightOfUseAssetAfterAccumulatedDepreciationAndAmortization,0001652044-22-000071,T1 (XBRL),no,2026-10-08 18:30 ET
GOOGL,Alphabet,FY2022Q3,2022-09-30,2022-Q3,cash,116259000000,instant,reported,CashAndCashEquivalentsAtCarryingValue + MarketableSecuritiesCurrent,0001652044-22-000090,T1 (XBRL),no,2026-10-08 18:30 ET
GOOGL,Alphabet,FY2022Q3,2022-09-30,2022-Q3,ol_liab,14269000000,instant,reported,OperatingLeaseLiabilityNoncurrent + OperatingLeaseLiabilityCurrent,0001652044-22-000090,T1 (XBRL),no,2026-10-08 18:30 ET
GOOGL,Alphabet,FY2022Q3,2022-09-30,2022-Q3,fl_liab,2213000000,instant,reported,FinanceLeaseLiability,0001652044-22-000090,T1 (XBRL),no,2026-10-08 18:30 ET
GOOGL,Alphabet,FY2022Q3,2022-09-30,2022-Q3,ppe_net,108363000000,instant,reported,PropertyPlantAndEquipmentAndFinanceLeaseRightOfUseAssetAfterAccumulatedDepreciationAndAmortization,0001652044-22-000090,T1 (XBRL),no,2026-10-08 18:30 ET
GOOGL,Alphabet,FY2022Q4,2022-12-31,2022-Q4,cash,113762000000,instant,reported,CashAndCashEquivalentsAtCarryingValue + MarketableSecuritiesCurrent,0001652044-24-000022,T1 (XBRL),no,2026-10-08 18:30 ET
GOOGL,Alphabet,FY2022Q4,2022-12-31,2022-Q4,debt,15312000000,instant,reported,LongTermDebt + CommercialPaper,0001652044-23-000016 0001652044-24-000022,T1 (XBRL),no,2026-10-08 18:30 ET
GOOGL,Alphabet,FY2022Q4,2022-12-31,2022-Q4,ol_liab,14978000000,instant,reported,OperatingLeaseLiability,0001652044-23-000016,T1 (XBRL),no,2026-10-08 18:30 ET
GOOGL,Alphabet,FY2022Q4,2022-12-31,2022-Q4,fl_liab,2142000000,instant,reported,FinanceLeaseLiability,0001652044-24-000022,T1 (XBRL),no,2026-10-08 18:30 ET
GOOGL,Alphabet,FY2022Q4,2022-12-31,2022-Q4,ol_pay_due,17440000000,instant,reported,LesseeOperatingLeaseLiabilityPaymentsDue,0001652044-23-000016,T1 (XBRL),no,2026-10-08 18:30 ET
GOOGL,Alphabet,FY2022Q4,2022-12-31,2022-Q4,ppe_net,112668000000,instant,reported,PropertyPlantAndEquipmentNet,0001652044-24-000022,T1 (XBRL),no,2026-10-08 18:30 ET
GOOGL,Alphabet,FY2022Q4,2022-12-31,2022-Q4,net_debt,-98450000000,instant,FNAM calculation,,,FNAM calculation,no,2026-10-08 18:30 ET
GOOGL,Alphabet,FY2022Q4,2022-12-31,2022-Q4,lease_adj_net_debt,-81330000000,instant,FNAM calculation,,,FNAM calculation,no,2026-10-08 18:30 ET
GOOGL,Alphabet,FY2023Q1,2023-03-31,2023-Q1,cash,115102000000,instant,reported,CashAndCashEquivalentsAtCarryingValue + MarketableSecuritiesCurrent,0001652044-23-000045,T1 (XBRL),no,2026-10-08 18:30 ET
GOOGL,Alphabet,FY2023Q1,2023-03-31,2023-Q1,ol_liab,15424000000,instant,reported,OperatingLeaseLiabilityNoncurrent + OperatingLeaseLiabilityCurrent,0001652044-23-000045,T1 (XBRL),no,2026-10-08 18:30 ET
GOOGL,Alphabet,FY2023Q1,2023-03-31,2023-Q1,fl_liab,2208000000,instant,reported,FinanceLeaseLiability,0001652044-23-000045,T1 (XBRL),no,2026-10-08 18:30 ET
GOOGL,Alphabet,FY2023Q1,2023-03-31,2023-Q1,ppe_net,117560000000,instant,reported,PropertyPlantAndEquipmentAndFinanceLeaseRightOfUseAssetAfterAccumulatedDepreciationAndAmortization,0001652044-23-000045,T1 (XBRL),no,2026-10-08 18:30 ET
GOOGL,Alphabet,FY2023Q2,2023-06-30,2023-Q2,cash,118332000000,instant,reported,CashAndCashEquivalentsAtCarryingValue + MarketableSecuritiesCurrent,0001652044-23-000070,T1 (XBRL),no,2026-10-08 18:30 ET
GOOGL,Alphabet,FY2023Q2,2023-06-30,2023-Q2,ol_liab,15409000000,instant,reported,OperatingLeaseLiabilityNoncurrent + OperatingLeaseLiabilityCurrent,0001652044-23-000070,T1 (XBRL),no,2026-10-08 18:30 ET
GOOGL,Alphabet,FY2023Q2,2023-06-30,2023-Q2,fl_liab,2159000000,instant,reported,FinanceLeaseLiability,0001652044-23-000070,T1 (XBRL),no,2026-10-08 18:30 ET
GOOGL,Alphabet,FY2023Q2,2023-06-30,2023-Q2,ppe_net,121208000000,instant,reported,PropertyPlantAndEquipmentAndFinanceLeaseRightOfUseAssetAfterAccumulatedDepreciationAndAmortization,0001652044-23-000070,T1 (XBRL),no,2026-10-08 18:30 ET
GOOGL,Alphabet,FY2023Q3,2023-09-30,2023-Q3,cash,119935000000,instant,reported,CashAndCashEquivalentsAtCarryingValue + MarketableSecuritiesCurrent,0001652044-23-000094,T1 (XBRL),no,2026-10-08 18:30 ET
GOOGL,Alphabet,FY2023Q3,2023-09-30,2023-Q3,ol_liab,15265000000,instant,reported,OperatingLeaseLiabilityNoncurrent + OperatingLeaseLiabilityCurrent,0001652044-23-000094,T1 (XBRL),no,2026-10-08 18:30 ET
GOOGL,Alphabet,FY2023Q3,2023-09-30,2023-Q3,fl_liab,2314000000,instant,reported,FinanceLeaseLiability,0001652044-23-000094,T1 (XBRL),no,2026-10-08 18:30 ET
GOOGL,Alphabet,FY2023Q3,2023-09-30,2023-Q3,ppe_net,125705000000,instant,reported,PropertyPlantAndEquipmentAndFinanceLeaseRightOfUseAssetAfterAccumulatedDepreciationAndAmortization,0001652044-23-000094,T1 (XBRL),no,2026-10-08 18:30 ET
GOOGL,Alphabet,FY2023Q4,2023-12-31,2023-Q4,cash,110916000000,instant,reported,CashAndCashEquivalentsAtCarryingValue + MarketableSecuritiesCurrent,0001652044-25-000014,T1 (XBRL),no,2026-10-08 18:30 ET
GOOGL,Alphabet,FY2023Q4,2023-12-31,2023-Q4,debt,13000000000,instant,reported,LongTermDebt + CommercialPaper,0001652044-25-000014,T1 (XBRL),no,2026-10-08 18:30 ET
GOOGL,Alphabet,FY2023Q4,2023-12-31,2023-Q4,ol_liab,15251000000,instant,reported,OperatingLeaseLiability,0001652044-25-000014,T1 (XBRL),no,2026-10-08 18:30 ET
GOOGL,Alphabet,FY2023Q4,2023-12-31,2023-Q4,fl_liab,1666000000,instant,reported,FinanceLeaseLiability,0001652044-25-000014,T1 (XBRL),no,2026-10-08 18:30 ET
GOOGL,Alphabet,FY2023Q4,2023-12-31,2023-Q4,ol_pay_due,17682000000,instant,reported,LesseeOperatingLeaseLiabilityPaymentsDue,0001652044-24-000022,T1 (XBRL),no,2026-10-08 18:30 ET
GOOGL,Alphabet,FY2023Q4,2023-12-31,2023-Q4,ppe_net,134345000000,instant,reported,PropertyPlantAndEquipmentNet,0001652044-25-000014,T1 (XBRL),no,2026-10-08 18:30 ET
GOOGL,Alphabet,FY2023Q4,2023-12-31,2023-Q4,net_debt,-97916000000,instant,FNAM calculation,,,FNAM calculation,no,2026-10-08 18:30 ET
GOOGL,Alphabet,FY2023Q4,2023-12-31,2023-Q4,lease_adj_net_debt,-80999000000,instant,FNAM calculation,,,FNAM calculation,no,2026-10-08 18:30 ET
GOOGL,Alphabet,FY2024Q1,2024-03-31,2024-Q1,cash,108090000000,instant,reported,CashAndCashEquivalentsAtCarryingValue + MarketableSecuritiesCurrent,0001652044-24-000053,T1 (XBRL),no,2026-10-08 18:30 ET
GOOGL,Alphabet,FY2024Q1,2024-03-31,2024-Q1,ol_liab,14831000000,instant,reported,OperatingLeaseLiabilityNoncurrent + OperatingLeaseLiabilityCurrent,0001652044-24-000053,T1 (XBRL),no,2026-10-08 18:30 ET
GOOGL,Alphabet,FY2024Q1,2024-03-31,2024-Q1,fl_liab,1672000000,instant,reported,FinanceLeaseLiability,0001652044-24-000053,T1 (XBRL),no,2026-10-08 18:30 ET
GOOGL,Alphabet,FY2024Q1,2024-03-31,2024-Q1,ppe_net,143182000000,instant,reported,PropertyPlantAndEquipmentNet,0001652044-24-000053,T1 (XBRL),no,2026-10-08 18:30 ET
GOOGL,Alphabet,FY2024Q2,2024-06-30,2024-Q2,cash,100725000000,instant,reported,CashAndCashEquivalentsAtCarryingValue + MarketableSecuritiesCurrent,0001652044-24-000079,T1 (XBRL),no,2026-10-08 18:30 ET
GOOGL,Alphabet,FY2024Q2,2024-06-30,2024-Q2,ol_liab,14563000000,instant,reported,OperatingLeaseLiabilityNoncurrent + OperatingLeaseLiabilityCurrent,0001652044-24-000079,T1 (XBRL),no,2026-10-08 18:30 ET
GOOGL,Alphabet,FY2024Q2,2024-06-30,2024-Q2,fl_liab,2280000000,instant,reported,FinanceLeaseLiability,0001652044-24-000079,T1 (XBRL),no,2026-10-08 18:30 ET
GOOGL,Alphabet,FY2024Q2,2024-06-30,2024-Q2,ppe_net,151155000000,instant,reported,PropertyPlantAndEquipmentNet,0001652044-24-000079,T1 (XBRL),no,2026-10-08 18:30 ET
GOOGL,Alphabet,FY2024Q3,2024-09-30,2024-Q3,cash,93230000000,instant,reported,CashAndCashEquivalentsAtCarryingValue + MarketableSecuritiesCurrent,0001652044-24-000118,T1 (XBRL),no,2026-10-08 18:30 ET
GOOGL,Alphabet,FY2024Q3,2024-09-30,2024-Q3,ol_liab,14625000000,instant,reported,OperatingLeaseLiabilityNoncurrent + OperatingLeaseLiabilityCurrent,0001652044-24-000118,T1 (XBRL),no,2026-10-08 18:30 ET
GOOGL,Alphabet,FY2024Q3,2024-09-30,2024-Q3,fl_liab,2785000000,instant,reported,FinanceLeaseLiability,0001652044-24-000118,T1 (XBRL),no,2026-10-08 18:30 ET
GOOGL,Alphabet,FY2024Q3,2024-09-30,2024-Q3,ppe_net,161270000000,instant,reported,PropertyPlantAndEquipmentNet,0001652044-24-000118,T1 (XBRL),no,2026-10-08 18:30 ET
GOOGL,Alphabet,FY2024Q4,2024-12-31,2024-Q4,cash,95657000000,instant,reported,CashAndCashEquivalentsAtCarryingValue + MarketableSecuritiesCurrent,0001652044-26-000018,T1 (XBRL),no,2026-10-08 18:30 ET
GOOGL,Alphabet,FY2024Q4,2024-12-31,2024-Q4,debt,14300000000,instant,reported,LongTermDebt + CommercialPaper,0001652044-25-000014 0001652044-26-000018,T1 (XBRL),no,2026-10-08 18:30 ET
GOOGL,Alphabet,FY2024Q4,2024-12-31,2024-Q4,ol_liab,14578000000,instant,reported,OperatingLeaseLiability,0001652044-26-000018,T1 (XBRL),no,2026-10-08 18:30 ET
GOOGL,Alphabet,FY2024Q4,2024-12-31,2024-Q4,fl_liab,1677000000,instant,reported,FinanceLeaseLiability,0001652044-26-000018,T1 (XBRL),no,2026-10-08 18:30 ET
GOOGL,Alphabet,FY2024Q4,2024-12-31,2024-Q4,ol_pay_due,17038000000,instant,reported,LesseeOperatingLeaseLiabilityPaymentsDue,0001652044-25-000014,T1 (XBRL),no,2026-10-08 18:30 ET
GOOGL,Alphabet,FY2024Q4,2024-12-31,2024-Q4,fl_pay_due,1888000000,instant,reported,FinanceLeaseLiabilityPaymentsDue,0001652044-25-000014,T1 (XBRL),no,2026-10-08 18:30 ET
GOOGL,Alphabet,FY2024Q4,2024-12-31,2024-Q4,ppe_net,171036000000,instant,reported,PropertyPlantAndEquipmentNet,0001652044-25-000043,T1 (XBRL),no,2026-10-08 18:30 ET
GOOGL,Alphabet,FY2024Q4,2024-12-31,2024-Q4,net_debt,-81357000000,instant,FNAM calculation,,,FNAM calculation,no,2026-10-08 18:30 ET
GOOGL,Alphabet,FY2024Q4,2024-12-31,2024-Q4,lease_adj_net_debt,-65102000000,instant,FNAM calculation,,,FNAM calculation,no,2026-10-08 18:30 ET
GOOGL,Alphabet,FY2025Q1,2025-03-31,2025-Q1,cash,95328000000,instant,reported,CashAndCashEquivalentsAtCarryingValue + MarketableSecuritiesCurrent,0001652044-25-000043,T1 (XBRL),no,2026-10-08 18:30 ET
GOOGL,Alphabet,FY2025Q1,2025-03-31,2025-Q1,debt,14386000000,instant,reported,LongTermDebtNoncurrent + LongTermDebtCurrent + CommercialPaper,0001652044-25-000043,T1 (XBRL),no,2026-10-08 18:30 ET
GOOGL,Alphabet,FY2025Q1,2025-03-31,2025-Q1,ol_liab,14551000000,instant,reported,OperatingLeaseLiability,0001652044-25-000043,T1 (XBRL),no,2026-10-08 18:30 ET
GOOGL,Alphabet,FY2025Q1,2025-03-31,2025-Q1,fl_liab,2061000000,instant,reported,FinanceLeaseLiability,0001652044-25-000043,T1 (XBRL),no,2026-10-08 18:30 ET
GOOGL,Alphabet,FY2025Q1,2025-03-31,2025-Q1,ol_pay_due,16964000000,instant,reported,LesseeOperatingLeaseLiabilityPaymentsDue,0001652044-25-000043,T1 (XBRL),no,2026-10-08 18:30 ET
GOOGL,Alphabet,FY2025Q1,2025-03-31,2025-Q1,fl_pay_due,2506000000,instant,reported,FinanceLeaseLiabilityPaymentsDue,0001652044-25-000043,T1 (XBRL),no,2026-10-08 18:30 ET
GOOGL,Alphabet,FY2025Q1,2025-03-31,2025-Q1,ppe_net,185062000000,instant,reported,PropertyPlantAndEquipmentNet,0001652044-25-000043,T1 (XBRL),no,2026-10-08 18:30 ET
GOOGL,Alphabet,FY2025Q1,2025-03-31,2025-Q1,net_debt,-80942000000,instant,FNAM calculation,,,FNAM calculation,no,2026-10-08 18:30 ET
GOOGL,Alphabet,FY2025Q1,2025-03-31,2025-Q1,lease_adj_net_debt,-64330000000,instant,FNAM calculation,,,FNAM calculation,no,2026-10-08 18:30 ET
GOOGL,Alphabet,FY2025Q2,2025-06-30,2025-Q2,cash,95148000000,instant,reported,CashAndCashEquivalentsAtCarryingValue + MarketableSecuritiesCurrent,0001652044-25-000062,T1 (XBRL),no,2026-10-08 18:30 ET
GOOGL,Alphabet,FY2025Q2,2025-06-30,2025-Q2,debt,27607000000,instant,reported,LongTermDebtNoncurrent + LongTermDebtCurrent + CommercialPaper,0001652044-25-000062,T1 (XBRL),no,2026-10-08 18:30 ET
GOOGL,Alphabet,FY2025Q2,2025-06-30,2025-Q2,ol_liab,14959000000,instant,reported,OperatingLeaseLiability,0001652044-25-000062,T1 (XBRL),no,2026-10-08 18:30 ET
GOOGL,Alphabet,FY2025Q2,2025-06-30,2025-Q2,fl_liab,2102000000,instant,reported,FinanceLeaseLiability,0001652044-25-000062,T1 (XBRL),no,2026-10-08 18:30 ET
GOOGL,Alphabet,FY2025Q2,2025-06-30,2025-Q2,ol_pay_due,17429000000,instant,reported,LesseeOperatingLeaseLiabilityPaymentsDue,0001652044-25-000062,T1 (XBRL),no,2026-10-08 18:30 ET
GOOGL,Alphabet,FY2025Q2,2025-06-30,2025-Q2,fl_pay_due,2630000000,instant,reported,FinanceLeaseLiabilityPaymentsDue,0001652044-25-000062,T1 (XBRL),no,2026-10-08 18:30 ET
GOOGL,Alphabet,FY2025Q2,2025-06-30,2025-Q2,ppe_net,203231000000,instant,reported,PropertyPlantAndEquipmentAndFinanceLeaseRightOfUseAssetAfterAccumulatedDepreciationAndAmortization,0001652044-25-000062,T1 (XBRL),no,2026-10-08 18:30 ET
GOOGL,Alphabet,FY2025Q2,2025-06-30,2025-Q2,net_debt,-67541000000,instant,FNAM calculation,,,FNAM calculation,no,2026-10-08 18:30 ET
GOOGL,Alphabet,FY2025Q2,2025-06-30,2025-Q2,lease_adj_net_debt,-50480000000,instant,FNAM calculation,,,FNAM calculation,no,2026-10-08 18:30 ET
GOOGL,Alphabet,FY2025Q3,2025-09-30,2025-Q3,cash,98496000000,instant,reported,CashAndCashEquivalentsAtCarryingValue + MarketableSecuritiesCurrent,0001652044-25-000091,T1 (XBRL),no,2026-10-08 18:30 ET
GOOGL,Alphabet,FY2025Q3,2025-09-30,2025-Q3,debt,26602000000,instant,reported,LongTermDebtNoncurrent + LongTermDebtCurrent + CommercialPaper,0001652044-25-000091,T1 (XBRL),no,2026-10-08 18:30 ET
GOOGL,Alphabet,FY2025Q3,2025-09-30,2025-Q3,ol_liab,15205000000,instant,reported,OperatingLeaseLiability,0001652044-25-000091,T1 (XBRL),no,2026-10-08 18:30 ET
GOOGL,Alphabet,FY2025Q3,2025-09-30,2025-Q3,fl_liab,2388000000,instant,reported,FinanceLeaseLiability,0001652044-25-000091,T1 (XBRL),no,2026-10-08 18:30 ET
GOOGL,Alphabet,FY2025Q3,2025-09-30,2025-Q3,ol_pay_due,17540000000,instant,reported,LesseeOperatingLeaseLiabilityPaymentsDue,0001652044-25-000091,T1 (XBRL),no,2026-10-08 18:30 ET
GOOGL,Alphabet,FY2025Q3,2025-09-30,2025-Q3,fl_pay_due,2914000000,instant,reported,FinanceLeaseLiabilityPaymentsDue,0001652044-25-000091,T1 (XBRL),no,2026-10-08 18:30 ET
GOOGL,Alphabet,FY2025Q3,2025-09-30,2025-Q3,ppe_net,223787000000,instant,reported,PropertyPlantAndEquipmentAndFinanceLeaseRightOfUseAssetAfterAccumulatedDepreciationAndAmortization,0001652044-25-000091,T1 (XBRL),no,2026-10-08 18:30 ET
GOOGL,Alphabet,FY2025Q3,2025-09-30,2025-Q3,net_debt,-71894000000,instant,FNAM calculation,,,FNAM calculation,no,2026-10-08 18:30 ET
GOOGL,Alphabet,FY2025Q3,2025-09-30,2025-Q3,lease_adj_net_debt,-54301000000,instant,FNAM calculation,,,FNAM calculation,no,2026-10-08 18:30 ET
GOOGL,Alphabet,FY2025Q4,2025-12-31,2025-Q4,cash,126843000000,instant,reported,CashAndCashEquivalentsAtCarryingValue + MarketableSecuritiesCurrent,0001652044-26-000071,T1 (XBRL),no,2026-10-08 18:30 ET
GOOGL,Alphabet,FY2025Q4,2025-12-31,2025-Q4,debt,49085000000,instant,reported,LongTermDebt + CommercialPaper,0001652044-26-000018 0001652044-26-000071,T1 (XBRL),no,2026-10-08 18:30 ET
GOOGL,Alphabet,FY2025Q4,2025-12-31,2025-Q4,ol_liab,15954000000,instant,reported,OperatingLeaseLiability,0001652044-26-000071,T1 (XBRL),no,2026-10-08 18:30 ET
GOOGL,Alphabet,FY2025Q4,2025-12-31,2025-Q4,fl_liab,2500000000,instant,reported,FinanceLeaseLiability,0001652044-26-000071,T1 (XBRL),no,2026-10-08 18:30 ET
GOOGL,Alphabet,FY2025Q4,2025-12-31,2025-Q4,ol_pay_due,18251000000,instant,reported,LesseeOperatingLeaseLiabilityPaymentsDue,0001652044-26-000018,T1 (XBRL),no,2026-10-08 18:30 ET
GOOGL,Alphabet,FY2025Q4,2025-12-31,2025-Q4,fl_pay_due,2869000000,instant,reported,FinanceLeaseLiabilityPaymentsDue,0001652044-26-000018,T1 (XBRL),no,2026-10-08 18:30 ET
GOOGL,Alphabet,FY2025Q4,2025-12-31,2025-Q4,ppe_net,246597000000,instant,reported,PropertyPlantAndEquipmentAndFinanceLeaseRightOfUseAssetAfterAccumulatedDepreciationAndAmortization,0001652044-26-000071,T1 (XBRL),no,2026-10-08 18:30 ET
GOOGL,Alphabet,FY2025Q4,2025-12-31,2025-Q4,net_debt,-77758000000,instant,FNAM calculation,,,FNAM calculation,no,2026-10-08 18:30 ET
GOOGL,Alphabet,FY2025Q4,2025-12-31,2025-Q4,lease_adj_net_debt,-59304000000,instant,FNAM calculation,,,FNAM calculation,no,2026-10-08 18:30 ET
GOOGL,Alphabet,FY2026Q1,2026-03-31,2026-Q1,cash,126840000000,instant,reported,CashAndCashEquivalentsAtCarryingValue + MarketableSecuritiesCurrent,0001652044-26-000048,T1 (XBRL),no,2026-10-08 18:30 ET
GOOGL,Alphabet,FY2026Q1,2026-03-31,2026-Q1,debt,79499000000,instant,reported,LongTermDebtNoncurrent + LongTermDebtCurrent,0001652044-26-000048,T1 (XBRL),no,2026-10-08 18:30 ET
GOOGL,Alphabet,FY2026Q1,2026-03-31,2026-Q1,ol_liab,16161000000,instant,reported,OperatingLeaseLiability,0001652044-26-000048,T1 (XBRL),no,2026-10-08 18:30 ET
GOOGL,Alphabet,FY2026Q1,2026-03-31,2026-Q1,fl_liab,2214000000,instant,reported,FinanceLeaseLiability,0001652044-26-000048,T1 (XBRL),no,2026-10-08 18:30 ET
GOOGL,Alphabet,FY2026Q1,2026-03-31,2026-Q1,ol_pay_due,18807000000,instant,reported,LesseeOperatingLeaseLiabilityPaymentsDue,0001652044-26-000048,T1 (XBRL),no,2026-10-08 18:30 ET
GOOGL,Alphabet,FY2026Q1,2026-03-31,2026-Q1,fl_pay_due,2635000000,instant,reported,FinanceLeaseLiabilityPaymentsDue,0001652044-26-000048,T1 (XBRL),no,2026-10-08 18:30 ET
GOOGL,Alphabet,FY2026Q1,2026-03-31,2026-Q1,ppe_net,281020000000,instant,reported,PropertyPlantAndEquipmentAndFinanceLeaseRightOfUseAssetAfterAccumulatedDepreciationAndAmortization,0001652044-26-000048,T1 (XBRL),no,2026-10-08 18:30 ET
GOOGL,Alphabet,FY2026Q1,2026-03-31,2026-Q1,net_debt,-47341000000,instant,FNAM calculation,,,FNAM calculation,no,2026-10-08 18:30 ET
GOOGL,Alphabet,FY2026Q1,2026-03-31,2026-Q1,lease_adj_net_debt,-28966000000,instant,FNAM calculation,,,FNAM calculation,no,2026-10-08 18:30 ET
GOOGL,Alphabet,FY2026Q2,2026-06-30,2026-Q2,cash,242474000000,instant,reported,CashAndCashEquivalentsAtCarryingValue + MarketableSecuritiesCurrent,0001652044-26-000071,T1 (XBRL),no,2026-10-08 18:30 ET
GOOGL,Alphabet,FY2026Q2,2026-06-30,2026-Q2,debt,100164000000,instant,reported,LongTermDebtNoncurrent + LongTermDebtCurrent + CommercialPaper,0001652044-26-000071,T1 (XBRL),no,2026-10-08 18:30 ET
GOOGL,Alphabet,FY2026Q2,2026-06-30,2026-Q2,ol_liab,18037000000,instant,reported,OperatingLeaseLiability,0001652044-26-000071,T1 (XBRL),no,2026-10-08 18:30 ET
GOOGL,Alphabet,FY2026Q2,2026-06-30,2026-Q2,fl_liab,2590000000,instant,reported,FinanceLeaseLiability,0001652044-26-000071,T1 (XBRL),no,2026-10-08 18:30 ET
GOOGL,Alphabet,FY2026Q2,2026-06-30,2026-Q2,ol_pay_due,21333000000,instant,reported,LesseeOperatingLeaseLiabilityPaymentsDue,0001652044-26-000071,T1 (XBRL),no,2026-10-08 18:30 ET
GOOGL,Alphabet,FY2026Q2,2026-06-30,2026-Q2,fl_pay_due,2920000000,instant,reported,FinanceLeaseLiabilityPaymentsDue,0001652044-26-000071,T1 (XBRL),no,2026-10-08 18:30 ET
GOOGL,Alphabet,FY2026Q2,2026-06-30,2026-Q2,ppe_net,321212000000,instant,reported,PropertyPlantAndEquipmentAndFinanceLeaseRightOfUseAssetAfterAccumulatedDepreciationAndAmortization,0001652044-26-000071,T1 (XBRL),no,2026-10-08 18:30 ET
GOOGL,Alphabet,FY2026Q2,2026-06-30,2026-Q2,net_debt,-142310000000,instant,FNAM calculation,,,FNAM calculation,no,2026-10-08 18:30 ET
GOOGL,Alphabet,FY2026Q2,2026-06-30,2026-Q2,lease_adj_net_debt,-121683000000,instant,FNAM calculation,,,FNAM calculation,no,2026-10-08 18:30 ET
AMZN,Amazon,FY2022Q2,2022-06-30,2022-Q2,cash,60710000000,instant,reported,CashAndCashEquivalentsAtCarryingValue + MarketableSecuritiesCurrent,0001018724-22-000019,T1 (XBRL),no,2026-10-08 18:30 ET
AMZN,Amazon,FY2022Q2,2022-06-30,2022-Q2,debt,63670000000,instant,reported,LongTermDebt + ShortTermBorrowings,0001018724-22-000019,T1 (XBRL),no,2026-10-08 18:30 ET
AMZN,Amazon,FY2022Q2,2022-06-30,2022-Q2,ol_liab,60606000000,instant,reported,OperatingLeaseLiability,0001018724-22-000019,T1 (XBRL),no,2026-10-08 18:30 ET
AMZN,Amazon,FY2022Q2,2022-06-30,2022-Q2,fl_liab,18417000000,instant,reported,FinanceLeaseLiability,0001018724-22-000019,T1 (XBRL),no,2026-10-08 18:30 ET
AMZN,Amazon,FY2022Q2,2022-06-30,2022-Q2,ol_pay_due,69341000000,instant,reported,LesseeOperatingLeaseLiabilityPaymentsDue,0001018724-22-000019,T1 (XBRL),no,2026-10-08 18:30 ET
AMZN,Amazon,FY2022Q2,2022-06-30,2022-Q2,fl_pay_due,20426000000,instant,reported,FinanceLeaseLiabilityPaymentsDue,0001018724-22-000019,T1 (XBRL),no,2026-10-08 18:30 ET
AMZN,Amazon,FY2022Q2,2022-06-30,2022-Q2,ppe_net,173706000000,instant,reported,PropertyPlantAndEquipmentAndFinanceLeaseRightOfUseAssetAfterAccumulatedDepreciationAndAmortization,0001018724-22-000019,T1 (XBRL),no,2026-10-08 18:30 ET
AMZN,Amazon,FY2022Q2,2022-06-30,2022-Q2,net_debt,2960000000,instant,FNAM calculation,,,FNAM calculation,no,2026-10-08 18:30 ET
AMZN,Amazon,FY2022Q2,2022-06-30,2022-Q2,lease_adj_net_debt,81983000000,instant,FNAM calculation,,,FNAM calculation,no,2026-10-08 18:30 ET
AMZN,Amazon,FY2022Q3,2022-09-30,2022-Q3,cash,58662000000,instant,reported,CashAndCashEquivalentsAtCarryingValue + MarketableSecuritiesCurrent,0001018724-22-000023,T1 (XBRL),no,2026-10-08 18:30 ET
AMZN,Amazon,FY2022Q3,2022-09-30,2022-Q3,debt,64641000000,instant,reported,LongTermDebt + ShortTermBorrowings,0001018724-22-000023,T1 (XBRL),no,2026-10-08 18:30 ET
AMZN,Amazon,FY2022Q3,2022-09-30,2022-Q3,ol_liab,64783000000,instant,reported,OperatingLeaseLiability,0001018724-22-000023,T1 (XBRL),no,2026-10-08 18:30 ET
AMZN,Amazon,FY2022Q3,2022-09-30,2022-Q3,fl_liab,16631000000,instant,reported,FinanceLeaseLiability,0001018724-22-000023,T1 (XBRL),no,2026-10-08 18:30 ET
AMZN,Amazon,FY2022Q3,2022-09-30,2022-Q3,ol_pay_due,75495000000,instant,reported,LesseeOperatingLeaseLiabilityPaymentsDue,0001018724-22-000023,T1 (XBRL),no,2026-10-08 18:30 ET
AMZN,Amazon,FY2022Q3,2022-09-30,2022-Q3,fl_pay_due,18838000000,instant,reported,FinanceLeaseLiabilityPaymentsDue,0001018724-22-000023,T1 (XBRL),no,2026-10-08 18:30 ET
AMZN,Amazon,FY2022Q3,2022-09-30,2022-Q3,ppe_net,177195000000,instant,reported,PropertyPlantAndEquipmentAndFinanceLeaseRightOfUseAssetAfterAccumulatedDepreciationAndAmortization,0001018724-22-000023,T1 (XBRL),no,2026-10-08 18:30 ET
AMZN,Amazon,FY2022Q3,2022-09-30,2022-Q3,net_debt,5979000000,instant,FNAM calculation,,,FNAM calculation,no,2026-10-08 18:30 ET
AMZN,Amazon,FY2022Q3,2022-09-30,2022-Q3,lease_adj_net_debt,87393000000,instant,FNAM calculation,,,FNAM calculation,no,2026-10-08 18:30 ET
AMZN,Amazon,FY2022Q4,2022-12-31,2022-Q4,cash,70026000000,instant,reported,CashAndCashEquivalentsAtCarryingValue + MarketableSecuritiesCurrent,0001018724-24-000008,T1 (XBRL),no,2026-10-08 18:30 ET
AMZN,Amazon,FY2022Q4,2022-12-31,2022-Q4,debt,71742000000,instant,reported,LongTermDebt + ShortTermBorrowings,0001018724-24-000008 0001018724-23-000018,T1 (XBRL),no,2026-10-08 18:30 ET
AMZN,Amazon,FY2022Q4,2022-12-31,2022-Q4,ol_liab,69040000000,instant,reported,OperatingLeaseLiability,0001018724-24-000008,T1 (XBRL),no,2026-10-08 18:30 ET
AMZN,Amazon,FY2022Q4,2022-12-31,2022-Q4,fl_liab,15783000000,instant,reported,FinanceLeaseLiability,0001018724-24-000008,T1 (XBRL),no,2026-10-08 18:30 ET
AMZN,Amazon,FY2022Q4,2022-12-31,2022-Q4,ol_pay_due,81273000000,instant,reported,LesseeOperatingLeaseLiabilityPaymentsDue,0001018724-24-000008,T1 (XBRL),no,2026-10-08 18:30 ET
AMZN,Amazon,FY2022Q4,2022-12-31,2022-Q4,fl_pay_due,18019000000,instant,reported,FinanceLeaseLiabilityPaymentsDue,0001018724-24-000008,T1 (XBRL),no,2026-10-08 18:30 ET
AMZN,Amazon,FY2022Q4,2022-12-31,2022-Q4,ppe_net,186715000000,instant,reported,PropertyPlantAndEquipmentAndFinanceLeaseRightOfUseAssetAfterAccumulatedDepreciationAndAmortization,0001018724-25-000004,T1 (XBRL),no,2026-10-08 18:30 ET
AMZN,Amazon,FY2022Q4,2022-12-31,2022-Q4,net_debt,1716000000,instant,FNAM calculation,,,FNAM calculation,no,2026-10-08 18:30 ET
AMZN,Amazon,FY2022Q4,2022-12-31,2022-Q4,lease_adj_net_debt,86539000000,instant,FNAM calculation,,,FNAM calculation,no,2026-10-08 18:30 ET
AMZN,Amazon,FY2023Q1,2023-03-31,2023-Q1,cash,64405000000,instant,reported,CashAndCashEquivalentsAtCarryingValue + MarketableSecuritiesCurrent,0001018724-23-000008,T1 (XBRL),no,2026-10-08 18:30 ET
AMZN,Amazon,FY2023Q1,2023-03-31,2023-Q1,debt,70572000000,instant,reported,LongTermDebt + ShortTermBorrowings,0001018724-23-000008,T1 (XBRL),no,2026-10-08 18:30 ET
AMZN,Amazon,FY2023Q1,2023-03-31,2023-Q1,ol_liab,71248000000,instant,reported,OperatingLeaseLiability,0001018724-23-000008,T1 (XBRL),no,2026-10-08 18:30 ET
AMZN,Amazon,FY2023Q1,2023-03-31,2023-Q1,fl_liab,14447000000,instant,reported,FinanceLeaseLiability,0001018724-23-000008,T1 (XBRL),no,2026-10-08 18:30 ET
AMZN,Amazon,FY2023Q1,2023-03-31,2023-Q1,ol_pay_due,84468000000,instant,reported,LesseeOperatingLeaseLiabilityPaymentsDue,0001018724-23-000008,T1 (XBRL),no,2026-10-08 18:30 ET
AMZN,Amazon,FY2023Q1,2023-03-31,2023-Q1,fl_pay_due,16511000000,instant,reported,FinanceLeaseLiabilityPaymentsDue,0001018724-23-000008,T1 (XBRL),no,2026-10-08 18:30 ET
AMZN,Amazon,FY2023Q1,2023-03-31,2023-Q1,ppe_net,190754000000,instant,reported,PropertyPlantAndEquipmentAndFinanceLeaseRightOfUseAssetAfterAccumulatedDepreciationAndAmortization,0001018724-23-000008,T1 (XBRL),no,2026-10-08 18:30 ET
AMZN,Amazon,FY2023Q1,2023-03-31,2023-Q1,net_debt,6167000000,instant,FNAM calculation,,,FNAM calculation,no,2026-10-08 18:30 ET
AMZN,Amazon,FY2023Q1,2023-03-31,2023-Q1,lease_adj_net_debt,91862000000,instant,FNAM calculation,,,FNAM calculation,no,2026-10-08 18:30 ET
AMZN,Amazon,FY2023Q2,2023-06-30,2023-Q2,cash,63970000000,instant,reported,CashAndCashEquivalentsAtCarryingValue + MarketableSecuritiesCurrent,0001018724-23-000012,T1 (XBRL),no,2026-10-08 18:30 ET
AMZN,Amazon,FY2023Q2,2023-06-30,2023-Q2,debt,68572000000,instant,reported,LongTermDebt + ShortTermBorrowings,0001018724-23-000012,T1 (XBRL),no,2026-10-08 18:30 ET
AMZN,Amazon,FY2023Q2,2023-06-30,2023-Q2,ol_liab,73370000000,instant,reported,OperatingLeaseLiability,0001018724-23-000012,T1 (XBRL),no,2026-10-08 18:30 ET
AMZN,Amazon,FY2023Q2,2023-06-30,2023-Q2,fl_liab,13458000000,instant,reported,FinanceLeaseLiability,0001018724-23-000012,T1 (XBRL),no,2026-10-08 18:30 ET
AMZN,Amazon,FY2023Q2,2023-06-30,2023-Q2,ol_pay_due,87753000000,instant,reported,LesseeOperatingLeaseLiabilityPaymentsDue,0001018724-23-000012,T1 (XBRL),no,2026-10-08 18:30 ET
AMZN,Amazon,FY2023Q2,2023-06-30,2023-Q2,fl_pay_due,15533000000,instant,reported,FinanceLeaseLiabilityPaymentsDue,0001018724-23-000012,T1 (XBRL),no,2026-10-08 18:30 ET
AMZN,Amazon,FY2023Q2,2023-06-30,2023-Q2,ppe_net,193784000000,instant,reported,PropertyPlantAndEquipmentAndFinanceLeaseRightOfUseAssetAfterAccumulatedDepreciationAndAmortization,0001018724-23-000012,T1 (XBRL),no,2026-10-08 18:30 ET
AMZN,Amazon,FY2023Q2,2023-06-30,2023-Q2,net_debt,4602000000,instant,FNAM calculation,,,FNAM calculation,no,2026-10-08 18:30 ET
AMZN,Amazon,FY2023Q2,2023-06-30,2023-Q2,lease_adj_net_debt,91430000000,instant,FNAM calculation,,,FNAM calculation,no,2026-10-08 18:30 ET
AMZN,Amazon,FY2023Q3,2023-09-30,2023-Q3,cash,64169000000,instant,reported,CashAndCashEquivalentsAtCarryingValue + MarketableSecuritiesCurrent,0001018724-23-000018,T1 (XBRL),no,2026-10-08 18:30 ET
AMZN,Amazon,FY2023Q3,2023-09-30,2023-Q3,debt,67638000000,instant,reported,LongTermDebt + ShortTermBorrowings,0001018724-23-000018,T1 (XBRL),no,2026-10-08 18:30 ET
AMZN,Amazon,FY2023Q3,2023-09-30,2023-Q3,ol_liab,73902000000,instant,reported,OperatingLeaseLiability,0001018724-23-000018,T1 (XBRL),no,2026-10-08 18:30 ET
AMZN,Amazon,FY2023Q3,2023-09-30,2023-Q3,fl_liab,12466000000,instant,reported,FinanceLeaseLiability,0001018724-23-000018,T1 (XBRL),no,2026-10-08 18:30 ET
AMZN,Amazon,FY2023Q3,2023-09-30,2023-Q3,ol_pay_due,88814000000,instant,reported,LesseeOperatingLeaseLiabilityPaymentsDue,0001018724-23-000018,T1 (XBRL),no,2026-10-08 18:30 ET
AMZN,Amazon,FY2023Q3,2023-09-30,2023-Q3,fl_pay_due,14574000000,instant,reported,FinanceLeaseLiabilityPaymentsDue,0001018724-23-000018,T1 (XBRL),no,2026-10-08 18:30 ET
AMZN,Amazon,FY2023Q3,2023-09-30,2023-Q3,ppe_net,196468000000,instant,reported,PropertyPlantAndEquipmentAndFinanceLeaseRightOfUseAssetAfterAccumulatedDepreciationAndAmortization,0001018724-23-000018,T1 (XBRL),no,2026-10-08 18:30 ET
AMZN,Amazon,FY2023Q3,2023-09-30,2023-Q3,net_debt,3469000000,instant,FNAM calculation,,,FNAM calculation,no,2026-10-08 18:30 ET
AMZN,Amazon,FY2023Q3,2023-09-30,2023-Q3,lease_adj_net_debt,89837000000,instant,FNAM calculation,,,FNAM calculation,no,2026-10-08 18:30 ET
AMZN,Amazon,FY2023Q4,2023-12-31,2023-Q4,cash,86780000000,instant,reported,CashAndCashEquivalentsAtCarryingValue + MarketableSecuritiesCurrent,0001018724-25-000004,T1 (XBRL),no,2026-10-08 18:30 ET
AMZN,Amazon,FY2023Q4,2023-12-31,2023-Q4,debt,67329000000,instant,reported,LongTermDebt + ShortTermBorrowings,0001018724-25-000004,T1 (XBRL),no,2026-10-08 18:30 ET
AMZN,Amazon,FY2023Q4,2023-12-31,2023-Q4,ol_liab,75639000000,instant,reported,OperatingLeaseLiability,0001018724-25-000004,T1 (XBRL),no,2026-10-08 18:30 ET
AMZN,Amazon,FY2023Q4,2023-12-31,2023-Q4,fl_liab,12109000000,instant,reported,FinanceLeaseLiability,0001018724-25-000004,T1 (XBRL),no,2026-10-08 18:30 ET
AMZN,Amazon,FY2023Q4,2023-12-31,2023-Q4,ol_pay_due,90777000000,instant,reported,LesseeOperatingLeaseLiabilityPaymentsDue,0001018724-25-000004,T1 (XBRL),no,2026-10-08 18:30 ET
AMZN,Amazon,FY2023Q4,2023-12-31,2023-Q4,fl_pay_due,14106000000,instant,reported,FinanceLeaseLiabilityPaymentsDue,0001018724-25-000004,T1 (XBRL),no,2026-10-08 18:30 ET
AMZN,Amazon,FY2023Q4,2023-12-31,2023-Q4,ppe_net,204177000000,instant,reported,PropertyPlantAndEquipmentAndFinanceLeaseRightOfUseAssetAfterAccumulatedDepreciationAndAmortization,0001018724-26-000004,T1 (XBRL),no,2026-10-08 18:30 ET
AMZN,Amazon,FY2023Q4,2023-12-31,2023-Q4,net_debt,-19451000000,instant,FNAM calculation,,,FNAM calculation,no,2026-10-08 18:30 ET
AMZN,Amazon,FY2023Q4,2023-12-31,2023-Q4,lease_adj_net_debt,68297000000,instant,FNAM calculation,,,FNAM calculation,no,2026-10-08 18:30 ET
AMZN,Amazon,FY2024Q1,2024-03-31,2024-Q1,cash,85074000000,instant,reported,CashAndCashEquivalentsAtCarryingValue + MarketableSecuritiesCurrent,0001018724-24-000083,T1 (XBRL),no,2026-10-08 18:30 ET
AMZN,Amazon,FY2024Q1,2024-03-31,2024-Q1,debt,66902000000,instant,reported,LongTermDebt + ShortTermBorrowings,0001018724-24-000083,T1 (XBRL),no,2026-10-08 18:30 ET
AMZN,Amazon,FY2024Q1,2024-03-31,2024-Q1,ol_liab,76019000000,instant,reported,OperatingLeaseLiability,0001018724-24-000083,T1 (XBRL),no,2026-10-08 18:30 ET
AMZN,Amazon,FY2024Q1,2024-03-31,2024-Q1,fl_liab,11240000000,instant,reported,FinanceLeaseLiability,0001018724-24-000083,T1 (XBRL),no,2026-10-08 18:30 ET
AMZN,Amazon,FY2024Q1,2024-03-31,2024-Q1,ol_pay_due,91419000000,instant,reported,LesseeOperatingLeaseLiabilityPaymentsDue,0001018724-24-000083,T1 (XBRL),no,2026-10-08 18:30 ET
AMZN,Amazon,FY2024Q1,2024-03-31,2024-Q1,fl_pay_due,13262000000,instant,reported,FinanceLeaseLiabilityPaymentsDue,0001018724-24-000083,T1 (XBRL),no,2026-10-08 18:30 ET
AMZN,Amazon,FY2024Q1,2024-03-31,2024-Q1,ppe_net,209950000000,instant,reported,PropertyPlantAndEquipmentAndFinanceLeaseRightOfUseAssetAfterAccumulatedDepreciationAndAmortization,0001018724-24-000083,T1 (XBRL),no,2026-10-08 18:30 ET
AMZN,Amazon,FY2024Q1,2024-03-31,2024-Q1,net_debt,-18172000000,instant,FNAM calculation,,,FNAM calculation,no,2026-10-08 18:30 ET
AMZN,Amazon,FY2024Q1,2024-03-31,2024-Q1,lease_adj_net_debt,69087000000,instant,FNAM calculation,,,FNAM calculation,no,2026-10-08 18:30 ET
AMZN,Amazon,FY2024Q2,2024-06-30,2024-Q2,cash,89092000000,instant,reported,CashAndCashEquivalentsAtCarryingValue + MarketableSecuritiesCurrent,0001018724-24-000130,T1 (XBRL),no,2026-10-08 18:30 ET
AMZN,Amazon,FY2024Q2,2024-06-30,2024-Q2,debt,62759000000,instant,reported,LongTermDebt + ShortTermBorrowings,0001018724-24-000130,T1 (XBRL),no,2026-10-08 18:30 ET
AMZN,Amazon,FY2024Q2,2024-06-30,2024-Q2,ol_liab,77432000000,instant,reported,OperatingLeaseLiability,0001018724-24-000130,T1 (XBRL),no,2026-10-08 18:30 ET
AMZN,Amazon,FY2024Q2,2024-06-30,2024-Q2,fl_liab,10827000000,instant,reported,FinanceLeaseLiability,0001018724-24-000130,T1 (XBRL),no,2026-10-08 18:30 ET
AMZN,Amazon,FY2024Q2,2024-06-30,2024-Q2,ol_pay_due,93266000000,instant,reported,LesseeOperatingLeaseLiabilityPaymentsDue,0001018724-24-000130,T1 (XBRL),no,2026-10-08 18:30 ET
AMZN,Amazon,FY2024Q2,2024-06-30,2024-Q2,fl_pay_due,12807000000,instant,reported,FinanceLeaseLiabilityPaymentsDue,0001018724-24-000130,T1 (XBRL),no,2026-10-08 18:30 ET
AMZN,Amazon,FY2024Q2,2024-06-30,2024-Q2,ppe_net,220717000000,instant,reported,PropertyPlantAndEquipmentAndFinanceLeaseRightOfUseAssetAfterAccumulatedDepreciationAndAmortization,0001018724-24-000130,T1 (XBRL),no,2026-10-08 18:30 ET
AMZN,Amazon,FY2024Q2,2024-06-30,2024-Q2,net_debt,-26333000000,instant,FNAM calculation,,,FNAM calculation,no,2026-10-08 18:30 ET
AMZN,Amazon,FY2024Q2,2024-06-30,2024-Q2,lease_adj_net_debt,61926000000,instant,FNAM calculation,,,FNAM calculation,no,2026-10-08 18:30 ET
AMZN,Amazon,FY2024Q3,2024-09-30,2024-Q3,cash,88051000000,instant,reported,CashAndCashEquivalentsAtCarryingValue + MarketableSecuritiesCurrent,0001018724-24-000161,T1 (XBRL),no,2026-10-08 18:30 ET
AMZN,Amazon,FY2024Q3,2024-09-30,2024-Q3,debt,60588000000,instant,reported,LongTermDebt + ShortTermBorrowings,0001018724-24-000161,T1 (XBRL),no,2026-10-08 18:30 ET
AMZN,Amazon,FY2024Q3,2024-09-30,2024-Q3,ol_liab,79677000000,instant,reported,OperatingLeaseLiability,0001018724-24-000161,T1 (XBRL),no,2026-10-08 18:30 ET
AMZN,Amazon,FY2024Q3,2024-09-30,2024-Q3,fl_liab,10819000000,instant,reported,FinanceLeaseLiability,0001018724-24-000161,T1 (XBRL),no,2026-10-08 18:30 ET
AMZN,Amazon,FY2024Q3,2024-09-30,2024-Q3,ol_pay_due,95609000000,instant,reported,LesseeOperatingLeaseLiabilityPaymentsDue,0001018724-24-000161,T1 (XBRL),no,2026-10-08 18:30 ET
AMZN,Amazon,FY2024Q3,2024-09-30,2024-Q3,fl_pay_due,12794000000,instant,reported,FinanceLeaseLiabilityPaymentsDue,0001018724-24-000161,T1 (XBRL),no,2026-10-08 18:30 ET
AMZN,Amazon,FY2024Q3,2024-09-30,2024-Q3,ppe_net,237917000000,instant,reported,PropertyPlantAndEquipmentAndFinanceLeaseRightOfUseAssetAfterAccumulatedDepreciationAndAmortization,0001018724-24-000161,T1 (XBRL),no,2026-10-08 18:30 ET
AMZN,Amazon,FY2024Q3,2024-09-30,2024-Q3,net_debt,-27463000000,instant,FNAM calculation,,,FNAM calculation,no,2026-10-08 18:30 ET
AMZN,Amazon,FY2024Q3,2024-09-30,2024-Q3,lease_adj_net_debt,63033000000,instant,FNAM calculation,,,FNAM calculation,no,2026-10-08 18:30 ET
AMZN,Amazon,FY2024Q4,2024-12-31,2024-Q4,cash,101202000000,instant,reported,CashAndCashEquivalentsAtCarryingValue + MarketableSecuritiesCurrent,0001018724-26-000004,T1 (XBRL),no,2026-10-08 18:30 ET
AMZN,Amazon,FY2024Q4,2024-12-31,2024-Q4,debt,58151000000,instant,reported,LongTermDebt + ShortTermBorrowings,0001018724-26-000004,T1 (XBRL),no,2026-10-08 18:30 ET
AMZN,Amazon,FY2024Q4,2024-12-31,2024-Q4,ol_liab,79596000000,instant,reported,OperatingLeaseLiability,0001018724-26-000004,T1 (XBRL),no,2026-10-08 18:30 ET
AMZN,Amazon,FY2024Q4,2024-12-31,2024-Q4,fl_liab,10602000000,instant,reported,FinanceLeaseLiability,0001018724-26-000004,T1 (XBRL),no,2026-10-08 18:30 ET
AMZN,Amazon,FY2024Q4,2024-12-31,2024-Q4,ol_pay_due,95294000000,instant,reported,LesseeOperatingLeaseLiabilityPaymentsDue,0001018724-26-000004,T1 (XBRL),no,2026-10-08 18:30 ET
AMZN,Amazon,FY2024Q4,2024-12-31,2024-Q4,fl_pay_due,12520000000,instant,reported,FinanceLeaseLiabilityPaymentsDue,0001018724-26-000004,T1 (XBRL),no,2026-10-08 18:30 ET
AMZN,Amazon,FY2024Q4,2024-12-31,2024-Q4,ppe_net,252665000000,instant,reported,PropertyPlantAndEquipmentNet,0001018724-26-000004,T1 (XBRL),no,2026-10-08 18:30 ET
AMZN,Amazon,FY2024Q4,2024-12-31,2024-Q4,net_debt,-43051000000,instant,FNAM calculation,,,FNAM calculation,no,2026-10-08 18:30 ET
AMZN,Amazon,FY2024Q4,2024-12-31,2024-Q4,lease_adj_net_debt,47147000000,instant,FNAM calculation,,,FNAM calculation,no,2026-10-08 18:30 ET
AMZN,Amazon,FY2025Q1,2025-03-31,2025-Q1,cash,94565000000,instant,reported,CashAndCashEquivalentsAtCarryingValue + MarketableSecuritiesCurrent,0001018724-25-000036,T1 (XBRL),no,2026-10-08 18:30 ET
AMZN,Amazon,FY2025Q1,2025-03-31,2025-Q1,debt,58826000000,instant,reported,LongTermDebt + ShortTermBorrowings,0001018724-25-000036,T1 (XBRL),no,2026-10-08 18:30 ET
AMZN,Amazon,FY2025Q1,2025-03-31,2025-Q1,ol_liab,81731000000,instant,reported,OperatingLeaseLiability,0001018724-25-000036,T1 (XBRL),no,2026-10-08 18:30 ET
AMZN,Amazon,FY2025Q1,2025-03-31,2025-Q1,fl_liab,10383000000,instant,reported,FinanceLeaseLiability,0001018724-25-000036,T1 (XBRL),no,2026-10-08 18:30 ET
AMZN,Amazon,FY2025Q1,2025-03-31,2025-Q1,ol_pay_due,97593000000,instant,reported,LesseeOperatingLeaseLiabilityPaymentsDue,0001018724-25-000036,T1 (XBRL),no,2026-10-08 18:30 ET
AMZN,Amazon,FY2025Q1,2025-03-31,2025-Q1,fl_pay_due,12252000000,instant,reported,FinanceLeaseLiabilityPaymentsDue,0001018724-25-000036,T1 (XBRL),no,2026-10-08 18:30 ET
AMZN,Amazon,FY2025Q1,2025-03-31,2025-Q1,ppe_net,272781000000,instant,reported,PropertyPlantAndEquipmentAndFinanceLeaseRightOfUseAssetAfterAccumulatedDepreciationAndAmortization,0001018724-25-000036,T1 (XBRL),no,2026-10-08 18:30 ET
AMZN,Amazon,FY2025Q1,2025-03-31,2025-Q1,net_debt,-35739000000,instant,FNAM calculation,,,FNAM calculation,no,2026-10-08 18:30 ET
AMZN,Amazon,FY2025Q1,2025-03-31,2025-Q1,lease_adj_net_debt,56375000000,instant,FNAM calculation,,,FNAM calculation,no,2026-10-08 18:30 ET
AMZN,Amazon,FY2025Q2,2025-06-30,2025-Q2,cash,93180000000,instant,reported,CashAndCashEquivalentsAtCarryingValue + MarketableSecuritiesCurrent,0001018724-25-000086,T1 (XBRL),no,2026-10-08 18:30 ET
AMZN,Amazon,FY2025Q2,2025-06-30,2025-Q2,debt,56255000000,instant,reported,LongTermDebt + ShortTermBorrowings,0001018724-25-000086,T1 (XBRL),no,2026-10-08 18:30 ET
AMZN,Amazon,FY2025Q2,2025-06-30,2025-Q2,ol_liab,84991000000,instant,reported,OperatingLeaseLiability,0001018724-25-000086,T1 (XBRL),no,2026-10-08 18:30 ET
AMZN,Amazon,FY2025Q2,2025-06-30,2025-Q2,fl_liab,11203000000,instant,reported,FinanceLeaseLiability,0001018724-25-000086,T1 (XBRL),no,2026-10-08 18:30 ET
AMZN,Amazon,FY2025Q2,2025-06-30,2025-Q2,ol_pay_due,101506000000,instant,reported,LesseeOperatingLeaseLiabilityPaymentsDue,0001018724-25-000086,T1 (XBRL),no,2026-10-08 18:30 ET
AMZN,Amazon,FY2025Q2,2025-06-30,2025-Q2,fl_pay_due,13324000000,instant,reported,FinanceLeaseLiabilityPaymentsDue,0001018724-25-000086,T1 (XBRL),no,2026-10-08 18:30 ET
AMZN,Amazon,FY2025Q2,2025-06-30,2025-Q2,ppe_net,297616000000,instant,reported,PropertyPlantAndEquipmentAndFinanceLeaseRightOfUseAssetAfterAccumulatedDepreciationAndAmortization,0001018724-25-000086,T1 (XBRL),no,2026-10-08 18:30 ET
AMZN,Amazon,FY2025Q2,2025-06-30,2025-Q2,net_debt,-36925000000,instant,FNAM calculation,,,FNAM calculation,no,2026-10-08 18:30 ET
AMZN,Amazon,FY2025Q2,2025-06-30,2025-Q2,lease_adj_net_debt,59269000000,instant,FNAM calculation,,,FNAM calculation,no,2026-10-08 18:30 ET
AMZN,Amazon,FY2025Q3,2025-09-30,2025-Q3,cash,94197000000,instant,reported,CashAndCashEquivalentsAtCarryingValue + MarketableSecuritiesCurrent,0001018724-25-000123,T1 (XBRL),no,2026-10-08 18:30 ET
AMZN,Amazon,FY2025Q3,2025-09-30,2025-Q3,debt,55317000000,instant,reported,LongTermDebt + ShortTermBorrowings,0001018724-25-000123,T1 (XBRL),no,2026-10-08 18:30 ET
AMZN,Amazon,FY2025Q3,2025-09-30,2025-Q3,ol_liab,86233000000,instant,reported,OperatingLeaseLiability,0001018724-25-000123,T1 (XBRL),no,2026-10-08 18:30 ET
AMZN,Amazon,FY2025Q3,2025-09-30,2025-Q3,fl_liab,11765000000,instant,reported,FinanceLeaseLiability,0001018724-25-000123,T1 (XBRL),no,2026-10-08 18:30 ET
AMZN,Amazon,FY2025Q3,2025-09-30,2025-Q3,ol_pay_due,103025000000,instant,reported,LesseeOperatingLeaseLiabilityPaymentsDue,0001018724-25-000123,T1 (XBRL),no,2026-10-08 18:30 ET
AMZN,Amazon,FY2025Q3,2025-09-30,2025-Q3,fl_pay_due,14052000000,instant,reported,FinanceLeaseLiabilityPaymentsDue,0001018724-25-000123,T1 (XBRL),no,2026-10-08 18:30 ET
AMZN,Amazon,FY2025Q3,2025-09-30,2025-Q3,ppe_net,324435000000,instant,reported,PropertyPlantAndEquipmentAndFinanceLeaseRightOfUseAssetAfterAccumulatedDepreciationAndAmortization,0001018724-25-000123,T1 (XBRL),no,2026-10-08 18:30 ET
AMZN,Amazon,FY2025Q3,2025-09-30,2025-Q3,net_debt,-38880000000,instant,FNAM calculation,,,FNAM calculation,no,2026-10-08 18:30 ET
AMZN,Amazon,FY2025Q3,2025-09-30,2025-Q3,lease_adj_net_debt,59118000000,instant,FNAM calculation,,,FNAM calculation,no,2026-10-08 18:30 ET
AMZN,Amazon,FY2025Q4,2025-12-31,2025-Q4,cash,123029000000,instant,reported,CashAndCashEquivalentsAtCarryingValue + MarketableSecuritiesCurrent,0001018724-26-000026,T1 (XBRL),no,2026-10-08 18:30 ET
AMZN,Amazon,FY2025Q4,2025-12-31,2025-Q4,debt,69291000000,instant,reported,LongTermDebt + ShortTermBorrowings,0001018724-26-000026,T1 (XBRL),no,2026-10-08 18:30 ET
AMZN,Amazon,FY2025Q4,2025-12-31,2025-Q4,ol_liab,89252000000,instant,reported,OperatingLeaseLiability,0001018724-26-000026,T1 (XBRL),no,2026-10-08 18:30 ET
AMZN,Amazon,FY2025Q4,2025-12-31,2025-Q4,fl_liab,12286000000,instant,reported,FinanceLeaseLiability,0001018724-26-000026,T1 (XBRL),no,2026-10-08 18:30 ET
AMZN,Amazon,FY2025Q4,2025-12-31,2025-Q4,ol_pay_due,106914000000,instant,reported,LesseeOperatingLeaseLiabilityPaymentsDue,0001018724-26-000026,T1 (XBRL),no,2026-10-08 18:30 ET
AMZN,Amazon,FY2025Q4,2025-12-31,2025-Q4,fl_pay_due,14917000000,instant,reported,FinanceLeaseLiabilityPaymentsDue,0001018724-26-000026,T1 (XBRL),no,2026-10-08 18:30 ET
AMZN,Amazon,FY2025Q4,2025-12-31,2025-Q4,ppe_net,357025000000,instant,reported,PropertyPlantAndEquipmentNet,0001018724-26-000004,T1 (XBRL),no,2026-10-08 18:30 ET
AMZN,Amazon,FY2025Q4,2025-12-31,2025-Q4,net_debt,-53738000000,instant,FNAM calculation,,,FNAM calculation,no,2026-10-08 18:30 ET
AMZN,Amazon,FY2025Q4,2025-12-31,2025-Q4,lease_adj_net_debt,47800000000,instant,FNAM calculation,,,FNAM calculation,no,2026-10-08 18:30 ET
AMZN,Amazon,FY2026Q1,2026-03-31,2026-Q1,cash,143089000000,instant,reported,CashAndCashEquivalentsAtCarryingValue + MarketableSecuritiesCurrent,0001018724-26-000014,T1 (XBRL),no,2026-10-08 18:30 ET
AMZN,Amazon,FY2026Q1,2026-03-31,2026-Q1,debt,122784000000,instant,reported,LongTermDebt + ShortTermBorrowings,0001018724-26-000014,T1 (XBRL),no,2026-10-08 18:30 ET
AMZN,Amazon,FY2026Q1,2026-03-31,2026-Q1,ol_liab,91617000000,instant,reported,OperatingLeaseLiability,0001018724-26-000014,T1 (XBRL),no,2026-10-08 18:30 ET
AMZN,Amazon,FY2026Q1,2026-03-31,2026-Q1,fl_liab,13325000000,instant,reported,FinanceLeaseLiability,0001018724-26-000014,T1 (XBRL),no,2026-10-08 18:30 ET
AMZN,Amazon,FY2026Q1,2026-03-31,2026-Q1,ol_pay_due,110135000000,instant,reported,LesseeOperatingLeaseLiabilityPaymentsDue,0001018724-26-000014,T1 (XBRL),no,2026-10-08 18:30 ET
AMZN,Amazon,FY2026Q1,2026-03-31,2026-Q1,fl_pay_due,16496000000,instant,reported,FinanceLeaseLiabilityPaymentsDue,0001018724-26-000014,T1 (XBRL),no,2026-10-08 18:30 ET
AMZN,Amazon,FY2026Q1,2026-03-31,2026-Q1,ppe_net,397458000000,instant,reported,PropertyPlantAndEquipmentAndFinanceLeaseRightOfUseAssetAfterAccumulatedDepreciationAndAmortization,0001018724-26-000014,T1 (XBRL),no,2026-10-08 18:30 ET
AMZN,Amazon,FY2026Q1,2026-03-31,2026-Q1,net_debt,-20305000000,instant,FNAM calculation,,,FNAM calculation,no,2026-10-08 18:30 ET
AMZN,Amazon,FY2026Q1,2026-03-31,2026-Q1,lease_adj_net_debt,84637000000,instant,FNAM calculation,,,FNAM calculation,no,2026-10-08 18:30 ET
AMZN,Amazon,FY2026Q2,2026-06-30,2026-Q2,cash,122988000000,instant,reported,CashAndCashEquivalentsAtCarryingValue + MarketableSecuritiesCurrent,0001018724-26-000026,T1 (XBRL),no,2026-10-08 18:30 ET
AMZN,Amazon,FY2026Q2,2026-06-30,2026-Q2,debt,133320000000,instant,reported,LongTermDebt + ShortTermBorrowings,0001018724-26-000026,T1 (XBRL),no,2026-10-08 18:30 ET
AMZN,Amazon,FY2026Q2,2026-06-30,2026-Q2,ol_liab,96320000000,instant,reported,OperatingLeaseLiability,0001018724-26-000026,T1 (XBRL),no,2026-10-08 18:30 ET
AMZN,Amazon,FY2026Q2,2026-06-30,2026-Q2,fl_liab,13451000000,instant,reported,FinanceLeaseLiability,0001018724-26-000026,T1 (XBRL),no,2026-10-08 18:30 ET
AMZN,Amazon,FY2026Q2,2026-06-30,2026-Q2,ol_pay_due,116350000000,instant,reported,LesseeOperatingLeaseLiabilityPaymentsDue,0001018724-26-000026,T1 (XBRL),no,2026-10-08 18:30 ET
AMZN,Amazon,FY2026Q2,2026-06-30,2026-Q2,fl_pay_due,16660000000,instant,reported,FinanceLeaseLiabilityPaymentsDue,0001018724-26-000026,T1 (XBRL),no,2026-10-08 18:30 ET
AMZN,Amazon,FY2026Q2,2026-06-30,2026-Q2,ppe_net,446046000000,instant,reported,PropertyPlantAndEquipmentAndFinanceLeaseRightOfUseAssetAfterAccumulatedDepreciationAndAmortization,0001018724-26-000026,T1 (XBRL),no,2026-10-08 18:30 ET
AMZN,Amazon,FY2026Q2,2026-06-30,2026-Q2,net_debt,10332000000,instant,FNAM calculation,,,FNAM calculation,no,2026-10-08 18:30 ET
AMZN,Amazon,FY2026Q2,2026-06-30,2026-Q2,lease_adj_net_debt,120103000000,instant,FNAM calculation,,,FNAM calculation,no,2026-10-08 18:30 ET
META,Meta,FY2022Q2,2022-06-30,2022-Q2,cash,68172000000,instant,reported,CashAndCashEquivalentsAtCarryingValue + MarketableSecuritiesCurrent + AvailableForSaleSecuritiesDebtSecuritiesCurrent,0001326801-23-000093 0001326801-22-000082,T1 (XBRL),no,2026-10-08 18:30 ET
META,Meta,FY2022Q2,2022-06-30,2022-Q2,ol_liab,16067000000,instant,reported,OperatingLeaseLiability,0001326801-22-000082,T1 (XBRL),no,2026-10-08 18:30 ET
META,Meta,FY2022Q2,2022-06-30,2022-Q2,fl_liab,612000000,instant,reported,FinanceLeaseLiability,0001326801-22-000082,T1 (XBRL),no,2026-10-08 18:30 ET
META,Meta,FY2022Q2,2022-06-30,2022-Q2,ol_pay_due,19908000000,instant,reported,LesseeOperatingLeaseLiabilityPaymentsDue,0001326801-22-000082,T1 (XBRL),no,2026-10-08 18:30 ET
META,Meta,FY2022Q2,2022-06-30,2022-Q2,fl_pay_due,731000000,instant,reported,FinanceLeaseLiabilityPaymentsDue,0001326801-22-000082,T1 (XBRL),no,2026-10-08 18:30 ET
META,Meta,FY2022Q2,2022-06-30,2022-Q2,ppe_net,67588000000,instant,reported,PropertyPlantAndEquipmentAndFinanceLeaseRightOfUseAssetAfterAccumulatedDepreciationAndAmortization,0001326801-22-000082,T1 (XBRL),no,2026-10-08 18:30 ET
META,Meta,FY2022Q3,2022-09-30,2022-Q3,cash,69161000000,instant,reported,CashAndCashEquivalentsAtCarryingValue + MarketableSecuritiesCurrent + AvailableForSaleSecuritiesDebtSecuritiesCurrent,0001326801-23-000103 0001326801-22-000108,T1 (XBRL),no,2026-10-08 18:30 ET
META,Meta,FY2022Q3,2022-09-30,2022-Q3,debt,9922000000,instant,reported,LongTermDebtNoncurrent,0001326801-22-000108,T1 (XBRL),no,2026-10-08 18:30 ET
META,Meta,FY2022Q3,2022-09-30,2022-Q3,ol_liab,15978000000,instant,reported,OperatingLeaseLiability,0001326801-22-000108,T1 (XBRL),no,2026-10-08 18:30 ET
META,Meta,FY2022Q3,2022-09-30,2022-Q3,fl_liab,581000000,instant,reported,FinanceLeaseLiability,0001326801-22-000108,T1 (XBRL),no,2026-10-08 18:30 ET
META,Meta,FY2022Q3,2022-09-30,2022-Q3,ol_pay_due,19810000000,instant,reported,LesseeOperatingLeaseLiabilityPaymentsDue,0001326801-22-000108,T1 (XBRL),no,2026-10-08 18:30 ET
META,Meta,FY2022Q3,2022-09-30,2022-Q3,fl_pay_due,697000000,instant,reported,FinanceLeaseLiabilityPaymentsDue,0001326801-22-000108,T1 (XBRL),no,2026-10-08 18:30 ET
META,Meta,FY2022Q3,2022-09-30,2022-Q3,ppe_net,73738000000,instant,reported,PropertyPlantAndEquipmentAndFinanceLeaseRightOfUseAssetAfterAccumulatedDepreciationAndAmortization,0001326801-22-000108,T1 (XBRL),no,2026-10-08 18:30 ET
META,Meta,FY2022Q3,2022-09-30,2022-Q3,net_debt,-59239000000,instant,FNAM calculation,,,FNAM calculation,no,2026-10-08 18:30 ET
META,Meta,FY2022Q3,2022-09-30,2022-Q3,lease_adj_net_debt,-42680000000,instant,FNAM calculation,,,FNAM calculation,no,2026-10-08 18:30 ET
META,Meta,FY2022Q4,2022-12-31,2022-Q4,cash,40738000000,instant,reported,CashAndCashEquivalentsAtCarryingValue + MarketableSecuritiesCurrent,0001326801-25-000017 0001326801-24-000012,T1 (XBRL),no,2026-10-08 18:30 ET
META,Meta,FY2022Q4,2022-12-31,2022-Q4,debt,9923000000,instant,reported,LongTermDebt,0001326801-24-000012,T1 (XBRL),no,2026-10-08 18:30 ET
META,Meta,FY2022Q4,2022-12-31,2022-Q4,ol_liab,16668000000,instant,reported,OperatingLeaseLiability,0001326801-23-000013,T1 (XBRL),no,2026-10-08 18:30 ET
META,Meta,FY2022Q4,2022-12-31,2022-Q4,fl_liab,687000000,instant,reported,FinanceLeaseLiability,0001326801-23-000013,T1 (XBRL),no,2026-10-08 18:30 ET
META,Meta,FY2022Q4,2022-12-31,2022-Q4,ol_pay_due,20767000000,instant,reported,LesseeOperatingLeaseLiabilityPaymentsDue,0001326801-23-000013,T1 (XBRL),no,2026-10-08 18:30 ET
META,Meta,FY2022Q4,2022-12-31,2022-Q4,fl_pay_due,825000000,instant,reported,FinanceLeaseLiabilityPaymentsDue,0001326801-23-000013,T1 (XBRL),no,2026-10-08 18:30 ET
META,Meta,FY2022Q4,2022-12-31,2022-Q4,ppe_net,79518000000,instant,reported,PropertyPlantAndEquipmentAndFinanceLeaseRightOfUseAssetAfterAccumulatedDepreciationAndAmortization,0001326801-24-000012,T1 (XBRL),no,2026-10-08 18:30 ET
META,Meta,FY2022Q4,2022-12-31,2022-Q4,net_debt,-30815000000,instant,FNAM calculation,,,FNAM calculation,no,2026-10-08 18:30 ET
META,Meta,FY2022Q4,2022-12-31,2022-Q4,lease_adj_net_debt,-13460000000,instant,FNAM calculation,,,FNAM calculation,no,2026-10-08 18:30 ET
META,Meta,FY2023Q1,2023-03-31,2023-Q1,cash,37439000000,instant,reported,CashAndCashEquivalentsAtCarryingValue + MarketableSecuritiesCurrent,0001326801-24-000049 0001326801-23-000067,T1 (XBRL),no,2026-10-08 18:30 ET
META,Meta,FY2023Q1,2023-03-31,2023-Q1,debt,9925000000,instant,reported,LongTermDebt,0001326801-23-000067,T1 (XBRL),no,2026-10-08 18:30 ET
META,Meta,FY2023Q1,2023-03-31,2023-Q1,ol_liab,17650000000,instant,reported,OperatingLeaseLiability,0001326801-23-000067,T1 (XBRL),no,2026-10-08 18:30 ET
META,Meta,FY2023Q1,2023-03-31,2023-Q1,fl_liab,687000000,instant,reported,FinanceLeaseLiability,0001326801-23-000067,T1 (XBRL),no,2026-10-08 18:30 ET
META,Meta,FY2023Q1,2023-03-31,2023-Q1,ol_pay_due,22041000000,instant,reported,LesseeOperatingLeaseLiabilityPaymentsDue,0001326801-23-000067,T1 (XBRL),no,2026-10-08 18:30 ET
META,Meta,FY2023Q1,2023-03-31,2023-Q1,fl_pay_due,836000000,instant,reported,FinanceLeaseLiabilityPaymentsDue,0001326801-23-000067,T1 (XBRL),no,2026-10-08 18:30 ET
META,Meta,FY2023Q1,2023-03-31,2023-Q1,ppe_net,84156000000,instant,reported,PropertyPlantAndEquipmentAndFinanceLeaseRightOfUseAssetAfterAccumulatedDepreciationAndAmortization,0001326801-23-000067,T1 (XBRL),no,2026-10-08 18:30 ET
META,Meta,FY2023Q1,2023-03-31,2023-Q1,net_debt,-27514000000,instant,FNAM calculation,,,FNAM calculation,no,2026-10-08 18:30 ET
META,Meta,FY2023Q1,2023-03-31,2023-Q1,lease_adj_net_debt,-9177000000,instant,FNAM calculation,,,FNAM calculation,no,2026-10-08 18:30 ET
META,Meta,FY2023Q2,2023-06-30,2023-Q2,cash,53446000000,instant,reported,CashAndCashEquivalentsAtCarryingValue + MarketableSecuritiesCurrent,0001326801-24-000069 0001326801-23-000093,T1 (XBRL),no,2026-10-08 18:30 ET
META,Meta,FY2023Q2,2023-06-30,2023-Q2,debt,18382000000,instant,reported,LongTermDebt,0001326801-23-000093,T1 (XBRL),no,2026-10-08 18:30 ET
META,Meta,FY2023Q2,2023-06-30,2023-Q2,ol_liab,17836000000,instant,reported,OperatingLeaseLiability,0001326801-23-000093,T1 (XBRL),no,2026-10-08 18:30 ET
META,Meta,FY2023Q2,2023-06-30,2023-Q2,fl_liab,760000000,instant,reported,FinanceLeaseLiability,0001326801-23-000093,T1 (XBRL),no,2026-10-08 18:30 ET
META,Meta,FY2023Q2,2023-06-30,2023-Q2,ol_pay_due,22325000000,instant,reported,LesseeOperatingLeaseLiabilityPaymentsDue,0001326801-23-000093,T1 (XBRL),no,2026-10-08 18:30 ET
META,Meta,FY2023Q2,2023-06-30,2023-Q2,fl_pay_due,909000000,instant,reported,FinanceLeaseLiabilityPaymentsDue,0001326801-23-000093,T1 (XBRL),no,2026-10-08 18:30 ET
META,Meta,FY2023Q2,2023-06-30,2023-Q2,ppe_net,87949000000,instant,reported,PropertyPlantAndEquipmentAndFinanceLeaseRightOfUseAssetAfterAccumulatedDepreciationAndAmortization,0001326801-23-000093,T1 (XBRL),no,2026-10-08 18:30 ET
META,Meta,FY2023Q2,2023-06-30,2023-Q2,net_debt,-35064000000,instant,FNAM calculation,,,FNAM calculation,no,2026-10-08 18:30 ET
META,Meta,FY2023Q2,2023-06-30,2023-Q2,lease_adj_net_debt,-16468000000,instant,FNAM calculation,,,FNAM calculation,no,2026-10-08 18:30 ET
META,Meta,FY2023Q3,2023-09-30,2023-Q3,cash,61123000000,instant,reported,CashAndCashEquivalentsAtCarryingValue + MarketableSecuritiesCurrent,0001326801-24-000081 0001326801-23-000103,T1 (XBRL),no,2026-10-08 18:30 ET
META,Meta,FY2023Q3,2023-09-30,2023-Q3,debt,18383000000,instant,reported,LongTermDebt,0001326801-23-000103,T1 (XBRL),no,2026-10-08 18:30 ET
META,Meta,FY2023Q3,2023-09-30,2023-Q3,ol_liab,17834000000,instant,reported,OperatingLeaseLiability,0001326801-23-000103,T1 (XBRL),no,2026-10-08 18:30 ET
META,Meta,FY2023Q3,2023-09-30,2023-Q3,fl_liab,659000000,instant,reported,FinanceLeaseLiability,0001326801-23-000103,T1 (XBRL),no,2026-10-08 18:30 ET
META,Meta,FY2023Q3,2023-09-30,2023-Q3,ol_pay_due,22341000000,instant,reported,LesseeOperatingLeaseLiabilityPaymentsDue,0001326801-23-000103,T1 (XBRL),no,2026-10-08 18:30 ET
META,Meta,FY2023Q3,2023-09-30,2023-Q3,fl_pay_due,804000000,instant,reported,FinanceLeaseLiabilityPaymentsDue,0001326801-23-000103,T1 (XBRL),no,2026-10-08 18:30 ET
META,Meta,FY2023Q3,2023-09-30,2023-Q3,ppe_net,91772000000,instant,reported,PropertyPlantAndEquipmentAndFinanceLeaseRightOfUseAssetAfterAccumulatedDepreciationAndAmortization,0001326801-23-000103,T1 (XBRL),no,2026-10-08 18:30 ET
META,Meta,FY2023Q3,2023-09-30,2023-Q3,net_debt,-42740000000,instant,FNAM calculation,,,FNAM calculation,no,2026-10-08 18:30 ET
META,Meta,FY2023Q3,2023-09-30,2023-Q3,lease_adj_net_debt,-24247000000,instant,FNAM calculation,,,FNAM calculation,no,2026-10-08 18:30 ET
META,Meta,FY2023Q4,2023-12-31,2023-Q4,cash,65403000000,instant,reported,CashAndCashEquivalentsAtCarryingValue + MarketableSecuritiesCurrent,0001628280-26-003942 0001326801-25-000017,T1 (XBRL),no,2026-10-08 18:30 ET
META,Meta,FY2023Q4,2023-12-31,2023-Q4,debt,18385000000,instant,reported,LongTermDebt,0001326801-25-000017,T1 (XBRL),no,2026-10-08 18:30 ET
META,Meta,FY2023Q4,2023-12-31,2023-Q4,ol_liab,18849000000,instant,reported,OperatingLeaseLiability,0001326801-24-000012,T1 (XBRL),no,2026-10-08 18:30 ET
META,Meta,FY2023Q4,2023-12-31,2023-Q4,fl_liab,690000000,instant,reported,FinanceLeaseLiability,0001326801-24-000012,T1 (XBRL),no,2026-10-08 18:30 ET
META,Meta,FY2023Q4,2023-12-31,2023-Q4,ol_pay_due,23649000000,instant,reported,LesseeOperatingLeaseLiabilityPaymentsDue,0001326801-24-000012,T1 (XBRL),no,2026-10-08 18:30 ET
META,Meta,FY2023Q4,2023-12-31,2023-Q4,fl_pay_due,851000000,instant,reported,FinanceLeaseLiabilityPaymentsDue,0001326801-24-000012,T1 (XBRL),no,2026-10-08 18:30 ET
META,Meta,FY2023Q4,2023-12-31,2023-Q4,ppe_net,96587000000,instant,reported,PropertyPlantAndEquipmentAndFinanceLeaseRightOfUseAssetAfterAccumulatedDepreciationAndAmortization,0001326801-25-000017,T1 (XBRL),no,2026-10-08 18:30 ET
META,Meta,FY2023Q4,2023-12-31,2023-Q4,net_debt,-47018000000,instant,FNAM calculation,,,FNAM calculation,no,2026-10-08 18:30 ET
META,Meta,FY2023Q4,2023-12-31,2023-Q4,lease_adj_net_debt,-27479000000,instant,FNAM calculation,,,FNAM calculation,no,2026-10-08 18:30 ET
META,Meta,FY2024Q1,2024-03-31,2024-Q1,cash,58120000000,instant,reported,CashAndCashEquivalentsAtCarryingValue + MarketableSecuritiesCurrent,0001326801-25-000054 0001326801-24-000049,T1 (XBRL),no,2026-10-08 18:30 ET
META,Meta,FY2024Q1,2024-03-31,2024-Q1,debt,18387000000,instant,reported,LongTermDebtNoncurrent,0001326801-24-000049,T1 (XBRL),no,2026-10-08 18:30 ET
META,Meta,FY2024Q1,2024-03-31,2024-Q1,ol_liab,19246000000,instant,reported,OperatingLeaseLiabilityNoncurrent + OperatingLeaseLiabilityCurrent,0001326801-24-000049,T1 (XBRL),no,2026-10-08 18:30 ET
META,Meta,FY2024Q1,2024-03-31,2024-Q1,ol_pay_due,24190000000,instant,reported,LesseeOperatingLeaseLiabilityPaymentsDue,0001326801-24-000049,T1 (XBRL),no,2026-10-08 18:30 ET
META,Meta,FY2024Q1,2024-03-31,2024-Q1,ppe_net,98908000000,instant,reported,PropertyPlantAndEquipmentAndFinanceLeaseRightOfUseAssetAfterAccumulatedDepreciationAndAmortization,0001326801-24-000049,T1 (XBRL),no,2026-10-08 18:30 ET
META,Meta,FY2024Q1,2024-03-31,2024-Q1,net_debt,-39733000000,instant,FNAM calculation,,,FNAM calculation,no,2026-10-08 18:30 ET
META,Meta,FY2024Q2,2024-06-30,2024-Q2,cash,58080000000,instant,reported,CashAndCashEquivalentsAtCarryingValue + MarketableSecuritiesCurrent,0001628280-25-036791 0001326801-24-000069,T1 (XBRL),no,2026-10-08 18:30 ET
META,Meta,FY2024Q2,2024-06-30,2024-Q2,debt,18389000000,instant,reported,LongTermDebtNoncurrent,0001326801-24-000069,T1 (XBRL),no,2026-10-08 18:30 ET
META,Meta,FY2024Q2,2024-06-30,2024-Q2,ol_liab,19602000000,instant,reported,OperatingLeaseLiabilityNoncurrent + OperatingLeaseLiabilityCurrent,0001326801-24-000069,T1 (XBRL),no,2026-10-08 18:30 ET
META,Meta,FY2024Q2,2024-06-30,2024-Q2,ol_pay_due,24530000000,instant,reported,LesseeOperatingLeaseLiabilityPaymentsDue,0001326801-24-000069,T1 (XBRL),no,2026-10-08 18:30 ET
META,Meta,FY2024Q2,2024-06-30,2024-Q2,ppe_net,102959000000,instant,reported,PropertyPlantAndEquipmentAndFinanceLeaseRightOfUseAssetAfterAccumulatedDepreciationAndAmortization,0001326801-24-000069,T1 (XBRL),no,2026-10-08 18:30 ET
META,Meta,FY2024Q2,2024-06-30,2024-Q2,net_debt,-39691000000,instant,FNAM calculation,,,FNAM calculation,no,2026-10-08 18:30 ET
META,Meta,FY2024Q3,2024-09-30,2024-Q3,cash,70900000000,instant,reported,CashAndCashEquivalentsAtCarryingValue + MarketableSecuritiesCurrent,0001628280-25-047240 0001326801-24-000081,T1 (XBRL),no,2026-10-08 18:30 ET
META,Meta,FY2024Q3,2024-09-30,2024-Q3,debt,28823000000,instant,reported,LongTermDebt,0001326801-24-000081,T1 (XBRL),no,2026-10-08 18:30 ET
META,Meta,FY2024Q3,2024-09-30,2024-Q3,ol_liab,20224000000,instant,reported,OperatingLeaseLiabilityNoncurrent + OperatingLeaseLiabilityCurrent,0001326801-24-000081,T1 (XBRL),no,2026-10-08 18:30 ET
META,Meta,FY2024Q3,2024-09-30,2024-Q3,ol_pay_due,25590000000,instant,reported,LesseeOperatingLeaseLiabilityPaymentsDue,0001326801-24-000081,T1 (XBRL),no,2026-10-08 18:30 ET
META,Meta,FY2024Q3,2024-09-30,2024-Q3,ppe_net,112162000000,instant,reported,PropertyPlantAndEquipmentAndFinanceLeaseRightOfUseAssetAfterAccumulatedDepreciationAndAmortization,0001326801-24-000081,T1 (XBRL),no,2026-10-08 18:30 ET
META,Meta,FY2024Q3,2024-09-30,2024-Q3,net_debt,-42077000000,instant,FNAM calculation,,,FNAM calculation,no,2026-10-08 18:30 ET
META,Meta,FY2024Q4,2024-12-31,2024-Q4,cash,77815000000,instant,reported,CashAndCashEquivalentsAtCarryingValue + MarketableSecuritiesCurrent,0001628280-26-003942,T1 (XBRL),no,2026-10-08 18:30 ET
META,Meta,FY2024Q4,2024-12-31,2024-Q4,debt,28826000000,instant,reported,LongTermDebt,0001628280-26-003942,T1 (XBRL),no,2026-10-08 18:30 ET
META,Meta,FY2024Q4,2024-12-31,2024-Q4,ol_liab,20234000000,instant,reported,OperatingLeaseLiability,0001326801-25-000017,T1 (XBRL),no,2026-10-08 18:30 ET
META,Meta,FY2024Q4,2024-12-31,2024-Q4,fl_liab,709000000,instant,reported,FinanceLeaseLiability,0001326801-25-000017,T1 (XBRL),no,2026-10-08 18:30 ET
META,Meta,FY2024Q4,2024-12-31,2024-Q4,ol_pay_due,25729000000,instant,reported,LesseeOperatingLeaseLiabilityPaymentsDue,0001326801-25-000017,T1 (XBRL),no,2026-10-08 18:30 ET
META,Meta,FY2024Q4,2024-12-31,2024-Q4,fl_pay_due,892000000,instant,reported,FinanceLeaseLiabilityPaymentsDue,0001326801-25-000017,T1 (XBRL),no,2026-10-08 18:30 ET
META,Meta,FY2024Q4,2024-12-31,2024-Q4,ppe_net,121346000000,instant,reported,PropertyPlantAndEquipmentAndFinanceLeaseRightOfUseAssetAfterAccumulatedDepreciationAndAmortization,0001628280-26-003942,T1 (XBRL),no,2026-10-08 18:30 ET
META,Meta,FY2024Q4,2024-12-31,2024-Q4,net_debt,-48989000000,instant,FNAM calculation,,,FNAM calculation,no,2026-10-08 18:30 ET
META,Meta,FY2024Q4,2024-12-31,2024-Q4,lease_adj_net_debt,-28046000000,instant,FNAM calculation,,,FNAM calculation,no,2026-10-08 18:30 ET
META,Meta,FY2025Q1,2025-03-31,2025-Q1,cash,70230000000,instant,reported,CashAndCashEquivalentsAtCarryingValue + MarketableSecuritiesCurrent,0001628280-26-028526 0001326801-25-000054,T1 (XBRL),no,2026-10-08 18:30 ET
META,Meta,FY2025Q1,2025-03-31,2025-Q1,debt,28829000000,instant,reported,LongTermDebtNoncurrent,0001326801-25-000054,T1 (XBRL),no,2026-10-08 18:30 ET
META,Meta,FY2025Q1,2025-03-31,2025-Q1,ol_liab,20690000000,instant,reported,OperatingLeaseLiabilityNoncurrent + OperatingLeaseLiabilityCurrent,0001326801-25-000054,T1 (XBRL),no,2026-10-08 18:30 ET
META,Meta,FY2025Q1,2025-03-31,2025-Q1,ppe_net,133567000000,instant,reported,PropertyPlantAndEquipmentAndFinanceLeaseRightOfUseAssetAfterAccumulatedDepreciationAndAmortization,0001326801-25-000054,T1 (XBRL),no,2026-10-08 18:30 ET
META,Meta,FY2025Q1,2025-03-31,2025-Q1,net_debt,-41401000000,instant,FNAM calculation,,,FNAM calculation,no,2026-10-08 18:30 ET
META,Meta,FY2025Q2,2025-06-30,2025-Q2,cash,47071000000,instant,reported,CashAndCashEquivalentsAtCarryingValue + MarketableSecuritiesCurrent,0001628280-26-050705 0001628280-25-036791,T1 (XBRL),no,2026-10-08 18:30 ET
META,Meta,FY2025Q2,2025-06-30,2025-Q2,debt,28832000000,instant,reported,LongTermDebtNoncurrent,0001628280-25-036791,T1 (XBRL),no,2026-10-08 18:30 ET
META,Meta,FY2025Q2,2025-06-30,2025-Q2,ol_liab,20728000000,instant,reported,OperatingLeaseLiabilityNoncurrent + OperatingLeaseLiabilityCurrent,0001628280-25-036791,T1 (XBRL),no,2026-10-08 18:30 ET
META,Meta,FY2025Q2,2025-06-30,2025-Q2,ppe_net,147039000000,instant,reported,PropertyPlantAndEquipmentAndFinanceLeaseRightOfUseAssetAfterAccumulatedDepreciationAndAmortization,0001628280-25-036791,T1 (XBRL),no,2026-10-08 18:30 ET
META,Meta,FY2025Q2,2025-06-30,2025-Q2,net_debt,-18239000000,instant,FNAM calculation,,,FNAM calculation,no,2026-10-08 18:30 ET
META,Meta,FY2025Q3,2025-09-30,2025-Q3,cash,44448000000,instant,reported,CashAndCashEquivalentsAtCarryingValue + MarketableSecuritiesCurrent,0001628280-25-047240,T1 (XBRL),no,2026-10-08 18:30 ET
META,Meta,FY2025Q3,2025-09-30,2025-Q3,debt,28834000000,instant,reported,LongTermDebtNoncurrent,0001628280-25-047240,T1 (XBRL),no,2026-10-08 18:30 ET
META,Meta,FY2025Q3,2025-09-30,2025-Q3,ol_liab,22226000000,instant,reported,OperatingLeaseLiabilityNoncurrent + OperatingLeaseLiabilityCurrent,0001628280-25-047240,T1 (XBRL),no,2026-10-08 18:30 ET
META,Meta,FY2025Q3,2025-09-30,2025-Q3,ppe_net,160270000000,instant,reported,PropertyPlantAndEquipmentAndFinanceLeaseRightOfUseAssetAfterAccumulatedDepreciationAndAmortization,0001628280-25-047240,T1 (XBRL),no,2026-10-08 18:30 ET
META,Meta,FY2025Q3,2025-09-30,2025-Q3,net_debt,-15614000000,instant,FNAM calculation,,,FNAM calculation,no,2026-10-08 18:30 ET
META,Meta,FY2025Q4,2025-12-31,2025-Q4,cash,81592000000,instant,reported,CashAndCashEquivalentsAtCarryingValue + MarketableSecuritiesCurrent,0001628280-26-050705,T1 (XBRL),no,2026-10-08 18:30 ET
META,Meta,FY2025Q4,2025-12-31,2025-Q4,debt,58744000000,instant,reported,LongTermDebt,0001628280-26-050705,T1 (XBRL),no,2026-10-08 18:30 ET
META,Meta,FY2025Q4,2025-12-31,2025-Q4,ol_liab,25153000000,instant,reported,OperatingLeaseLiability,0001628280-26-003942,T1 (XBRL),no,2026-10-08 18:30 ET
META,Meta,FY2025Q4,2025-12-31,2025-Q4,fl_liab,1184000000,instant,reported,FinanceLeaseLiability,0001628280-26-003942,T1 (XBRL),no,2026-10-08 18:30 ET
META,Meta,FY2025Q4,2025-12-31,2025-Q4,ol_pay_due,33508000000,instant,reported,LesseeOperatingLeaseLiabilityPaymentsDue,0001628280-26-003942,T1 (XBRL),no,2026-10-08 18:30 ET
META,Meta,FY2025Q4,2025-12-31,2025-Q4,fl_pay_due,1504000000,instant,reported,FinanceLeaseLiabilityPaymentsDue,0001628280-26-003942,T1 (XBRL),no,2026-10-08 18:30 ET
META,Meta,FY2025Q4,2025-12-31,2025-Q4,ppe_net,176400000000,instant,reported,PropertyPlantAndEquipmentAndFinanceLeaseRightOfUseAssetAfterAccumulatedDepreciationAndAmortization,0001628280-26-050705,T1 (XBRL),no,2026-10-08 18:30 ET
META,Meta,FY2025Q4,2025-12-31,2025-Q4,net_debt,-22848000000,instant,FNAM calculation,,,FNAM calculation,no,2026-10-08 18:30 ET
META,Meta,FY2025Q4,2025-12-31,2025-Q4,lease_adj_net_debt,3489000000,instant,FNAM calculation,,,FNAM calculation,no,2026-10-08 18:30 ET
META,Meta,FY2026Q1,2026-03-31,2026-Q1,cash,81180000000,instant,reported,CashAndCashEquivalentsAtCarryingValue + MarketableSecuritiesCurrent,0001628280-26-028526,T1 (XBRL),no,2026-10-08 18:30 ET
META,Meta,FY2026Q1,2026-03-31,2026-Q1,debt,58748000000,instant,reported,LongTermDebtNoncurrent,0001628280-26-028526,T1 (XBRL),no,2026-10-08 18:30 ET
META,Meta,FY2026Q1,2026-03-31,2026-Q1,ol_liab,28021000000,instant,reported,OperatingLeaseLiabilityNoncurrent + OperatingLeaseLiabilityCurrent,0001628280-26-028526,T1 (XBRL),no,2026-10-08 18:30 ET
META,Meta,FY2026Q1,2026-03-31,2026-Q1,ppe_net,194776000000,instant,reported,PropertyPlantAndEquipmentAndFinanceLeaseRightOfUseAssetAfterAccumulatedDepreciationAndAmortization,0001628280-26-028526,T1 (XBRL),no,2026-10-08 18:30 ET
META,Meta,FY2026Q1,2026-03-31,2026-Q1,net_debt,-22432000000,instant,FNAM calculation,,,FNAM calculation,no,2026-10-08 18:30 ET
META,Meta,FY2026Q2,2026-06-30,2026-Q2,cash,90260000000,instant,reported,CashAndCashEquivalentsAtCarryingValue + MarketableSecuritiesCurrent,0001628280-26-050705,T1 (XBRL),no,2026-10-08 18:30 ET
META,Meta,FY2026Q2,2026-06-30,2026-Q2,debt,83664000000,instant,reported,LongTermDebt,0001628280-26-050705,T1 (XBRL),no,2026-10-08 18:30 ET
META,Meta,FY2026Q2,2026-06-30,2026-Q2,ol_liab,28654000000,instant,reported,OperatingLeaseLiabilityNoncurrent + OperatingLeaseLiabilityCurrent,0001628280-26-050705,T1 (XBRL),no,2026-10-08 18:30 ET
META,Meta,FY2026Q2,2026-06-30,2026-Q2,ppe_net,225724000000,instant,reported,PropertyPlantAndEquipmentAndFinanceLeaseRightOfUseAssetAfterAccumulatedDepreciationAndAmortization,0001628280-26-050705,T1 (XBRL),no,2026-10-08 18:30 ET
META,Meta,FY2026Q2,2026-06-30,2026-Q2,net_debt,-6596000000,instant,FNAM calculation,,,FNAM calculation,no,2026-10-08 18:30 ET
ORCL,Oracle,FY2023Q1,2022-08-31,2022-Q3,cash,11220000000,instant,reported,CashAndCashEquivalentsAtCarryingValue + AvailableForSaleSecuritiesDebtSecuritiesCurrent,0001564590-22-031545,T1 (XBRL),no,2026-10-08 18:30 ET
ORCL,Oracle,FY2023Q1,2022-08-31,2022-Q3,debt,91577000000,instant,reported,LongTermNotesAndLoans + NotesPayableCurrent,0001564590-22-031545,T1 (XBRL),no,2026-10-08 18:30 ET
ORCL,Oracle,FY2023Q1,2022-08-31,2022-Q3,ppe_net,12280000000,instant,reported,PropertyPlantAndEquipmentNet,0001564590-22-031545,T1 (XBRL),no,2026-10-08 18:30 ET
ORCL,Oracle,FY2023Q1,2022-08-31,2022-Q3,net_debt,80357000000,instant,FNAM calculation,,,FNAM calculation,no,2026-10-08 18:30 ET
ORCL,Oracle,FY2023Q2,2022-11-30,2022-Q4,cash,7350000000,instant,reported,CashAndCashEquivalentsAtCarryingValue + AvailableForSaleSecuritiesDebtSecuritiesCurrent,0001564590-22-039278,T1 (XBRL),no,2026-10-08 18:30 ET
ORCL,Oracle,FY2023Q2,2022-11-30,2022-Q4,debt,90919000000,instant,reported,LongTermNotesAndLoans + NotesPayableCurrent,0001564590-22-039278,T1 (XBRL),no,2026-10-08 18:30 ET
ORCL,Oracle,FY2023Q2,2022-11-30,2022-Q4,ppe_net,14351000000,instant,reported,PropertyPlantAndEquipmentNet,0001564590-22-039278,T1 (XBRL),no,2026-10-08 18:30 ET
ORCL,Oracle,FY2023Q2,2022-11-30,2022-Q4,net_debt,83569000000,instant,FNAM calculation,,,FNAM calculation,no,2026-10-08 18:30 ET
ORCL,Oracle,FY2023Q3,2023-02-28,2023-Q1,cash,8769000000,instant,reported,CashAndCashEquivalentsAtCarryingValue + AvailableForSaleSecuritiesDebtSecuritiesCurrent,0001564590-23-003413,T1 (XBRL),no,2026-10-08 18:30 ET
ORCL,Oracle,FY2023Q3,2023-02-28,2023-Q1,debt,91811000000,instant,reported,LongTermNotesAndLoans + NotesPayableCurrent,0001564590-23-003413,T1 (XBRL),no,2026-10-08 18:30 ET
ORCL,Oracle,FY2023Q3,2023-02-28,2023-Q1,ppe_net,16345000000,instant,reported,PropertyPlantAndEquipmentNet,0001564590-23-003413,T1 (XBRL),no,2026-10-08 18:30 ET
ORCL,Oracle,FY2023Q3,2023-02-28,2023-Q1,net_debt,83042000000,instant,FNAM calculation,,,FNAM calculation,no,2026-10-08 18:30 ET
ORCL,Oracle,FY2023Q4,2023-05-31,2023-Q2,cash,10187000000,instant,reported,CashAndCashEquivalentsAtCarryingValue + AvailableForSaleSecuritiesDebtSecuritiesCurrent,0000950170-24-075605,T1 (XBRL),no,2026-10-08 18:30 ET
ORCL,Oracle,FY2023Q4,2023-05-31,2023-Q2,debt,90481000000,instant,reported,DebtLongtermAndShorttermCombinedAmount,0000950170-24-075605,T1 (XBRL),no,2026-10-08 18:30 ET
ORCL,Oracle,FY2023Q4,2023-05-31,2023-Q2,ol_liab,4849000000,instant,reported,OperatingLeaseLiability,0000950170-23-028914,T1 (XBRL),no,2026-10-08 18:30 ET
ORCL,Oracle,FY2023Q4,2023-05-31,2023-Q2,ol_pay_due,5686000000,instant,reported,LesseeOperatingLeaseLiabilityPaymentsDue,0000950170-23-028914,T1 (XBRL),no,2026-10-08 18:30 ET
ORCL,Oracle,FY2023Q4,2023-05-31,2023-Q2,ppe_net,17069000000,instant,reported,PropertyPlantAndEquipmentNet,0000950170-24-075605,T1 (XBRL),no,2026-10-08 18:30 ET
ORCL,Oracle,FY2023Q4,2023-05-31,2023-Q2,net_debt,80294000000,instant,FNAM calculation,,,FNAM calculation,no,2026-10-08 18:30 ET
ORCL,Oracle,FY2024Q1,2023-08-31,2023-Q3,cash,12083000000,instant,reported,CashAndCashEquivalentsAtCarryingValue + AvailableForSaleSecuritiesDebtSecuritiesCurrent,0000950170-23-047713,T1 (XBRL),no,2026-10-08 18:30 ET
ORCL,Oracle,FY2024Q1,2023-08-31,2023-Q3,debt,88941000000,instant,reported,LongTermNotesAndLoans + NotesPayableCurrent,0000950170-23-047713,T1 (XBRL),no,2026-10-08 18:30 ET
ORCL,Oracle,FY2024Q1,2023-08-31,2023-Q3,ppe_net,17644000000,instant,reported,PropertyPlantAndEquipmentNet,0000950170-23-047713,T1 (XBRL),no,2026-10-08 18:30 ET
ORCL,Oracle,FY2024Q1,2023-08-31,2023-Q3,net_debt,76858000000,instant,FNAM calculation,,,FNAM calculation,no,2026-10-08 18:30 ET
ORCL,Oracle,FY2024Q2,2023-11-30,2023-Q4,cash,8690000000,instant,reported,CashAndCashEquivalentsAtCarryingValue + AvailableForSaleSecuritiesDebtSecuritiesCurrent,0000950170-23-069682,T1 (XBRL),no,2026-10-08 18:30 ET
ORCL,Oracle,FY2024Q2,2023-11-30,2023-Q4,debt,88789000000,instant,reported,LongTermNotesAndLoans + NotesPayableCurrent,0000950170-23-069682,T1 (XBRL),no,2026-10-08 18:30 ET
ORCL,Oracle,FY2024Q2,2023-11-30,2023-Q4,ppe_net,18009000000,instant,reported,PropertyPlantAndEquipmentNet,0000950170-23-069682,T1 (XBRL),no,2026-10-08 18:30 ET
ORCL,Oracle,FY2024Q2,2023-11-30,2023-Q4,net_debt,80099000000,instant,FNAM calculation,,,FNAM calculation,no,2026-10-08 18:30 ET
ORCL,Oracle,FY2024Q3,2024-02-29,2024-Q1,cash,9904000000,instant,reported,CashAndCashEquivalentsAtCarryingValue + AvailableForSaleSecuritiesDebtSecuritiesCurrent,0000950170-24-029904,T1 (XBRL),no,2026-10-08 18:30 ET
ORCL,Oracle,FY2024Q3,2024-02-29,2024-Q1,debt,87980000000,instant,reported,LongTermNotesAndLoans + NotesPayableCurrent,0000950170-24-029904,T1 (XBRL),no,2026-10-08 18:30 ET
ORCL,Oracle,FY2024Q3,2024-02-29,2024-Q1,ppe_net,19117000000,instant,reported,PropertyPlantAndEquipmentNet,0000950170-24-029904,T1 (XBRL),no,2026-10-08 18:30 ET
ORCL,Oracle,FY2024Q3,2024-02-29,2024-Q1,net_debt,78076000000,instant,FNAM calculation,,,FNAM calculation,no,2026-10-08 18:30 ET
ORCL,Oracle,FY2024Q4,2024-05-31,2024-Q2,cash,10661000000,instant,reported,CashAndCashEquivalentsAtCarryingValue + AvailableForSaleSecuritiesDebtSecuritiesCurrent,0000950170-25-087926,T1 (XBRL),no,2026-10-08 18:30 ET
ORCL,Oracle,FY2024Q4,2024-05-31,2024-Q2,debt,86869000000,instant,reported,DebtLongtermAndShorttermCombinedAmount,0000950170-25-087926,T1 (XBRL),no,2026-10-08 18:30 ET
ORCL,Oracle,FY2024Q4,2024-05-31,2024-Q2,ol_liab,7545000000,instant,reported,OperatingLeaseLiability,0000950170-25-087926,T1 (XBRL),no,2026-10-08 18:30 ET
ORCL,Oracle,FY2024Q4,2024-05-31,2024-Q2,fl_liab,0,instant,reported,FinanceLeaseLiability,0000950170-25-087926,T1 (XBRL),no,2026-10-08 18:30 ET
ORCL,Oracle,FY2024Q4,2024-05-31,2024-Q2,ol_pay_due,9501000000,instant,reported,LesseeOperatingLeaseLiabilityPaymentsDue,0000950170-24-075605,T1 (XBRL),no,2026-10-08 18:30 ET
ORCL,Oracle,FY2024Q4,2024-05-31,2024-Q2,ppe_net,21536000000,instant,reported,PropertyPlantAndEquipmentNet,0000950170-25-087926,T1 (XBRL),no,2026-10-08 18:30 ET
ORCL,Oracle,FY2024Q4,2024-05-31,2024-Q2,net_debt,76208000000,instant,FNAM calculation,,,FNAM calculation,no,2026-10-08 18:30 ET
ORCL,Oracle,FY2024Q4,2024-05-31,2024-Q2,lease_adj_net_debt,83753000000,instant,FNAM calculation,,,FNAM calculation,no,2026-10-08 18:30 ET
ORCL,Oracle,FY2025Q1,2024-08-31,2024-Q3,cash,10911000000,instant,reported,CashAndCashEquivalentsAtCarryingValue + AvailableForSaleSecuritiesDebtSecuritiesCurrent,0000950170-24-104905,T1 (XBRL),no,2026-10-08 18:30 ET
ORCL,Oracle,FY2025Q1,2024-08-31,2024-Q3,debt,84515000000,instant,reported,LongTermNotesAndLoans + NotesPayableCurrent,0000950170-24-104905,T1 (XBRL),no,2026-10-08 18:30 ET
ORCL,Oracle,FY2025Q1,2024-08-31,2024-Q3,ppe_net,23094000000,instant,reported,PropertyPlantAndEquipmentNet,0000950170-24-104905,T1 (XBRL),no,2026-10-08 18:30 ET
ORCL,Oracle,FY2025Q1,2024-08-31,2024-Q3,net_debt,73604000000,instant,FNAM calculation,,,FNAM calculation,no,2026-10-08 18:30 ET
ORCL,Oracle,FY2025Q2,2024-11-30,2024-Q4,cash,11311000000,instant,reported,CashAndCashEquivalentsAtCarryingValue + AvailableForSaleSecuritiesDebtSecuritiesCurrent,0000950170-24-134973,T1 (XBRL),no,2026-10-08 18:30 ET
ORCL,Oracle,FY2025Q2,2024-11-30,2024-Q4,debt,88624000000,instant,reported,LongTermNotesAndLoans + NotesPayableCurrent,0000950170-24-134973,T1 (XBRL),no,2026-10-08 18:30 ET
ORCL,Oracle,FY2025Q2,2024-11-30,2024-Q4,ppe_net,26432000000,instant,reported,PropertyPlantAndEquipmentNet,0000950170-24-134973,T1 (XBRL),no,2026-10-08 18:30 ET
ORCL,Oracle,FY2025Q2,2024-11-30,2024-Q4,net_debt,77313000000,instant,FNAM calculation,,,FNAM calculation,no,2026-10-08 18:30 ET
ORCL,Oracle,FY2025Q3,2025-02-28,2025-Q1,cash,17823000000,instant,reported,CashAndCashEquivalentsAtCarryingValue + AvailableForSaleSecuritiesDebtSecuritiesCurrent,0000950170-25-037143,T1 (XBRL),no,2026-10-08 18:30 ET
ORCL,Oracle,FY2025Q3,2025-02-28,2025-Q1,debt,96276000000,instant,reported,LongTermNotesAndLoans + NotesPayableCurrent,0000950170-25-037143,T1 (XBRL),no,2026-10-08 18:30 ET
ORCL,Oracle,FY2025Q3,2025-02-28,2025-Q1,ol_liab,12000000000,instant,reported,OperatingLeaseLiability,0000950170-25-037143,T1 (XBRL),no,2026-10-08 18:30 ET
ORCL,Oracle,FY2025Q3,2025-02-28,2025-Q1,fl_liab,900000000,instant,reported,FinanceLeaseLiability,0000950170-25-037143,T1 (XBRL),no,2026-10-08 18:30 ET
ORCL,Oracle,FY2025Q3,2025-02-28,2025-Q1,ppe_net,31970000000,instant,reported,PropertyPlantAndEquipmentNet,0000950170-25-037143,T1 (XBRL),no,2026-10-08 18:30 ET
ORCL,Oracle,FY2025Q3,2025-02-28,2025-Q1,net_debt,78453000000,instant,FNAM calculation,,,FNAM calculation,no,2026-10-08 18:30 ET
ORCL,Oracle,FY2025Q3,2025-02-28,2025-Q1,lease_adj_net_debt,91353000000,instant,FNAM calculation,,,FNAM calculation,no,2026-10-08 18:30 ET
ORCL,Oracle,FY2025Q4,2025-05-31,2025-Q2,cash,11203000000,instant,reported,CashAndCashEquivalentsAtCarryingValue + AvailableForSaleSecuritiesDebtSecuritiesCurrent,0001193125-26-277521,T1 (XBRL),no,2026-10-08 18:30 ET
ORCL,Oracle,FY2025Q4,2025-05-31,2025-Q2,debt,92568000000,instant,reported,DebtLongtermAndShorttermCombinedAmount,0001193125-26-277521,T1 (XBRL),no,2026-10-08 18:30 ET
ORCL,Oracle,FY2025Q4,2025-05-31,2025-Q2,ol_liab,13450000000,instant,reported,OperatingLeaseLiability,0001193125-26-277521,T1 (XBRL),no,2026-10-08 18:30 ET
ORCL,Oracle,FY2025Q4,2025-05-31,2025-Q2,fl_liab,2934000000,instant,reported,FinanceLeaseLiability,0001193125-26-277521,T1 (XBRL),no,2026-10-08 18:30 ET
ORCL,Oracle,FY2025Q4,2025-05-31,2025-Q2,ol_pay_due,17683000000,instant,reported,LesseeOperatingLeaseLiabilityPaymentsDue,0000950170-25-087926,T1 (XBRL),no,2026-10-08 18:30 ET
ORCL,Oracle,FY2025Q4,2025-05-31,2025-Q2,fl_pay_due,4411000000,instant,reported,FinanceLeaseLiabilityPaymentsDue,0000950170-25-087926,T1 (XBRL),no,2026-10-08 18:30 ET
ORCL,Oracle,FY2025Q4,2025-05-31,2025-Q2,ppe_net,43522000000,instant,reported,PropertyPlantAndEquipmentNet,0001193125-26-277521,T1 (XBRL),no,2026-10-08 18:30 ET
ORCL,Oracle,FY2025Q4,2025-05-31,2025-Q2,net_debt,81365000000,instant,FNAM calculation,,,FNAM calculation,no,2026-10-08 18:30 ET
ORCL,Oracle,FY2025Q4,2025-05-31,2025-Q2,lease_adj_net_debt,97749000000,instant,FNAM calculation,,,FNAM calculation,no,2026-10-08 18:30 ET
ORCL,Oracle,FY2026Q1,2025-08-31,2025-Q3,cash,11005000000,instant,reported,CashAndCashEquivalentsAtCarryingValue + AvailableForSaleSecuritiesDebtSecuritiesCurrent,0001193125-25-200095,T1 (XBRL),no,2026-10-08 18:30 ET
ORCL,Oracle,FY2026Q1,2025-08-31,2025-Q3,debt,91315000000,instant,reported,LongTermNotesAndLoans + NotesPayableCurrent,0001193125-25-200095,T1 (XBRL),no,2026-10-08 18:30 ET
ORCL,Oracle,FY2026Q1,2025-08-31,2025-Q3,ol_liab,16290000000,instant,reported,OperatingLeaseLiability,0001193125-25-200095,T1 (XBRL),no,2026-10-08 18:30 ET
ORCL,Oracle,FY2026Q1,2025-08-31,2025-Q3,fl_liab,4017000000,instant,reported,FinanceLeaseLiability,0001193125-25-200095,T1 (XBRL),no,2026-10-08 18:30 ET
ORCL,Oracle,FY2026Q1,2025-08-31,2025-Q3,ppe_net,53194000000,instant,reported,PropertyPlantAndEquipmentNet,0001193125-25-200095,T1 (XBRL),no,2026-10-08 18:30 ET
ORCL,Oracle,FY2026Q1,2025-08-31,2025-Q3,net_debt,80310000000,instant,FNAM calculation,,,FNAM calculation,no,2026-10-08 18:30 ET
ORCL,Oracle,FY2026Q1,2025-08-31,2025-Q3,lease_adj_net_debt,100617000000,instant,FNAM calculation,,,FNAM calculation,no,2026-10-08 18:30 ET
ORCL,Oracle,FY2026Q2,2025-11-30,2025-Q4,cash,19766000000,instant,reported,CashAndCashEquivalentsAtCarryingValue + AvailableForSaleSecuritiesDebtSecuritiesCurrent,0001193125-25-315925,T1 (XBRL),no,2026-10-08 18:30 ET
ORCL,Oracle,FY2026Q2,2025-11-30,2025-Q4,debt,108075000000,instant,reported,LongTermNotesAndLoans + NotesPayableCurrent,0001193125-25-315925,T1 (XBRL),no,2026-10-08 18:30 ET
ORCL,Oracle,FY2026Q2,2025-11-30,2025-Q4,ol_liab,18679000000,instant,reported,OperatingLeaseLiability,0001193125-25-315925,T1 (XBRL),no,2026-10-08 18:30 ET
ORCL,Oracle,FY2026Q2,2025-11-30,2025-Q4,fl_liab,4976000000,instant,reported,FinanceLeaseLiability,0001193125-25-315925,T1 (XBRL),no,2026-10-08 18:30 ET
ORCL,Oracle,FY2026Q2,2025-11-30,2025-Q4,ppe_net,67875000000,instant,reported,PropertyPlantAndEquipmentNet,0001193125-25-315925,T1 (XBRL),no,2026-10-08 18:30 ET
ORCL,Oracle,FY2026Q2,2025-11-30,2025-Q4,net_debt,88309000000,instant,FNAM calculation,,,FNAM calculation,no,2026-10-08 18:30 ET
ORCL,Oracle,FY2026Q2,2025-11-30,2025-Q4,lease_adj_net_debt,111964000000,instant,FNAM calculation,,,FNAM calculation,no,2026-10-08 18:30 ET
ORCL,Oracle,FY2026Q3,2026-02-28,2026-Q1,cash,39132000000,instant,reported,CashAndCashEquivalentsAtCarryingValue + AvailableForSaleSecuritiesDebtSecuritiesCurrent,0001193125-26-101045,T1 (XBRL),no,2026-10-08 18:30 ET
ORCL,Oracle,FY2026Q3,2026-02-28,2026-Q1,debt,134605000000,instant,reported,LongTermNotesAndLoans + NotesPayableCurrent,0001193125-26-101045,T1 (XBRL),no,2026-10-08 18:30 ET
ORCL,Oracle,FY2026Q3,2026-02-28,2026-Q1,ol_liab,21310000000,instant,reported,OperatingLeaseLiability,0001193125-26-101045,T1 (XBRL),no,2026-10-08 18:30 ET
ORCL,Oracle,FY2026Q3,2026-02-28,2026-Q1,fl_liab,6250000000,instant,reported,FinanceLeaseLiability,0001193125-26-101045,T1 (XBRL),no,2026-10-08 18:30 ET
ORCL,Oracle,FY2026Q3,2026-02-28,2026-Q1,ol_pay_due,28726000000,instant,reported,LesseeOperatingLeaseLiabilityPaymentsDue,0001193125-26-101045,T1 (XBRL),no,2026-10-08 18:30 ET
ORCL,Oracle,FY2026Q3,2026-02-28,2026-Q1,fl_pay_due,9191000000,instant,reported,FinanceLeaseLiabilityPaymentsDue,0001193125-26-101045,T1 (XBRL),no,2026-10-08 18:30 ET
ORCL,Oracle,FY2026Q3,2026-02-28,2026-Q1,ppe_net,83617000000,instant,reported,PropertyPlantAndEquipmentNet,0001193125-26-101045,T1 (XBRL),no,2026-10-08 18:30 ET
ORCL,Oracle,FY2026Q3,2026-02-28,2026-Q1,net_debt,95473000000,instant,FNAM calculation,,,FNAM calculation,no,2026-10-08 18:30 ET
ORCL,Oracle,FY2026Q3,2026-02-28,2026-Q1,lease_adj_net_debt,123033000000,instant,FNAM calculation,,,FNAM calculation,no,2026-10-08 18:30 ET
ORCL,Oracle,FY2026Q4,2026-05-31,2026-Q2,cash,31894000000,instant,reported,CashAndCashEquivalentsAtCarryingValue + AvailableForSaleSecuritiesDebtSecuritiesCurrent,0001193125-26-389274,T1 (XBRL),no,2026-10-08 18:30 ET
ORCL,Oracle,FY2026Q4,2026-05-31,2026-Q2,debt,129541000000,instant,reported,DebtLongtermAndShorttermCombinedAmount,0001193125-26-277521,T1 (XBRL),no,2026-10-08 18:30 ET
ORCL,Oracle,FY2026Q4,2026-05-31,2026-Q2,ol_liab,30190000000,instant,reported,OperatingLeaseLiability,0001193125-26-389274,T1 (XBRL),no,2026-10-08 18:30 ET
ORCL,Oracle,FY2026Q4,2026-05-31,2026-Q2,fl_liab,7701000000,instant,reported,FinanceLeaseLiability,0001193125-26-389274,T1 (XBRL),no,2026-10-08 18:30 ET
ORCL,Oracle,FY2026Q4,2026-05-31,2026-Q2,ol_pay_due,41867000000,instant,reported,LesseeOperatingLeaseLiabilityPaymentsDue,0001193125-26-277521,T1 (XBRL),no,2026-10-08 18:30 ET
ORCL,Oracle,FY2026Q4,2026-05-31,2026-Q2,fl_pay_due,11460000000,instant,reported,FinanceLeaseLiabilityPaymentsDue,0001193125-26-277521,T1 (XBRL),no,2026-10-08 18:30 ET
ORCL,Oracle,FY2026Q4,2026-05-31,2026-Q2,ppe_net,99957000000,instant,reported,PropertyPlantAndEquipmentNet,0001193125-26-389274,T1 (XBRL),no,2026-10-08 18:30 ET
ORCL,Oracle,FY2026Q4,2026-05-31,2026-Q2,net_debt,97647000000,instant,FNAM calculation,,,FNAM calculation,no,2026-10-08 18:30 ET
ORCL,Oracle,FY2026Q4,2026-05-31,2026-Q2,lease_adj_net_debt,135538000000,instant,FNAM calculation,,,FNAM calculation,no,2026-10-08 18:30 ET
ORCL,Oracle,FY2027Q1,2026-08-31,2026-Q3,cash,37077000000,instant,reported,CashAndCashEquivalentsAtCarryingValue + AvailableForSaleSecuritiesDebtSecuritiesCurrent,0001193125-26-389274,T1 (XBRL),no,2026-10-08 18:30 ET
ORCL,Oracle,FY2027Q1,2026-08-31,2026-Q3,debt,125337000000,instant,reported,LongTermNotesAndLoans + NotesPayableCurrent,0001193125-26-389274,T1 (XBRL),no,2026-10-08 18:30 ET
ORCL,Oracle,FY2027Q1,2026-08-31,2026-Q3,ol_liab,34621000000,instant,reported,OperatingLeaseLiability,0001193125-26-389274,T1 (XBRL),no,2026-10-08 18:30 ET
ORCL,Oracle,FY2027Q1,2026-08-31,2026-Q3,fl_liab,9185000000,instant,reported,FinanceLeaseLiability,0001193125-26-389274,T1 (XBRL),no,2026-10-08 18:30 ET
ORCL,Oracle,FY2027Q1,2026-08-31,2026-Q3,ol_pay_due,48050000000,instant,reported,LesseeOperatingLeaseLiabilityPaymentsDue,0001193125-26-389274,T1 (XBRL),no,2026-10-08 18:30 ET
ORCL,Oracle,FY2027Q1,2026-08-31,2026-Q3,fl_pay_due,15195000000,instant,reported,FinanceLeaseLiabilityPaymentsDue,0001193125-26-389274,T1 (XBRL),no,2026-10-08 18:30 ET
ORCL,Oracle,FY2027Q1,2026-08-31,2026-Q3,ppe_net,127845000000,instant,reported,PropertyPlantAndEquipmentNet,0001193125-26-389274,T1 (XBRL),no,2026-10-08 18:30 ET
ORCL,Oracle,FY2027Q1,2026-08-31,2026-Q3,net_debt,88260000000,instant,FNAM calculation,,,FNAM calculation,no,2026-10-08 18:30 ET
ORCL,Oracle,FY2027Q1,2026-08-31,2026-Q3,lease_adj_net_debt,132066000000,instant,FNAM calculation,,,FNAM calculation,no,2026-10-08 18:30 ET
