ticker,company,fiscal_quarter,period_end,calendar_quarter,metric,value_usd,basis,method,xbrl_tag,accessions,tier,needs_review,refreshed_et
MSFT,Microsoft,FY2022Q4,2022-06-30,2022-Q2,capex_cash,6871000000,quarter,fy_minus_9m,PaymentsToAcquirePropertyPlantAndEquipment,0000950170-24-087843 0000950170-23-014423,T1 (XBRL),no,2026-10-09 18:30 ET
MSFT,Microsoft,FY2022Q4,2022-06-30,2022-Q2,fl_additions,1140000000,quarter,fy_minus_9m,RightOfUseAssetObtainedInExchangeForFinanceLeaseLiability,0000950170-24-087843 0000950170-23-014423,T1 (XBRL),no,2026-10-09 18:30 ET
MSFT,Microsoft,FY2022Q4,2022-06-30,2022-Q2,ol_additions,1117000000,quarter,fy_minus_9m,RightOfUseAssetObtainedInExchangeForOperatingLeaseLiability,0000950170-24-087843 0000950170-23-014423,T1 (XBRL),no,2026-10-09 18:30 ET
MSFT,Microsoft,FY2022Q4,2022-06-30,2022-Q2,fl_principal,241000000,quarter,fy_minus_9m,FinanceLeasePrincipalPayments,0000950170-24-087843 0000950170-23-014423,T1 (XBRL),no,2026-10-09 18:30 ET
MSFT,Microsoft,FY2022Q4,2022-06-30,2022-Q2,ocf,24629000000,quarter,fy_minus_9m,NetCashProvidedByUsedInOperatingActivities,0000950170-24-087843 0000950170-23-014423,T1 (XBRL),no,2026-10-09 18:30 ET
MSFT,Microsoft,FY2022Q4,2022-06-30,2022-Q2,op_income,20534000000,quarter,fy_minus_9m,OperatingIncomeLoss,0000950170-24-087843 0000950170-23-014423,T1 (XBRL),no,2026-10-09 18:30 ET
MSFT,Microsoft,FY2022Q4,2022-06-30,2022-Q2,interest_exp,496000000,quarter,fy_minus_9m,InterestExpense,0000950170-24-087843 0000950170-23-014423,T1 (XBRL),no,2026-10-09 18:30 ET
MSFT,Microsoft,FY2022Q4,2022-06-30,2022-Q2,debt_repaid,0,quarter,fy_minus_9m,RepaymentsOfDebtMaturingInMoreThanThreeMonths,0000950170-24-087843 0000950170-23-014423,T1 (XBRL),no,2026-10-09 18:30 ET
MSFT,Microsoft,FY2022Q4,2022-06-30,2022-Q2,equity_proceeds,461000000,quarter,fy_minus_9m,ProceedsFromIssuanceOfCommonStock,0000950170-24-087843 0000950170-23-014423,T1 (XBRL),no,2026-10-09 18:30 ET
MSFT,Microsoft,FY2022Q4,2022-06-30,2022-Q2,buybacks,8757000000,quarter,fy_minus_9m,PaymentsForRepurchaseOfCommonStock,0000950170-24-087843 0000950170-23-014423,T1 (XBRL),no,2026-10-09 18:30 ET
MSFT,Microsoft,FY2022Q4,2022-06-30,2022-Q2,dividends,4632000000,quarter,fy_minus_9m,PaymentsOfDividendsCommonStock,0000950170-24-087843 0000950170-23-014423,T1 (XBRL),no,2026-10-09 18:30 ET
MSFT,Microsoft,FY2022Q4,2022-06-30,2022-Q2,capex_incl_fl,8011000000,quarter,FNAM calculation,,,FNAM calculation,no,2026-10-09 18:30 ET
MSFT,Microsoft,FY2022Q4,2022-06-30,2022-Q2,fcf,17758000000,quarter,FNAM calculation,,,FNAM calculation,no,2026-10-09 18:30 ET
MSFT,Microsoft,FY2022Q4,2022-06-30,2022-Q2,capex_ocf,0.2789800641520159,ratio,FNAM calculation,,,FNAM calculation,no,2026-10-09 18:30 ET
MSFT,Microsoft,FY2022Q4,2022-06-30,2022-Q2,fcf_after_fl,17517000000,quarter,FNAM calculation,,,FNAM calculation,no,2026-10-09 18:30 ET
MSFT,Microsoft,FY2022Q4,2022-06-30,2022-Q2,ttm_capex_cash,23886000000,trailing 12 months,FNAM calculation,,,FNAM calculation,no,2026-10-09 18:30 ET
MSFT,Microsoft,FY2022Q4,2022-06-30,2022-Q2,ttm__fromFY,"capex_cash,fl_additions,ol_additions,fl_principal,revenue,ocf,op_income,da,interest_exp,debt_proceeds,debt_repaid,cp_net,equity_proceeds,buybacks,interest_paid,dividends",trailing 12 months,FNAM calculation,,,FNAM calculation,no,2026-10-09 18:30 ET
MSFT,Microsoft,FY2022Q4,2022-06-30,2022-Q2,ttm_fl_additions,4234000000,trailing 12 months,FNAM calculation,,,FNAM calculation,no,2026-10-09 18:30 ET
MSFT,Microsoft,FY2022Q4,2022-06-30,2022-Q2,ttm_ol_additions,5268000000,trailing 12 months,FNAM calculation,,,FNAM calculation,no,2026-10-09 18:30 ET
MSFT,Microsoft,FY2022Q4,2022-06-30,2022-Q2,ttm_fl_principal,896000000,trailing 12 months,FNAM calculation,,,FNAM calculation,no,2026-10-09 18:30 ET
MSFT,Microsoft,FY2022Q4,2022-06-30,2022-Q2,ttm_revenue,198270000000,trailing 12 months,FNAM calculation,,,FNAM calculation,no,2026-10-09 18:30 ET
MSFT,Microsoft,FY2022Q4,2022-06-30,2022-Q2,ttm_ocf,89035000000,trailing 12 months,FNAM calculation,,,FNAM calculation,no,2026-10-09 18:30 ET
MSFT,Microsoft,FY2022Q4,2022-06-30,2022-Q2,ttm_op_income,83383000000,trailing 12 months,FNAM calculation,,,FNAM calculation,no,2026-10-09 18:30 ET
MSFT,Microsoft,FY2022Q4,2022-06-30,2022-Q2,ttm_da,12600000000,trailing 12 months,FNAM calculation,,,FNAM calculation,no,2026-10-09 18:30 ET
MSFT,Microsoft,FY2022Q4,2022-06-30,2022-Q2,ttm_interest_exp,2063000000,trailing 12 months,FNAM calculation,,,FNAM calculation,no,2026-10-09 18:30 ET
MSFT,Microsoft,FY2022Q4,2022-06-30,2022-Q2,ttm_debt_proceeds,0,trailing 12 months,FNAM calculation,,,FNAM calculation,no,2026-10-09 18:30 ET
MSFT,Microsoft,FY2022Q4,2022-06-30,2022-Q2,ttm_debt_repaid,9023000000,trailing 12 months,FNAM calculation,,,FNAM calculation,no,2026-10-09 18:30 ET
MSFT,Microsoft,FY2022Q4,2022-06-30,2022-Q2,ttm_cp_net,0,trailing 12 months,FNAM calculation,,,FNAM calculation,no,2026-10-09 18:30 ET
MSFT,Microsoft,FY2022Q4,2022-06-30,2022-Q2,ttm_equity_proceeds,1841000000,trailing 12 months,FNAM calculation,,,FNAM calculation,no,2026-10-09 18:30 ET
MSFT,Microsoft,FY2022Q4,2022-06-30,2022-Q2,ttm_buybacks,32696000000,trailing 12 months,FNAM calculation,,,FNAM calculation,no,2026-10-09 18:30 ET
MSFT,Microsoft,FY2022Q4,2022-06-30,2022-Q2,ttm_interest_paid,1900000000,trailing 12 months,FNAM calculation,,,FNAM calculation,no,2026-10-09 18:30 ET
MSFT,Microsoft,FY2022Q4,2022-06-30,2022-Q2,ttm_dividends,18135000000,trailing 12 months,FNAM calculation,,,FNAM calculation,no,2026-10-09 18:30 ET
MSFT,Microsoft,FY2022Q4,2022-06-30,2022-Q2,ttm_ebitda,95983000000,trailing 12 months,FNAM calculation,,,FNAM calculation,no,2026-10-09 18:30 ET
MSFT,Microsoft,FY2022Q4,2022-06-30,2022-Q2,ttm_capex_incl_fl,28120000000,trailing 12 months,FNAM calculation,,,FNAM calculation,no,2026-10-09 18:30 ET
MSFT,Microsoft,FY2022Q4,2022-06-30,2022-Q2,ttm_fcf,65149000000,trailing 12 months,FNAM calculation,,,FNAM calculation,no,2026-10-09 18:30 ET
MSFT,Microsoft,FY2022Q4,2022-06-30,2022-Q2,ttm_capex_ocf,0.2682765204694783,trailing 12 months,FNAM calculation,,,FNAM calculation,no,2026-10-09 18:30 ET
MSFT,Microsoft,FY2022Q4,2022-06-30,2022-Q2,ttm_fcf_after_fl,64253000000,trailing 12 months,FNAM calculation,,,FNAM calculation,no,2026-10-09 18:30 ET
MSFT,Microsoft,FY2022Q4,2022-06-30,2022-Q2,ttm_int_cov,40.41832283082889,trailing 12 months,FNAM calculation,,,FNAM calculation,no,2026-10-09 18:30 ET
MSFT,Microsoft,FY2022Q4,2022-06-30,2022-Q2,ttm_ebitda_int,46.525933107125546,trailing 12 months,FNAM calculation,,,FNAM calculation,no,2026-10-09 18:30 ET
MSFT,Microsoft,FY2022Q4,2022-06-30,2022-Q2,ttm_nd_ebitda,-0.5727680943500412,trailing 12 months,FNAM calculation,,,FNAM calculation,no,2026-10-09 18:30 ET
MSFT,Microsoft,FY2022Q4,2022-06-30,2022-Q2,ttm_land_ebitda,-0.2746007105424919,trailing 12 months,FNAM calculation,,,FNAM calculation,no,2026-10-09 18:30 ET
MSFT,Microsoft,FY2023Q1,2022-09-30,2022-Q3,capex_cash,6283000000,quarter,reported,PaymentsToAcquirePropertyPlantAndEquipment,0000950170-23-054855,T1 (XBRL),no,2026-10-09 18:30 ET
MSFT,Microsoft,FY2023Q1,2022-09-30,2022-Q3,fl_additions,611000000,quarter,reported,RightOfUseAssetObtainedInExchangeForFinanceLeaseLiability,0000950170-23-054855,T1 (XBRL),no,2026-10-09 18:30 ET
MSFT,Microsoft,FY2023Q1,2022-09-30,2022-Q3,ol_additions,1189000000,quarter,reported,RightOfUseAssetObtainedInExchangeForOperatingLeaseLiability,0000950170-23-054855,T1 (XBRL),no,2026-10-09 18:30 ET
MSFT,Microsoft,FY2023Q1,2022-09-30,2022-Q3,fl_principal,256000000,quarter,reported,FinanceLeasePrincipalPayments,0000950170-23-054855,T1 (XBRL),no,2026-10-09 18:30 ET
MSFT,Microsoft,FY2023Q1,2022-09-30,2022-Q3,ocf,23198000000,quarter,reported,NetCashProvidedByUsedInOperatingActivities,0000950170-23-054855,T1 (XBRL),no,2026-10-09 18:30 ET
MSFT,Microsoft,FY2023Q1,2022-09-30,2022-Q3,op_income,21518000000,quarter,reported,OperatingIncomeLoss,0000950170-23-054855,T1 (XBRL),no,2026-10-09 18:30 ET
MSFT,Microsoft,FY2023Q1,2022-09-30,2022-Q3,interest_exp,500000000,quarter,reported,InterestExpense,0000950170-23-054855,T1 (XBRL),no,2026-10-09 18:30 ET
MSFT,Microsoft,FY2023Q1,2022-09-30,2022-Q3,debt_proceeds,0,quarter,reported,ProceedsFromDebtMaturingInMoreThanThreeMonths,0000950170-23-054855,T1 (XBRL),no,2026-10-09 18:30 ET
MSFT,Microsoft,FY2023Q1,2022-09-30,2022-Q3,debt_repaid,1000000000,quarter,reported,RepaymentsOfDebtMaturingInMoreThanThreeMonths,0000950170-23-054855,T1 (XBRL),no,2026-10-09 18:30 ET
MSFT,Microsoft,FY2023Q1,2022-09-30,2022-Q3,equity_proceeds,575000000,quarter,reported,ProceedsFromIssuanceOfCommonStock,0000950170-23-054855,T1 (XBRL),no,2026-10-09 18:30 ET
MSFT,Microsoft,FY2023Q1,2022-09-30,2022-Q3,buybacks,5573000000,quarter,reported,PaymentsForRepurchaseOfCommonStock,0000950170-23-054855,T1 (XBRL),no,2026-10-09 18:30 ET
MSFT,Microsoft,FY2023Q1,2022-09-30,2022-Q3,dividends,4621000000,quarter,reported,PaymentsOfDividendsCommonStock,0000950170-23-054855,T1 (XBRL),no,2026-10-09 18:30 ET
MSFT,Microsoft,FY2023Q1,2022-09-30,2022-Q3,capex_incl_fl,6894000000,quarter,FNAM calculation,,,FNAM calculation,no,2026-10-09 18:30 ET
MSFT,Microsoft,FY2023Q1,2022-09-30,2022-Q3,fcf,16915000000,quarter,FNAM calculation,,,FNAM calculation,no,2026-10-09 18:30 ET
MSFT,Microsoft,FY2023Q1,2022-09-30,2022-Q3,capex_ocf,0.27084231399258557,ratio,FNAM calculation,,,FNAM calculation,no,2026-10-09 18:30 ET
MSFT,Microsoft,FY2023Q1,2022-09-30,2022-Q3,fcf_after_fl,16659000000,quarter,FNAM calculation,,,FNAM calculation,no,2026-10-09 18:30 ET
MSFT,Microsoft,FY2023Q2,2022-12-31,2022-Q4,capex_cash,6274000000,quarter,reported,PaymentsToAcquirePropertyPlantAndEquipment,0000950170-24-008814,T1 (XBRL),no,2026-10-09 18:30 ET
MSFT,Microsoft,FY2023Q2,2022-12-31,2022-Q4,fl_additions,598000000,quarter,reported,RightOfUseAssetObtainedInExchangeForFinanceLeaseLiability,0000950170-24-008814,T1 (XBRL),no,2026-10-09 18:30 ET
MSFT,Microsoft,FY2023Q2,2022-12-31,2022-Q4,ol_additions,525000000,quarter,reported,RightOfUseAssetObtainedInExchangeForOperatingLeaseLiability,0000950170-24-008814,T1 (XBRL),no,2026-10-09 18:30 ET
MSFT,Microsoft,FY2023Q2,2022-12-31,2022-Q4,fl_principal,262000000,quarter,reported,FinanceLeasePrincipalPayments,0000950170-24-008814,T1 (XBRL),no,2026-10-09 18:30 ET
MSFT,Microsoft,FY2023Q2,2022-12-31,2022-Q4,ocf,11173000000,quarter,reported,NetCashProvidedByUsedInOperatingActivities,0000950170-24-008814,T1 (XBRL),no,2026-10-09 18:30 ET
MSFT,Microsoft,FY2023Q2,2022-12-31,2022-Q4,op_income,20399000000,quarter,reported,OperatingIncomeLoss,0000950170-24-008814,T1 (XBRL),no,2026-10-09 18:30 ET
MSFT,Microsoft,FY2023Q2,2022-12-31,2022-Q4,interest_exp,490000000,quarter,reported,InterestExpense,0000950170-24-008814,T1 (XBRL),no,2026-10-09 18:30 ET
MSFT,Microsoft,FY2023Q2,2022-12-31,2022-Q4,debt_proceeds,0,quarter,reported,ProceedsFromDebtMaturingInMoreThanThreeMonths,0000950170-24-008814,T1 (XBRL),no,2026-10-09 18:30 ET
MSFT,Microsoft,FY2023Q2,2022-12-31,2022-Q4,debt_repaid,750000000,quarter,reported,RepaymentsOfDebtMaturingInMoreThanThreeMonths,0000950170-24-008814,T1 (XBRL),no,2026-10-09 18:30 ET
MSFT,Microsoft,FY2023Q2,2022-12-31,2022-Q4,cp_net,0,quarter,reported,ProceedsFromRepaymentsOfShortTermDebtMaturingInThreeMonthsOrLess,0000950170-24-008814,T1 (XBRL),no,2026-10-09 18:30 ET
MSFT,Microsoft,FY2023Q2,2022-12-31,2022-Q4,equity_proceeds,243000000,quarter,reported,ProceedsFromIssuanceOfCommonStock,0000950170-24-008814,T1 (XBRL),no,2026-10-09 18:30 ET
MSFT,Microsoft,FY2023Q2,2022-12-31,2022-Q4,buybacks,5459000000,quarter,reported,PaymentsForRepurchaseOfCommonStock,0000950170-24-008814,T1 (XBRL),no,2026-10-09 18:30 ET
MSFT,Microsoft,FY2023Q2,2022-12-31,2022-Q4,dividends,5066000000,quarter,reported,PaymentsOfDividendsCommonStock,0000950170-24-008814,T1 (XBRL),no,2026-10-09 18:30 ET
MSFT,Microsoft,FY2023Q2,2022-12-31,2022-Q4,capex_incl_fl,6872000000,quarter,FNAM calculation,,,FNAM calculation,no,2026-10-09 18:30 ET
MSFT,Microsoft,FY2023Q2,2022-12-31,2022-Q4,fcf,4899000000,quarter,FNAM calculation,,,FNAM calculation,no,2026-10-09 18:30 ET
MSFT,Microsoft,FY2023Q2,2022-12-31,2022-Q4,capex_ocf,0.5615322652823772,ratio,FNAM calculation,,,FNAM calculation,no,2026-10-09 18:30 ET
MSFT,Microsoft,FY2023Q2,2022-12-31,2022-Q4,fcf_after_fl,4637000000,quarter,FNAM calculation,,,FNAM calculation,no,2026-10-09 18:30 ET
MSFT,Microsoft,FY2023Q3,2023-03-31,2023-Q1,capex_cash,6607000000,quarter,reported,PaymentsToAcquirePropertyPlantAndEquipment,0000950170-24-048288,T1 (XBRL),no,2026-10-09 18:30 ET
MSFT,Microsoft,FY2023Q3,2023-03-31,2023-Q1,fl_additions,1044000000,quarter,reported,RightOfUseAssetObtainedInExchangeForFinanceLeaseLiability,0000950170-24-048288,T1 (XBRL),no,2026-10-09 18:30 ET
MSFT,Microsoft,FY2023Q3,2023-03-31,2023-Q1,ol_additions,663000000,quarter,reported,RightOfUseAssetObtainedInExchangeForOperatingLeaseLiability,0000950170-24-048288,T1 (XBRL),no,2026-10-09 18:30 ET
MSFT,Microsoft,FY2023Q3,2023-03-31,2023-Q1,fl_principal,272000000,quarter,reported,FinanceLeasePrincipalPayments,0000950170-24-048288,T1 (XBRL),no,2026-10-09 18:30 ET
MSFT,Microsoft,FY2023Q3,2023-03-31,2023-Q1,ocf,24441000000,quarter,reported,NetCashProvidedByUsedInOperatingActivities,0000950170-24-048288,T1 (XBRL),no,2026-10-09 18:30 ET
MSFT,Microsoft,FY2023Q3,2023-03-31,2023-Q1,op_income,22352000000,quarter,reported,OperatingIncomeLoss,0000950170-24-048288,T1 (XBRL),no,2026-10-09 18:30 ET
MSFT,Microsoft,FY2023Q3,2023-03-31,2023-Q1,interest_exp,496000000,quarter,reported,InterestExpense,0000950170-24-048288,T1 (XBRL),no,2026-10-09 18:30 ET
MSFT,Microsoft,FY2023Q3,2023-03-31,2023-Q1,debt_proceeds,0,quarter,reported,ProceedsFromDebtMaturingInMoreThanThreeMonths,0000950170-24-048288,T1 (XBRL),no,2026-10-09 18:30 ET
MSFT,Microsoft,FY2023Q3,2023-03-31,2023-Q1,debt_repaid,0,quarter,reported,RepaymentsOfDebtMaturingInMoreThanThreeMonths,0000950170-24-048288,T1 (XBRL),no,2026-10-09 18:30 ET
MSFT,Microsoft,FY2023Q3,2023-03-31,2023-Q1,cp_net,0,quarter,reported,ProceedsFromRepaymentsOfShortTermDebtMaturingInThreeMonthsOrLess,0000950170-24-048288,T1 (XBRL),no,2026-10-09 18:30 ET
MSFT,Microsoft,FY2023Q3,2023-03-31,2023-Q1,equity_proceeds,536000000,quarter,reported,ProceedsFromIssuanceOfCommonStock,0000950170-24-048288,T1 (XBRL),no,2026-10-09 18:30 ET
MSFT,Microsoft,FY2023Q3,2023-03-31,2023-Q1,buybacks,5509000000,quarter,reported,PaymentsForRepurchaseOfCommonStock,0000950170-24-048288,T1 (XBRL),no,2026-10-09 18:30 ET
MSFT,Microsoft,FY2023Q3,2023-03-31,2023-Q1,dividends,5059000000,quarter,reported,PaymentsOfDividendsCommonStock,0000950170-24-048288,T1 (XBRL),no,2026-10-09 18:30 ET
MSFT,Microsoft,FY2023Q3,2023-03-31,2023-Q1,capex_incl_fl,7651000000,quarter,FNAM calculation,,,FNAM calculation,no,2026-10-09 18:30 ET
MSFT,Microsoft,FY2023Q3,2023-03-31,2023-Q1,fcf,17834000000,quarter,FNAM calculation,,,FNAM calculation,no,2026-10-09 18:30 ET
MSFT,Microsoft,FY2023Q3,2023-03-31,2023-Q1,capex_ocf,0.27032445480954137,ratio,FNAM calculation,,,FNAM calculation,no,2026-10-09 18:30 ET
MSFT,Microsoft,FY2023Q3,2023-03-31,2023-Q1,fcf_after_fl,17562000000,quarter,FNAM calculation,,,FNAM calculation,no,2026-10-09 18:30 ET
MSFT,Microsoft,FY2023Q3,2023-03-31,2023-Q1,ttm_capex_cash,26035000000,trailing 12 months,FNAM calculation,,,FNAM calculation,no,2026-10-09 18:30 ET
MSFT,Microsoft,FY2023Q3,2023-03-31,2023-Q1,ttm_fl_additions,3393000000,trailing 12 months,FNAM calculation,,,FNAM calculation,no,2026-10-09 18:30 ET
MSFT,Microsoft,FY2023Q3,2023-03-31,2023-Q1,ttm_ol_additions,3494000000,trailing 12 months,FNAM calculation,,,FNAM calculation,no,2026-10-09 18:30 ET
MSFT,Microsoft,FY2023Q3,2023-03-31,2023-Q1,ttm_fl_principal,1031000000,trailing 12 months,FNAM calculation,,,FNAM calculation,no,2026-10-09 18:30 ET
MSFT,Microsoft,FY2023Q3,2023-03-31,2023-Q1,ttm_revenue,207591000000,trailing 12 months,FNAM calculation,,,FNAM calculation,no,2026-10-09 18:30 ET
MSFT,Microsoft,FY2023Q3,2023-03-31,2023-Q1,ttm_ocf,83441000000,trailing 12 months,FNAM calculation,,,FNAM calculation,no,2026-10-09 18:30 ET
MSFT,Microsoft,FY2023Q3,2023-03-31,2023-Q1,ttm_op_income,84803000000,trailing 12 months,FNAM calculation,,,FNAM calculation,no,2026-10-09 18:30 ET
MSFT,Microsoft,FY2023Q3,2023-03-31,2023-Q1,ttm_interest_exp,1982000000,trailing 12 months,FNAM calculation,,,FNAM calculation,no,2026-10-09 18:30 ET
MSFT,Microsoft,FY2023Q3,2023-03-31,2023-Q1,ttm_debt_repaid,1750000000,trailing 12 months,FNAM calculation,,,FNAM calculation,no,2026-10-09 18:30 ET
MSFT,Microsoft,FY2023Q3,2023-03-31,2023-Q1,ttm_equity_proceeds,1815000000,trailing 12 months,FNAM calculation,,,FNAM calculation,no,2026-10-09 18:30 ET
MSFT,Microsoft,FY2023Q3,2023-03-31,2023-Q1,ttm_buybacks,25298000000,trailing 12 months,FNAM calculation,,,FNAM calculation,no,2026-10-09 18:30 ET
MSFT,Microsoft,FY2023Q3,2023-03-31,2023-Q1,ttm_dividends,19378000000,trailing 12 months,FNAM calculation,,,FNAM calculation,no,2026-10-09 18:30 ET
MSFT,Microsoft,FY2023Q3,2023-03-31,2023-Q1,ttm_capex_incl_fl,29428000000,trailing 12 months,FNAM calculation,,,FNAM calculation,no,2026-10-09 18:30 ET
MSFT,Microsoft,FY2023Q3,2023-03-31,2023-Q1,ttm_fcf,57406000000,trailing 12 months,FNAM calculation,,,FNAM calculation,no,2026-10-09 18:30 ET
MSFT,Microsoft,FY2023Q3,2023-03-31,2023-Q1,ttm_capex_ocf,0.31201687419853547,trailing 12 months,FNAM calculation,,,FNAM calculation,no,2026-10-09 18:30 ET
MSFT,Microsoft,FY2023Q3,2023-03-31,2023-Q1,ttm_fcf_after_fl,56375000000,trailing 12 months,FNAM calculation,,,FNAM calculation,no,2026-10-09 18:30 ET
MSFT,Microsoft,FY2023Q3,2023-03-31,2023-Q1,ttm_int_cov,42.786579212916244,trailing 12 months,FNAM calculation,,,FNAM calculation,no,2026-10-09 18:30 ET
MSFT,Microsoft,FY2023Q4,2023-06-30,2023-Q2,capex_cash,8943000000,quarter,fy_minus_9m,PaymentsToAcquirePropertyPlantAndEquipment,0000950170-25-100235 0000950170-24-048288,T1 (XBRL),no,2026-10-09 18:30 ET
MSFT,Microsoft,FY2023Q4,2023-06-30,2023-Q2,fl_additions,875000000,quarter,fy_minus_9m,RightOfUseAssetObtainedInExchangeForFinanceLeaseLiability,0000950170-25-100235 0000950170-24-048288,T1 (XBRL),no,2026-10-09 18:30 ET
MSFT,Microsoft,FY2023Q4,2023-06-30,2023-Q2,ol_additions,1137000000,quarter,fy_minus_9m,RightOfUseAssetObtainedInExchangeForOperatingLeaseLiability,0000950170-25-100235 0000950170-24-048288,T1 (XBRL),no,2026-10-09 18:30 ET
MSFT,Microsoft,FY2023Q4,2023-06-30,2023-Q2,fl_principal,266000000,quarter,fy_minus_9m,FinanceLeasePrincipalPayments,0000950170-25-100235 0000950170-24-048288,T1 (XBRL),no,2026-10-09 18:30 ET
MSFT,Microsoft,FY2023Q4,2023-06-30,2023-Q2,ocf,28770000000,quarter,fy_minus_9m,NetCashProvidedByUsedInOperatingActivities,0000950170-25-100235 0000950170-24-048288,T1 (XBRL),no,2026-10-09 18:30 ET
MSFT,Microsoft,FY2023Q4,2023-06-30,2023-Q2,op_income,24254000000,quarter,fy_minus_9m,OperatingIncomeLoss,0000950170-25-100235 0000950170-24-048288,T1 (XBRL),no,2026-10-09 18:30 ET
MSFT,Microsoft,FY2023Q4,2023-06-30,2023-Q2,interest_exp,482000000,quarter,fy_minus_9m,InterestExpense,0000950170-24-087843 0000950170-24-048288,T1 (XBRL),no,2026-10-09 18:30 ET
MSFT,Microsoft,FY2023Q4,2023-06-30,2023-Q2,debt_proceeds,0,quarter,fy_minus_9m,ProceedsFromDebtMaturingInMoreThanThreeMonths,0000950170-25-100235 0000950170-24-048288,T1 (XBRL),no,2026-10-09 18:30 ET
MSFT,Microsoft,FY2023Q4,2023-06-30,2023-Q2,debt_repaid,1000000000,quarter,fy_minus_9m,RepaymentsOfDebtMaturingInMoreThanThreeMonths,0000950170-25-100235 0000950170-24-048288,T1 (XBRL),no,2026-10-09 18:30 ET
MSFT,Microsoft,FY2023Q4,2023-06-30,2023-Q2,cp_net,0,quarter,fy_minus_9m,ProceedsFromRepaymentsOfShortTermDebtMaturingInThreeMonthsOrLess,0000950170-25-100235 0000950170-24-048288,T1 (XBRL),no,2026-10-09 18:30 ET
MSFT,Microsoft,FY2023Q4,2023-06-30,2023-Q2,equity_proceeds,512000000,quarter,fy_minus_9m,ProceedsFromIssuanceOfCommonStock,0000950170-25-100235 0000950170-24-048288,T1 (XBRL),no,2026-10-09 18:30 ET
MSFT,Microsoft,FY2023Q4,2023-06-30,2023-Q2,buybacks,5704000000,quarter,fy_minus_9m,PaymentsForRepurchaseOfCommonStock,0000950170-25-100235 0000950170-24-048288,T1 (XBRL),no,2026-10-09 18:30 ET
MSFT,Microsoft,FY2023Q4,2023-06-30,2023-Q2,dividends,5054000000,quarter,fy_minus_9m,PaymentsOfDividendsCommonStock,0000950170-25-100235 0000950170-24-048288,T1 (XBRL),no,2026-10-09 18:30 ET
MSFT,Microsoft,FY2023Q4,2023-06-30,2023-Q2,capex_incl_fl,9818000000,quarter,FNAM calculation,,,FNAM calculation,no,2026-10-09 18:30 ET
MSFT,Microsoft,FY2023Q4,2023-06-30,2023-Q2,fcf,19827000000,quarter,FNAM calculation,,,FNAM calculation,no,2026-10-09 18:30 ET
MSFT,Microsoft,FY2023Q4,2023-06-30,2023-Q2,capex_ocf,0.31084462982273203,ratio,FNAM calculation,,,FNAM calculation,no,2026-10-09 18:30 ET
MSFT,Microsoft,FY2023Q4,2023-06-30,2023-Q2,fcf_after_fl,19561000000,quarter,FNAM calculation,,,FNAM calculation,no,2026-10-09 18:30 ET
MSFT,Microsoft,FY2023Q4,2023-06-30,2023-Q2,ttm_capex_cash,28107000000,trailing 12 months,FNAM calculation,,,FNAM calculation,no,2026-10-09 18:30 ET
MSFT,Microsoft,FY2023Q4,2023-06-30,2023-Q2,ttm_fl_additions,3128000000,trailing 12 months,FNAM calculation,,,FNAM calculation,no,2026-10-09 18:30 ET
MSFT,Microsoft,FY2023Q4,2023-06-30,2023-Q2,ttm_ol_additions,3514000000,trailing 12 months,FNAM calculation,,,FNAM calculation,no,2026-10-09 18:30 ET
MSFT,Microsoft,FY2023Q4,2023-06-30,2023-Q2,ttm_fl_principal,1056000000,trailing 12 months,FNAM calculation,,,FNAM calculation,no,2026-10-09 18:30 ET
MSFT,Microsoft,FY2023Q4,2023-06-30,2023-Q2,ttm_revenue,211915000000,trailing 12 months,FNAM calculation,,,FNAM calculation,no,2026-10-09 18:30 ET
MSFT,Microsoft,FY2023Q4,2023-06-30,2023-Q2,ttm_ocf,87582000000,trailing 12 months,FNAM calculation,,,FNAM calculation,no,2026-10-09 18:30 ET
MSFT,Microsoft,FY2023Q4,2023-06-30,2023-Q2,ttm_op_income,88523000000,trailing 12 months,FNAM calculation,,,FNAM calculation,no,2026-10-09 18:30 ET
MSFT,Microsoft,FY2023Q4,2023-06-30,2023-Q2,ttm_da,11000000000,trailing 12 months,FNAM calculation,,,FNAM calculation,no,2026-10-09 18:30 ET
MSFT,Microsoft,FY2023Q4,2023-06-30,2023-Q2,ttm__fromFY,"da,cp_net,interest_paid",trailing 12 months,FNAM calculation,,,FNAM calculation,no,2026-10-09 18:30 ET
MSFT,Microsoft,FY2023Q4,2023-06-30,2023-Q2,ttm_interest_exp,1968000000,trailing 12 months,FNAM calculation,,,FNAM calculation,no,2026-10-09 18:30 ET
MSFT,Microsoft,FY2023Q4,2023-06-30,2023-Q2,ttm_debt_proceeds,0,trailing 12 months,FNAM calculation,,,FNAM calculation,no,2026-10-09 18:30 ET
MSFT,Microsoft,FY2023Q4,2023-06-30,2023-Q2,ttm_debt_repaid,2750000000,trailing 12 months,FNAM calculation,,,FNAM calculation,no,2026-10-09 18:30 ET
MSFT,Microsoft,FY2023Q4,2023-06-30,2023-Q2,ttm_cp_net,0,trailing 12 months,FNAM calculation,,,FNAM calculation,no,2026-10-09 18:30 ET
MSFT,Microsoft,FY2023Q4,2023-06-30,2023-Q2,ttm_equity_proceeds,1866000000,trailing 12 months,FNAM calculation,,,FNAM calculation,no,2026-10-09 18:30 ET
MSFT,Microsoft,FY2023Q4,2023-06-30,2023-Q2,ttm_buybacks,22245000000,trailing 12 months,FNAM calculation,,,FNAM calculation,no,2026-10-09 18:30 ET
MSFT,Microsoft,FY2023Q4,2023-06-30,2023-Q2,ttm_interest_paid,1700000000,trailing 12 months,FNAM calculation,,,FNAM calculation,no,2026-10-09 18:30 ET
MSFT,Microsoft,FY2023Q4,2023-06-30,2023-Q2,ttm_dividends,19800000000,trailing 12 months,FNAM calculation,,,FNAM calculation,no,2026-10-09 18:30 ET
MSFT,Microsoft,FY2023Q4,2023-06-30,2023-Q2,ttm_ebitda,99523000000,trailing 12 months,FNAM calculation,,,FNAM calculation,no,2026-10-09 18:30 ET
MSFT,Microsoft,FY2023Q4,2023-06-30,2023-Q2,ttm_capex_incl_fl,31235000000,trailing 12 months,FNAM calculation,,,FNAM calculation,no,2026-10-09 18:30 ET
MSFT,Microsoft,FY2023Q4,2023-06-30,2023-Q2,ttm_fcf,59475000000,trailing 12 months,FNAM calculation,,,FNAM calculation,no,2026-10-09 18:30 ET
MSFT,Microsoft,FY2023Q4,2023-06-30,2023-Q2,ttm_capex_ocf,0.3209221072823183,trailing 12 months,FNAM calculation,,,FNAM calculation,no,2026-10-09 18:30 ET
MSFT,Microsoft,FY2023Q4,2023-06-30,2023-Q2,ttm_fcf_after_fl,58419000000,trailing 12 months,FNAM calculation,,,FNAM calculation,no,2026-10-09 18:30 ET
MSFT,Microsoft,FY2023Q4,2023-06-30,2023-Q2,ttm_int_cov,44.98119918699187,trailing 12 months,FNAM calculation,,,FNAM calculation,no,2026-10-09 18:30 ET
MSFT,Microsoft,FY2023Q4,2023-06-30,2023-Q2,ttm_ebitda_int,50.57063008130081,trailing 12 months,FNAM calculation,,,FNAM calculation,no,2026-10-09 18:30 ET
MSFT,Microsoft,FY2023Q4,2023-06-30,2023-Q2,ttm_nd_ebitda,-0.6433186298644534,trailing 12 months,FNAM calculation,,,FNAM calculation,no,2026-10-09 18:30 ET
MSFT,Microsoft,FY2023Q4,2023-06-30,2023-Q2,ttm_land_ebitda,-0.3197351366015896,trailing 12 months,FNAM calculation,,,FNAM calculation,no,2026-10-09 18:30 ET
MSFT,Microsoft,FY2024Q1,2023-09-30,2023-Q3,capex_cash,9917000000,quarter,reported,PaymentsToAcquirePropertyPlantAndEquipment,0000950170-24-118967,T1 (XBRL),no,2026-10-09 18:30 ET
MSFT,Microsoft,FY2024Q1,2023-09-30,2023-Q3,fl_additions,1704000000,quarter,reported,RightOfUseAssetObtainedInExchangeForFinanceLeaseLiability,0000950170-24-118967,T1 (XBRL),no,2026-10-09 18:30 ET
MSFT,Microsoft,FY2024Q1,2023-09-30,2023-Q3,ol_additions,1804000000,quarter,reported,RightOfUseAssetObtainedInExchangeForOperatingLeaseLiability,0000950170-24-118967,T1 (XBRL),no,2026-10-09 18:30 ET
MSFT,Microsoft,FY2024Q1,2023-09-30,2023-Q3,fl_principal,285000000,quarter,reported,FinanceLeasePrincipalPayments,0000950170-24-118967,T1 (XBRL),no,2026-10-09 18:30 ET
MSFT,Microsoft,FY2024Q1,2023-09-30,2023-Q3,ocf,30583000000,quarter,reported,NetCashProvidedByUsedInOperatingActivities,0000950170-24-118967,T1 (XBRL),no,2026-10-09 18:30 ET
MSFT,Microsoft,FY2024Q1,2023-09-30,2023-Q3,op_income,26895000000,quarter,reported,OperatingIncomeLoss,0000950170-24-118967,T1 (XBRL),no,2026-10-09 18:30 ET
MSFT,Microsoft,FY2024Q1,2023-09-30,2023-Q3,interest_exp,525000000,quarter,reported,InterestExpense,0000950170-23-054855,T1 (XBRL),no,2026-10-09 18:30 ET
MSFT,Microsoft,FY2024Q1,2023-09-30,2023-Q3,debt_proceeds,7073000000,quarter,reported,ProceedsFromDebtMaturingInMoreThanThreeMonths,0000950170-24-118967,T1 (XBRL),no,2026-10-09 18:30 ET
MSFT,Microsoft,FY2024Q1,2023-09-30,2023-Q3,debt_repaid,1500000000,quarter,reported,RepaymentsOfDebtMaturingInMoreThanThreeMonths,0000950170-24-118967,T1 (XBRL),no,2026-10-09 18:30 ET
MSFT,Microsoft,FY2024Q1,2023-09-30,2023-Q3,cp_net,18692000000,quarter,reported,ProceedsFromRepaymentsOfShortTermDebtMaturingInThreeMonthsOrLess,0000950170-24-118967,T1 (XBRL),no,2026-10-09 18:30 ET
MSFT,Microsoft,FY2024Q1,2023-09-30,2023-Q3,equity_proceeds,685000000,quarter,reported,ProceedsFromIssuanceOfCommonStock,0000950170-24-118967,T1 (XBRL),no,2026-10-09 18:30 ET
MSFT,Microsoft,FY2024Q1,2023-09-30,2023-Q3,buybacks,4831000000,quarter,reported,PaymentsForRepurchaseOfCommonStock,0000950170-24-118967,T1 (XBRL),no,2026-10-09 18:30 ET
MSFT,Microsoft,FY2024Q1,2023-09-30,2023-Q3,dividends,5051000000,quarter,reported,PaymentsOfDividendsCommonStock,0000950170-24-118967,T1 (XBRL),no,2026-10-09 18:30 ET
MSFT,Microsoft,FY2024Q1,2023-09-30,2023-Q3,capex_incl_fl,11621000000,quarter,FNAM calculation,,,FNAM calculation,no,2026-10-09 18:30 ET
MSFT,Microsoft,FY2024Q1,2023-09-30,2023-Q3,fcf,20666000000,quarter,FNAM calculation,,,FNAM calculation,no,2026-10-09 18:30 ET
MSFT,Microsoft,FY2024Q1,2023-09-30,2023-Q3,capex_ocf,0.32426511460615376,ratio,FNAM calculation,,,FNAM calculation,no,2026-10-09 18:30 ET
MSFT,Microsoft,FY2024Q1,2023-09-30,2023-Q3,fcf_after_fl,20381000000,quarter,FNAM calculation,,,FNAM calculation,no,2026-10-09 18:30 ET
MSFT,Microsoft,FY2024Q1,2023-09-30,2023-Q3,ttm_capex_cash,31741000000,trailing 12 months,FNAM calculation,,,FNAM calculation,no,2026-10-09 18:30 ET
MSFT,Microsoft,FY2024Q1,2023-09-30,2023-Q3,ttm_fl_additions,4221000000,trailing 12 months,FNAM calculation,,,FNAM calculation,no,2026-10-09 18:30 ET
MSFT,Microsoft,FY2024Q1,2023-09-30,2023-Q3,ttm_ol_additions,4129000000,trailing 12 months,FNAM calculation,,,FNAM calculation,no,2026-10-09 18:30 ET
MSFT,Microsoft,FY2024Q1,2023-09-30,2023-Q3,ttm_fl_principal,1085000000,trailing 12 months,FNAM calculation,,,FNAM calculation,no,2026-10-09 18:30 ET
MSFT,Microsoft,FY2024Q1,2023-09-30,2023-Q3,ttm_revenue,218310000000,trailing 12 months,FNAM calculation,,,FNAM calculation,no,2026-10-09 18:30 ET
MSFT,Microsoft,FY2024Q1,2023-09-30,2023-Q3,ttm_ocf,94967000000,trailing 12 months,FNAM calculation,,,FNAM calculation,no,2026-10-09 18:30 ET
MSFT,Microsoft,FY2024Q1,2023-09-30,2023-Q3,ttm_op_income,93900000000,trailing 12 months,FNAM calculation,,,FNAM calculation,no,2026-10-09 18:30 ET
MSFT,Microsoft,FY2024Q1,2023-09-30,2023-Q3,ttm_interest_exp,1993000000,trailing 12 months,FNAM calculation,,,FNAM calculation,no,2026-10-09 18:30 ET
MSFT,Microsoft,FY2024Q1,2023-09-30,2023-Q3,ttm_debt_proceeds,7073000000,trailing 12 months,FNAM calculation,,,FNAM calculation,no,2026-10-09 18:30 ET
MSFT,Microsoft,FY2024Q1,2023-09-30,2023-Q3,ttm_debt_repaid,3250000000,trailing 12 months,FNAM calculation,,,FNAM calculation,no,2026-10-09 18:30 ET
MSFT,Microsoft,FY2024Q1,2023-09-30,2023-Q3,ttm_cp_net,18692000000,trailing 12 months,FNAM calculation,,,FNAM calculation,no,2026-10-09 18:30 ET
MSFT,Microsoft,FY2024Q1,2023-09-30,2023-Q3,ttm_equity_proceeds,1976000000,trailing 12 months,FNAM calculation,,,FNAM calculation,no,2026-10-09 18:30 ET
MSFT,Microsoft,FY2024Q1,2023-09-30,2023-Q3,ttm_buybacks,21503000000,trailing 12 months,FNAM calculation,,,FNAM calculation,no,2026-10-09 18:30 ET
MSFT,Microsoft,FY2024Q1,2023-09-30,2023-Q3,ttm_dividends,20230000000,trailing 12 months,FNAM calculation,,,FNAM calculation,no,2026-10-09 18:30 ET
MSFT,Microsoft,FY2024Q1,2023-09-30,2023-Q3,ttm_capex_incl_fl,35962000000,trailing 12 months,FNAM calculation,,,FNAM calculation,no,2026-10-09 18:30 ET
MSFT,Microsoft,FY2024Q1,2023-09-30,2023-Q3,ttm_fcf,63226000000,trailing 12 months,FNAM calculation,,,FNAM calculation,no,2026-10-09 18:30 ET
MSFT,Microsoft,FY2024Q1,2023-09-30,2023-Q3,ttm_capex_ocf,0.33423189107795337,trailing 12 months,FNAM calculation,,,FNAM calculation,no,2026-10-09 18:30 ET
MSFT,Microsoft,FY2024Q1,2023-09-30,2023-Q3,ttm_fcf_after_fl,62141000000,trailing 12 months,FNAM calculation,,,FNAM calculation,no,2026-10-09 18:30 ET
MSFT,Microsoft,FY2024Q1,2023-09-30,2023-Q3,ttm_int_cov,47.11490215755143,trailing 12 months,FNAM calculation,,,FNAM calculation,no,2026-10-09 18:30 ET
MSFT,Microsoft,FY2024Q2,2023-12-31,2023-Q4,capex_cash,9735000000,quarter,reported,PaymentsToAcquirePropertyPlantAndEquipment,0000950170-25-010491,T1 (XBRL),no,2026-10-09 18:30 ET
MSFT,Microsoft,FY2024Q2,2023-12-31,2023-Q4,fl_additions,1796000000,quarter,reported,RightOfUseAssetObtainedInExchangeForFinanceLeaseLiability,0000950170-25-010491,T1 (XBRL),no,2026-10-09 18:30 ET
MSFT,Microsoft,FY2024Q2,2023-12-31,2023-Q4,ol_additions,847000000,quarter,reported,RightOfUseAssetObtainedInExchangeForOperatingLeaseLiability,0000950170-25-010491,T1 (XBRL),no,2026-10-09 18:30 ET
MSFT,Microsoft,FY2024Q2,2023-12-31,2023-Q4,fl_principal,288000000,quarter,reported,FinanceLeasePrincipalPayments,0000950170-25-010491,T1 (XBRL),no,2026-10-09 18:30 ET
MSFT,Microsoft,FY2024Q2,2023-12-31,2023-Q4,ocf,18853000000,quarter,reported,NetCashProvidedByUsedInOperatingActivities,0000950170-25-010491,T1 (XBRL),no,2026-10-09 18:30 ET
MSFT,Microsoft,FY2024Q2,2023-12-31,2023-Q4,op_income,27032000000,quarter,reported,OperatingIncomeLoss,0000950170-25-010491,T1 (XBRL),no,2026-10-09 18:30 ET
MSFT,Microsoft,FY2024Q2,2023-12-31,2023-Q4,interest_exp,909000000,quarter,reported,InterestExpense,0000950170-24-008814,T1 (XBRL),no,2026-10-09 18:30 ET
MSFT,Microsoft,FY2024Q2,2023-12-31,2023-Q4,debt_proceeds,10773000000,quarter,reported,ProceedsFromDebtMaturingInMoreThanThreeMonths,0000950170-25-010491,T1 (XBRL),no,2026-10-09 18:30 ET
MSFT,Microsoft,FY2024Q2,2023-12-31,2023-Q4,debt_repaid,2916000000,quarter,reported,RepaymentsOfDebtMaturingInMoreThanThreeMonths,0000950170-25-010491,T1 (XBRL),no,2026-10-09 18:30 ET
MSFT,Microsoft,FY2024Q2,2023-12-31,2023-Q4,cp_net,-8490000000,quarter,reported,ProceedsFromRepaymentsOfShortTermDebtMaturingInThreeMonthsOrLess,0000950170-25-010491,T1 (XBRL),no,2026-10-09 18:30 ET
MSFT,Microsoft,FY2024Q2,2023-12-31,2023-Q4,equity_proceeds,261000000,quarter,reported,ProceedsFromIssuanceOfCommonStock,0000950170-25-010491,T1 (XBRL),no,2026-10-09 18:30 ET
MSFT,Microsoft,FY2024Q2,2023-12-31,2023-Q4,buybacks,4000000000,quarter,reported,PaymentsForRepurchaseOfCommonStock,0000950170-25-010491,T1 (XBRL),no,2026-10-09 18:30 ET
MSFT,Microsoft,FY2024Q2,2023-12-31,2023-Q4,dividends,5574000000,quarter,reported,PaymentsOfDividendsCommonStock,0000950170-25-010491,T1 (XBRL),no,2026-10-09 18:30 ET
MSFT,Microsoft,FY2024Q2,2023-12-31,2023-Q4,capex_incl_fl,11531000000,quarter,FNAM calculation,,,FNAM calculation,no,2026-10-09 18:30 ET
MSFT,Microsoft,FY2024Q2,2023-12-31,2023-Q4,fcf,9118000000,quarter,FNAM calculation,,,FNAM calculation,no,2026-10-09 18:30 ET
MSFT,Microsoft,FY2024Q2,2023-12-31,2023-Q4,capex_ocf,0.5163634434837957,ratio,FNAM calculation,,,FNAM calculation,no,2026-10-09 18:30 ET
MSFT,Microsoft,FY2024Q2,2023-12-31,2023-Q4,fcf_after_fl,8830000000,quarter,FNAM calculation,,,FNAM calculation,no,2026-10-09 18:30 ET
MSFT,Microsoft,FY2024Q2,2023-12-31,2023-Q4,ttm_capex_cash,35202000000,trailing 12 months,FNAM calculation,,,FNAM calculation,no,2026-10-09 18:30 ET
MSFT,Microsoft,FY2024Q2,2023-12-31,2023-Q4,ttm_fl_additions,5419000000,trailing 12 months,FNAM calculation,,,FNAM calculation,no,2026-10-09 18:30 ET
MSFT,Microsoft,FY2024Q2,2023-12-31,2023-Q4,ttm_ol_additions,4451000000,trailing 12 months,FNAM calculation,,,FNAM calculation,no,2026-10-09 18:30 ET
MSFT,Microsoft,FY2024Q2,2023-12-31,2023-Q4,ttm_fl_principal,1111000000,trailing 12 months,FNAM calculation,,,FNAM calculation,no,2026-10-09 18:30 ET
MSFT,Microsoft,FY2024Q2,2023-12-31,2023-Q4,ttm_revenue,227583000000,trailing 12 months,FNAM calculation,,,FNAM calculation,no,2026-10-09 18:30 ET
MSFT,Microsoft,FY2024Q2,2023-12-31,2023-Q4,ttm_ocf,102647000000,trailing 12 months,FNAM calculation,,,FNAM calculation,no,2026-10-09 18:30 ET
MSFT,Microsoft,FY2024Q2,2023-12-31,2023-Q4,ttm_op_income,100533000000,trailing 12 months,FNAM calculation,,,FNAM calculation,no,2026-10-09 18:30 ET
MSFT,Microsoft,FY2024Q2,2023-12-31,2023-Q4,ttm_interest_exp,2412000000,trailing 12 months,FNAM calculation,,,FNAM calculation,no,2026-10-09 18:30 ET
MSFT,Microsoft,FY2024Q2,2023-12-31,2023-Q4,ttm_debt_proceeds,17846000000,trailing 12 months,FNAM calculation,,,FNAM calculation,no,2026-10-09 18:30 ET
MSFT,Microsoft,FY2024Q2,2023-12-31,2023-Q4,ttm_debt_repaid,5416000000,trailing 12 months,FNAM calculation,,,FNAM calculation,no,2026-10-09 18:30 ET
MSFT,Microsoft,FY2024Q2,2023-12-31,2023-Q4,ttm_cp_net,10202000000,trailing 12 months,FNAM calculation,,,FNAM calculation,no,2026-10-09 18:30 ET
MSFT,Microsoft,FY2024Q2,2023-12-31,2023-Q4,ttm_equity_proceeds,1994000000,trailing 12 months,FNAM calculation,,,FNAM calculation,no,2026-10-09 18:30 ET
MSFT,Microsoft,FY2024Q2,2023-12-31,2023-Q4,ttm_buybacks,20044000000,trailing 12 months,FNAM calculation,,,FNAM calculation,no,2026-10-09 18:30 ET
MSFT,Microsoft,FY2024Q2,2023-12-31,2023-Q4,ttm_dividends,20738000000,trailing 12 months,FNAM calculation,,,FNAM calculation,no,2026-10-09 18:30 ET
MSFT,Microsoft,FY2024Q2,2023-12-31,2023-Q4,ttm_capex_incl_fl,40621000000,trailing 12 months,FNAM calculation,,,FNAM calculation,no,2026-10-09 18:30 ET
MSFT,Microsoft,FY2024Q2,2023-12-31,2023-Q4,ttm_fcf,67445000000,trailing 12 months,FNAM calculation,,,FNAM calculation,no,2026-10-09 18:30 ET
MSFT,Microsoft,FY2024Q2,2023-12-31,2023-Q4,ttm_capex_ocf,0.3429423168723879,trailing 12 months,FNAM calculation,,,FNAM calculation,no,2026-10-09 18:30 ET
MSFT,Microsoft,FY2024Q2,2023-12-31,2023-Q4,ttm_fcf_after_fl,66334000000,trailing 12 months,FNAM calculation,,,FNAM calculation,no,2026-10-09 18:30 ET
MSFT,Microsoft,FY2024Q2,2023-12-31,2023-Q4,ttm_int_cov,41.680348258706466,trailing 12 months,FNAM calculation,,,FNAM calculation,no,2026-10-09 18:30 ET
MSFT,Microsoft,FY2024Q3,2024-03-31,2024-Q1,capex_cash,10952000000,quarter,reported,PaymentsToAcquirePropertyPlantAndEquipment,0000950170-25-061046,T1 (XBRL),no,2026-10-09 18:30 ET
MSFT,Microsoft,FY2024Q3,2024-03-31,2024-Q1,fl_additions,3421000000,quarter,reported,RightOfUseAssetObtainedInExchangeForFinanceLeaseLiability,0000950170-25-061046,T1 (XBRL),no,2026-10-09 18:30 ET
MSFT,Microsoft,FY2024Q3,2024-03-31,2024-Q1,ol_additions,1831000000,quarter,reported,RightOfUseAssetObtainedInExchangeForOperatingLeaseLiability,0000950170-25-061046,T1 (XBRL),no,2026-10-09 18:30 ET
MSFT,Microsoft,FY2024Q3,2024-03-31,2024-Q1,fl_principal,323000000,quarter,reported,FinanceLeasePrincipalPayments,0000950170-25-061046,T1 (XBRL),no,2026-10-09 18:30 ET
MSFT,Microsoft,FY2024Q3,2024-03-31,2024-Q1,ocf,31917000000,quarter,reported,NetCashProvidedByUsedInOperatingActivities,0000950170-25-061046,T1 (XBRL),no,2026-10-09 18:30 ET
MSFT,Microsoft,FY2024Q3,2024-03-31,2024-Q1,op_income,27581000000,quarter,reported,OperatingIncomeLoss,0000950170-25-061046,T1 (XBRL),no,2026-10-09 18:30 ET
MSFT,Microsoft,FY2024Q3,2024-03-31,2024-Q1,interest_exp,800000000,quarter,reported,InterestExpense,0000950170-24-048288,T1 (XBRL),no,2026-10-09 18:30 ET
MSFT,Microsoft,FY2024Q3,2024-03-31,2024-Q1,debt_proceeds,6352000000,quarter,reported,ProceedsFromDebtMaturingInMoreThanThreeMonths,0000950170-25-061046,T1 (XBRL),no,2026-10-09 18:30 ET
MSFT,Microsoft,FY2024Q3,2024-03-31,2024-Q1,debt_repaid,11589000000,quarter,reported,RepaymentsOfDebtMaturingInMoreThanThreeMonths,0000950170-25-061046,T1 (XBRL),no,2026-10-09 18:30 ET
MSFT,Microsoft,FY2024Q3,2024-03-31,2024-Q1,cp_net,-3810000000,quarter,reported,ProceedsFromRepaymentsOfShortTermDebtMaturingInThreeMonthsOrLess,0000950170-25-061046,T1 (XBRL),no,2026-10-09 18:30 ET
MSFT,Microsoft,FY2024Q3,2024-03-31,2024-Q1,equity_proceeds,522000000,quarter,reported,ProceedsFromIssuanceOfCommonStock,0000950170-25-061046,T1 (XBRL),no,2026-10-09 18:30 ET
MSFT,Microsoft,FY2024Q3,2024-03-31,2024-Q1,buybacks,4213000000,quarter,reported,PaymentsForRepurchaseOfCommonStock,0000950170-25-061046,T1 (XBRL),no,2026-10-09 18:30 ET
MSFT,Microsoft,FY2024Q3,2024-03-31,2024-Q1,dividends,5572000000,quarter,reported,PaymentsOfDividendsCommonStock,0000950170-25-061046,T1 (XBRL),no,2026-10-09 18:30 ET
MSFT,Microsoft,FY2024Q3,2024-03-31,2024-Q1,capex_incl_fl,14373000000,quarter,FNAM calculation,,,FNAM calculation,no,2026-10-09 18:30 ET
MSFT,Microsoft,FY2024Q3,2024-03-31,2024-Q1,fcf,20965000000,quarter,FNAM calculation,,,FNAM calculation,no,2026-10-09 18:30 ET
MSFT,Microsoft,FY2024Q3,2024-03-31,2024-Q1,capex_ocf,0.3431400194253846,ratio,FNAM calculation,,,FNAM calculation,no,2026-10-09 18:30 ET
MSFT,Microsoft,FY2024Q3,2024-03-31,2024-Q1,fcf_after_fl,20642000000,quarter,FNAM calculation,,,FNAM calculation,no,2026-10-09 18:30 ET
MSFT,Microsoft,FY2024Q3,2024-03-31,2024-Q1,ttm_capex_cash,39547000000,trailing 12 months,FNAM calculation,,,FNAM calculation,no,2026-10-09 18:30 ET
MSFT,Microsoft,FY2024Q3,2024-03-31,2024-Q1,ttm_fl_additions,7796000000,trailing 12 months,FNAM calculation,,,FNAM calculation,no,2026-10-09 18:30 ET
MSFT,Microsoft,FY2024Q3,2024-03-31,2024-Q1,ttm_ol_additions,5619000000,trailing 12 months,FNAM calculation,,,FNAM calculation,no,2026-10-09 18:30 ET
MSFT,Microsoft,FY2024Q3,2024-03-31,2024-Q1,ttm_fl_principal,1162000000,trailing 12 months,FNAM calculation,,,FNAM calculation,no,2026-10-09 18:30 ET
MSFT,Microsoft,FY2024Q3,2024-03-31,2024-Q1,ttm_revenue,236584000000,trailing 12 months,FNAM calculation,,,FNAM calculation,no,2026-10-09 18:30 ET
MSFT,Microsoft,FY2024Q3,2024-03-31,2024-Q1,ttm_ocf,110123000000,trailing 12 months,FNAM calculation,,,FNAM calculation,no,2026-10-09 18:30 ET
MSFT,Microsoft,FY2024Q3,2024-03-31,2024-Q1,ttm_op_income,105762000000,trailing 12 months,FNAM calculation,,,FNAM calculation,no,2026-10-09 18:30 ET
MSFT,Microsoft,FY2024Q3,2024-03-31,2024-Q1,ttm_interest_exp,2716000000,trailing 12 months,FNAM calculation,,,FNAM calculation,no,2026-10-09 18:30 ET
MSFT,Microsoft,FY2024Q3,2024-03-31,2024-Q1,ttm_debt_proceeds,24198000000,trailing 12 months,FNAM calculation,,,FNAM calculation,no,2026-10-09 18:30 ET
MSFT,Microsoft,FY2024Q3,2024-03-31,2024-Q1,ttm_debt_repaid,17005000000,trailing 12 months,FNAM calculation,,,FNAM calculation,no,2026-10-09 18:30 ET
MSFT,Microsoft,FY2024Q3,2024-03-31,2024-Q1,ttm_cp_net,6392000000,trailing 12 months,FNAM calculation,,,FNAM calculation,no,2026-10-09 18:30 ET
MSFT,Microsoft,FY2024Q3,2024-03-31,2024-Q1,ttm_equity_proceeds,1980000000,trailing 12 months,FNAM calculation,,,FNAM calculation,no,2026-10-09 18:30 ET
MSFT,Microsoft,FY2024Q3,2024-03-31,2024-Q1,ttm_buybacks,18748000000,trailing 12 months,FNAM calculation,,,FNAM calculation,no,2026-10-09 18:30 ET
MSFT,Microsoft,FY2024Q3,2024-03-31,2024-Q1,ttm_dividends,21251000000,trailing 12 months,FNAM calculation,,,FNAM calculation,no,2026-10-09 18:30 ET
MSFT,Microsoft,FY2024Q3,2024-03-31,2024-Q1,ttm_capex_incl_fl,47343000000,trailing 12 months,FNAM calculation,,,FNAM calculation,no,2026-10-09 18:30 ET
MSFT,Microsoft,FY2024Q3,2024-03-31,2024-Q1,ttm_fcf,70576000000,trailing 12 months,FNAM calculation,,,FNAM calculation,no,2026-10-09 18:30 ET
MSFT,Microsoft,FY2024Q3,2024-03-31,2024-Q1,ttm_capex_ocf,0.35911662413846335,trailing 12 months,FNAM calculation,,,FNAM calculation,no,2026-10-09 18:30 ET
MSFT,Microsoft,FY2024Q3,2024-03-31,2024-Q1,ttm_fcf_after_fl,69414000000,trailing 12 months,FNAM calculation,,,FNAM calculation,no,2026-10-09 18:30 ET
MSFT,Microsoft,FY2024Q3,2024-03-31,2024-Q1,ttm_int_cov,38.94035346097202,trailing 12 months,FNAM calculation,,,FNAM calculation,no,2026-10-09 18:30 ET
MSFT,Microsoft,FY2024Q4,2024-06-30,2024-Q2,capex_cash,13873000000,quarter,fy_minus_9m,PaymentsToAcquirePropertyPlantAndEquipment,0001193125-26-323660 0000950170-25-061046,T1 (XBRL),no,2026-10-09 18:30 ET
MSFT,Microsoft,FY2024Q4,2024-06-30,2024-Q2,fl_additions,4712000000,quarter,fy_minus_9m,RightOfUseAssetObtainedInExchangeForFinanceLeaseLiability,0001193125-26-323660 0000950170-25-061046,T1 (XBRL),no,2026-10-09 18:30 ET
MSFT,Microsoft,FY2024Q4,2024-06-30,2024-Q2,ol_additions,2221000000,quarter,fy_minus_9m,RightOfUseAssetObtainedInExchangeForOperatingLeaseLiability,0001193125-26-323660 0000950170-25-061046,T1 (XBRL),no,2026-10-09 18:30 ET
MSFT,Microsoft,FY2024Q4,2024-06-30,2024-Q2,fl_principal,390000000,quarter,fy_minus_9m,FinanceLeasePrincipalPayments,0001193125-26-323660 0000950170-25-061046,T1 (XBRL),no,2026-10-09 18:30 ET
MSFT,Microsoft,FY2024Q4,2024-06-30,2024-Q2,ocf,37195000000,quarter,fy_minus_9m,NetCashProvidedByUsedInOperatingActivities,0001193125-26-323660 0000950170-25-061046,T1 (XBRL),no,2026-10-09 18:30 ET
MSFT,Microsoft,FY2024Q4,2024-06-30,2024-Q2,op_income,27925000000,quarter,fy_minus_9m,OperatingIncomeLoss,0001193125-26-323660 0000950170-25-061046,T1 (XBRL),no,2026-10-09 18:30 ET
MSFT,Microsoft,FY2024Q4,2024-06-30,2024-Q2,interest_exp,701000000,quarter,fy_minus_9m,InterestExpense,0000950170-24-087843 0000950170-24-048288,T1 (XBRL),no,2026-10-09 18:30 ET
MSFT,Microsoft,FY2024Q4,2024-06-30,2024-Q2,debt_proceeds,197000000,quarter,fy_minus_9m,ProceedsFromDebtMaturingInMoreThanThreeMonths,0001193125-26-323660 0000950170-25-061046,T1 (XBRL),no,2026-10-09 18:30 ET
MSFT,Microsoft,FY2024Q4,2024-06-30,2024-Q2,debt_repaid,13065000000,quarter,fy_minus_9m,RepaymentsOfDebtMaturingInMoreThanThreeMonths,0001193125-26-323660 0000950170-25-061046,T1 (XBRL),no,2026-10-09 18:30 ET
MSFT,Microsoft,FY2024Q4,2024-06-30,2024-Q2,cp_net,-1142000000,quarter,fy_minus_9m,ProceedsFromRepaymentsOfShortTermDebtMaturingInThreeMonthsOrLess,0001193125-26-323660 0000950170-25-061046,T1 (XBRL),no,2026-10-09 18:30 ET
MSFT,Microsoft,FY2024Q4,2024-06-30,2024-Q2,equity_proceeds,534000000,quarter,fy_minus_9m,ProceedsFromIssuanceOfCommonStock,0001193125-26-323660 0000950170-25-061046,T1 (XBRL),no,2026-10-09 18:30 ET
MSFT,Microsoft,FY2024Q4,2024-06-30,2024-Q2,buybacks,4210000000,quarter,fy_minus_9m,PaymentsForRepurchaseOfCommonStock,0001193125-26-323660 0000950170-25-061046,T1 (XBRL),no,2026-10-09 18:30 ET
MSFT,Microsoft,FY2024Q4,2024-06-30,2024-Q2,dividends,5574000000,quarter,fy_minus_9m,PaymentsOfDividendsCommonStock,0001193125-26-323660 0000950170-25-061046,T1 (XBRL),no,2026-10-09 18:30 ET
MSFT,Microsoft,FY2024Q4,2024-06-30,2024-Q2,capex_incl_fl,18585000000,quarter,FNAM calculation,,,FNAM calculation,no,2026-10-09 18:30 ET
MSFT,Microsoft,FY2024Q4,2024-06-30,2024-Q2,fcf,23322000000,quarter,FNAM calculation,,,FNAM calculation,no,2026-10-09 18:30 ET
MSFT,Microsoft,FY2024Q4,2024-06-30,2024-Q2,capex_ocf,0.37298023927947305,ratio,FNAM calculation,,,FNAM calculation,no,2026-10-09 18:30 ET
MSFT,Microsoft,FY2024Q4,2024-06-30,2024-Q2,fcf_after_fl,22932000000,quarter,FNAM calculation,,,FNAM calculation,no,2026-10-09 18:30 ET
MSFT,Microsoft,FY2024Q4,2024-06-30,2024-Q2,ttm_capex_cash,44477000000,trailing 12 months,FNAM calculation,,,FNAM calculation,no,2026-10-09 18:30 ET
MSFT,Microsoft,FY2024Q4,2024-06-30,2024-Q2,ttm_fl_additions,11633000000,trailing 12 months,FNAM calculation,,,FNAM calculation,no,2026-10-09 18:30 ET
MSFT,Microsoft,FY2024Q4,2024-06-30,2024-Q2,ttm_ol_additions,6703000000,trailing 12 months,FNAM calculation,,,FNAM calculation,no,2026-10-09 18:30 ET
MSFT,Microsoft,FY2024Q4,2024-06-30,2024-Q2,ttm_fl_principal,1286000000,trailing 12 months,FNAM calculation,,,FNAM calculation,no,2026-10-09 18:30 ET
MSFT,Microsoft,FY2024Q4,2024-06-30,2024-Q2,ttm_revenue,245122000000,trailing 12 months,FNAM calculation,,,FNAM calculation,no,2026-10-09 18:30 ET
MSFT,Microsoft,FY2024Q4,2024-06-30,2024-Q2,ttm_ocf,118548000000,trailing 12 months,FNAM calculation,,,FNAM calculation,no,2026-10-09 18:30 ET
MSFT,Microsoft,FY2024Q4,2024-06-30,2024-Q2,ttm_op_income,109433000000,trailing 12 months,FNAM calculation,,,FNAM calculation,no,2026-10-09 18:30 ET
MSFT,Microsoft,FY2024Q4,2024-06-30,2024-Q2,ttm_da,15200000000,trailing 12 months,FNAM calculation,,,FNAM calculation,no,2026-10-09 18:30 ET
MSFT,Microsoft,FY2024Q4,2024-06-30,2024-Q2,ttm__fromFY,"da,interest_paid",trailing 12 months,FNAM calculation,,,FNAM calculation,no,2026-10-09 18:30 ET
MSFT,Microsoft,FY2024Q4,2024-06-30,2024-Q2,ttm_interest_exp,2935000000,trailing 12 months,FNAM calculation,,,FNAM calculation,no,2026-10-09 18:30 ET
MSFT,Microsoft,FY2024Q4,2024-06-30,2024-Q2,ttm_debt_proceeds,24395000000,trailing 12 months,FNAM calculation,,,FNAM calculation,no,2026-10-09 18:30 ET
MSFT,Microsoft,FY2024Q4,2024-06-30,2024-Q2,ttm_debt_repaid,29070000000,trailing 12 months,FNAM calculation,,,FNAM calculation,no,2026-10-09 18:30 ET
MSFT,Microsoft,FY2024Q4,2024-06-30,2024-Q2,ttm_cp_net,5250000000,trailing 12 months,FNAM calculation,,,FNAM calculation,no,2026-10-09 18:30 ET
MSFT,Microsoft,FY2024Q4,2024-06-30,2024-Q2,ttm_equity_proceeds,2002000000,trailing 12 months,FNAM calculation,,,FNAM calculation,no,2026-10-09 18:30 ET
MSFT,Microsoft,FY2024Q4,2024-06-30,2024-Q2,ttm_buybacks,17254000000,trailing 12 months,FNAM calculation,,,FNAM calculation,no,2026-10-09 18:30 ET
MSFT,Microsoft,FY2024Q4,2024-06-30,2024-Q2,ttm_interest_paid,1700000000,trailing 12 months,FNAM calculation,,,FNAM calculation,no,2026-10-09 18:30 ET
MSFT,Microsoft,FY2024Q4,2024-06-30,2024-Q2,ttm_dividends,21771000000,trailing 12 months,FNAM calculation,,,FNAM calculation,no,2026-10-09 18:30 ET
MSFT,Microsoft,FY2024Q4,2024-06-30,2024-Q2,ttm_ebitda,124633000000,trailing 12 months,FNAM calculation,,,FNAM calculation,no,2026-10-09 18:30 ET
MSFT,Microsoft,FY2024Q4,2024-06-30,2024-Q2,ttm_capex_incl_fl,56110000000,trailing 12 months,FNAM calculation,,,FNAM calculation,no,2026-10-09 18:30 ET
MSFT,Microsoft,FY2024Q4,2024-06-30,2024-Q2,ttm_fcf,74071000000,trailing 12 months,FNAM calculation,,,FNAM calculation,no,2026-10-09 18:30 ET
MSFT,Microsoft,FY2024Q4,2024-06-30,2024-Q2,ttm_capex_ocf,0.3751813611364173,trailing 12 months,FNAM calculation,,,FNAM calculation,no,2026-10-09 18:30 ET
MSFT,Microsoft,FY2024Q4,2024-06-30,2024-Q2,ttm_fcf_after_fl,72785000000,trailing 12 months,FNAM calculation,,,FNAM calculation,no,2026-10-09 18:30 ET
MSFT,Microsoft,FY2024Q4,2024-06-30,2024-Q2,ttm_int_cov,37.285519591141394,trailing 12 months,FNAM calculation,,,FNAM calculation,no,2026-10-09 18:30 ET
MSFT,Microsoft,FY2024Q4,2024-06-30,2024-Q2,ttm_ebitda_int,42.46439522998296,trailing 12 months,FNAM calculation,,,FNAM calculation,no,2026-10-09 18:30 ET
MSFT,Microsoft,FY2024Q4,2024-06-30,2024-Q2,ttm_nd_ebitda,-0.19186732245873886,trailing 12 months,FNAM calculation,,,FNAM calculation,no,2026-10-09 18:30 ET
MSFT,Microsoft,FY2024Q4,2024-06-30,2024-Q2,ttm_land_ebitda,0.17899753676795072,trailing 12 months,FNAM calculation,,,FNAM calculation,no,2026-10-09 18:30 ET
MSFT,Microsoft,FY2025Q1,2024-09-30,2024-Q3,capex_cash,14923000000,quarter,reported,PaymentsToAcquirePropertyPlantAndEquipment,0001193125-25-256321,T1 (XBRL),no,2026-10-09 18:30 ET
MSFT,Microsoft,FY2025Q1,2024-09-30,2024-Q3,fl_additions,4332000000,quarter,reported,RightOfUseAssetObtainedInExchangeForFinanceLeaseLiability,0001193125-25-256321,T1 (XBRL),no,2026-10-09 18:30 ET
MSFT,Microsoft,FY2025Q1,2024-09-30,2024-Q3,ol_additions,1892000000,quarter,reported,RightOfUseAssetObtainedInExchangeForOperatingLeaseLiability,0001193125-25-256321,T1 (XBRL),no,2026-10-09 18:30 ET
MSFT,Microsoft,FY2025Q1,2024-09-30,2024-Q3,fl_principal,802000000,quarter,reported,FinanceLeasePrincipalPayments,0001193125-25-256321,T1 (XBRL),no,2026-10-09 18:30 ET
MSFT,Microsoft,FY2025Q1,2024-09-30,2024-Q3,ocf,34180000000,quarter,reported,NetCashProvidedByUsedInOperatingActivities,0001193125-25-256321,T1 (XBRL),no,2026-10-09 18:30 ET
MSFT,Microsoft,FY2025Q1,2024-09-30,2024-Q3,op_income,30552000000,quarter,reported,OperatingIncomeLoss,0001193125-25-256321,T1 (XBRL),no,2026-10-09 18:30 ET
MSFT,Microsoft,FY2025Q1,2024-09-30,2024-Q3,da,4700000000,quarter,reported,Depreciation,0001193125-25-256321,T1 (XBRL),no,2026-10-09 18:30 ET
MSFT,Microsoft,FY2025Q1,2024-09-30,2024-Q3,interest_exp,582000000,quarter,reported,InterestExpenseNonoperating,0001193125-25-256321,T1 (XBRL),no,2026-10-09 18:30 ET
MSFT,Microsoft,FY2025Q1,2024-09-30,2024-Q3,debt_proceeds,0,quarter,reported,ProceedsFromDebtMaturingInMoreThanThreeMonths,0000950170-24-118967,T1 (XBRL),no,2026-10-09 18:30 ET
MSFT,Microsoft,FY2025Q1,2024-09-30,2024-Q3,debt_repaid,966000000,quarter,reported,RepaymentsOfDebtMaturingInMoreThanThreeMonths,0001193125-25-256321,T1 (XBRL),no,2026-10-09 18:30 ET
MSFT,Microsoft,FY2025Q1,2024-09-30,2024-Q3,cp_net,-5746000000,quarter,reported,ProceedsFromRepaymentsOfShortTermDebtMaturingInThreeMonthsOrLess,0001193125-25-256321,T1 (XBRL),no,2026-10-09 18:30 ET
MSFT,Microsoft,FY2025Q1,2024-09-30,2024-Q3,equity_proceeds,706000000,quarter,reported,ProceedsFromIssuanceOfCommonStock,0001193125-25-256321,T1 (XBRL),no,2026-10-09 18:30 ET
MSFT,Microsoft,FY2025Q1,2024-09-30,2024-Q3,buybacks,4107000000,quarter,reported,PaymentsForRepurchaseOfCommonStock,0001193125-25-256321,T1 (XBRL),no,2026-10-09 18:30 ET
MSFT,Microsoft,FY2025Q1,2024-09-30,2024-Q3,dividends,5574000000,quarter,reported,PaymentsOfDividendsCommonStock,0001193125-25-256321,T1 (XBRL),no,2026-10-09 18:30 ET
MSFT,Microsoft,FY2025Q1,2024-09-30,2024-Q3,capex_incl_fl,19255000000,quarter,FNAM calculation,,,FNAM calculation,no,2026-10-09 18:30 ET
MSFT,Microsoft,FY2025Q1,2024-09-30,2024-Q3,fcf,19257000000,quarter,FNAM calculation,,,FNAM calculation,no,2026-10-09 18:30 ET
MSFT,Microsoft,FY2025Q1,2024-09-30,2024-Q3,capex_ocf,0.4366003510825044,ratio,FNAM calculation,,,FNAM calculation,no,2026-10-09 18:30 ET
MSFT,Microsoft,FY2025Q1,2024-09-30,2024-Q3,fcf_after_fl,18455000000,quarter,FNAM calculation,,,FNAM calculation,no,2026-10-09 18:30 ET
MSFT,Microsoft,FY2025Q1,2024-09-30,2024-Q3,ttm_capex_cash,49483000000,trailing 12 months,FNAM calculation,,,FNAM calculation,no,2026-10-09 18:30 ET
MSFT,Microsoft,FY2025Q1,2024-09-30,2024-Q3,ttm_fl_additions,14261000000,trailing 12 months,FNAM calculation,,,FNAM calculation,no,2026-10-09 18:30 ET
MSFT,Microsoft,FY2025Q1,2024-09-30,2024-Q3,ttm_ol_additions,6791000000,trailing 12 months,FNAM calculation,,,FNAM calculation,no,2026-10-09 18:30 ET
MSFT,Microsoft,FY2025Q1,2024-09-30,2024-Q3,ttm_fl_principal,1803000000,trailing 12 months,FNAM calculation,,,FNAM calculation,no,2026-10-09 18:30 ET
MSFT,Microsoft,FY2025Q1,2024-09-30,2024-Q3,ttm_revenue,254190000000,trailing 12 months,FNAM calculation,,,FNAM calculation,no,2026-10-09 18:30 ET
MSFT,Microsoft,FY2025Q1,2024-09-30,2024-Q3,ttm_ocf,122145000000,trailing 12 months,FNAM calculation,,,FNAM calculation,no,2026-10-09 18:30 ET
MSFT,Microsoft,FY2025Q1,2024-09-30,2024-Q3,ttm_op_income,113090000000,trailing 12 months,FNAM calculation,,,FNAM calculation,no,2026-10-09 18:30 ET
MSFT,Microsoft,FY2025Q1,2024-09-30,2024-Q3,ttm_interest_exp,2992000000,trailing 12 months,FNAM calculation,,,FNAM calculation,no,2026-10-09 18:30 ET
MSFT,Microsoft,FY2025Q1,2024-09-30,2024-Q3,ttm_debt_proceeds,17322000000,trailing 12 months,FNAM calculation,,,FNAM calculation,no,2026-10-09 18:30 ET
MSFT,Microsoft,FY2025Q1,2024-09-30,2024-Q3,ttm_debt_repaid,28536000000,trailing 12 months,FNAM calculation,,,FNAM calculation,no,2026-10-09 18:30 ET
MSFT,Microsoft,FY2025Q1,2024-09-30,2024-Q3,ttm_cp_net,-19188000000,trailing 12 months,FNAM calculation,,,FNAM calculation,no,2026-10-09 18:30 ET
MSFT,Microsoft,FY2025Q1,2024-09-30,2024-Q3,ttm_equity_proceeds,2023000000,trailing 12 months,FNAM calculation,,,FNAM calculation,no,2026-10-09 18:30 ET
MSFT,Microsoft,FY2025Q1,2024-09-30,2024-Q3,ttm_buybacks,16530000000,trailing 12 months,FNAM calculation,,,FNAM calculation,no,2026-10-09 18:30 ET
MSFT,Microsoft,FY2025Q1,2024-09-30,2024-Q3,ttm_dividends,22294000000,trailing 12 months,FNAM calculation,,,FNAM calculation,no,2026-10-09 18:30 ET
MSFT,Microsoft,FY2025Q1,2024-09-30,2024-Q3,ttm_capex_incl_fl,63744000000,trailing 12 months,FNAM calculation,,,FNAM calculation,no,2026-10-09 18:30 ET
MSFT,Microsoft,FY2025Q1,2024-09-30,2024-Q3,ttm_fcf,72662000000,trailing 12 months,FNAM calculation,,,FNAM calculation,no,2026-10-09 18:30 ET
MSFT,Microsoft,FY2025Q1,2024-09-30,2024-Q3,ttm_capex_ocf,0.40511686929469076,trailing 12 months,FNAM calculation,,,FNAM calculation,no,2026-10-09 18:30 ET
MSFT,Microsoft,FY2025Q1,2024-09-30,2024-Q3,ttm_fcf_after_fl,70859000000,trailing 12 months,FNAM calculation,,,FNAM calculation,no,2026-10-09 18:30 ET
MSFT,Microsoft,FY2025Q1,2024-09-30,2024-Q3,ttm_int_cov,37.79745989304813,trailing 12 months,FNAM calculation,,,FNAM calculation,no,2026-10-09 18:30 ET
MSFT,Microsoft,FY2025Q2,2024-12-31,2024-Q4,capex_cash,15804000000,quarter,reported,PaymentsToAcquirePropertyPlantAndEquipment,0001193125-26-027207,T1 (XBRL),no,2026-10-09 18:30 ET
MSFT,Microsoft,FY2025Q2,2024-12-31,2024-Q4,fl_additions,6435000000,quarter,reported,RightOfUseAssetObtainedInExchangeForFinanceLeaseLiability,0001193125-26-027207,T1 (XBRL),no,2026-10-09 18:30 ET
MSFT,Microsoft,FY2025Q2,2024-12-31,2024-Q4,ol_additions,3098000000,quarter,reported,RightOfUseAssetObtainedInExchangeForOperatingLeaseLiability,0001193125-26-027207,T1 (XBRL),no,2026-10-09 18:30 ET
MSFT,Microsoft,FY2025Q2,2024-12-31,2024-Q4,fl_principal,480000000,quarter,reported,FinanceLeasePrincipalPayments,0001193125-26-027207,T1 (XBRL),no,2026-10-09 18:30 ET
MSFT,Microsoft,FY2025Q2,2024-12-31,2024-Q4,ocf,22291000000,quarter,reported,NetCashProvidedByUsedInOperatingActivities,0001193125-26-027207,T1 (XBRL),no,2026-10-09 18:30 ET
MSFT,Microsoft,FY2025Q2,2024-12-31,2024-Q4,op_income,31653000000,quarter,reported,OperatingIncomeLoss,0001193125-26-027207,T1 (XBRL),no,2026-10-09 18:30 ET
MSFT,Microsoft,FY2025Q2,2024-12-31,2024-Q4,da,5200000000,quarter,reported,Depreciation,0001193125-26-027207,T1 (XBRL),no,2026-10-09 18:30 ET
MSFT,Microsoft,FY2025Q2,2024-12-31,2024-Q4,interest_exp,594000000,quarter,reported,InterestExpenseNonoperating,0001193125-26-027207,T1 (XBRL),no,2026-10-09 18:30 ET
MSFT,Microsoft,FY2025Q2,2024-12-31,2024-Q4,debt_proceeds,0,quarter,reported,ProceedsFromDebtMaturingInMoreThanThreeMonths,0000950170-25-010491,T1 (XBRL),no,2026-10-09 18:30 ET
MSFT,Microsoft,FY2025Q2,2024-12-31,2024-Q4,debt_repaid,0,quarter,reported,RepaymentsOfDebtMaturingInMoreThanThreeMonths,0001193125-26-027207,T1 (XBRL),no,2026-10-09 18:30 ET
MSFT,Microsoft,FY2025Q2,2024-12-31,2024-Q4,cp_net,0,quarter,reported,ProceedsFromRepaymentsOfShortTermDebtMaturingInThreeMonthsOrLess,0000950170-25-010491,T1 (XBRL),no,2026-10-09 18:30 ET
MSFT,Microsoft,FY2025Q2,2024-12-31,2024-Q4,equity_proceeds,256000000,quarter,reported,ProceedsFromIssuanceOfCommonStock,0001193125-26-027207,T1 (XBRL),no,2026-10-09 18:30 ET
MSFT,Microsoft,FY2025Q2,2024-12-31,2024-Q4,buybacks,4986000000,quarter,reported,PaymentsForRepurchaseOfCommonStock,0001193125-26-027207,T1 (XBRL),no,2026-10-09 18:30 ET
MSFT,Microsoft,FY2025Q2,2024-12-31,2024-Q4,dividends,6170000000,quarter,reported,PaymentsOfDividendsCommonStock,0001193125-26-027207,T1 (XBRL),no,2026-10-09 18:30 ET
MSFT,Microsoft,FY2025Q2,2024-12-31,2024-Q4,capex_incl_fl,22239000000,quarter,FNAM calculation,,,FNAM calculation,no,2026-10-09 18:30 ET
MSFT,Microsoft,FY2025Q2,2024-12-31,2024-Q4,fcf,6487000000,quarter,FNAM calculation,,,FNAM calculation,no,2026-10-09 18:30 ET
MSFT,Microsoft,FY2025Q2,2024-12-31,2024-Q4,capex_ocf,0.7089856892916424,ratio,FNAM calculation,,,FNAM calculation,no,2026-10-09 18:30 ET
MSFT,Microsoft,FY2025Q2,2024-12-31,2024-Q4,fcf_after_fl,6007000000,quarter,FNAM calculation,,,FNAM calculation,no,2026-10-09 18:30 ET
MSFT,Microsoft,FY2025Q2,2024-12-31,2024-Q4,ttm_capex_cash,55552000000,trailing 12 months,FNAM calculation,,,FNAM calculation,no,2026-10-09 18:30 ET
MSFT,Microsoft,FY2025Q2,2024-12-31,2024-Q4,ttm_fl_additions,18900000000,trailing 12 months,FNAM calculation,,,FNAM calculation,no,2026-10-09 18:30 ET
MSFT,Microsoft,FY2025Q2,2024-12-31,2024-Q4,ttm_ol_additions,9042000000,trailing 12 months,FNAM calculation,,,FNAM calculation,no,2026-10-09 18:30 ET
MSFT,Microsoft,FY2025Q2,2024-12-31,2024-Q4,ttm_fl_principal,1995000000,trailing 12 months,FNAM calculation,,,FNAM calculation,no,2026-10-09 18:30 ET
MSFT,Microsoft,FY2025Q2,2024-12-31,2024-Q4,ttm_revenue,261802000000,trailing 12 months,FNAM calculation,,,FNAM calculation,no,2026-10-09 18:30 ET
MSFT,Microsoft,FY2025Q2,2024-12-31,2024-Q4,ttm_ocf,125583000000,trailing 12 months,FNAM calculation,,,FNAM calculation,no,2026-10-09 18:30 ET
MSFT,Microsoft,FY2025Q2,2024-12-31,2024-Q4,ttm_op_income,117711000000,trailing 12 months,FNAM calculation,,,FNAM calculation,no,2026-10-09 18:30 ET
MSFT,Microsoft,FY2025Q2,2024-12-31,2024-Q4,ttm_interest_exp,2677000000,trailing 12 months,FNAM calculation,,,FNAM calculation,no,2026-10-09 18:30 ET
MSFT,Microsoft,FY2025Q2,2024-12-31,2024-Q4,ttm_debt_proceeds,6549000000,trailing 12 months,FNAM calculation,,,FNAM calculation,no,2026-10-09 18:30 ET
MSFT,Microsoft,FY2025Q2,2024-12-31,2024-Q4,ttm_debt_repaid,25620000000,trailing 12 months,FNAM calculation,,,FNAM calculation,no,2026-10-09 18:30 ET
MSFT,Microsoft,FY2025Q2,2024-12-31,2024-Q4,ttm_cp_net,-10698000000,trailing 12 months,FNAM calculation,,,FNAM calculation,no,2026-10-09 18:30 ET
MSFT,Microsoft,FY2025Q2,2024-12-31,2024-Q4,ttm_equity_proceeds,2018000000,trailing 12 months,FNAM calculation,,,FNAM calculation,no,2026-10-09 18:30 ET
MSFT,Microsoft,FY2025Q2,2024-12-31,2024-Q4,ttm_buybacks,17516000000,trailing 12 months,FNAM calculation,,,FNAM calculation,no,2026-10-09 18:30 ET
MSFT,Microsoft,FY2025Q2,2024-12-31,2024-Q4,ttm_dividends,22890000000,trailing 12 months,FNAM calculation,,,FNAM calculation,no,2026-10-09 18:30 ET
MSFT,Microsoft,FY2025Q2,2024-12-31,2024-Q4,ttm_capex_incl_fl,74452000000,trailing 12 months,FNAM calculation,,,FNAM calculation,no,2026-10-09 18:30 ET
MSFT,Microsoft,FY2025Q2,2024-12-31,2024-Q4,ttm_fcf,70031000000,trailing 12 months,FNAM calculation,,,FNAM calculation,no,2026-10-09 18:30 ET
MSFT,Microsoft,FY2025Q2,2024-12-31,2024-Q4,ttm_capex_ocf,0.44235286623189446,trailing 12 months,FNAM calculation,,,FNAM calculation,no,2026-10-09 18:30 ET
MSFT,Microsoft,FY2025Q2,2024-12-31,2024-Q4,ttm_fcf_after_fl,68036000000,trailing 12 months,FNAM calculation,,,FNAM calculation,no,2026-10-09 18:30 ET
MSFT,Microsoft,FY2025Q2,2024-12-31,2024-Q4,ttm_int_cov,43.97123645872245,trailing 12 months,FNAM calculation,,,FNAM calculation,no,2026-10-09 18:30 ET
MSFT,Microsoft,FY2025Q3,2025-03-31,2025-Q1,capex_cash,16745000000,quarter,reported,PaymentsToAcquirePropertyPlantAndEquipment,0001193125-26-191507,T1 (XBRL),no,2026-10-09 18:30 ET
MSFT,Microsoft,FY2025Q3,2025-03-31,2025-Q1,fl_additions,3241000000,quarter,reported,RightOfUseAssetObtainedInExchangeForFinanceLeaseLiability,0001193125-26-191507,T1 (XBRL),no,2026-10-09 18:30 ET
MSFT,Microsoft,FY2025Q3,2025-03-31,2025-Q1,ol_additions,1918000000,quarter,reported,RightOfUseAssetObtainedInExchangeForOperatingLeaseLiability,0001193125-26-191507,T1 (XBRL),no,2026-10-09 18:30 ET
MSFT,Microsoft,FY2025Q3,2025-03-31,2025-Q1,fl_principal,352000000,quarter,reported,FinanceLeasePrincipalPayments,0001193125-26-191507,T1 (XBRL),no,2026-10-09 18:30 ET
MSFT,Microsoft,FY2025Q3,2025-03-31,2025-Q1,ocf,37044000000,quarter,reported,NetCashProvidedByUsedInOperatingActivities,0001193125-26-191507,T1 (XBRL),no,2026-10-09 18:30 ET
MSFT,Microsoft,FY2025Q3,2025-03-31,2025-Q1,op_income,32000000000,quarter,reported,OperatingIncomeLoss,0001193125-26-191507,T1 (XBRL),no,2026-10-09 18:30 ET
MSFT,Microsoft,FY2025Q3,2025-03-31,2025-Q1,da,5800000000,quarter,reported,Depreciation,0001193125-26-191507,T1 (XBRL),no,2026-10-09 18:30 ET
MSFT,Microsoft,FY2025Q3,2025-03-31,2025-Q1,interest_exp,594000000,quarter,reported,InterestExpenseNonoperating,0001193125-26-191507,T1 (XBRL),no,2026-10-09 18:30 ET
MSFT,Microsoft,FY2025Q3,2025-03-31,2025-Q1,debt_proceeds,0,quarter,reported,ProceedsFromDebtMaturingInMoreThanThreeMonths,0000950170-25-061046,T1 (XBRL),no,2026-10-09 18:30 ET
MSFT,Microsoft,FY2025Q3,2025-03-31,2025-Q1,debt_repaid,2250000000,quarter,reported,RepaymentsOfDebtMaturingInMoreThanThreeMonths,0001193125-26-191507,T1 (XBRL),no,2026-10-09 18:30 ET
MSFT,Microsoft,FY2025Q3,2025-03-31,2025-Q1,cp_net,0,quarter,reported,ProceedsFromRepaymentsOfShortTermDebtMaturingInThreeMonthsOrLess,0000950170-25-061046,T1 (XBRL),no,2026-10-09 18:30 ET
MSFT,Microsoft,FY2025Q3,2025-03-31,2025-Q1,equity_proceeds,546000000,quarter,reported,ProceedsFromIssuanceOfCommonStock,0001193125-26-191507,T1 (XBRL),no,2026-10-09 18:30 ET
MSFT,Microsoft,FY2025Q3,2025-03-31,2025-Q1,buybacks,4781000000,quarter,reported,PaymentsForRepurchaseOfCommonStock,0001193125-26-191507,T1 (XBRL),no,2026-10-09 18:30 ET
MSFT,Microsoft,FY2025Q3,2025-03-31,2025-Q1,dividends,6169000000,quarter,reported,PaymentsOfDividendsCommonStock,0001193125-26-191507,T1 (XBRL),no,2026-10-09 18:30 ET
MSFT,Microsoft,FY2025Q3,2025-03-31,2025-Q1,capex_incl_fl,19986000000,quarter,FNAM calculation,,,FNAM calculation,no,2026-10-09 18:30 ET
MSFT,Microsoft,FY2025Q3,2025-03-31,2025-Q1,fcf,20299000000,quarter,FNAM calculation,,,FNAM calculation,no,2026-10-09 18:30 ET
MSFT,Microsoft,FY2025Q3,2025-03-31,2025-Q1,capex_ocf,0.452030018356549,ratio,FNAM calculation,,,FNAM calculation,no,2026-10-09 18:30 ET
MSFT,Microsoft,FY2025Q3,2025-03-31,2025-Q1,fcf_after_fl,19947000000,quarter,FNAM calculation,,,FNAM calculation,no,2026-10-09 18:30 ET
MSFT,Microsoft,FY2025Q3,2025-03-31,2025-Q1,ttm_capex_cash,61345000000,trailing 12 months,FNAM calculation,,,FNAM calculation,no,2026-10-09 18:30 ET
MSFT,Microsoft,FY2025Q3,2025-03-31,2025-Q1,ttm_fl_additions,18720000000,trailing 12 months,FNAM calculation,,,FNAM calculation,no,2026-10-09 18:30 ET
MSFT,Microsoft,FY2025Q3,2025-03-31,2025-Q1,ttm_ol_additions,9129000000,trailing 12 months,FNAM calculation,,,FNAM calculation,no,2026-10-09 18:30 ET
MSFT,Microsoft,FY2025Q3,2025-03-31,2025-Q1,ttm_fl_principal,2024000000,trailing 12 months,FNAM calculation,,,FNAM calculation,no,2026-10-09 18:30 ET
MSFT,Microsoft,FY2025Q3,2025-03-31,2025-Q1,ttm_revenue,270010000000,trailing 12 months,FNAM calculation,,,FNAM calculation,no,2026-10-09 18:30 ET
MSFT,Microsoft,FY2025Q3,2025-03-31,2025-Q1,ttm_ocf,130710000000,trailing 12 months,FNAM calculation,,,FNAM calculation,no,2026-10-09 18:30 ET
MSFT,Microsoft,FY2025Q3,2025-03-31,2025-Q1,ttm_op_income,122130000000,trailing 12 months,FNAM calculation,,,FNAM calculation,no,2026-10-09 18:30 ET
MSFT,Microsoft,FY2025Q3,2025-03-31,2025-Q1,ttm_interest_exp,2471000000,trailing 12 months,FNAM calculation,,,FNAM calculation,no,2026-10-09 18:30 ET
MSFT,Microsoft,FY2025Q3,2025-03-31,2025-Q1,ttm_debt_proceeds,197000000,trailing 12 months,FNAM calculation,,,FNAM calculation,no,2026-10-09 18:30 ET
MSFT,Microsoft,FY2025Q3,2025-03-31,2025-Q1,ttm_debt_repaid,16281000000,trailing 12 months,FNAM calculation,,,FNAM calculation,no,2026-10-09 18:30 ET
MSFT,Microsoft,FY2025Q3,2025-03-31,2025-Q1,ttm_cp_net,-6888000000,trailing 12 months,FNAM calculation,,,FNAM calculation,no,2026-10-09 18:30 ET
MSFT,Microsoft,FY2025Q3,2025-03-31,2025-Q1,ttm_equity_proceeds,2042000000,trailing 12 months,FNAM calculation,,,FNAM calculation,no,2026-10-09 18:30 ET
MSFT,Microsoft,FY2025Q3,2025-03-31,2025-Q1,ttm_buybacks,18084000000,trailing 12 months,FNAM calculation,,,FNAM calculation,no,2026-10-09 18:30 ET
MSFT,Microsoft,FY2025Q3,2025-03-31,2025-Q1,ttm_dividends,23487000000,trailing 12 months,FNAM calculation,,,FNAM calculation,no,2026-10-09 18:30 ET
MSFT,Microsoft,FY2025Q3,2025-03-31,2025-Q1,ttm_capex_incl_fl,80065000000,trailing 12 months,FNAM calculation,,,FNAM calculation,no,2026-10-09 18:30 ET
MSFT,Microsoft,FY2025Q3,2025-03-31,2025-Q1,ttm_fcf,69365000000,trailing 12 months,FNAM calculation,,,FNAM calculation,no,2026-10-09 18:30 ET
MSFT,Microsoft,FY2025Q3,2025-03-31,2025-Q1,ttm_capex_ocf,0.46932139851579835,trailing 12 months,FNAM calculation,,,FNAM calculation,no,2026-10-09 18:30 ET
MSFT,Microsoft,FY2025Q3,2025-03-31,2025-Q1,ttm_fcf_after_fl,67341000000,trailing 12 months,FNAM calculation,,,FNAM calculation,no,2026-10-09 18:30 ET
MSFT,Microsoft,FY2025Q3,2025-03-31,2025-Q1,ttm_int_cov,49.42533387292594,trailing 12 months,FNAM calculation,,,FNAM calculation,no,2026-10-09 18:30 ET
MSFT,Microsoft,FY2025Q4,2025-06-30,2025-Q2,capex_cash,17079000000,quarter,fy_minus_9m,PaymentsToAcquirePropertyPlantAndEquipment,0001193125-26-323660 0001193125-26-191507,T1 (XBRL),no,2026-10-09 18:30 ET
MSFT,Microsoft,FY2025Q4,2025-06-30,2025-Q2,fl_additions,6503000000,quarter,fy_minus_9m,RightOfUseAssetObtainedInExchangeForFinanceLeaseLiability,0001193125-26-323660 0001193125-26-191507,T1 (XBRL),no,2026-10-09 18:30 ET
MSFT,Microsoft,FY2025Q4,2025-06-30,2025-Q2,ol_additions,917000000,quarter,fy_minus_9m,RightOfUseAssetObtainedInExchangeForOperatingLeaseLiability,0001193125-26-323660 0001193125-26-191507,T1 (XBRL),no,2026-10-09 18:30 ET
MSFT,Microsoft,FY2025Q4,2025-06-30,2025-Q2,fl_principal,649000000,quarter,fy_minus_9m,FinanceLeasePrincipalPayments,0001193125-26-323660 0001193125-26-191507,T1 (XBRL),no,2026-10-09 18:30 ET
MSFT,Microsoft,FY2025Q4,2025-06-30,2025-Q2,ocf,42647000000,quarter,fy_minus_9m,NetCashProvidedByUsedInOperatingActivities,0001193125-26-323660 0001193125-26-191507,T1 (XBRL),no,2026-10-09 18:30 ET
MSFT,Microsoft,FY2025Q4,2025-06-30,2025-Q2,op_income,34323000000,quarter,fy_minus_9m,OperatingIncomeLoss,0001193125-26-323660 0001193125-26-191507,T1 (XBRL),no,2026-10-09 18:30 ET
MSFT,Microsoft,FY2025Q4,2025-06-30,2025-Q2,da,6300000000,quarter,fy_minus_9m,Depreciation,0001193125-26-323660 0001193125-26-191507,T1 (XBRL),no,2026-10-09 18:30 ET
MSFT,Microsoft,FY2025Q4,2025-06-30,2025-Q2,interest_exp,615000000,quarter,fy_minus_9m,InterestExpenseNonoperating,0001193125-26-323660 0001193125-26-191507,T1 (XBRL),no,2026-10-09 18:30 ET
MSFT,Microsoft,FY2025Q4,2025-06-30,2025-Q2,debt_proceeds,0,quarter,fy_minus_9m,ProceedsFromDebtMaturingInMoreThanThreeMonths,0001193125-26-323660 0000950170-25-061046,T1 (XBRL),no,2026-10-09 18:30 ET
MSFT,Microsoft,FY2025Q4,2025-06-30,2025-Q2,debt_repaid,0,quarter,fy_minus_9m,RepaymentsOfDebtMaturingInMoreThanThreeMonths,0001193125-26-323660 0001193125-26-191507,T1 (XBRL),no,2026-10-09 18:30 ET
MSFT,Microsoft,FY2025Q4,2025-06-30,2025-Q2,cp_net,0,quarter,fy_minus_9m,ProceedsFromRepaymentsOfShortTermDebtMaturingInThreeMonthsOrLess,0001193125-26-323660 0000950170-25-061046,T1 (XBRL),no,2026-10-09 18:30 ET
MSFT,Microsoft,FY2025Q4,2025-06-30,2025-Q2,equity_proceeds,548000000,quarter,fy_minus_9m,ProceedsFromIssuanceOfCommonStock,0001193125-26-323660 0001193125-26-191507,T1 (XBRL),no,2026-10-09 18:30 ET
MSFT,Microsoft,FY2025Q4,2025-06-30,2025-Q2,buybacks,4546000000,quarter,fy_minus_9m,PaymentsForRepurchaseOfCommonStock,0001193125-26-323660 0001193125-26-191507,T1 (XBRL),no,2026-10-09 18:30 ET
MSFT,Microsoft,FY2025Q4,2025-06-30,2025-Q2,dividends,6169000000,quarter,fy_minus_9m,PaymentsOfDividendsCommonStock,0001193125-26-323660 0001193125-26-191507,T1 (XBRL),no,2026-10-09 18:30 ET
MSFT,Microsoft,FY2025Q4,2025-06-30,2025-Q2,capex_incl_fl,23582000000,quarter,FNAM calculation,,,FNAM calculation,no,2026-10-09 18:30 ET
MSFT,Microsoft,FY2025Q4,2025-06-30,2025-Q2,fcf,25568000000,quarter,FNAM calculation,,,FNAM calculation,no,2026-10-09 18:30 ET
MSFT,Microsoft,FY2025Q4,2025-06-30,2025-Q2,capex_ocf,0.4004736558257322,ratio,FNAM calculation,,,FNAM calculation,no,2026-10-09 18:30 ET
MSFT,Microsoft,FY2025Q4,2025-06-30,2025-Q2,fcf_after_fl,24919000000,quarter,FNAM calculation,,,FNAM calculation,no,2026-10-09 18:30 ET
MSFT,Microsoft,FY2025Q4,2025-06-30,2025-Q2,ttm_capex_cash,64551000000,trailing 12 months,FNAM calculation,,,FNAM calculation,no,2026-10-09 18:30 ET
MSFT,Microsoft,FY2025Q4,2025-06-30,2025-Q2,ttm_fl_additions,20511000000,trailing 12 months,FNAM calculation,,,FNAM calculation,no,2026-10-09 18:30 ET
MSFT,Microsoft,FY2025Q4,2025-06-30,2025-Q2,ttm_ol_additions,7825000000,trailing 12 months,FNAM calculation,,,FNAM calculation,no,2026-10-09 18:30 ET
MSFT,Microsoft,FY2025Q4,2025-06-30,2025-Q2,ttm_fl_principal,2283000000,trailing 12 months,FNAM calculation,,,FNAM calculation,no,2026-10-09 18:30 ET
MSFT,Microsoft,FY2025Q4,2025-06-30,2025-Q2,ttm_revenue,281724000000,trailing 12 months,FNAM calculation,,,FNAM calculation,no,2026-10-09 18:30 ET
MSFT,Microsoft,FY2025Q4,2025-06-30,2025-Q2,ttm_ocf,136162000000,trailing 12 months,FNAM calculation,,,FNAM calculation,no,2026-10-09 18:30 ET
MSFT,Microsoft,FY2025Q4,2025-06-30,2025-Q2,ttm_op_income,128528000000,trailing 12 months,FNAM calculation,,,FNAM calculation,no,2026-10-09 18:30 ET
MSFT,Microsoft,FY2025Q4,2025-06-30,2025-Q2,ttm_da,22000000000,trailing 12 months,FNAM calculation,,,FNAM calculation,no,2026-10-09 18:30 ET
MSFT,Microsoft,FY2025Q4,2025-06-30,2025-Q2,ttm_interest_exp,2385000000,trailing 12 months,FNAM calculation,,,FNAM calculation,no,2026-10-09 18:30 ET
MSFT,Microsoft,FY2025Q4,2025-06-30,2025-Q2,ttm_debt_proceeds,0,trailing 12 months,FNAM calculation,,,FNAM calculation,no,2026-10-09 18:30 ET
MSFT,Microsoft,FY2025Q4,2025-06-30,2025-Q2,ttm_debt_repaid,3216000000,trailing 12 months,FNAM calculation,,,FNAM calculation,no,2026-10-09 18:30 ET
MSFT,Microsoft,FY2025Q4,2025-06-30,2025-Q2,ttm_cp_net,-5746000000,trailing 12 months,FNAM calculation,,,FNAM calculation,no,2026-10-09 18:30 ET
MSFT,Microsoft,FY2025Q4,2025-06-30,2025-Q2,ttm_equity_proceeds,2056000000,trailing 12 months,FNAM calculation,,,FNAM calculation,no,2026-10-09 18:30 ET
MSFT,Microsoft,FY2025Q4,2025-06-30,2025-Q2,ttm_buybacks,18420000000,trailing 12 months,FNAM calculation,,,FNAM calculation,no,2026-10-09 18:30 ET
MSFT,Microsoft,FY2025Q4,2025-06-30,2025-Q2,ttm_interest_paid,1600000000,trailing 12 months,FNAM calculation,,,FNAM calculation,no,2026-10-09 18:30 ET
MSFT,Microsoft,FY2025Q4,2025-06-30,2025-Q2,ttm__fromFY,interest_paid,trailing 12 months,FNAM calculation,,,FNAM calculation,no,2026-10-09 18:30 ET
MSFT,Microsoft,FY2025Q4,2025-06-30,2025-Q2,ttm_dividends,24082000000,trailing 12 months,FNAM calculation,,,FNAM calculation,no,2026-10-09 18:30 ET
MSFT,Microsoft,FY2025Q4,2025-06-30,2025-Q2,ttm_ebitda,150528000000,trailing 12 months,FNAM calculation,,,FNAM calculation,no,2026-10-09 18:30 ET
MSFT,Microsoft,FY2025Q4,2025-06-30,2025-Q2,ttm_capex_incl_fl,85062000000,trailing 12 months,FNAM calculation,,,FNAM calculation,no,2026-10-09 18:30 ET
MSFT,Microsoft,FY2025Q4,2025-06-30,2025-Q2,ttm_fcf,71611000000,trailing 12 months,FNAM calculation,,,FNAM calculation,no,2026-10-09 18:30 ET
MSFT,Microsoft,FY2025Q4,2025-06-30,2025-Q2,ttm_capex_ocf,0.47407499889837107,trailing 12 months,FNAM calculation,,,FNAM calculation,no,2026-10-09 18:30 ET
MSFT,Microsoft,FY2025Q4,2025-06-30,2025-Q2,ttm_fcf_after_fl,69328000000,trailing 12 months,FNAM calculation,,,FNAM calculation,no,2026-10-09 18:30 ET
MSFT,Microsoft,FY2025Q4,2025-06-30,2025-Q2,ttm_int_cov,53.89014675052411,trailing 12 months,FNAM calculation,,,FNAM calculation,no,2026-10-09 18:30 ET
MSFT,Microsoft,FY2025Q4,2025-06-30,2025-Q2,ttm_ebitda_int,63.11446540880503,trailing 12 months,FNAM calculation,,,FNAM calculation,no,2026-10-09 18:30 ET
MSFT,Microsoft,FY2025Q4,2025-06-30,2025-Q2,ttm_nd_ebitda,-0.3415577168367347,trailing 12 months,FNAM calculation,,,FNAM calculation,no,2026-10-09 18:30 ET
MSFT,Microsoft,FY2025Q4,2025-06-30,2025-Q2,ttm_land_ebitda,0.11704799107142858,trailing 12 months,FNAM calculation,,,FNAM calculation,no,2026-10-09 18:30 ET
MSFT,Microsoft,FY2026Q1,2025-09-30,2025-Q3,capex_cash,19394000000,quarter,reported,PaymentsToAcquirePropertyPlantAndEquipment,0001193125-25-256321,T1 (XBRL),no,2026-10-09 18:30 ET
MSFT,Microsoft,FY2026Q1,2025-09-30,2025-Q3,fl_additions,9147000000,quarter,reported,RightOfUseAssetObtainedInExchangeForFinanceLeaseLiability,0001193125-25-256321,T1 (XBRL),no,2026-10-09 18:30 ET
MSFT,Microsoft,FY2026Q1,2025-09-30,2025-Q3,ol_additions,1417000000,quarter,reported,RightOfUseAssetObtainedInExchangeForOperatingLeaseLiability,0001193125-25-256321,T1 (XBRL),no,2026-10-09 18:30 ET
MSFT,Microsoft,FY2026Q1,2025-09-30,2025-Q3,fl_principal,639000000,quarter,reported,FinanceLeasePrincipalPayments,0001193125-25-256321,T1 (XBRL),no,2026-10-09 18:30 ET
MSFT,Microsoft,FY2026Q1,2025-09-30,2025-Q3,ocf,45057000000,quarter,reported,NetCashProvidedByUsedInOperatingActivities,0001193125-25-256321,T1 (XBRL),no,2026-10-09 18:30 ET
MSFT,Microsoft,FY2026Q1,2025-09-30,2025-Q3,op_income,37961000000,quarter,reported,OperatingIncomeLoss,0001193125-25-256321,T1 (XBRL),no,2026-10-09 18:30 ET
MSFT,Microsoft,FY2026Q1,2025-09-30,2025-Q3,da,7100000000,quarter,reported,Depreciation,0001193125-25-256321,T1 (XBRL),no,2026-10-09 18:30 ET
MSFT,Microsoft,FY2026Q1,2025-09-30,2025-Q3,interest_exp,698000000,quarter,reported,InterestExpenseNonoperating,0001193125-25-256321,T1 (XBRL),no,2026-10-09 18:30 ET
MSFT,Microsoft,FY2026Q1,2025-09-30,2025-Q3,debt_repaid,0,quarter,reported,RepaymentsOfDebtMaturingInMoreThanThreeMonths,0001193125-25-256321,T1 (XBRL),no,2026-10-09 18:30 ET
MSFT,Microsoft,FY2026Q1,2025-09-30,2025-Q3,cp_net,0,quarter,reported,ProceedsFromRepaymentsOfShortTermDebtMaturingInThreeMonthsOrLess,0001193125-25-256321,T1 (XBRL),no,2026-10-09 18:30 ET
MSFT,Microsoft,FY2026Q1,2025-09-30,2025-Q3,equity_proceeds,689000000,quarter,reported,ProceedsFromIssuanceOfCommonStock,0001193125-25-256321,T1 (XBRL),no,2026-10-09 18:30 ET
MSFT,Microsoft,FY2026Q1,2025-09-30,2025-Q3,buybacks,5650000000,quarter,reported,PaymentsForRepurchaseOfCommonStock,0001193125-25-256321,T1 (XBRL),no,2026-10-09 18:30 ET
MSFT,Microsoft,FY2026Q1,2025-09-30,2025-Q3,dividends,6169000000,quarter,reported,PaymentsOfDividendsCommonStock,0001193125-25-256321,T1 (XBRL),no,2026-10-09 18:30 ET
MSFT,Microsoft,FY2026Q1,2025-09-30,2025-Q3,capex_incl_fl,28541000000,quarter,FNAM calculation,,,FNAM calculation,no,2026-10-09 18:30 ET
MSFT,Microsoft,FY2026Q1,2025-09-30,2025-Q3,fcf,25663000000,quarter,FNAM calculation,,,FNAM calculation,no,2026-10-09 18:30 ET
MSFT,Microsoft,FY2026Q1,2025-09-30,2025-Q3,capex_ocf,0.4304325631977273,ratio,FNAM calculation,,,FNAM calculation,no,2026-10-09 18:30 ET
MSFT,Microsoft,FY2026Q1,2025-09-30,2025-Q3,fcf_after_fl,25024000000,quarter,FNAM calculation,,,FNAM calculation,no,2026-10-09 18:30 ET
MSFT,Microsoft,FY2026Q1,2025-09-30,2025-Q3,ttm_capex_cash,69022000000,trailing 12 months,FNAM calculation,,,FNAM calculation,no,2026-10-09 18:30 ET
MSFT,Microsoft,FY2026Q1,2025-09-30,2025-Q3,ttm_fl_additions,25326000000,trailing 12 months,FNAM calculation,,,FNAM calculation,no,2026-10-09 18:30 ET
MSFT,Microsoft,FY2026Q1,2025-09-30,2025-Q3,ttm_ol_additions,7350000000,trailing 12 months,FNAM calculation,,,FNAM calculation,no,2026-10-09 18:30 ET
MSFT,Microsoft,FY2026Q1,2025-09-30,2025-Q3,ttm_fl_principal,2120000000,trailing 12 months,FNAM calculation,,,FNAM calculation,no,2026-10-09 18:30 ET
MSFT,Microsoft,FY2026Q1,2025-09-30,2025-Q3,ttm_revenue,293812000000,trailing 12 months,FNAM calculation,,,FNAM calculation,no,2026-10-09 18:30 ET
MSFT,Microsoft,FY2026Q1,2025-09-30,2025-Q3,ttm_ocf,147039000000,trailing 12 months,FNAM calculation,,,FNAM calculation,no,2026-10-09 18:30 ET
MSFT,Microsoft,FY2026Q1,2025-09-30,2025-Q3,ttm_op_income,135937000000,trailing 12 months,FNAM calculation,,,FNAM calculation,no,2026-10-09 18:30 ET
MSFT,Microsoft,FY2026Q1,2025-09-30,2025-Q3,ttm_da,24400000000,trailing 12 months,FNAM calculation,,,FNAM calculation,no,2026-10-09 18:30 ET
MSFT,Microsoft,FY2026Q1,2025-09-30,2025-Q3,ttm_interest_exp,2501000000,trailing 12 months,FNAM calculation,,,FNAM calculation,no,2026-10-09 18:30 ET
MSFT,Microsoft,FY2026Q1,2025-09-30,2025-Q3,ttm_debt_repaid,2250000000,trailing 12 months,FNAM calculation,,,FNAM calculation,no,2026-10-09 18:30 ET
MSFT,Microsoft,FY2026Q1,2025-09-30,2025-Q3,ttm_cp_net,0,trailing 12 months,FNAM calculation,,,FNAM calculation,no,2026-10-09 18:30 ET
MSFT,Microsoft,FY2026Q1,2025-09-30,2025-Q3,ttm_equity_proceeds,2039000000,trailing 12 months,FNAM calculation,,,FNAM calculation,no,2026-10-09 18:30 ET
MSFT,Microsoft,FY2026Q1,2025-09-30,2025-Q3,ttm_buybacks,19963000000,trailing 12 months,FNAM calculation,,,FNAM calculation,no,2026-10-09 18:30 ET
MSFT,Microsoft,FY2026Q1,2025-09-30,2025-Q3,ttm_dividends,24677000000,trailing 12 months,FNAM calculation,,,FNAM calculation,no,2026-10-09 18:30 ET
MSFT,Microsoft,FY2026Q1,2025-09-30,2025-Q3,ttm_ebitda,160337000000,trailing 12 months,FNAM calculation,,,FNAM calculation,no,2026-10-09 18:30 ET
MSFT,Microsoft,FY2026Q1,2025-09-30,2025-Q3,ttm_capex_incl_fl,94348000000,trailing 12 months,FNAM calculation,,,FNAM calculation,no,2026-10-09 18:30 ET
MSFT,Microsoft,FY2026Q1,2025-09-30,2025-Q3,ttm_fcf,78017000000,trailing 12 months,FNAM calculation,,,FNAM calculation,no,2026-10-09 18:30 ET
MSFT,Microsoft,FY2026Q1,2025-09-30,2025-Q3,ttm_capex_ocf,0.4694128768558002,trailing 12 months,FNAM calculation,,,FNAM calculation,no,2026-10-09 18:30 ET
MSFT,Microsoft,FY2026Q1,2025-09-30,2025-Q3,ttm_fcf_after_fl,75897000000,trailing 12 months,FNAM calculation,,,FNAM calculation,no,2026-10-09 18:30 ET
MSFT,Microsoft,FY2026Q1,2025-09-30,2025-Q3,ttm_int_cov,54.353058776489405,trailing 12 months,FNAM calculation,,,FNAM calculation,no,2026-10-09 18:30 ET
MSFT,Microsoft,FY2026Q1,2025-09-30,2025-Q3,ttm_ebitda_int,64.10915633746501,trailing 12 months,FNAM calculation,,,FNAM calculation,no,2026-10-09 18:30 ET
MSFT,Microsoft,FY2026Q1,2025-09-30,2025-Q3,ttm_nd_ebitda,-0.36675252748897635,trailing 12 months,FNAM calculation,,,FNAM calculation,no,2026-10-09 18:30 ET
MSFT,Microsoft,FY2026Q1,2025-09-30,2025-Q3,ttm_land_ebitda,0.11452752639752521,trailing 12 months,FNAM calculation,,,FNAM calculation,no,2026-10-09 18:30 ET
MSFT,Microsoft,FY2026Q2,2025-12-31,2025-Q4,capex_cash,29876000000,quarter,reported,PaymentsToAcquirePropertyPlantAndEquipment,0001193125-26-027207,T1 (XBRL),no,2026-10-09 18:30 ET
MSFT,Microsoft,FY2026Q2,2025-12-31,2025-Q4,fl_additions,6330000000,quarter,reported,RightOfUseAssetObtainedInExchangeForFinanceLeaseLiability,0001193125-26-027207,T1 (XBRL),no,2026-10-09 18:30 ET
MSFT,Microsoft,FY2026Q2,2025-12-31,2025-Q4,ol_additions,1477000000,quarter,reported,RightOfUseAssetObtainedInExchangeForOperatingLeaseLiability,0001193125-26-027207,T1 (XBRL),no,2026-10-09 18:30 ET
MSFT,Microsoft,FY2026Q2,2025-12-31,2025-Q4,fl_principal,701000000,quarter,reported,FinanceLeasePrincipalPayments,0001193125-26-027207,T1 (XBRL),no,2026-10-09 18:30 ET
MSFT,Microsoft,FY2026Q2,2025-12-31,2025-Q4,ocf,35758000000,quarter,reported,NetCashProvidedByUsedInOperatingActivities,0001193125-26-027207,T1 (XBRL),no,2026-10-09 18:30 ET
MSFT,Microsoft,FY2026Q2,2025-12-31,2025-Q4,op_income,38275000000,quarter,reported,OperatingIncomeLoss,0001193125-26-027207,T1 (XBRL),no,2026-10-09 18:30 ET
MSFT,Microsoft,FY2026Q2,2025-12-31,2025-Q4,da,7900000000,quarter,reported,Depreciation,0001193125-26-027207,T1 (XBRL),no,2026-10-09 18:30 ET
MSFT,Microsoft,FY2026Q2,2025-12-31,2025-Q4,interest_exp,736000000,quarter,reported,InterestExpenseNonoperating,0001193125-26-027207,T1 (XBRL),no,2026-10-09 18:30 ET
MSFT,Microsoft,FY2026Q2,2025-12-31,2025-Q4,debt_repaid,3000000000,quarter,reported,RepaymentsOfDebtMaturingInMoreThanThreeMonths,0001193125-26-027207,T1 (XBRL),no,2026-10-09 18:30 ET
MSFT,Microsoft,FY2026Q2,2025-12-31,2025-Q4,equity_proceeds,259000000,quarter,reported,ProceedsFromIssuanceOfCommonStock,0001193125-26-027207,T1 (XBRL),no,2026-10-09 18:30 ET
MSFT,Microsoft,FY2026Q2,2025-12-31,2025-Q4,buybacks,7415000000,quarter,reported,PaymentsForRepurchaseOfCommonStock,0001193125-26-027207,T1 (XBRL),no,2026-10-09 18:30 ET
MSFT,Microsoft,FY2026Q2,2025-12-31,2025-Q4,dividends,6762000000,quarter,reported,PaymentsOfDividendsCommonStock,0001193125-26-027207,T1 (XBRL),no,2026-10-09 18:30 ET
MSFT,Microsoft,FY2026Q2,2025-12-31,2025-Q4,capex_incl_fl,36206000000,quarter,FNAM calculation,,,FNAM calculation,no,2026-10-09 18:30 ET
MSFT,Microsoft,FY2026Q2,2025-12-31,2025-Q4,fcf,5882000000,quarter,FNAM calculation,,,FNAM calculation,no,2026-10-09 18:30 ET
MSFT,Microsoft,FY2026Q2,2025-12-31,2025-Q4,capex_ocf,0.8355053414620505,ratio,FNAM calculation,,,FNAM calculation,no,2026-10-09 18:30 ET
MSFT,Microsoft,FY2026Q2,2025-12-31,2025-Q4,fcf_after_fl,5181000000,quarter,FNAM calculation,,,FNAM calculation,no,2026-10-09 18:30 ET
MSFT,Microsoft,FY2026Q2,2025-12-31,2025-Q4,ttm_capex_cash,83094000000,trailing 12 months,FNAM calculation,,,FNAM calculation,no,2026-10-09 18:30 ET
MSFT,Microsoft,FY2026Q2,2025-12-31,2025-Q4,ttm_fl_additions,25221000000,trailing 12 months,FNAM calculation,,,FNAM calculation,no,2026-10-09 18:30 ET
MSFT,Microsoft,FY2026Q2,2025-12-31,2025-Q4,ttm_ol_additions,5729000000,trailing 12 months,FNAM calculation,,,FNAM calculation,no,2026-10-09 18:30 ET
MSFT,Microsoft,FY2026Q2,2025-12-31,2025-Q4,ttm_fl_principal,2341000000,trailing 12 months,FNAM calculation,,,FNAM calculation,no,2026-10-09 18:30 ET
MSFT,Microsoft,FY2026Q2,2025-12-31,2025-Q4,ttm_revenue,305453000000,trailing 12 months,FNAM calculation,,,FNAM calculation,no,2026-10-09 18:30 ET
MSFT,Microsoft,FY2026Q2,2025-12-31,2025-Q4,ttm_ocf,160506000000,trailing 12 months,FNAM calculation,,,FNAM calculation,no,2026-10-09 18:30 ET
MSFT,Microsoft,FY2026Q2,2025-12-31,2025-Q4,ttm_op_income,142559000000,trailing 12 months,FNAM calculation,,,FNAM calculation,no,2026-10-09 18:30 ET
MSFT,Microsoft,FY2026Q2,2025-12-31,2025-Q4,ttm_da,27100000000,trailing 12 months,FNAM calculation,,,FNAM calculation,no,2026-10-09 18:30 ET
MSFT,Microsoft,FY2026Q2,2025-12-31,2025-Q4,ttm_interest_exp,2643000000,trailing 12 months,FNAM calculation,,,FNAM calculation,no,2026-10-09 18:30 ET
MSFT,Microsoft,FY2026Q2,2025-12-31,2025-Q4,ttm_debt_repaid,5250000000,trailing 12 months,FNAM calculation,,,FNAM calculation,no,2026-10-09 18:30 ET
MSFT,Microsoft,FY2026Q2,2025-12-31,2025-Q4,ttm_equity_proceeds,2042000000,trailing 12 months,FNAM calculation,,,FNAM calculation,no,2026-10-09 18:30 ET
MSFT,Microsoft,FY2026Q2,2025-12-31,2025-Q4,ttm_buybacks,22392000000,trailing 12 months,FNAM calculation,,,FNAM calculation,no,2026-10-09 18:30 ET
MSFT,Microsoft,FY2026Q2,2025-12-31,2025-Q4,ttm_dividends,25269000000,trailing 12 months,FNAM calculation,,,FNAM calculation,no,2026-10-09 18:30 ET
MSFT,Microsoft,FY2026Q2,2025-12-31,2025-Q4,ttm_ebitda,169659000000,trailing 12 months,FNAM calculation,,,FNAM calculation,no,2026-10-09 18:30 ET
MSFT,Microsoft,FY2026Q2,2025-12-31,2025-Q4,ttm_capex_incl_fl,108315000000,trailing 12 months,FNAM calculation,,,FNAM calculation,no,2026-10-09 18:30 ET
MSFT,Microsoft,FY2026Q2,2025-12-31,2025-Q4,ttm_fcf,77412000000,trailing 12 months,FNAM calculation,,,FNAM calculation,no,2026-10-09 18:30 ET
MSFT,Microsoft,FY2026Q2,2025-12-31,2025-Q4,ttm_capex_ocf,0.5177002728869948,trailing 12 months,FNAM calculation,,,FNAM calculation,no,2026-10-09 18:30 ET
MSFT,Microsoft,FY2026Q2,2025-12-31,2025-Q4,ttm_fcf_after_fl,75071000000,trailing 12 months,FNAM calculation,,,FNAM calculation,no,2026-10-09 18:30 ET
MSFT,Microsoft,FY2026Q2,2025-12-31,2025-Q4,ttm_int_cov,53.938327657964436,trailing 12 months,FNAM calculation,,,FNAM calculation,no,2026-10-09 18:30 ET
MSFT,Microsoft,FY2026Q2,2025-12-31,2025-Q4,ttm_ebitda_int,64.19182746878548,trailing 12 months,FNAM calculation,,,FNAM calculation,no,2026-10-09 18:30 ET
MSFT,Microsoft,FY2026Q2,2025-12-31,2025-Q4,ttm_nd_ebitda,-0.28999345746467914,trailing 12 months,FNAM calculation,,,FNAM calculation,no,2026-10-09 18:30 ET
MSFT,Microsoft,FY2026Q2,2025-12-31,2025-Q4,ttm_land_ebitda,0.19931745442328436,trailing 12 months,FNAM calculation,,,FNAM calculation,no,2026-10-09 18:30 ET
MSFT,Microsoft,FY2026Q3,2026-03-31,2026-Q1,capex_cash,30876000000,quarter,reported,PaymentsToAcquirePropertyPlantAndEquipment,0001193125-26-191507,T1 (XBRL),no,2026-10-09 18:30 ET
MSFT,Microsoft,FY2026Q3,2026-03-31,2026-Q1,fl_additions,4009000000,quarter,reported,RightOfUseAssetObtainedInExchangeForFinanceLeaseLiability,0001193125-26-191507,T1 (XBRL),no,2026-10-09 18:30 ET
MSFT,Microsoft,FY2026Q3,2026-03-31,2026-Q1,ol_additions,792000000,quarter,reported,RightOfUseAssetObtainedInExchangeForOperatingLeaseLiability,0001193125-26-191507,T1 (XBRL),no,2026-10-09 18:30 ET
MSFT,Microsoft,FY2026Q3,2026-03-31,2026-Q1,fl_principal,839000000,quarter,reported,FinanceLeasePrincipalPayments,0001193125-26-191507,T1 (XBRL),no,2026-10-09 18:30 ET
MSFT,Microsoft,FY2026Q3,2026-03-31,2026-Q1,ocf,46679000000,quarter,reported,NetCashProvidedByUsedInOperatingActivities,0001193125-26-191507,T1 (XBRL),no,2026-10-09 18:30 ET
MSFT,Microsoft,FY2026Q3,2026-03-31,2026-Q1,op_income,38398000000,quarter,reported,OperatingIncomeLoss,0001193125-26-191507,T1 (XBRL),no,2026-10-09 18:30 ET
MSFT,Microsoft,FY2026Q3,2026-03-31,2026-Q1,da,9000000000,quarter,reported,Depreciation,0001193125-26-191507,T1 (XBRL),no,2026-10-09 18:30 ET
MSFT,Microsoft,FY2026Q3,2026-03-31,2026-Q1,interest_exp,778000000,quarter,reported,InterestExpenseNonoperating,0001193125-26-191507,T1 (XBRL),no,2026-10-09 18:30 ET
MSFT,Microsoft,FY2026Q3,2026-03-31,2026-Q1,debt_repaid,0,quarter,reported,RepaymentsOfDebtMaturingInMoreThanThreeMonths,0001193125-26-191507,T1 (XBRL),no,2026-10-09 18:30 ET
MSFT,Microsoft,FY2026Q3,2026-03-31,2026-Q1,equity_proceeds,541000000,quarter,reported,ProceedsFromIssuanceOfCommonStock,0001193125-26-191507,T1 (XBRL),no,2026-10-09 18:30 ET
MSFT,Microsoft,FY2026Q3,2026-03-31,2026-Q1,buybacks,4627000000,quarter,reported,PaymentsForRepurchaseOfCommonStock,0001193125-26-191507,T1 (XBRL),no,2026-10-09 18:30 ET
MSFT,Microsoft,FY2026Q3,2026-03-31,2026-Q1,dividends,6756000000,quarter,reported,PaymentsOfDividendsCommonStock,0001193125-26-191507,T1 (XBRL),no,2026-10-09 18:30 ET
MSFT,Microsoft,FY2026Q3,2026-03-31,2026-Q1,capex_incl_fl,34885000000,quarter,FNAM calculation,,,FNAM calculation,no,2026-10-09 18:30 ET
MSFT,Microsoft,FY2026Q3,2026-03-31,2026-Q1,fcf,15803000000,quarter,FNAM calculation,,,FNAM calculation,no,2026-10-09 18:30 ET
MSFT,Microsoft,FY2026Q3,2026-03-31,2026-Q1,capex_ocf,0.6614537586494997,ratio,FNAM calculation,,,FNAM calculation,no,2026-10-09 18:30 ET
MSFT,Microsoft,FY2026Q3,2026-03-31,2026-Q1,fcf_after_fl,14964000000,quarter,FNAM calculation,,,FNAM calculation,no,2026-10-09 18:30 ET
MSFT,Microsoft,FY2026Q3,2026-03-31,2026-Q1,ttm_capex_cash,97225000000,trailing 12 months,FNAM calculation,,,FNAM calculation,no,2026-10-09 18:30 ET
MSFT,Microsoft,FY2026Q3,2026-03-31,2026-Q1,ttm_fl_additions,25989000000,trailing 12 months,FNAM calculation,,,FNAM calculation,no,2026-10-09 18:30 ET
MSFT,Microsoft,FY2026Q3,2026-03-31,2026-Q1,ttm_ol_additions,4603000000,trailing 12 months,FNAM calculation,,,FNAM calculation,no,2026-10-09 18:30 ET
MSFT,Microsoft,FY2026Q3,2026-03-31,2026-Q1,ttm_fl_principal,2828000000,trailing 12 months,FNAM calculation,,,FNAM calculation,no,2026-10-09 18:30 ET
MSFT,Microsoft,FY2026Q3,2026-03-31,2026-Q1,ttm_revenue,318273000000,trailing 12 months,FNAM calculation,,,FNAM calculation,no,2026-10-09 18:30 ET
MSFT,Microsoft,FY2026Q3,2026-03-31,2026-Q1,ttm_ocf,170141000000,trailing 12 months,FNAM calculation,,,FNAM calculation,no,2026-10-09 18:30 ET
MSFT,Microsoft,FY2026Q3,2026-03-31,2026-Q1,ttm_op_income,148957000000,trailing 12 months,FNAM calculation,,,FNAM calculation,no,2026-10-09 18:30 ET
MSFT,Microsoft,FY2026Q3,2026-03-31,2026-Q1,ttm_da,30300000000,trailing 12 months,FNAM calculation,,,FNAM calculation,no,2026-10-09 18:30 ET
MSFT,Microsoft,FY2026Q3,2026-03-31,2026-Q1,ttm_interest_exp,2827000000,trailing 12 months,FNAM calculation,,,FNAM calculation,no,2026-10-09 18:30 ET
MSFT,Microsoft,FY2026Q3,2026-03-31,2026-Q1,ttm_debt_repaid,3000000000,trailing 12 months,FNAM calculation,,,FNAM calculation,no,2026-10-09 18:30 ET
MSFT,Microsoft,FY2026Q3,2026-03-31,2026-Q1,ttm_equity_proceeds,2037000000,trailing 12 months,FNAM calculation,,,FNAM calculation,no,2026-10-09 18:30 ET
MSFT,Microsoft,FY2026Q3,2026-03-31,2026-Q1,ttm_buybacks,22238000000,trailing 12 months,FNAM calculation,,,FNAM calculation,no,2026-10-09 18:30 ET
MSFT,Microsoft,FY2026Q3,2026-03-31,2026-Q1,ttm_dividends,25856000000,trailing 12 months,FNAM calculation,,,FNAM calculation,no,2026-10-09 18:30 ET
MSFT,Microsoft,FY2026Q3,2026-03-31,2026-Q1,ttm_ebitda,179257000000,trailing 12 months,FNAM calculation,,,FNAM calculation,no,2026-10-09 18:30 ET
MSFT,Microsoft,FY2026Q3,2026-03-31,2026-Q1,ttm_capex_incl_fl,123214000000,trailing 12 months,FNAM calculation,,,FNAM calculation,no,2026-10-09 18:30 ET
MSFT,Microsoft,FY2026Q3,2026-03-31,2026-Q1,ttm_fcf,72916000000,trailing 12 months,FNAM calculation,,,FNAM calculation,no,2026-10-09 18:30 ET
MSFT,Microsoft,FY2026Q3,2026-03-31,2026-Q1,ttm_capex_ocf,0.5714378074655727,trailing 12 months,FNAM calculation,,,FNAM calculation,no,2026-10-09 18:30 ET
MSFT,Microsoft,FY2026Q3,2026-03-31,2026-Q1,ttm_fcf_after_fl,70088000000,trailing 12 months,FNAM calculation,,,FNAM calculation,no,2026-10-09 18:30 ET
MSFT,Microsoft,FY2026Q3,2026-03-31,2026-Q1,ttm_int_cov,52.69083834453484,trailing 12 months,FNAM calculation,,,FNAM calculation,no,2026-10-09 18:30 ET
MSFT,Microsoft,FY2026Q3,2026-03-31,2026-Q1,ttm_ebitda_int,63.408914043155285,trailing 12 months,FNAM calculation,,,FNAM calculation,no,2026-10-09 18:30 ET
MSFT,Microsoft,FY2026Q3,2026-03-31,2026-Q1,ttm_nd_ebitda,-0.21204192862761287,trailing 12 months,FNAM calculation,,,FNAM calculation,no,2026-10-09 18:30 ET
MSFT,Microsoft,FY2026Q3,2026-03-31,2026-Q1,ttm_land_ebitda,0.26308596038090565,trailing 12 months,FNAM calculation,,,FNAM calculation,no,2026-10-09 18:30 ET
MSFT,Microsoft,FY2026Q4,2026-06-30,2026-Q2,capex_cash,35802000000,quarter,fy_minus_9m,PaymentsToAcquirePropertyPlantAndEquipment,0001193125-26-323660 0001193125-26-191507,T1 (XBRL),no,2026-10-09 18:30 ET
MSFT,Microsoft,FY2026Q4,2026-06-30,2026-Q2,fl_additions,5122000000,quarter,fy_minus_9m,RightOfUseAssetObtainedInExchangeForFinanceLeaseLiability,0001193125-26-323660 0001193125-26-191507,T1 (XBRL),no,2026-10-09 18:30 ET
MSFT,Microsoft,FY2026Q4,2026-06-30,2026-Q2,ol_additions,869000000,quarter,fy_minus_9m,RightOfUseAssetObtainedInExchangeForOperatingLeaseLiability,0001193125-26-323660 0001193125-26-191507,T1 (XBRL),no,2026-10-09 18:30 ET
MSFT,Microsoft,FY2026Q4,2026-06-30,2026-Q2,fl_principal,922000000,quarter,fy_minus_9m,FinanceLeasePrincipalPayments,0001193125-26-323660 0001193125-26-191507,T1 (XBRL),no,2026-10-09 18:30 ET
MSFT,Microsoft,FY2026Q4,2026-06-30,2026-Q2,ocf,55441000000,quarter,fy_minus_9m,NetCashProvidedByUsedInOperatingActivities,0001193125-26-323660 0001193125-26-191507,T1 (XBRL),no,2026-10-09 18:30 ET
MSFT,Microsoft,FY2026Q4,2026-06-30,2026-Q2,op_income,40603000000,quarter,fy_minus_9m,OperatingIncomeLoss,0001193125-26-323660 0001193125-26-191507,T1 (XBRL),no,2026-10-09 18:30 ET
MSFT,Microsoft,FY2026Q4,2026-06-30,2026-Q2,da,10300000000,quarter,fy_minus_9m,Depreciation,0001193125-26-323660 0001193125-26-191507,T1 (XBRL),no,2026-10-09 18:30 ET
MSFT,Microsoft,FY2026Q4,2026-06-30,2026-Q2,interest_exp,839000000,quarter,fy_minus_9m,InterestExpenseNonoperating,0001193125-26-323660 0001193125-26-191507,T1 (XBRL),no,2026-10-09 18:30 ET
MSFT,Microsoft,FY2026Q4,2026-06-30,2026-Q2,debt_repaid,0,quarter,fy_minus_9m,RepaymentsOfDebtMaturingInMoreThanThreeMonths,0001193125-26-323660 0001193125-26-191507,T1 (XBRL),no,2026-10-09 18:30 ET
MSFT,Microsoft,FY2026Q4,2026-06-30,2026-Q2,equity_proceeds,520000000,quarter,fy_minus_9m,ProceedsFromIssuanceOfCommonStock,0001193125-26-323660 0001193125-26-191507,T1 (XBRL),no,2026-10-09 18:30 ET
MSFT,Microsoft,FY2026Q4,2026-06-30,2026-Q2,buybacks,4579000000,quarter,fy_minus_9m,PaymentsForRepurchaseOfCommonStock,0001193125-26-323660 0001193125-26-191507,T1 (XBRL),no,2026-10-09 18:30 ET
MSFT,Microsoft,FY2026Q4,2026-06-30,2026-Q2,dividends,6758000000,quarter,fy_minus_9m,PaymentsOfDividendsCommonStock,0001193125-26-323660 0001193125-26-191507,T1 (XBRL),no,2026-10-09 18:30 ET
MSFT,Microsoft,FY2026Q4,2026-06-30,2026-Q2,capex_incl_fl,40924000000,quarter,FNAM calculation,,,FNAM calculation,no,2026-10-09 18:30 ET
MSFT,Microsoft,FY2026Q4,2026-06-30,2026-Q2,fcf,19639000000,quarter,FNAM calculation,,,FNAM calculation,no,2026-10-09 18:30 ET
MSFT,Microsoft,FY2026Q4,2026-06-30,2026-Q2,capex_ocf,0.6457675727349795,ratio,FNAM calculation,,,FNAM calculation,no,2026-10-09 18:30 ET
MSFT,Microsoft,FY2026Q4,2026-06-30,2026-Q2,fcf_after_fl,18717000000,quarter,FNAM calculation,,,FNAM calculation,no,2026-10-09 18:30 ET
MSFT,Microsoft,FY2026Q4,2026-06-30,2026-Q2,ttm_capex_cash,115948000000,trailing 12 months,FNAM calculation,,,FNAM calculation,no,2026-10-09 18:30 ET
MSFT,Microsoft,FY2026Q4,2026-06-30,2026-Q2,ttm_fl_additions,24608000000,trailing 12 months,FNAM calculation,,,FNAM calculation,no,2026-10-09 18:30 ET
MSFT,Microsoft,FY2026Q4,2026-06-30,2026-Q2,ttm_ol_additions,4555000000,trailing 12 months,FNAM calculation,,,FNAM calculation,no,2026-10-09 18:30 ET
MSFT,Microsoft,FY2026Q4,2026-06-30,2026-Q2,ttm_fl_principal,3101000000,trailing 12 months,FNAM calculation,,,FNAM calculation,no,2026-10-09 18:30 ET
MSFT,Microsoft,FY2026Q4,2026-06-30,2026-Q2,ttm_revenue,331839000000,trailing 12 months,FNAM calculation,,,FNAM calculation,no,2026-10-09 18:30 ET
MSFT,Microsoft,FY2026Q4,2026-06-30,2026-Q2,ttm_ocf,182935000000,trailing 12 months,FNAM calculation,,,FNAM calculation,no,2026-10-09 18:30 ET
MSFT,Microsoft,FY2026Q4,2026-06-30,2026-Q2,ttm_op_income,155237000000,trailing 12 months,FNAM calculation,,,FNAM calculation,no,2026-10-09 18:30 ET
MSFT,Microsoft,FY2026Q4,2026-06-30,2026-Q2,ttm_da,34300000000,trailing 12 months,FNAM calculation,,,FNAM calculation,no,2026-10-09 18:30 ET
MSFT,Microsoft,FY2026Q4,2026-06-30,2026-Q2,ttm_interest_exp,3051000000,trailing 12 months,FNAM calculation,,,FNAM calculation,no,2026-10-09 18:30 ET
MSFT,Microsoft,FY2026Q4,2026-06-30,2026-Q2,ttm_debt_proceeds,0,trailing 12 months,FNAM calculation,,,FNAM calculation,no,2026-10-09 18:30 ET
MSFT,Microsoft,FY2026Q4,2026-06-30,2026-Q2,ttm__fromFY,"debt_proceeds,cp_net,interest_paid",trailing 12 months,FNAM calculation,,,FNAM calculation,no,2026-10-09 18:30 ET
MSFT,Microsoft,FY2026Q4,2026-06-30,2026-Q2,ttm_debt_repaid,3000000000,trailing 12 months,FNAM calculation,,,FNAM calculation,no,2026-10-09 18:30 ET
MSFT,Microsoft,FY2026Q4,2026-06-30,2026-Q2,ttm_cp_net,0,trailing 12 months,FNAM calculation,,,FNAM calculation,no,2026-10-09 18:30 ET
MSFT,Microsoft,FY2026Q4,2026-06-30,2026-Q2,ttm_equity_proceeds,2009000000,trailing 12 months,FNAM calculation,,,FNAM calculation,no,2026-10-09 18:30 ET
MSFT,Microsoft,FY2026Q4,2026-06-30,2026-Q2,ttm_buybacks,22271000000,trailing 12 months,FNAM calculation,,,FNAM calculation,no,2026-10-09 18:30 ET
MSFT,Microsoft,FY2026Q4,2026-06-30,2026-Q2,ttm_interest_paid,1500000000,trailing 12 months,FNAM calculation,,,FNAM calculation,no,2026-10-09 18:30 ET
MSFT,Microsoft,FY2026Q4,2026-06-30,2026-Q2,ttm_dividends,26445000000,trailing 12 months,FNAM calculation,,,FNAM calculation,no,2026-10-09 18:30 ET
MSFT,Microsoft,FY2026Q4,2026-06-30,2026-Q2,ttm_ebitda,189537000000,trailing 12 months,FNAM calculation,,,FNAM calculation,no,2026-10-09 18:30 ET
MSFT,Microsoft,FY2026Q4,2026-06-30,2026-Q2,ttm_capex_incl_fl,140556000000,trailing 12 months,FNAM calculation,,,FNAM calculation,no,2026-10-09 18:30 ET
MSFT,Microsoft,FY2026Q4,2026-06-30,2026-Q2,ttm_fcf,66987000000,trailing 12 months,FNAM calculation,,,FNAM calculation,no,2026-10-09 18:30 ET
MSFT,Microsoft,FY2026Q4,2026-06-30,2026-Q2,ttm_capex_ocf,0.6338207560062317,trailing 12 months,FNAM calculation,,,FNAM calculation,no,2026-10-09 18:30 ET
MSFT,Microsoft,FY2026Q4,2026-06-30,2026-Q2,ttm_fcf_after_fl,63886000000,trailing 12 months,FNAM calculation,,,FNAM calculation,no,2026-10-09 18:30 ET
MSFT,Microsoft,FY2026Q4,2026-06-30,2026-Q2,ttm_int_cov,50.880694854146185,trailing 12 months,FNAM calculation,,,FNAM calculation,no,2026-10-09 18:30 ET
MSFT,Microsoft,FY2026Q4,2026-06-30,2026-Q2,ttm_ebitda_int,62.12291052114061,trailing 12 months,FNAM calculation,,,FNAM calculation,no,2026-10-09 18:30 ET
MSFT,Microsoft,FY2026Q4,2026-06-30,2026-Q2,ttm_nd_ebitda,-0.1928330616185758,trailing 12 months,FNAM calculation,,,FNAM calculation,no,2026-10-09 18:30 ET
MSFT,Microsoft,FY2026Q4,2026-06-30,2026-Q2,ttm_land_ebitda,0.2741944844542227,trailing 12 months,FNAM calculation,,,FNAM calculation,no,2026-10-09 18:30 ET
GOOGL,Alphabet,FY2022Q2,2022-06-30,2022-Q2,capex_cash,6828000000,quarter,ytd_subtraction,PaymentsToAcquirePropertyPlantAndEquipment,0001652044-23-000070 0001652044-23-000045,T1 (XBRL),no,2026-10-09 18:30 ET
GOOGL,Alphabet,FY2022Q2,2022-06-30,2022-Q2,ocf,19422000000,quarter,ytd_subtraction,NetCashProvidedByUsedInOperatingActivities,0001652044-23-000070 0001652044-23-000045,T1 (XBRL),no,2026-10-09 18:30 ET
GOOGL,Alphabet,FY2022Q2,2022-06-30,2022-Q2,op_income,19453000000,quarter,reported,OperatingIncomeLoss,0001652044-23-000070,T1 (XBRL),no,2026-10-09 18:30 ET
GOOGL,Alphabet,FY2022Q2,2022-06-30,2022-Q2,interest_exp,83000000,quarter,reported,InterestExpense,0001652044-23-000070,T1 (XBRL),no,2026-10-09 18:30 ET
GOOGL,Alphabet,FY2022Q2,2022-06-30,2022-Q2,interest_cap,37000000,quarter,reported,InterestCostsCapitalized,0001652044-23-000070,T1 (XBRL),no,2026-10-09 18:30 ET
GOOGL,Alphabet,FY2022Q2,2022-06-30,2022-Q2,debt_proceeds,12806000000,quarter,ytd_subtraction,ProceedsFromDebtNetOfIssuanceCosts,0001652044-23-000070 0001652044-23-000045,T1 (XBRL),no,2026-10-09 18:30 ET
GOOGL,Alphabet,FY2022Q2,2022-06-30,2022-Q2,debt_repaid,13162000000,quarter,ytd_subtraction,RepaymentsOfDebtAndCapitalLeaseObligations,0001652044-23-000070 0001652044-23-000045,T1 (XBRL),no,2026-10-09 18:30 ET
GOOGL,Alphabet,FY2022Q2,2022-06-30,2022-Q2,buybacks,15197000000,quarter,ytd_subtraction,PaymentsForRepurchaseOfCommonStock,0001652044-23-000070 0001652044-23-000045,T1 (XBRL),no,2026-10-09 18:30 ET
GOOGL,Alphabet,FY2022Q2,2022-06-30,2022-Q2,fcf,12594000000,quarter,FNAM calculation,,,FNAM calculation,no,2026-10-09 18:30 ET
GOOGL,Alphabet,FY2022Q2,2022-06-30,2022-Q2,capex_ocf,0.35156008649984555,ratio,FNAM calculation,,,FNAM calculation,no,2026-10-09 18:30 ET
GOOGL,Alphabet,FY2022Q3,2022-09-30,2022-Q3,capex_cash,7276000000,quarter,ytd_subtraction,PaymentsToAcquirePropertyPlantAndEquipment,0001652044-23-000094 0001652044-23-000070,T1 (XBRL),no,2026-10-09 18:30 ET
GOOGL,Alphabet,FY2022Q3,2022-09-30,2022-Q3,ocf,23353000000,quarter,ytd_subtraction,NetCashProvidedByUsedInOperatingActivities,0001652044-23-000094 0001652044-23-000070,T1 (XBRL),no,2026-10-09 18:30 ET
GOOGL,Alphabet,FY2022Q3,2022-09-30,2022-Q3,op_income,17135000000,quarter,reported,OperatingIncomeLoss,0001652044-23-000094,T1 (XBRL),no,2026-10-09 18:30 ET
GOOGL,Alphabet,FY2022Q3,2022-09-30,2022-Q3,interest_exp,101000000,quarter,reported,InterestExpense,0001652044-23-000094,T1 (XBRL),no,2026-10-09 18:30 ET
GOOGL,Alphabet,FY2022Q3,2022-09-30,2022-Q3,interest_cap,28000000,quarter,reported,InterestCostsCapitalized,0001652044-23-000094,T1 (XBRL),no,2026-10-09 18:30 ET
GOOGL,Alphabet,FY2022Q3,2022-09-30,2022-Q3,debt_proceeds,15094000000,quarter,ytd_subtraction,ProceedsFromDebtNetOfIssuanceCosts,0001652044-23-000094 0001652044-23-000070,T1 (XBRL),no,2026-10-09 18:30 ET
GOOGL,Alphabet,FY2022Q3,2022-09-30,2022-Q3,debt_repaid,15768000000,quarter,ytd_subtraction,RepaymentsOfDebtAndCapitalLeaseObligations,0001652044-23-000094 0001652044-23-000070,T1 (XBRL),no,2026-10-09 18:30 ET
GOOGL,Alphabet,FY2022Q3,2022-09-30,2022-Q3,buybacks,15392000000,quarter,ytd_subtraction,PaymentsForRepurchaseOfCommonStock,0001652044-23-000094 0001652044-23-000070,T1 (XBRL),no,2026-10-09 18:30 ET
GOOGL,Alphabet,FY2022Q3,2022-09-30,2022-Q3,fcf,16077000000,quarter,FNAM calculation,,,FNAM calculation,no,2026-10-09 18:30 ET
GOOGL,Alphabet,FY2022Q3,2022-09-30,2022-Q3,capex_ocf,0.3115659658288014,ratio,FNAM calculation,,,FNAM calculation,no,2026-10-09 18:30 ET
GOOGL,Alphabet,FY2022Q4,2022-12-31,2022-Q4,capex_cash,7595000000,quarter,fy_minus_9m,PaymentsToAcquirePropertyPlantAndEquipment,0001652044-25-000014 0001652044-23-000094,T1 (XBRL),no,2026-10-09 18:30 ET
GOOGL,Alphabet,FY2022Q4,2022-12-31,2022-Q4,ocf,23614000000,quarter,fy_minus_9m,NetCashProvidedByUsedInOperatingActivities,0001652044-25-000014 0001652044-23-000094,T1 (XBRL),no,2026-10-09 18:30 ET
GOOGL,Alphabet,FY2022Q4,2022-12-31,2022-Q4,op_income,18160000000,quarter,fy_minus_9m,OperatingIncomeLoss,0001652044-25-000014 0001652044-23-000094,T1 (XBRL),no,2026-10-09 18:30 ET
GOOGL,Alphabet,FY2022Q4,2022-12-31,2022-Q4,interest_exp,90000000,quarter,fy_minus_9m,InterestExpense,0001652044-24-000022 0001652044-23-000094,T1 (XBRL),no,2026-10-09 18:30 ET
GOOGL,Alphabet,FY2022Q4,2022-12-31,2022-Q4,interest_cap,29000000,quarter,fy_minus_9m,InterestCostsCapitalized,0001652044-25-000014 0001652044-23-000094,T1 (XBRL),no,2026-10-09 18:30 ET
GOOGL,Alphabet,FY2022Q4,2022-12-31,2022-Q4,debt_proceeds,8550000000,quarter,fy_minus_9m,ProceedsFromDebtNetOfIssuanceCosts,0001652044-25-000014 0001652044-23-000094,T1 (XBRL),no,2026-10-09 18:30 ET
GOOGL,Alphabet,FY2022Q4,2022-12-31,2022-Q4,debt_repaid,8718000000,quarter,fy_minus_9m,RepaymentsOfDebtAndCapitalLeaseObligations,0001652044-25-000014 0001652044-23-000094,T1 (XBRL),no,2026-10-09 18:30 ET
GOOGL,Alphabet,FY2022Q4,2022-12-31,2022-Q4,buybacks,15407000000,quarter,fy_minus_9m,PaymentsForRepurchaseOfCommonStock,0001652044-25-000014 0001652044-23-000094,T1 (XBRL),no,2026-10-09 18:30 ET
GOOGL,Alphabet,FY2022Q4,2022-12-31,2022-Q4,fcf,16019000000,quarter,FNAM calculation,,,FNAM calculation,no,2026-10-09 18:30 ET
GOOGL,Alphabet,FY2022Q4,2022-12-31,2022-Q4,capex_ocf,0.3216312357076311,ratio,FNAM calculation,,,FNAM calculation,no,2026-10-09 18:30 ET
GOOGL,Alphabet,FY2022Q4,2022-12-31,2022-Q4,ttm_capex_cash,31485000000,trailing 12 months,FNAM calculation,,,FNAM calculation,no,2026-10-09 18:30 ET
GOOGL,Alphabet,FY2022Q4,2022-12-31,2022-Q4,ttm__fromFY,"capex_cash,fl_additions,ol_additions,fl_principal,revenue,ocf,op_income,da,interest_exp,interest_cap,debt_proceeds,debt_repaid,buybacks,dividends",trailing 12 months,FNAM calculation,,,FNAM calculation,no,2026-10-09 18:30 ET
GOOGL,Alphabet,FY2022Q4,2022-12-31,2022-Q4,ttm_fl_additions,577000000,trailing 12 months,FNAM calculation,,,FNAM calculation,no,2026-10-09 18:30 ET
GOOGL,Alphabet,FY2022Q4,2022-12-31,2022-Q4,ttm_ol_additions,4383000000,trailing 12 months,FNAM calculation,,,FNAM calculation,no,2026-10-09 18:30 ET
GOOGL,Alphabet,FY2022Q4,2022-12-31,2022-Q4,ttm_fl_principal,586000000,trailing 12 months,FNAM calculation,,,FNAM calculation,no,2026-10-09 18:30 ET
GOOGL,Alphabet,FY2022Q4,2022-12-31,2022-Q4,ttm_revenue,282836000000,trailing 12 months,FNAM calculation,,,FNAM calculation,no,2026-10-09 18:30 ET
GOOGL,Alphabet,FY2022Q4,2022-12-31,2022-Q4,ttm_ocf,91495000000,trailing 12 months,FNAM calculation,,,FNAM calculation,no,2026-10-09 18:30 ET
GOOGL,Alphabet,FY2022Q4,2022-12-31,2022-Q4,ttm_op_income,74842000000,trailing 12 months,FNAM calculation,,,FNAM calculation,no,2026-10-09 18:30 ET
GOOGL,Alphabet,FY2022Q4,2022-12-31,2022-Q4,ttm_da,13475000000,trailing 12 months,FNAM calculation,,,FNAM calculation,no,2026-10-09 18:30 ET
GOOGL,Alphabet,FY2022Q4,2022-12-31,2022-Q4,ttm_interest_exp,357000000,trailing 12 months,FNAM calculation,,,FNAM calculation,no,2026-10-09 18:30 ET
GOOGL,Alphabet,FY2022Q4,2022-12-31,2022-Q4,ttm_interest_cap,128000000,trailing 12 months,FNAM calculation,,,FNAM calculation,no,2026-10-09 18:30 ET
GOOGL,Alphabet,FY2022Q4,2022-12-31,2022-Q4,ttm_debt_proceeds,52872000000,trailing 12 months,FNAM calculation,,,FNAM calculation,no,2026-10-09 18:30 ET
GOOGL,Alphabet,FY2022Q4,2022-12-31,2022-Q4,ttm_debt_repaid,54068000000,trailing 12 months,FNAM calculation,,,FNAM calculation,no,2026-10-09 18:30 ET
GOOGL,Alphabet,FY2022Q4,2022-12-31,2022-Q4,ttm_buybacks,59296000000,trailing 12 months,FNAM calculation,,,FNAM calculation,no,2026-10-09 18:30 ET
GOOGL,Alphabet,FY2022Q4,2022-12-31,2022-Q4,ttm_dividends,0,trailing 12 months,FNAM calculation,,,FNAM calculation,no,2026-10-09 18:30 ET
GOOGL,Alphabet,FY2022Q4,2022-12-31,2022-Q4,ttm_ebitda,88317000000,trailing 12 months,FNAM calculation,,,FNAM calculation,no,2026-10-09 18:30 ET
GOOGL,Alphabet,FY2022Q4,2022-12-31,2022-Q4,ttm_capex_incl_fl,32062000000,trailing 12 months,FNAM calculation,,,FNAM calculation,no,2026-10-09 18:30 ET
GOOGL,Alphabet,FY2022Q4,2022-12-31,2022-Q4,ttm_fcf,60010000000,trailing 12 months,FNAM calculation,,,FNAM calculation,no,2026-10-09 18:30 ET
GOOGL,Alphabet,FY2022Q4,2022-12-31,2022-Q4,ttm_capex_ocf,0.3441171648723974,trailing 12 months,FNAM calculation,,,FNAM calculation,no,2026-10-09 18:30 ET
GOOGL,Alphabet,FY2022Q4,2022-12-31,2022-Q4,ttm_fcf_after_fl,59424000000,trailing 12 months,FNAM calculation,,,FNAM calculation,no,2026-10-09 18:30 ET
GOOGL,Alphabet,FY2022Q4,2022-12-31,2022-Q4,ttm_int_cov,209.64145658263305,trailing 12 months,FNAM calculation,,,FNAM calculation,no,2026-10-09 18:30 ET
GOOGL,Alphabet,FY2022Q4,2022-12-31,2022-Q4,ttm_ebitda_int,247.38655462184875,trailing 12 months,FNAM calculation,,,FNAM calculation,no,2026-10-09 18:30 ET
GOOGL,Alphabet,FY2022Q4,2022-12-31,2022-Q4,ttm_nd_ebitda,-1.1147344225913471,trailing 12 months,FNAM calculation,,,FNAM calculation,no,2026-10-09 18:30 ET
GOOGL,Alphabet,FY2022Q4,2022-12-31,2022-Q4,ttm_land_ebitda,-0.9208872583987228,trailing 12 months,FNAM calculation,,,FNAM calculation,no,2026-10-09 18:30 ET
GOOGL,Alphabet,FY2023Q1,2023-03-31,2023-Q1,capex_cash,6289000000,quarter,reported,PaymentsToAcquirePropertyPlantAndEquipment,0001652044-24-000053,T1 (XBRL),no,2026-10-09 18:30 ET
GOOGL,Alphabet,FY2023Q1,2023-03-31,2023-Q1,ocf,23509000000,quarter,reported,NetCashProvidedByUsedInOperatingActivities,0001652044-24-000053,T1 (XBRL),no,2026-10-09 18:30 ET
GOOGL,Alphabet,FY2023Q1,2023-03-31,2023-Q1,op_income,17415000000,quarter,reported,OperatingIncomeLoss,0001652044-24-000053,T1 (XBRL),no,2026-10-09 18:30 ET
GOOGL,Alphabet,FY2023Q1,2023-03-31,2023-Q1,da,2635000000,quarter,reported,Depreciation,0001652044-24-000053,T1 (XBRL),no,2026-10-09 18:30 ET
GOOGL,Alphabet,FY2023Q1,2023-03-31,2023-Q1,interest_exp,80000000,quarter,reported,InterestExpense,0001652044-24-000053,T1 (XBRL),no,2026-10-09 18:30 ET
GOOGL,Alphabet,FY2023Q1,2023-03-31,2023-Q1,interest_cap,40000000,quarter,reported,InterestCostsCapitalized,0001652044-24-000053,T1 (XBRL),no,2026-10-09 18:30 ET
GOOGL,Alphabet,FY2023Q1,2023-03-31,2023-Q1,debt_proceeds,6927000000,quarter,reported,ProceedsFromDebtNetOfIssuanceCosts,0001652044-24-000053,T1 (XBRL),no,2026-10-09 18:30 ET
GOOGL,Alphabet,FY2023Q1,2023-03-31,2023-Q1,debt_repaid,6952000000,quarter,reported,RepaymentsOfDebtAndCapitalLeaseObligations,0001652044-24-000053,T1 (XBRL),no,2026-10-09 18:30 ET
GOOGL,Alphabet,FY2023Q1,2023-03-31,2023-Q1,buybacks,14557000000,quarter,reported,PaymentsForRepurchaseOfCommonStock,0001652044-24-000053,T1 (XBRL),no,2026-10-09 18:30 ET
GOOGL,Alphabet,FY2023Q1,2023-03-31,2023-Q1,fcf,17220000000,quarter,FNAM calculation,,,FNAM calculation,no,2026-10-09 18:30 ET
GOOGL,Alphabet,FY2023Q1,2023-03-31,2023-Q1,capex_ocf,0.2675145688885108,ratio,FNAM calculation,,,FNAM calculation,no,2026-10-09 18:30 ET
GOOGL,Alphabet,FY2023Q1,2023-03-31,2023-Q1,ttm_capex_cash,27988000000,trailing 12 months,FNAM calculation,,,FNAM calculation,no,2026-10-09 18:30 ET
GOOGL,Alphabet,FY2023Q1,2023-03-31,2023-Q1,ttm_revenue,284612000000,trailing 12 months,FNAM calculation,,,FNAM calculation,no,2026-10-09 18:30 ET
GOOGL,Alphabet,FY2023Q1,2023-03-31,2023-Q1,ttm_ocf,89898000000,trailing 12 months,FNAM calculation,,,FNAM calculation,no,2026-10-09 18:30 ET
GOOGL,Alphabet,FY2023Q1,2023-03-31,2023-Q1,ttm_op_income,72163000000,trailing 12 months,FNAM calculation,,,FNAM calculation,no,2026-10-09 18:30 ET
GOOGL,Alphabet,FY2023Q1,2023-03-31,2023-Q1,ttm_interest_exp,354000000,trailing 12 months,FNAM calculation,,,FNAM calculation,no,2026-10-09 18:30 ET
GOOGL,Alphabet,FY2023Q1,2023-03-31,2023-Q1,ttm_interest_cap,134000000,trailing 12 months,FNAM calculation,,,FNAM calculation,no,2026-10-09 18:30 ET
GOOGL,Alphabet,FY2023Q1,2023-03-31,2023-Q1,ttm_debt_proceeds,43377000000,trailing 12 months,FNAM calculation,,,FNAM calculation,no,2026-10-09 18:30 ET
GOOGL,Alphabet,FY2023Q1,2023-03-31,2023-Q1,ttm_debt_repaid,44600000000,trailing 12 months,FNAM calculation,,,FNAM calculation,no,2026-10-09 18:30 ET
GOOGL,Alphabet,FY2023Q1,2023-03-31,2023-Q1,ttm_buybacks,60553000000,trailing 12 months,FNAM calculation,,,FNAM calculation,no,2026-10-09 18:30 ET
GOOGL,Alphabet,FY2023Q1,2023-03-31,2023-Q1,ttm_fcf,61910000000,trailing 12 months,FNAM calculation,,,FNAM calculation,no,2026-10-09 18:30 ET
GOOGL,Alphabet,FY2023Q1,2023-03-31,2023-Q1,ttm_capex_ocf,0.3113306191461434,trailing 12 months,FNAM calculation,,,FNAM calculation,no,2026-10-09 18:30 ET
GOOGL,Alphabet,FY2023Q1,2023-03-31,2023-Q1,ttm_int_cov,203.8502824858757,trailing 12 months,FNAM calculation,,,FNAM calculation,no,2026-10-09 18:30 ET
GOOGL,Alphabet,FY2023Q2,2023-06-30,2023-Q2,capex_cash,6888000000,quarter,ytd_subtraction,PaymentsToAcquirePropertyPlantAndEquipment,0001652044-24-000079 0001652044-24-000053,T1 (XBRL),no,2026-10-09 18:30 ET
GOOGL,Alphabet,FY2023Q2,2023-06-30,2023-Q2,ocf,28666000000,quarter,ytd_subtraction,NetCashProvidedByUsedInOperatingActivities,0001652044-24-000079 0001652044-24-000053,T1 (XBRL),no,2026-10-09 18:30 ET
GOOGL,Alphabet,FY2023Q2,2023-06-30,2023-Q2,op_income,21838000000,quarter,reported,OperatingIncomeLoss,0001652044-24-000079,T1 (XBRL),no,2026-10-09 18:30 ET
GOOGL,Alphabet,FY2023Q2,2023-06-30,2023-Q2,da,2824000000,quarter,ytd_subtraction,Depreciation,0001652044-24-000079 0001652044-24-000053,T1 (XBRL),no,2026-10-09 18:30 ET
GOOGL,Alphabet,FY2023Q2,2023-06-30,2023-Q2,interest_exp,43000000,quarter,reported,InterestExpense,0001652044-23-000070,T1 (XBRL),no,2026-10-09 18:30 ET
GOOGL,Alphabet,FY2023Q2,2023-06-30,2023-Q2,interest_cap,47000000,quarter,reported,InterestCostsCapitalized,0001652044-24-000079,T1 (XBRL),no,2026-10-09 18:30 ET
GOOGL,Alphabet,FY2023Q2,2023-06-30,2023-Q2,debt_proceeds,1123000000,quarter,ytd_subtraction,ProceedsFromDebtNetOfIssuanceCosts,0001652044-24-000079 0001652044-24-000053,T1 (XBRL),no,2026-10-09 18:30 ET
GOOGL,Alphabet,FY2023Q2,2023-06-30,2023-Q2,debt_repaid,1255000000,quarter,ytd_subtraction,RepaymentsOfDebtAndCapitalLeaseObligations,0001652044-24-000079 0001652044-24-000053,T1 (XBRL),no,2026-10-09 18:30 ET
GOOGL,Alphabet,FY2023Q2,2023-06-30,2023-Q2,buybacks,14969000000,quarter,ytd_subtraction,PaymentsForRepurchaseOfCommonStock,0001652044-24-000079 0001652044-24-000053,T1 (XBRL),no,2026-10-09 18:30 ET
GOOGL,Alphabet,FY2023Q2,2023-06-30,2023-Q2,fcf,21778000000,quarter,FNAM calculation,,,FNAM calculation,no,2026-10-09 18:30 ET
GOOGL,Alphabet,FY2023Q2,2023-06-30,2023-Q2,capex_ocf,0.24028465778273914,ratio,FNAM calculation,,,FNAM calculation,no,2026-10-09 18:30 ET
GOOGL,Alphabet,FY2023Q2,2023-06-30,2023-Q2,ttm_capex_cash,28048000000,trailing 12 months,FNAM calculation,,,FNAM calculation,no,2026-10-09 18:30 ET
GOOGL,Alphabet,FY2023Q2,2023-06-30,2023-Q2,ttm_revenue,289531000000,trailing 12 months,FNAM calculation,,,FNAM calculation,no,2026-10-09 18:30 ET
GOOGL,Alphabet,FY2023Q2,2023-06-30,2023-Q2,ttm_ocf,99142000000,trailing 12 months,FNAM calculation,,,FNAM calculation,no,2026-10-09 18:30 ET
GOOGL,Alphabet,FY2023Q2,2023-06-30,2023-Q2,ttm_op_income,74548000000,trailing 12 months,FNAM calculation,,,FNAM calculation,no,2026-10-09 18:30 ET
GOOGL,Alphabet,FY2023Q2,2023-06-30,2023-Q2,ttm_interest_exp,314000000,trailing 12 months,FNAM calculation,,,FNAM calculation,no,2026-10-09 18:30 ET
GOOGL,Alphabet,FY2023Q2,2023-06-30,2023-Q2,ttm_interest_cap,144000000,trailing 12 months,FNAM calculation,,,FNAM calculation,no,2026-10-09 18:30 ET
GOOGL,Alphabet,FY2023Q2,2023-06-30,2023-Q2,ttm_debt_proceeds,31694000000,trailing 12 months,FNAM calculation,,,FNAM calculation,no,2026-10-09 18:30 ET
GOOGL,Alphabet,FY2023Q2,2023-06-30,2023-Q2,ttm_debt_repaid,32693000000,trailing 12 months,FNAM calculation,,,FNAM calculation,no,2026-10-09 18:30 ET
GOOGL,Alphabet,FY2023Q2,2023-06-30,2023-Q2,ttm_buybacks,60325000000,trailing 12 months,FNAM calculation,,,FNAM calculation,no,2026-10-09 18:30 ET
GOOGL,Alphabet,FY2023Q2,2023-06-30,2023-Q2,ttm_fcf,71094000000,trailing 12 months,FNAM calculation,,,FNAM calculation,no,2026-10-09 18:30 ET
GOOGL,Alphabet,FY2023Q2,2023-06-30,2023-Q2,ttm_capex_ocf,0.2829073450202739,trailing 12 months,FNAM calculation,,,FNAM calculation,no,2026-10-09 18:30 ET
GOOGL,Alphabet,FY2023Q2,2023-06-30,2023-Q2,ttm_int_cov,237.4140127388535,trailing 12 months,FNAM calculation,,,FNAM calculation,no,2026-10-09 18:30 ET
GOOGL,Alphabet,FY2023Q3,2023-09-30,2023-Q3,capex_cash,8055000000,quarter,ytd_subtraction,PaymentsToAcquirePropertyPlantAndEquipment,0001652044-24-000118 0001652044-24-000079,T1 (XBRL),no,2026-10-09 18:30 ET
GOOGL,Alphabet,FY2023Q3,2023-09-30,2023-Q3,ocf,30656000000,quarter,ytd_subtraction,NetCashProvidedByUsedInOperatingActivities,0001652044-24-000118 0001652044-24-000079,T1 (XBRL),no,2026-10-09 18:30 ET
GOOGL,Alphabet,FY2023Q3,2023-09-30,2023-Q3,op_income,21343000000,quarter,reported,OperatingIncomeLoss,0001652044-24-000118,T1 (XBRL),no,2026-10-09 18:30 ET
GOOGL,Alphabet,FY2023Q3,2023-09-30,2023-Q3,da,3171000000,quarter,ytd_subtraction,Depreciation,0001652044-24-000118 0001652044-24-000079,T1 (XBRL),no,2026-10-09 18:30 ET
GOOGL,Alphabet,FY2023Q3,2023-09-30,2023-Q3,interest_exp,116000000,quarter,reported,InterestExpense,0001652044-23-000094,T1 (XBRL),no,2026-10-09 18:30 ET
GOOGL,Alphabet,FY2023Q3,2023-09-30,2023-Q3,interest_cap,47000000,quarter,reported,InterestCostsCapitalized,0001652044-24-000118,T1 (XBRL),no,2026-10-09 18:30 ET
GOOGL,Alphabet,FY2023Q3,2023-09-30,2023-Q3,debt_proceeds,1248000000,quarter,ytd_subtraction,ProceedsFromDebtNetOfIssuanceCosts,0001652044-24-000118 0001652044-24-000079,T1 (XBRL),no,2026-10-09 18:30 ET
GOOGL,Alphabet,FY2023Q3,2023-09-30,2023-Q3,debt_repaid,1414000000,quarter,ytd_subtraction,RepaymentsOfDebtAndCapitalLeaseObligations,0001652044-24-000118 0001652044-24-000079,T1 (XBRL),no,2026-10-09 18:30 ET
GOOGL,Alphabet,FY2023Q3,2023-09-30,2023-Q3,buybacks,15787000000,quarter,ytd_subtraction,PaymentsForRepurchaseOfCommonStock,0001652044-24-000118 0001652044-24-000079,T1 (XBRL),no,2026-10-09 18:30 ET
GOOGL,Alphabet,FY2023Q3,2023-09-30,2023-Q3,dividends,0,quarter,ytd_subtraction,PaymentsOfDividends,0001652044-24-000118 0001652044-24-000079,T1 (XBRL),no,2026-10-09 18:30 ET
GOOGL,Alphabet,FY2023Q3,2023-09-30,2023-Q3,fcf,22601000000,quarter,FNAM calculation,,,FNAM calculation,no,2026-10-09 18:30 ET
GOOGL,Alphabet,FY2023Q3,2023-09-30,2023-Q3,capex_ocf,0.2627544363256785,ratio,FNAM calculation,,,FNAM calculation,no,2026-10-09 18:30 ET
GOOGL,Alphabet,FY2023Q3,2023-09-30,2023-Q3,ttm_capex_cash,28827000000,trailing 12 months,FNAM calculation,,,FNAM calculation,no,2026-10-09 18:30 ET
GOOGL,Alphabet,FY2023Q3,2023-09-30,2023-Q3,ttm_revenue,297132000000,trailing 12 months,FNAM calculation,,,FNAM calculation,no,2026-10-09 18:30 ET
GOOGL,Alphabet,FY2023Q3,2023-09-30,2023-Q3,ttm_ocf,106445000000,trailing 12 months,FNAM calculation,,,FNAM calculation,no,2026-10-09 18:30 ET
GOOGL,Alphabet,FY2023Q3,2023-09-30,2023-Q3,ttm_op_income,78756000000,trailing 12 months,FNAM calculation,,,FNAM calculation,no,2026-10-09 18:30 ET
GOOGL,Alphabet,FY2023Q3,2023-09-30,2023-Q3,ttm_interest_exp,329000000,trailing 12 months,FNAM calculation,,,FNAM calculation,no,2026-10-09 18:30 ET
GOOGL,Alphabet,FY2023Q3,2023-09-30,2023-Q3,ttm_interest_cap,163000000,trailing 12 months,FNAM calculation,,,FNAM calculation,no,2026-10-09 18:30 ET
GOOGL,Alphabet,FY2023Q3,2023-09-30,2023-Q3,ttm_debt_proceeds,17848000000,trailing 12 months,FNAM calculation,,,FNAM calculation,no,2026-10-09 18:30 ET
GOOGL,Alphabet,FY2023Q3,2023-09-30,2023-Q3,ttm_debt_repaid,18339000000,trailing 12 months,FNAM calculation,,,FNAM calculation,no,2026-10-09 18:30 ET
GOOGL,Alphabet,FY2023Q3,2023-09-30,2023-Q3,ttm_buybacks,60720000000,trailing 12 months,FNAM calculation,,,FNAM calculation,no,2026-10-09 18:30 ET
GOOGL,Alphabet,FY2023Q3,2023-09-30,2023-Q3,ttm_fcf,77618000000,trailing 12 months,FNAM calculation,,,FNAM calculation,no,2026-10-09 18:30 ET
GOOGL,Alphabet,FY2023Q3,2023-09-30,2023-Q3,ttm_capex_ocf,0.2708159143219503,trailing 12 months,FNAM calculation,,,FNAM calculation,no,2026-10-09 18:30 ET
GOOGL,Alphabet,FY2023Q3,2023-09-30,2023-Q3,ttm_int_cov,239.37993920972644,trailing 12 months,FNAM calculation,,,FNAM calculation,no,2026-10-09 18:30 ET
GOOGL,Alphabet,FY2023Q4,2023-12-31,2023-Q4,capex_cash,11019000000,quarter,fy_minus_9m,PaymentsToAcquirePropertyPlantAndEquipment,0001652044-26-000018 0001652044-24-000118,T1 (XBRL),no,2026-10-09 18:30 ET
GOOGL,Alphabet,FY2023Q4,2023-12-31,2023-Q4,ocf,18915000000,quarter,fy_minus_9m,NetCashProvidedByUsedInOperatingActivities,0001652044-26-000018 0001652044-24-000118,T1 (XBRL),no,2026-10-09 18:30 ET
GOOGL,Alphabet,FY2023Q4,2023-12-31,2023-Q4,op_income,23697000000,quarter,fy_minus_9m,OperatingIncomeLoss,0001652044-26-000018 0001652044-24-000118,T1 (XBRL),no,2026-10-09 18:30 ET
GOOGL,Alphabet,FY2023Q4,2023-12-31,2023-Q4,da,3316000000,quarter,fy_minus_9m,Depreciation,0001652044-26-000018 0001652044-24-000118,T1 (XBRL),no,2026-10-09 18:30 ET
GOOGL,Alphabet,FY2023Q4,2023-12-31,2023-Q4,interest_exp,69000000,quarter,fy_minus_9m,InterestExpense,0001652044-24-000022 0001652044-23-000094,T1 (XBRL),no,2026-10-09 18:30 ET
GOOGL,Alphabet,FY2023Q4,2023-12-31,2023-Q4,interest_cap,47000000,quarter,fy_minus_9m,InterestCostsCapitalized,0001652044-26-000018 0001652044-24-000118,T1 (XBRL),no,2026-10-09 18:30 ET
GOOGL,Alphabet,FY2023Q4,2023-12-31,2023-Q4,debt_proceeds,1492000000,quarter,fy_minus_9m,ProceedsFromDebtNetOfIssuanceCosts,0001652044-26-000018 0001652044-24-000118,T1 (XBRL),no,2026-10-09 18:30 ET
GOOGL,Alphabet,FY2023Q4,2023-12-31,2023-Q4,debt_repaid,1929000000,quarter,fy_minus_9m,RepaymentsOfDebtAndCapitalLeaseObligations,0001652044-26-000018 0001652044-24-000118,T1 (XBRL),no,2026-10-09 18:30 ET
GOOGL,Alphabet,FY2023Q4,2023-12-31,2023-Q4,buybacks,16191000000,quarter,fy_minus_9m,PaymentsForRepurchaseOfCommonStock,0001652044-26-000018 0001652044-24-000118,T1 (XBRL),no,2026-10-09 18:30 ET
GOOGL,Alphabet,FY2023Q4,2023-12-31,2023-Q4,dividends,0,quarter,fy_minus_9m,PaymentsOfDividends,0001652044-26-000018 0001652044-24-000118,T1 (XBRL),no,2026-10-09 18:30 ET
GOOGL,Alphabet,FY2023Q4,2023-12-31,2023-Q4,fcf,7896000000,quarter,FNAM calculation,,,FNAM calculation,no,2026-10-09 18:30 ET
GOOGL,Alphabet,FY2023Q4,2023-12-31,2023-Q4,capex_ocf,0.5825535289452816,ratio,FNAM calculation,,,FNAM calculation,no,2026-10-09 18:30 ET
GOOGL,Alphabet,FY2023Q4,2023-12-31,2023-Q4,ttm_capex_cash,32251000000,trailing 12 months,FNAM calculation,,,FNAM calculation,no,2026-10-09 18:30 ET
GOOGL,Alphabet,FY2023Q4,2023-12-31,2023-Q4,ttm_fl_additions,564000000,trailing 12 months,FNAM calculation,,,FNAM calculation,no,2026-10-09 18:30 ET
GOOGL,Alphabet,FY2023Q4,2023-12-31,2023-Q4,ttm__fromFY,"fl_additions,ol_additions,fl_principal,dividends",trailing 12 months,FNAM calculation,,,FNAM calculation,no,2026-10-09 18:30 ET
GOOGL,Alphabet,FY2023Q4,2023-12-31,2023-Q4,ttm_ol_additions,2877000000,trailing 12 months,FNAM calculation,,,FNAM calculation,no,2026-10-09 18:30 ET
GOOGL,Alphabet,FY2023Q4,2023-12-31,2023-Q4,ttm_fl_principal,705000000,trailing 12 months,FNAM calculation,,,FNAM calculation,no,2026-10-09 18:30 ET
GOOGL,Alphabet,FY2023Q4,2023-12-31,2023-Q4,ttm_revenue,307394000000,trailing 12 months,FNAM calculation,,,FNAM calculation,no,2026-10-09 18:30 ET
GOOGL,Alphabet,FY2023Q4,2023-12-31,2023-Q4,ttm_ocf,101746000000,trailing 12 months,FNAM calculation,,,FNAM calculation,no,2026-10-09 18:30 ET
GOOGL,Alphabet,FY2023Q4,2023-12-31,2023-Q4,ttm_op_income,84293000000,trailing 12 months,FNAM calculation,,,FNAM calculation,no,2026-10-09 18:30 ET
GOOGL,Alphabet,FY2023Q4,2023-12-31,2023-Q4,ttm_da,11946000000,trailing 12 months,FNAM calculation,,,FNAM calculation,no,2026-10-09 18:30 ET
GOOGL,Alphabet,FY2023Q4,2023-12-31,2023-Q4,ttm_interest_exp,308000000,trailing 12 months,FNAM calculation,,,FNAM calculation,no,2026-10-09 18:30 ET
GOOGL,Alphabet,FY2023Q4,2023-12-31,2023-Q4,ttm_interest_cap,181000000,trailing 12 months,FNAM calculation,,,FNAM calculation,no,2026-10-09 18:30 ET
GOOGL,Alphabet,FY2023Q4,2023-12-31,2023-Q4,ttm_debt_proceeds,10790000000,trailing 12 months,FNAM calculation,,,FNAM calculation,no,2026-10-09 18:30 ET
GOOGL,Alphabet,FY2023Q4,2023-12-31,2023-Q4,ttm_debt_repaid,11550000000,trailing 12 months,FNAM calculation,,,FNAM calculation,no,2026-10-09 18:30 ET
GOOGL,Alphabet,FY2023Q4,2023-12-31,2023-Q4,ttm_buybacks,61504000000,trailing 12 months,FNAM calculation,,,FNAM calculation,no,2026-10-09 18:30 ET
GOOGL,Alphabet,FY2023Q4,2023-12-31,2023-Q4,ttm_dividends,0,trailing 12 months,FNAM calculation,,,FNAM calculation,no,2026-10-09 18:30 ET
GOOGL,Alphabet,FY2023Q4,2023-12-31,2023-Q4,ttm_ebitda,96239000000,trailing 12 months,FNAM calculation,,,FNAM calculation,no,2026-10-09 18:30 ET
GOOGL,Alphabet,FY2023Q4,2023-12-31,2023-Q4,ttm_capex_incl_fl,32815000000,trailing 12 months,FNAM calculation,,,FNAM calculation,no,2026-10-09 18:30 ET
GOOGL,Alphabet,FY2023Q4,2023-12-31,2023-Q4,ttm_fcf,69495000000,trailing 12 months,FNAM calculation,,,FNAM calculation,no,2026-10-09 18:30 ET
GOOGL,Alphabet,FY2023Q4,2023-12-31,2023-Q4,ttm_capex_ocf,0.31697560592062585,trailing 12 months,FNAM calculation,,,FNAM calculation,no,2026-10-09 18:30 ET
GOOGL,Alphabet,FY2023Q4,2023-12-31,2023-Q4,ttm_fcf_after_fl,68790000000,trailing 12 months,FNAM calculation,,,FNAM calculation,no,2026-10-09 18:30 ET
GOOGL,Alphabet,FY2023Q4,2023-12-31,2023-Q4,ttm_int_cov,273.67857142857144,trailing 12 months,FNAM calculation,,,FNAM calculation,no,2026-10-09 18:30 ET
GOOGL,Alphabet,FY2023Q4,2023-12-31,2023-Q4,ttm_ebitda_int,312.4642857142857,trailing 12 months,FNAM calculation,,,FNAM calculation,no,2026-10-09 18:30 ET
GOOGL,Alphabet,FY2023Q4,2023-12-31,2023-Q4,ttm_nd_ebitda,-1.017425368094016,trailing 12 months,FNAM calculation,,,FNAM calculation,no,2026-10-09 18:30 ET
GOOGL,Alphabet,FY2023Q4,2023-12-31,2023-Q4,ttm_land_ebitda,-0.841644239861179,trailing 12 months,FNAM calculation,,,FNAM calculation,no,2026-10-09 18:30 ET
GOOGL,Alphabet,FY2024Q1,2024-03-31,2024-Q1,capex_cash,12012000000,quarter,reported,PaymentsToAcquirePropertyPlantAndEquipment,0001652044-25-000043,T1 (XBRL),no,2026-10-09 18:30 ET
GOOGL,Alphabet,FY2024Q1,2024-03-31,2024-Q1,fl_additions,19000000,quarter,reported,RightOfUseAssetObtainedInExchangeForFinanceLeaseLiability,0001652044-25-000043,T1 (XBRL),no,2026-10-09 18:30 ET
GOOGL,Alphabet,FY2024Q1,2024-03-31,2024-Q1,ol_additions,404000000,quarter,reported,RightOfUseAssetObtainedInExchangeForOperatingLeaseLiability,0001652044-25-000043,T1 (XBRL),no,2026-10-09 18:30 ET
GOOGL,Alphabet,FY2024Q1,2024-03-31,2024-Q1,fl_principal,90000000,quarter,reported,FinanceLeasePrincipalPayments,0001652044-25-000043,T1 (XBRL),no,2026-10-09 18:30 ET
GOOGL,Alphabet,FY2024Q1,2024-03-31,2024-Q1,ocf,28848000000,quarter,reported,NetCashProvidedByUsedInOperatingActivities,0001652044-25-000043,T1 (XBRL),no,2026-10-09 18:30 ET
GOOGL,Alphabet,FY2024Q1,2024-03-31,2024-Q1,op_income,25472000000,quarter,reported,OperatingIncomeLoss,0001652044-25-000043,T1 (XBRL),no,2026-10-09 18:30 ET
GOOGL,Alphabet,FY2024Q1,2024-03-31,2024-Q1,da,3413000000,quarter,reported,Depreciation,0001652044-25-000043,T1 (XBRL),no,2026-10-09 18:30 ET
GOOGL,Alphabet,FY2024Q1,2024-03-31,2024-Q1,interest_exp,94000000,quarter,reported,InterestExpenseNonoperating,0001652044-25-000043,T1 (XBRL),no,2026-10-09 18:30 ET
GOOGL,Alphabet,FY2024Q1,2024-03-31,2024-Q1,interest_cap,43000000,quarter,reported,InterestCostsCapitalized,0001652044-25-000043,T1 (XBRL),no,2026-10-09 18:30 ET
GOOGL,Alphabet,FY2024Q1,2024-03-31,2024-Q1,debt_proceeds,1982000000,quarter,reported,ProceedsFromDebtNetOfIssuanceCosts,0001652044-25-000043,T1 (XBRL),no,2026-10-09 18:30 ET
GOOGL,Alphabet,FY2024Q1,2024-03-31,2024-Q1,debt_repaid,3079000000,quarter,reported,RepaymentsOfDebtAndCapitalLeaseObligations,0001652044-25-000043,T1 (XBRL),no,2026-10-09 18:30 ET
GOOGL,Alphabet,FY2024Q1,2024-03-31,2024-Q1,buybacks,15696000000,quarter,reported,PaymentsForRepurchaseOfCommonStock,0001652044-25-000043,T1 (XBRL),no,2026-10-09 18:30 ET
GOOGL,Alphabet,FY2024Q1,2024-03-31,2024-Q1,dividends,0,quarter,reported,PaymentsOfDividends,0001652044-25-000043,T1 (XBRL),no,2026-10-09 18:30 ET
GOOGL,Alphabet,FY2024Q1,2024-03-31,2024-Q1,capex_incl_fl,12031000000,quarter,FNAM calculation,,,FNAM calculation,no,2026-10-09 18:30 ET
GOOGL,Alphabet,FY2024Q1,2024-03-31,2024-Q1,fcf,16836000000,quarter,FNAM calculation,,,FNAM calculation,no,2026-10-09 18:30 ET
GOOGL,Alphabet,FY2024Q1,2024-03-31,2024-Q1,capex_ocf,0.4163893510815308,ratio,FNAM calculation,,,FNAM calculation,no,2026-10-09 18:30 ET
GOOGL,Alphabet,FY2024Q1,2024-03-31,2024-Q1,fcf_after_fl,16746000000,quarter,FNAM calculation,,,FNAM calculation,no,2026-10-09 18:30 ET
GOOGL,Alphabet,FY2024Q1,2024-03-31,2024-Q1,ttm_capex_cash,37974000000,trailing 12 months,FNAM calculation,,,FNAM calculation,no,2026-10-09 18:30 ET
GOOGL,Alphabet,FY2024Q1,2024-03-31,2024-Q1,ttm_revenue,318146000000,trailing 12 months,FNAM calculation,,,FNAM calculation,no,2026-10-09 18:30 ET
GOOGL,Alphabet,FY2024Q1,2024-03-31,2024-Q1,ttm_ocf,107085000000,trailing 12 months,FNAM calculation,,,FNAM calculation,no,2026-10-09 18:30 ET
GOOGL,Alphabet,FY2024Q1,2024-03-31,2024-Q1,ttm_op_income,92350000000,trailing 12 months,FNAM calculation,,,FNAM calculation,no,2026-10-09 18:30 ET
GOOGL,Alphabet,FY2024Q1,2024-03-31,2024-Q1,ttm_da,12724000000,trailing 12 months,FNAM calculation,,,FNAM calculation,no,2026-10-09 18:30 ET
GOOGL,Alphabet,FY2024Q1,2024-03-31,2024-Q1,ttm_interest_exp,322000000,trailing 12 months,FNAM calculation,,,FNAM calculation,no,2026-10-09 18:30 ET
GOOGL,Alphabet,FY2024Q1,2024-03-31,2024-Q1,ttm_interest_cap,184000000,trailing 12 months,FNAM calculation,,,FNAM calculation,no,2026-10-09 18:30 ET
GOOGL,Alphabet,FY2024Q1,2024-03-31,2024-Q1,ttm_debt_proceeds,5845000000,trailing 12 months,FNAM calculation,,,FNAM calculation,no,2026-10-09 18:30 ET
GOOGL,Alphabet,FY2024Q1,2024-03-31,2024-Q1,ttm_debt_repaid,7677000000,trailing 12 months,FNAM calculation,,,FNAM calculation,no,2026-10-09 18:30 ET
GOOGL,Alphabet,FY2024Q1,2024-03-31,2024-Q1,ttm_buybacks,62643000000,trailing 12 months,FNAM calculation,,,FNAM calculation,no,2026-10-09 18:30 ET
GOOGL,Alphabet,FY2024Q1,2024-03-31,2024-Q1,ttm_ebitda,105074000000,trailing 12 months,FNAM calculation,,,FNAM calculation,no,2026-10-09 18:30 ET
GOOGL,Alphabet,FY2024Q1,2024-03-31,2024-Q1,ttm_fcf,69111000000,trailing 12 months,FNAM calculation,,,FNAM calculation,no,2026-10-09 18:30 ET
GOOGL,Alphabet,FY2024Q1,2024-03-31,2024-Q1,ttm_capex_ocf,0.3546154923658776,trailing 12 months,FNAM calculation,,,FNAM calculation,no,2026-10-09 18:30 ET
GOOGL,Alphabet,FY2024Q1,2024-03-31,2024-Q1,ttm_int_cov,286.80124223602485,trailing 12 months,FNAM calculation,,,FNAM calculation,no,2026-10-09 18:30 ET
GOOGL,Alphabet,FY2024Q1,2024-03-31,2024-Q1,ttm_ebitda_int,326.3167701863354,trailing 12 months,FNAM calculation,,,FNAM calculation,no,2026-10-09 18:30 ET
GOOGL,Alphabet,FY2024Q2,2024-06-30,2024-Q2,capex_cash,13186000000,quarter,ytd_subtraction,PaymentsToAcquirePropertyPlantAndEquipment,0001652044-25-000062 0001652044-25-000043,T1 (XBRL),no,2026-10-09 18:30 ET
GOOGL,Alphabet,FY2024Q2,2024-06-30,2024-Q2,fl_additions,146000000,quarter,reported,RightOfUseAssetObtainedInExchangeForFinanceLeaseLiability,0001652044-25-000062,T1 (XBRL),no,2026-10-09 18:30 ET
GOOGL,Alphabet,FY2024Q2,2024-06-30,2024-Q2,ol_additions,493000000,quarter,reported,RightOfUseAssetObtainedInExchangeForOperatingLeaseLiability,0001652044-25-000062,T1 (XBRL),no,2026-10-09 18:30 ET
GOOGL,Alphabet,FY2024Q2,2024-06-30,2024-Q2,fl_principal,97000000,quarter,reported,FinanceLeasePrincipalPayments,0001652044-25-000062,T1 (XBRL),no,2026-10-09 18:30 ET
GOOGL,Alphabet,FY2024Q2,2024-06-30,2024-Q2,ocf,26640000000,quarter,ytd_subtraction,NetCashProvidedByUsedInOperatingActivities,0001652044-25-000062 0001652044-25-000043,T1 (XBRL),no,2026-10-09 18:30 ET
GOOGL,Alphabet,FY2024Q2,2024-06-30,2024-Q2,op_income,27425000000,quarter,reported,OperatingIncomeLoss,0001652044-25-000062,T1 (XBRL),no,2026-10-09 18:30 ET
GOOGL,Alphabet,FY2024Q2,2024-06-30,2024-Q2,da,3708000000,quarter,ytd_subtraction,Depreciation,0001652044-25-000062 0001652044-25-000043,T1 (XBRL),no,2026-10-09 18:30 ET
GOOGL,Alphabet,FY2024Q2,2024-06-30,2024-Q2,interest_exp,67000000,quarter,reported,InterestExpenseNonoperating,0001652044-25-000062,T1 (XBRL),no,2026-10-09 18:30 ET
GOOGL,Alphabet,FY2024Q2,2024-06-30,2024-Q2,interest_cap,43000000,quarter,reported,InterestCostsCapitalized,0001652044-25-000062,T1 (XBRL),no,2026-10-09 18:30 ET
GOOGL,Alphabet,FY2024Q2,2024-06-30,2024-Q2,debt_proceeds,2893000000,quarter,ytd_subtraction,ProceedsFromDebtNetOfIssuanceCosts,0001652044-25-000062 0001652044-25-000043,T1 (XBRL),no,2026-10-09 18:30 ET
GOOGL,Alphabet,FY2024Q2,2024-06-30,2024-Q2,debt_repaid,2423000000,quarter,ytd_subtraction,RepaymentsOfDebtAndCapitalLeaseObligations,0001652044-25-000062 0001652044-25-000043,T1 (XBRL),no,2026-10-09 18:30 ET
GOOGL,Alphabet,FY2024Q2,2024-06-30,2024-Q2,buybacks,15684000000,quarter,ytd_subtraction,PaymentsForRepurchaseOfCommonStock,0001652044-25-000062 0001652044-25-000043,T1 (XBRL),no,2026-10-09 18:30 ET
GOOGL,Alphabet,FY2024Q2,2024-06-30,2024-Q2,dividends,2466000000,quarter,ytd_subtraction,PaymentsOfDividends,0001652044-25-000062 0001652044-25-000043,T1 (XBRL),no,2026-10-09 18:30 ET
GOOGL,Alphabet,FY2024Q2,2024-06-30,2024-Q2,capex_incl_fl,13332000000,quarter,FNAM calculation,,,FNAM calculation,no,2026-10-09 18:30 ET
GOOGL,Alphabet,FY2024Q2,2024-06-30,2024-Q2,fcf,13454000000,quarter,FNAM calculation,,,FNAM calculation,no,2026-10-09 18:30 ET
GOOGL,Alphabet,FY2024Q2,2024-06-30,2024-Q2,capex_ocf,0.49496996996996995,ratio,FNAM calculation,,,FNAM calculation,no,2026-10-09 18:30 ET
GOOGL,Alphabet,FY2024Q2,2024-06-30,2024-Q2,fcf_after_fl,13357000000,quarter,FNAM calculation,,,FNAM calculation,no,2026-10-09 18:30 ET
GOOGL,Alphabet,FY2024Q2,2024-06-30,2024-Q2,ttm_capex_cash,44272000000,trailing 12 months,FNAM calculation,,,FNAM calculation,no,2026-10-09 18:30 ET
GOOGL,Alphabet,FY2024Q2,2024-06-30,2024-Q2,ttm_revenue,328284000000,trailing 12 months,FNAM calculation,,,FNAM calculation,no,2026-10-09 18:30 ET
GOOGL,Alphabet,FY2024Q2,2024-06-30,2024-Q2,ttm_ocf,105059000000,trailing 12 months,FNAM calculation,,,FNAM calculation,no,2026-10-09 18:30 ET
GOOGL,Alphabet,FY2024Q2,2024-06-30,2024-Q2,ttm_op_income,97937000000,trailing 12 months,FNAM calculation,,,FNAM calculation,no,2026-10-09 18:30 ET
GOOGL,Alphabet,FY2024Q2,2024-06-30,2024-Q2,ttm_da,13608000000,trailing 12 months,FNAM calculation,,,FNAM calculation,no,2026-10-09 18:30 ET
GOOGL,Alphabet,FY2024Q2,2024-06-30,2024-Q2,ttm_interest_exp,346000000,trailing 12 months,FNAM calculation,,,FNAM calculation,no,2026-10-09 18:30 ET
GOOGL,Alphabet,FY2024Q2,2024-06-30,2024-Q2,ttm_interest_cap,180000000,trailing 12 months,FNAM calculation,,,FNAM calculation,no,2026-10-09 18:30 ET
GOOGL,Alphabet,FY2024Q2,2024-06-30,2024-Q2,ttm_debt_proceeds,7615000000,trailing 12 months,FNAM calculation,,,FNAM calculation,no,2026-10-09 18:30 ET
GOOGL,Alphabet,FY2024Q2,2024-06-30,2024-Q2,ttm_debt_repaid,8845000000,trailing 12 months,FNAM calculation,,,FNAM calculation,no,2026-10-09 18:30 ET
GOOGL,Alphabet,FY2024Q2,2024-06-30,2024-Q2,ttm_buybacks,63358000000,trailing 12 months,FNAM calculation,,,FNAM calculation,no,2026-10-09 18:30 ET
GOOGL,Alphabet,FY2024Q2,2024-06-30,2024-Q2,ttm_dividends,2466000000,trailing 12 months,FNAM calculation,,,FNAM calculation,no,2026-10-09 18:30 ET
GOOGL,Alphabet,FY2024Q2,2024-06-30,2024-Q2,ttm_ebitda,111545000000,trailing 12 months,FNAM calculation,,,FNAM calculation,no,2026-10-09 18:30 ET
GOOGL,Alphabet,FY2024Q2,2024-06-30,2024-Q2,ttm_fcf,60787000000,trailing 12 months,FNAM calculation,,,FNAM calculation,no,2026-10-09 18:30 ET
GOOGL,Alphabet,FY2024Q2,2024-06-30,2024-Q2,ttm_capex_ocf,0.421401307836549,trailing 12 months,FNAM calculation,,,FNAM calculation,no,2026-10-09 18:30 ET
GOOGL,Alphabet,FY2024Q2,2024-06-30,2024-Q2,ttm_int_cov,283.0549132947977,trailing 12 months,FNAM calculation,,,FNAM calculation,no,2026-10-09 18:30 ET
GOOGL,Alphabet,FY2024Q2,2024-06-30,2024-Q2,ttm_ebitda_int,322.38439306358384,trailing 12 months,FNAM calculation,,,FNAM calculation,no,2026-10-09 18:30 ET
GOOGL,Alphabet,FY2024Q3,2024-09-30,2024-Q3,capex_cash,13061000000,quarter,ytd_subtraction,PaymentsToAcquirePropertyPlantAndEquipment,0001652044-25-000091 0001652044-25-000062,T1 (XBRL),no,2026-10-09 18:30 ET
GOOGL,Alphabet,FY2024Q3,2024-09-30,2024-Q3,fl_additions,78000000,quarter,reported,RightOfUseAssetObtainedInExchangeForFinanceLeaseLiability,0001652044-25-000091,T1 (XBRL),no,2026-10-09 18:30 ET
GOOGL,Alphabet,FY2024Q3,2024-09-30,2024-Q3,ol_additions,683000000,quarter,reported,RightOfUseAssetObtainedInExchangeForOperatingLeaseLiability,0001652044-25-000091,T1 (XBRL),no,2026-10-09 18:30 ET
GOOGL,Alphabet,FY2024Q3,2024-09-30,2024-Q3,fl_principal,127000000,quarter,reported,FinanceLeasePrincipalPayments,0001652044-25-000091,T1 (XBRL),no,2026-10-09 18:30 ET
GOOGL,Alphabet,FY2024Q3,2024-09-30,2024-Q3,ocf,30698000000,quarter,ytd_subtraction,NetCashProvidedByUsedInOperatingActivities,0001652044-25-000091 0001652044-25-000062,T1 (XBRL),no,2026-10-09 18:30 ET
GOOGL,Alphabet,FY2024Q3,2024-09-30,2024-Q3,op_income,28521000000,quarter,reported,OperatingIncomeLoss,0001652044-25-000091,T1 (XBRL),no,2026-10-09 18:30 ET
GOOGL,Alphabet,FY2024Q3,2024-09-30,2024-Q3,da,3985000000,quarter,ytd_subtraction,Depreciation,0001652044-25-000091 0001652044-25-000062,T1 (XBRL),no,2026-10-09 18:30 ET
GOOGL,Alphabet,FY2024Q3,2024-09-30,2024-Q3,interest_exp,54000000,quarter,reported,InterestExpenseNonoperating,0001652044-25-000091,T1 (XBRL),no,2026-10-09 18:30 ET
GOOGL,Alphabet,FY2024Q3,2024-09-30,2024-Q3,interest_cap,57000000,quarter,reported,InterestCostsCapitalized,0001652044-25-000091,T1 (XBRL),no,2026-10-09 18:30 ET
GOOGL,Alphabet,FY2024Q3,2024-09-30,2024-Q3,debt_proceeds,3819000000,quarter,ytd_subtraction,ProceedsFromDebtNetOfIssuanceCosts,0001652044-25-000091 0001652044-25-000062,T1 (XBRL),no,2026-10-09 18:30 ET
GOOGL,Alphabet,FY2024Q3,2024-09-30,2024-Q3,debt_repaid,3449000000,quarter,ytd_subtraction,RepaymentsOfDebtAndCapitalLeaseObligations,0001652044-25-000091 0001652044-25-000062,T1 (XBRL),no,2026-10-09 18:30 ET
GOOGL,Alphabet,FY2024Q3,2024-09-30,2024-Q3,buybacks,15291000000,quarter,ytd_subtraction,PaymentsForRepurchaseOfCommonStock,0001652044-25-000091 0001652044-25-000062,T1 (XBRL),no,2026-10-09 18:30 ET
GOOGL,Alphabet,FY2024Q3,2024-09-30,2024-Q3,dividends,2455000000,quarter,ytd_subtraction,PaymentsOfDividends,0001652044-25-000091 0001652044-25-000062,T1 (XBRL),no,2026-10-09 18:30 ET
GOOGL,Alphabet,FY2024Q3,2024-09-30,2024-Q3,capex_incl_fl,13139000000,quarter,FNAM calculation,,,FNAM calculation,no,2026-10-09 18:30 ET
GOOGL,Alphabet,FY2024Q3,2024-09-30,2024-Q3,fcf,17637000000,quarter,FNAM calculation,,,FNAM calculation,no,2026-10-09 18:30 ET
GOOGL,Alphabet,FY2024Q3,2024-09-30,2024-Q3,capex_ocf,0.4254674571633331,ratio,FNAM calculation,,,FNAM calculation,no,2026-10-09 18:30 ET
GOOGL,Alphabet,FY2024Q3,2024-09-30,2024-Q3,fcf_after_fl,17510000000,quarter,FNAM calculation,,,FNAM calculation,no,2026-10-09 18:30 ET
GOOGL,Alphabet,FY2024Q3,2024-09-30,2024-Q3,ttm_capex_cash,49278000000,trailing 12 months,FNAM calculation,,,FNAM calculation,no,2026-10-09 18:30 ET
GOOGL,Alphabet,FY2024Q3,2024-09-30,2024-Q3,ttm_revenue,339859000000,trailing 12 months,FNAM calculation,,,FNAM calculation,no,2026-10-09 18:30 ET
GOOGL,Alphabet,FY2024Q3,2024-09-30,2024-Q3,ttm_ocf,105101000000,trailing 12 months,FNAM calculation,,,FNAM calculation,no,2026-10-09 18:30 ET
GOOGL,Alphabet,FY2024Q3,2024-09-30,2024-Q3,ttm_op_income,105115000000,trailing 12 months,FNAM calculation,,,FNAM calculation,no,2026-10-09 18:30 ET
GOOGL,Alphabet,FY2024Q3,2024-09-30,2024-Q3,ttm_da,14422000000,trailing 12 months,FNAM calculation,,,FNAM calculation,no,2026-10-09 18:30 ET
GOOGL,Alphabet,FY2024Q3,2024-09-30,2024-Q3,ttm_interest_exp,284000000,trailing 12 months,FNAM calculation,,,FNAM calculation,no,2026-10-09 18:30 ET
GOOGL,Alphabet,FY2024Q3,2024-09-30,2024-Q3,ttm_interest_cap,190000000,trailing 12 months,FNAM calculation,,,FNAM calculation,no,2026-10-09 18:30 ET
GOOGL,Alphabet,FY2024Q3,2024-09-30,2024-Q3,ttm_debt_proceeds,10186000000,trailing 12 months,FNAM calculation,,,FNAM calculation,no,2026-10-09 18:30 ET
GOOGL,Alphabet,FY2024Q3,2024-09-30,2024-Q3,ttm_debt_repaid,10880000000,trailing 12 months,FNAM calculation,,,FNAM calculation,no,2026-10-09 18:30 ET
GOOGL,Alphabet,FY2024Q3,2024-09-30,2024-Q3,ttm_buybacks,62862000000,trailing 12 months,FNAM calculation,,,FNAM calculation,no,2026-10-09 18:30 ET
GOOGL,Alphabet,FY2024Q3,2024-09-30,2024-Q3,ttm_dividends,4921000000,trailing 12 months,FNAM calculation,,,FNAM calculation,no,2026-10-09 18:30 ET
GOOGL,Alphabet,FY2024Q3,2024-09-30,2024-Q3,ttm_ebitda,119537000000,trailing 12 months,FNAM calculation,,,FNAM calculation,no,2026-10-09 18:30 ET
GOOGL,Alphabet,FY2024Q3,2024-09-30,2024-Q3,ttm_fcf,55823000000,trailing 12 months,FNAM calculation,,,FNAM calculation,no,2026-10-09 18:30 ET
GOOGL,Alphabet,FY2024Q3,2024-09-30,2024-Q3,ttm_capex_ocf,0.46886328388883075,trailing 12 months,FNAM calculation,,,FNAM calculation,no,2026-10-09 18:30 ET
GOOGL,Alphabet,FY2024Q3,2024-09-30,2024-Q3,ttm_int_cov,370.1232394366197,trailing 12 months,FNAM calculation,,,FNAM calculation,no,2026-10-09 18:30 ET
GOOGL,Alphabet,FY2024Q3,2024-09-30,2024-Q3,ttm_ebitda_int,420.90492957746477,trailing 12 months,FNAM calculation,,,FNAM calculation,no,2026-10-09 18:30 ET
GOOGL,Alphabet,FY2024Q4,2024-12-31,2024-Q4,capex_cash,14276000000,quarter,fy_minus_9m,PaymentsToAcquirePropertyPlantAndEquipment,0001652044-26-000018 0001652044-25-000091,T1 (XBRL),no,2026-10-09 18:30 ET
GOOGL,Alphabet,FY2024Q4,2024-12-31,2024-Q4,fl_additions,70000000,quarter,fy_minus_9m,RightOfUseAssetObtainedInExchangeForFinanceLeaseLiability,0001652044-26-000018 0001652044-25-000091,T1 (XBRL),no,2026-10-09 18:30 ET
GOOGL,Alphabet,FY2024Q4,2024-12-31,2024-Q4,ol_additions,930000000,quarter,fy_minus_9m,RightOfUseAssetObtainedInExchangeForOperatingLeaseLiability,0001652044-26-000018 0001652044-25-000091,T1 (XBRL),no,2026-10-09 18:30 ET
GOOGL,Alphabet,FY2024Q4,2024-12-31,2024-Q4,fl_principal,91000000,quarter,fy_minus_9m,FinanceLeasePrincipalPayments,0001652044-26-000018 0001652044-25-000091,T1 (XBRL),no,2026-10-09 18:30 ET
GOOGL,Alphabet,FY2024Q4,2024-12-31,2024-Q4,ocf,39113000000,quarter,fy_minus_9m,NetCashProvidedByUsedInOperatingActivities,0001652044-26-000018 0001652044-25-000091,T1 (XBRL),no,2026-10-09 18:30 ET
GOOGL,Alphabet,FY2024Q4,2024-12-31,2024-Q4,op_income,30972000000,quarter,fy_minus_9m,OperatingIncomeLoss,0001652044-26-000018 0001652044-25-000091,T1 (XBRL),no,2026-10-09 18:30 ET
GOOGL,Alphabet,FY2024Q4,2024-12-31,2024-Q4,da,4205000000,quarter,fy_minus_9m,Depreciation,0001652044-26-000018 0001652044-25-000091,T1 (XBRL),no,2026-10-09 18:30 ET
GOOGL,Alphabet,FY2024Q4,2024-12-31,2024-Q4,interest_exp,53000000,quarter,fy_minus_9m,InterestExpenseNonoperating,0001652044-26-000018 0001652044-25-000091,T1 (XBRL),no,2026-10-09 18:30 ET
GOOGL,Alphabet,FY2024Q4,2024-12-31,2024-Q4,interest_cap,51000000,quarter,fy_minus_9m,InterestCostsCapitalized,0001652044-26-000018 0001652044-25-000091,T1 (XBRL),no,2026-10-09 18:30 ET
GOOGL,Alphabet,FY2024Q4,2024-12-31,2024-Q4,debt_proceeds,4895000000,quarter,fy_minus_9m,ProceedsFromDebtNetOfIssuanceCosts,0001652044-26-000018 0001652044-25-000091,T1 (XBRL),no,2026-10-09 18:30 ET
GOOGL,Alphabet,FY2024Q4,2024-12-31,2024-Q4,debt_repaid,3750000000,quarter,fy_minus_9m,RepaymentsOfDebtAndCapitalLeaseObligations,0001652044-26-000018 0001652044-25-000091,T1 (XBRL),no,2026-10-09 18:30 ET
GOOGL,Alphabet,FY2024Q4,2024-12-31,2024-Q4,buybacks,15551000000,quarter,fy_minus_9m,PaymentsForRepurchaseOfCommonStock,0001652044-26-000018 0001652044-25-000091,T1 (XBRL),no,2026-10-09 18:30 ET
GOOGL,Alphabet,FY2024Q4,2024-12-31,2024-Q4,dividends,2442000000,quarter,fy_minus_9m,PaymentsOfDividends,0001652044-26-000018 0001652044-25-000091,T1 (XBRL),no,2026-10-09 18:30 ET
GOOGL,Alphabet,FY2024Q4,2024-12-31,2024-Q4,capex_incl_fl,14346000000,quarter,FNAM calculation,,,FNAM calculation,no,2026-10-09 18:30 ET
GOOGL,Alphabet,FY2024Q4,2024-12-31,2024-Q4,fcf,24837000000,quarter,FNAM calculation,,,FNAM calculation,no,2026-10-09 18:30 ET
GOOGL,Alphabet,FY2024Q4,2024-12-31,2024-Q4,capex_ocf,0.36499373609797253,ratio,FNAM calculation,,,FNAM calculation,no,2026-10-09 18:30 ET
GOOGL,Alphabet,FY2024Q4,2024-12-31,2024-Q4,fcf_after_fl,24746000000,quarter,FNAM calculation,,,FNAM calculation,no,2026-10-09 18:30 ET
GOOGL,Alphabet,FY2024Q4,2024-12-31,2024-Q4,ttm_capex_cash,52535000000,trailing 12 months,FNAM calculation,,,FNAM calculation,no,2026-10-09 18:30 ET
GOOGL,Alphabet,FY2024Q4,2024-12-31,2024-Q4,ttm_fl_additions,313000000,trailing 12 months,FNAM calculation,,,FNAM calculation,no,2026-10-09 18:30 ET
GOOGL,Alphabet,FY2024Q4,2024-12-31,2024-Q4,ttm_ol_additions,2510000000,trailing 12 months,FNAM calculation,,,FNAM calculation,no,2026-10-09 18:30 ET
GOOGL,Alphabet,FY2024Q4,2024-12-31,2024-Q4,ttm_fl_principal,405000000,trailing 12 months,FNAM calculation,,,FNAM calculation,no,2026-10-09 18:30 ET
GOOGL,Alphabet,FY2024Q4,2024-12-31,2024-Q4,ttm_revenue,350018000000,trailing 12 months,FNAM calculation,,,FNAM calculation,no,2026-10-09 18:30 ET
GOOGL,Alphabet,FY2024Q4,2024-12-31,2024-Q4,ttm_ocf,125299000000,trailing 12 months,FNAM calculation,,,FNAM calculation,no,2026-10-09 18:30 ET
GOOGL,Alphabet,FY2024Q4,2024-12-31,2024-Q4,ttm_op_income,112390000000,trailing 12 months,FNAM calculation,,,FNAM calculation,no,2026-10-09 18:30 ET
GOOGL,Alphabet,FY2024Q4,2024-12-31,2024-Q4,ttm_da,15311000000,trailing 12 months,FNAM calculation,,,FNAM calculation,no,2026-10-09 18:30 ET
GOOGL,Alphabet,FY2024Q4,2024-12-31,2024-Q4,ttm_interest_exp,268000000,trailing 12 months,FNAM calculation,,,FNAM calculation,no,2026-10-09 18:30 ET
GOOGL,Alphabet,FY2024Q4,2024-12-31,2024-Q4,ttm_interest_cap,194000000,trailing 12 months,FNAM calculation,,,FNAM calculation,no,2026-10-09 18:30 ET
GOOGL,Alphabet,FY2024Q4,2024-12-31,2024-Q4,ttm_debt_proceeds,13589000000,trailing 12 months,FNAM calculation,,,FNAM calculation,no,2026-10-09 18:30 ET
GOOGL,Alphabet,FY2024Q4,2024-12-31,2024-Q4,ttm_debt_repaid,12701000000,trailing 12 months,FNAM calculation,,,FNAM calculation,no,2026-10-09 18:30 ET
GOOGL,Alphabet,FY2024Q4,2024-12-31,2024-Q4,ttm_buybacks,62222000000,trailing 12 months,FNAM calculation,,,FNAM calculation,no,2026-10-09 18:30 ET
GOOGL,Alphabet,FY2024Q4,2024-12-31,2024-Q4,ttm_dividends,7363000000,trailing 12 months,FNAM calculation,,,FNAM calculation,no,2026-10-09 18:30 ET
GOOGL,Alphabet,FY2024Q4,2024-12-31,2024-Q4,ttm_ebitda,127701000000,trailing 12 months,FNAM calculation,,,FNAM calculation,no,2026-10-09 18:30 ET
GOOGL,Alphabet,FY2024Q4,2024-12-31,2024-Q4,ttm_capex_incl_fl,52848000000,trailing 12 months,FNAM calculation,,,FNAM calculation,no,2026-10-09 18:30 ET
GOOGL,Alphabet,FY2024Q4,2024-12-31,2024-Q4,ttm_fcf,72764000000,trailing 12 months,FNAM calculation,,,FNAM calculation,no,2026-10-09 18:30 ET
GOOGL,Alphabet,FY2024Q4,2024-12-31,2024-Q4,ttm_capex_ocf,0.4192770892026273,trailing 12 months,FNAM calculation,,,FNAM calculation,no,2026-10-09 18:30 ET
GOOGL,Alphabet,FY2024Q4,2024-12-31,2024-Q4,ttm_fcf_after_fl,72359000000,trailing 12 months,FNAM calculation,,,FNAM calculation,no,2026-10-09 18:30 ET
GOOGL,Alphabet,FY2024Q4,2024-12-31,2024-Q4,ttm_int_cov,419.36567164179104,trailing 12 months,FNAM calculation,,,FNAM calculation,no,2026-10-09 18:30 ET
GOOGL,Alphabet,FY2024Q4,2024-12-31,2024-Q4,ttm_ebitda_int,476.49626865671644,trailing 12 months,FNAM calculation,,,FNAM calculation,no,2026-10-09 18:30 ET
GOOGL,Alphabet,FY2024Q4,2024-12-31,2024-Q4,ttm_nd_ebitda,-0.6370897643714615,trailing 12 months,FNAM calculation,,,FNAM calculation,no,2026-10-09 18:30 ET
GOOGL,Alphabet,FY2024Q4,2024-12-31,2024-Q4,ttm_land_ebitda,-0.5098002364899257,trailing 12 months,FNAM calculation,,,FNAM calculation,no,2026-10-09 18:30 ET
GOOGL,Alphabet,FY2025Q1,2025-03-31,2025-Q1,capex_cash,17197000000,quarter,reported,PaymentsToAcquirePropertyPlantAndEquipment,0001652044-26-000048,T1 (XBRL),no,2026-10-09 18:30 ET
GOOGL,Alphabet,FY2025Q1,2025-03-31,2025-Q1,fl_additions,523000000,quarter,reported,RightOfUseAssetObtainedInExchangeForFinanceLeaseLiability,0001652044-26-000048,T1 (XBRL),no,2026-10-09 18:30 ET
GOOGL,Alphabet,FY2025Q1,2025-03-31,2025-Q1,ol_additions,697000000,quarter,reported,RightOfUseAssetObtainedInExchangeForOperatingLeaseLiability,0001652044-26-000048,T1 (XBRL),no,2026-10-09 18:30 ET
GOOGL,Alphabet,FY2025Q1,2025-03-31,2025-Q1,fl_principal,192000000,quarter,reported,FinanceLeasePrincipalPayments,0001652044-26-000048,T1 (XBRL),no,2026-10-09 18:30 ET
GOOGL,Alphabet,FY2025Q1,2025-03-31,2025-Q1,ocf,36150000000,quarter,reported,NetCashProvidedByUsedInOperatingActivities,0001652044-26-000048,T1 (XBRL),no,2026-10-09 18:30 ET
GOOGL,Alphabet,FY2025Q1,2025-03-31,2025-Q1,op_income,30606000000,quarter,reported,OperatingIncomeLoss,0001652044-26-000048,T1 (XBRL),no,2026-10-09 18:30 ET
GOOGL,Alphabet,FY2025Q1,2025-03-31,2025-Q1,da,4487000000,quarter,reported,Depreciation,0001652044-26-000048,T1 (XBRL),no,2026-10-09 18:30 ET
GOOGL,Alphabet,FY2025Q1,2025-03-31,2025-Q1,interest_exp,34000000,quarter,reported,InterestExpenseNonoperating,0001652044-26-000048,T1 (XBRL),no,2026-10-09 18:30 ET
GOOGL,Alphabet,FY2025Q1,2025-03-31,2025-Q1,interest_cap,79000000,quarter,reported,InterestCostsCapitalized,0001652044-26-000048,T1 (XBRL),no,2026-10-09 18:30 ET
GOOGL,Alphabet,FY2025Q1,2025-03-31,2025-Q1,debt_proceeds,4532000000,quarter,reported,ProceedsFromDebtNetOfIssuanceCosts,0001652044-26-000048,T1 (XBRL),no,2026-10-09 18:30 ET
GOOGL,Alphabet,FY2025Q1,2025-03-31,2025-Q1,debt_repaid,4521000000,quarter,reported,RepaymentsOfDebtAndCapitalLeaseObligations,0001652044-26-000048,T1 (XBRL),no,2026-10-09 18:30 ET
GOOGL,Alphabet,FY2025Q1,2025-03-31,2025-Q1,buybacks,15068000000,quarter,reported,PaymentsForRepurchaseOfCommonStock,0001652044-26-000048,T1 (XBRL),no,2026-10-09 18:30 ET
GOOGL,Alphabet,FY2025Q1,2025-03-31,2025-Q1,dividends,2434000000,quarter,reported,PaymentsOfDividends,0001652044-26-000048,T1 (XBRL),no,2026-10-09 18:30 ET
GOOGL,Alphabet,FY2025Q1,2025-03-31,2025-Q1,capex_incl_fl,17720000000,quarter,FNAM calculation,,,FNAM calculation,no,2026-10-09 18:30 ET
GOOGL,Alphabet,FY2025Q1,2025-03-31,2025-Q1,fcf,18953000000,quarter,FNAM calculation,,,FNAM calculation,no,2026-10-09 18:30 ET
GOOGL,Alphabet,FY2025Q1,2025-03-31,2025-Q1,capex_ocf,0.47571230982019364,ratio,FNAM calculation,,,FNAM calculation,no,2026-10-09 18:30 ET
GOOGL,Alphabet,FY2025Q1,2025-03-31,2025-Q1,fcf_after_fl,18761000000,quarter,FNAM calculation,,,FNAM calculation,no,2026-10-09 18:30 ET
GOOGL,Alphabet,FY2025Q1,2025-03-31,2025-Q1,ttm_capex_cash,57720000000,trailing 12 months,FNAM calculation,,,FNAM calculation,no,2026-10-09 18:30 ET
GOOGL,Alphabet,FY2025Q1,2025-03-31,2025-Q1,ttm_fl_additions,817000000,trailing 12 months,FNAM calculation,,,FNAM calculation,no,2026-10-09 18:30 ET
GOOGL,Alphabet,FY2025Q1,2025-03-31,2025-Q1,ttm_ol_additions,2803000000,trailing 12 months,FNAM calculation,,,FNAM calculation,no,2026-10-09 18:30 ET
GOOGL,Alphabet,FY2025Q1,2025-03-31,2025-Q1,ttm_fl_principal,507000000,trailing 12 months,FNAM calculation,,,FNAM calculation,no,2026-10-09 18:30 ET
GOOGL,Alphabet,FY2025Q1,2025-03-31,2025-Q1,ttm_revenue,359713000000,trailing 12 months,FNAM calculation,,,FNAM calculation,no,2026-10-09 18:30 ET
GOOGL,Alphabet,FY2025Q1,2025-03-31,2025-Q1,ttm_ocf,132601000000,trailing 12 months,FNAM calculation,,,FNAM calculation,no,2026-10-09 18:30 ET
GOOGL,Alphabet,FY2025Q1,2025-03-31,2025-Q1,ttm_op_income,117524000000,trailing 12 months,FNAM calculation,,,FNAM calculation,no,2026-10-09 18:30 ET
GOOGL,Alphabet,FY2025Q1,2025-03-31,2025-Q1,ttm_da,16385000000,trailing 12 months,FNAM calculation,,,FNAM calculation,no,2026-10-09 18:30 ET
GOOGL,Alphabet,FY2025Q1,2025-03-31,2025-Q1,ttm_interest_exp,208000000,trailing 12 months,FNAM calculation,,,FNAM calculation,no,2026-10-09 18:30 ET
GOOGL,Alphabet,FY2025Q1,2025-03-31,2025-Q1,ttm_interest_cap,230000000,trailing 12 months,FNAM calculation,,,FNAM calculation,no,2026-10-09 18:30 ET
GOOGL,Alphabet,FY2025Q1,2025-03-31,2025-Q1,ttm_debt_proceeds,16139000000,trailing 12 months,FNAM calculation,,,FNAM calculation,no,2026-10-09 18:30 ET
GOOGL,Alphabet,FY2025Q1,2025-03-31,2025-Q1,ttm_debt_repaid,14143000000,trailing 12 months,FNAM calculation,,,FNAM calculation,no,2026-10-09 18:30 ET
GOOGL,Alphabet,FY2025Q1,2025-03-31,2025-Q1,ttm_buybacks,61594000000,trailing 12 months,FNAM calculation,,,FNAM calculation,no,2026-10-09 18:30 ET
GOOGL,Alphabet,FY2025Q1,2025-03-31,2025-Q1,ttm_dividends,9797000000,trailing 12 months,FNAM calculation,,,FNAM calculation,no,2026-10-09 18:30 ET
GOOGL,Alphabet,FY2025Q1,2025-03-31,2025-Q1,ttm_ebitda,133909000000,trailing 12 months,FNAM calculation,,,FNAM calculation,no,2026-10-09 18:30 ET
GOOGL,Alphabet,FY2025Q1,2025-03-31,2025-Q1,ttm_capex_incl_fl,58537000000,trailing 12 months,FNAM calculation,,,FNAM calculation,no,2026-10-09 18:30 ET
GOOGL,Alphabet,FY2025Q1,2025-03-31,2025-Q1,ttm_fcf,74881000000,trailing 12 months,FNAM calculation,,,FNAM calculation,no,2026-10-09 18:30 ET
GOOGL,Alphabet,FY2025Q1,2025-03-31,2025-Q1,ttm_capex_ocf,0.43529083491074727,trailing 12 months,FNAM calculation,,,FNAM calculation,no,2026-10-09 18:30 ET
GOOGL,Alphabet,FY2025Q1,2025-03-31,2025-Q1,ttm_fcf_after_fl,74374000000,trailing 12 months,FNAM calculation,,,FNAM calculation,no,2026-10-09 18:30 ET
GOOGL,Alphabet,FY2025Q1,2025-03-31,2025-Q1,ttm_int_cov,565.0192307692307,trailing 12 months,FNAM calculation,,,FNAM calculation,no,2026-10-09 18:30 ET
GOOGL,Alphabet,FY2025Q1,2025-03-31,2025-Q1,ttm_ebitda_int,643.7932692307693,trailing 12 months,FNAM calculation,,,FNAM calculation,no,2026-10-09 18:30 ET
GOOGL,Alphabet,FY2025Q1,2025-03-31,2025-Q1,ttm_nd_ebitda,-0.6044552643959704,trailing 12 months,FNAM calculation,,,FNAM calculation,no,2026-10-09 18:30 ET
GOOGL,Alphabet,FY2025Q1,2025-03-31,2025-Q1,ttm_land_ebitda,-0.48040086924702596,trailing 12 months,FNAM calculation,,,FNAM calculation,no,2026-10-09 18:30 ET
GOOGL,Alphabet,FY2025Q2,2025-06-30,2025-Q2,capex_cash,22446000000,quarter,ytd_subtraction,PaymentsToAcquirePropertyPlantAndEquipment,0001652044-26-000071 0001652044-26-000048,T1 (XBRL),no,2026-10-09 18:30 ET
GOOGL,Alphabet,FY2025Q2,2025-06-30,2025-Q2,fl_additions,83000000,quarter,reported,RightOfUseAssetObtainedInExchangeForFinanceLeaseLiability,0001652044-26-000071,T1 (XBRL),no,2026-10-09 18:30 ET
GOOGL,Alphabet,FY2025Q2,2025-06-30,2025-Q2,ol_additions,831000000,quarter,reported,RightOfUseAssetObtainedInExchangeForOperatingLeaseLiability,0001652044-26-000071,T1 (XBRL),no,2026-10-09 18:30 ET
GOOGL,Alphabet,FY2025Q2,2025-06-30,2025-Q2,fl_principal,110000000,quarter,reported,FinanceLeasePrincipalPayments,0001652044-26-000071,T1 (XBRL),no,2026-10-09 18:30 ET
GOOGL,Alphabet,FY2025Q2,2025-06-30,2025-Q2,ocf,27747000000,quarter,ytd_subtraction,NetCashProvidedByUsedInOperatingActivities,0001652044-26-000071 0001652044-26-000048,T1 (XBRL),no,2026-10-09 18:30 ET
GOOGL,Alphabet,FY2025Q2,2025-06-30,2025-Q2,op_income,31271000000,quarter,reported,OperatingIncomeLoss,0001652044-26-000071,T1 (XBRL),no,2026-10-09 18:30 ET
GOOGL,Alphabet,FY2025Q2,2025-06-30,2025-Q2,da,4998000000,quarter,ytd_subtraction,Depreciation,0001652044-26-000071 0001652044-26-000048,T1 (XBRL),no,2026-10-09 18:30 ET
GOOGL,Alphabet,FY2025Q2,2025-06-30,2025-Q2,interest_exp,261000000,quarter,reported,InterestExpenseNonoperating,0001652044-26-000071,T1 (XBRL),no,2026-10-09 18:30 ET
GOOGL,Alphabet,FY2025Q2,2025-06-30,2025-Q2,interest_cap,92000000,quarter,reported,InterestCostsCapitalized,0001652044-26-000071,T1 (XBRL),no,2026-10-09 18:30 ET
GOOGL,Alphabet,FY2025Q2,2025-06-30,2025-Q2,debt_proceeds,26846000000,quarter,ytd_subtraction,ProceedsFromDebtNetOfIssuanceCosts,0001652044-26-000071 0001652044-26-000048,T1 (XBRL),no,2026-10-09 18:30 ET
GOOGL,Alphabet,FY2025Q2,2025-06-30,2025-Q2,debt_repaid,13876000000,quarter,ytd_subtraction,RepaymentsOfDebtAndCapitalLeaseObligations,0001652044-26-000071 0001652044-26-000048,T1 (XBRL),no,2026-10-09 18:30 ET
GOOGL,Alphabet,FY2025Q2,2025-06-30,2025-Q2,buybacks,13238000000,quarter,ytd_subtraction,PaymentsForRepurchaseOfCommonStock,0001652044-26-000071 0001652044-26-000048,T1 (XBRL),no,2026-10-09 18:30 ET
GOOGL,Alphabet,FY2025Q2,2025-06-30,2025-Q2,dividends,2543000000,quarter,ytd_subtraction,PaymentsOfDividends,0001652044-25-000062 0001652044-26-000048,T1 (XBRL),no,2026-10-09 18:30 ET
GOOGL,Alphabet,FY2025Q2,2025-06-30,2025-Q2,capex_incl_fl,22529000000,quarter,FNAM calculation,,,FNAM calculation,no,2026-10-09 18:30 ET
GOOGL,Alphabet,FY2025Q2,2025-06-30,2025-Q2,fcf,5301000000,quarter,FNAM calculation,,,FNAM calculation,no,2026-10-09 18:30 ET
GOOGL,Alphabet,FY2025Q2,2025-06-30,2025-Q2,capex_ocf,0.8089523191696399,ratio,FNAM calculation,,,FNAM calculation,no,2026-10-09 18:30 ET
GOOGL,Alphabet,FY2025Q2,2025-06-30,2025-Q2,fcf_after_fl,5191000000,quarter,FNAM calculation,,,FNAM calculation,no,2026-10-09 18:30 ET
GOOGL,Alphabet,FY2025Q2,2025-06-30,2025-Q2,ttm_capex_cash,66980000000,trailing 12 months,FNAM calculation,,,FNAM calculation,no,2026-10-09 18:30 ET
GOOGL,Alphabet,FY2025Q2,2025-06-30,2025-Q2,ttm_fl_additions,754000000,trailing 12 months,FNAM calculation,,,FNAM calculation,no,2026-10-09 18:30 ET
GOOGL,Alphabet,FY2025Q2,2025-06-30,2025-Q2,ttm_ol_additions,3141000000,trailing 12 months,FNAM calculation,,,FNAM calculation,no,2026-10-09 18:30 ET
GOOGL,Alphabet,FY2025Q2,2025-06-30,2025-Q2,ttm_fl_principal,520000000,trailing 12 months,FNAM calculation,,,FNAM calculation,no,2026-10-09 18:30 ET
GOOGL,Alphabet,FY2025Q2,2025-06-30,2025-Q2,ttm_revenue,371399000000,trailing 12 months,FNAM calculation,,,FNAM calculation,no,2026-10-09 18:30 ET
GOOGL,Alphabet,FY2025Q2,2025-06-30,2025-Q2,ttm_ocf,133708000000,trailing 12 months,FNAM calculation,,,FNAM calculation,no,2026-10-09 18:30 ET
GOOGL,Alphabet,FY2025Q2,2025-06-30,2025-Q2,ttm_op_income,121370000000,trailing 12 months,FNAM calculation,,,FNAM calculation,no,2026-10-09 18:30 ET
GOOGL,Alphabet,FY2025Q2,2025-06-30,2025-Q2,ttm_da,17675000000,trailing 12 months,FNAM calculation,,,FNAM calculation,no,2026-10-09 18:30 ET
GOOGL,Alphabet,FY2025Q2,2025-06-30,2025-Q2,ttm_interest_exp,402000000,trailing 12 months,FNAM calculation,,,FNAM calculation,no,2026-10-09 18:30 ET
GOOGL,Alphabet,FY2025Q2,2025-06-30,2025-Q2,ttm_interest_cap,279000000,trailing 12 months,FNAM calculation,,,FNAM calculation,no,2026-10-09 18:30 ET
GOOGL,Alphabet,FY2025Q2,2025-06-30,2025-Q2,ttm_debt_proceeds,40092000000,trailing 12 months,FNAM calculation,,,FNAM calculation,no,2026-10-09 18:30 ET
GOOGL,Alphabet,FY2025Q2,2025-06-30,2025-Q2,ttm_debt_repaid,25596000000,trailing 12 months,FNAM calculation,,,FNAM calculation,no,2026-10-09 18:30 ET
GOOGL,Alphabet,FY2025Q2,2025-06-30,2025-Q2,ttm_buybacks,59148000000,trailing 12 months,FNAM calculation,,,FNAM calculation,no,2026-10-09 18:30 ET
GOOGL,Alphabet,FY2025Q2,2025-06-30,2025-Q2,ttm_dividends,9874000000,trailing 12 months,FNAM calculation,,,FNAM calculation,no,2026-10-09 18:30 ET
GOOGL,Alphabet,FY2025Q2,2025-06-30,2025-Q2,ttm_ebitda,139045000000,trailing 12 months,FNAM calculation,,,FNAM calculation,no,2026-10-09 18:30 ET
GOOGL,Alphabet,FY2025Q2,2025-06-30,2025-Q2,ttm_capex_incl_fl,67734000000,trailing 12 months,FNAM calculation,,,FNAM calculation,no,2026-10-09 18:30 ET
GOOGL,Alphabet,FY2025Q2,2025-06-30,2025-Q2,ttm_fcf,66728000000,trailing 12 months,FNAM calculation,,,FNAM calculation,no,2026-10-09 18:30 ET
GOOGL,Alphabet,FY2025Q2,2025-06-30,2025-Q2,ttm_capex_ocf,0.5009423519909055,trailing 12 months,FNAM calculation,,,FNAM calculation,no,2026-10-09 18:30 ET
GOOGL,Alphabet,FY2025Q2,2025-06-30,2025-Q2,ttm_fcf_after_fl,66208000000,trailing 12 months,FNAM calculation,,,FNAM calculation,no,2026-10-09 18:30 ET
GOOGL,Alphabet,FY2025Q2,2025-06-30,2025-Q2,ttm_int_cov,301.9154228855721,trailing 12 months,FNAM calculation,,,FNAM calculation,no,2026-10-09 18:30 ET
GOOGL,Alphabet,FY2025Q2,2025-06-30,2025-Q2,ttm_ebitda_int,345.8830845771144,trailing 12 months,FNAM calculation,,,FNAM calculation,no,2026-10-09 18:30 ET
GOOGL,Alphabet,FY2025Q2,2025-06-30,2025-Q2,ttm_nd_ebitda,-0.4857492178791039,trailing 12 months,FNAM calculation,,,FNAM calculation,no,2026-10-09 18:30 ET
GOOGL,Alphabet,FY2025Q2,2025-06-30,2025-Q2,ttm_land_ebitda,-0.36304793412204683,trailing 12 months,FNAM calculation,,,FNAM calculation,no,2026-10-09 18:30 ET
GOOGL,Alphabet,FY2025Q3,2025-09-30,2025-Q3,capex_cash,23953000000,quarter,ytd_subtraction,PaymentsToAcquirePropertyPlantAndEquipment,0001652044-25-000091 0001652044-26-000071,T1 (XBRL),no,2026-10-09 18:30 ET
GOOGL,Alphabet,FY2025Q3,2025-09-30,2025-Q3,fl_additions,383000000,quarter,reported,RightOfUseAssetObtainedInExchangeForFinanceLeaseLiability,0001652044-25-000091,T1 (XBRL),no,2026-10-09 18:30 ET
GOOGL,Alphabet,FY2025Q3,2025-09-30,2025-Q3,ol_additions,1061000000,quarter,reported,RightOfUseAssetObtainedInExchangeForOperatingLeaseLiability,0001652044-25-000091,T1 (XBRL),no,2026-10-09 18:30 ET
GOOGL,Alphabet,FY2025Q3,2025-09-30,2025-Q3,fl_principal,92000000,quarter,reported,FinanceLeasePrincipalPayments,0001652044-25-000091,T1 (XBRL),no,2026-10-09 18:30 ET
GOOGL,Alphabet,FY2025Q3,2025-09-30,2025-Q3,ocf,48414000000,quarter,ytd_subtraction,NetCashProvidedByUsedInOperatingActivities,0001652044-25-000091 0001652044-26-000071,T1 (XBRL),no,2026-10-09 18:30 ET
GOOGL,Alphabet,FY2025Q3,2025-09-30,2025-Q3,op_income,31228000000,quarter,reported,OperatingIncomeLoss,0001652044-25-000091,T1 (XBRL),no,2026-10-09 18:30 ET
GOOGL,Alphabet,FY2025Q3,2025-09-30,2025-Q3,da,5611000000,quarter,ytd_subtraction,Depreciation,0001652044-25-000091 0001652044-26-000071,T1 (XBRL),no,2026-10-09 18:30 ET
GOOGL,Alphabet,FY2025Q3,2025-09-30,2025-Q3,interest_exp,143000000,quarter,reported,InterestExpenseNonoperating,0001652044-25-000091,T1 (XBRL),no,2026-10-09 18:30 ET
GOOGL,Alphabet,FY2025Q3,2025-09-30,2025-Q3,interest_cap,130000000,quarter,reported,InterestCostsCapitalized,0001652044-25-000091,T1 (XBRL),no,2026-10-09 18:30 ET
GOOGL,Alphabet,FY2025Q3,2025-09-30,2025-Q3,debt_proceeds,6624000000,quarter,ytd_subtraction,ProceedsFromDebtNetOfIssuanceCosts,0001652044-25-000091 0001652044-26-000071,T1 (XBRL),no,2026-10-09 18:30 ET
GOOGL,Alphabet,FY2025Q3,2025-09-30,2025-Q3,debt_repaid,7697000000,quarter,ytd_subtraction,RepaymentsOfDebtAndCapitalLeaseObligations,0001652044-25-000091 0001652044-26-000071,T1 (XBRL),no,2026-10-09 18:30 ET
GOOGL,Alphabet,FY2025Q3,2025-09-30,2025-Q3,buybacks,11904000000,quarter,ytd_subtraction,PaymentsForRepurchaseOfCommonStock,0001652044-25-000091 0001652044-26-000071,T1 (XBRL),no,2026-10-09 18:30 ET
GOOGL,Alphabet,FY2025Q3,2025-09-30,2025-Q3,dividends,2536000000,quarter,ytd_subtraction,PaymentsOfDividends,0001652044-25-000091 0001652044-25-000062,T1 (XBRL),no,2026-10-09 18:30 ET
GOOGL,Alphabet,FY2025Q3,2025-09-30,2025-Q3,capex_incl_fl,24336000000,quarter,FNAM calculation,,,FNAM calculation,no,2026-10-09 18:30 ET
GOOGL,Alphabet,FY2025Q3,2025-09-30,2025-Q3,fcf,24461000000,quarter,FNAM calculation,,,FNAM calculation,no,2026-10-09 18:30 ET
GOOGL,Alphabet,FY2025Q3,2025-09-30,2025-Q3,capex_ocf,0.49475358367414385,ratio,FNAM calculation,,,FNAM calculation,no,2026-10-09 18:30 ET
GOOGL,Alphabet,FY2025Q3,2025-09-30,2025-Q3,fcf_after_fl,24369000000,quarter,FNAM calculation,,,FNAM calculation,no,2026-10-09 18:30 ET
GOOGL,Alphabet,FY2025Q3,2025-09-30,2025-Q3,ttm_capex_cash,77872000000,trailing 12 months,FNAM calculation,,,FNAM calculation,no,2026-10-09 18:30 ET
GOOGL,Alphabet,FY2025Q3,2025-09-30,2025-Q3,ttm_fl_additions,1059000000,trailing 12 months,FNAM calculation,,,FNAM calculation,no,2026-10-09 18:30 ET
GOOGL,Alphabet,FY2025Q3,2025-09-30,2025-Q3,ttm_ol_additions,3519000000,trailing 12 months,FNAM calculation,,,FNAM calculation,no,2026-10-09 18:30 ET
GOOGL,Alphabet,FY2025Q3,2025-09-30,2025-Q3,ttm_fl_principal,485000000,trailing 12 months,FNAM calculation,,,FNAM calculation,no,2026-10-09 18:30 ET
GOOGL,Alphabet,FY2025Q3,2025-09-30,2025-Q3,ttm_revenue,385477000000,trailing 12 months,FNAM calculation,,,FNAM calculation,no,2026-10-09 18:30 ET
GOOGL,Alphabet,FY2025Q3,2025-09-30,2025-Q3,ttm_ocf,151424000000,trailing 12 months,FNAM calculation,,,FNAM calculation,no,2026-10-09 18:30 ET
GOOGL,Alphabet,FY2025Q3,2025-09-30,2025-Q3,ttm_op_income,124077000000,trailing 12 months,FNAM calculation,,,FNAM calculation,no,2026-10-09 18:30 ET
GOOGL,Alphabet,FY2025Q3,2025-09-30,2025-Q3,ttm_da,19301000000,trailing 12 months,FNAM calculation,,,FNAM calculation,no,2026-10-09 18:30 ET
GOOGL,Alphabet,FY2025Q3,2025-09-30,2025-Q3,ttm_interest_exp,491000000,trailing 12 months,FNAM calculation,,,FNAM calculation,no,2026-10-09 18:30 ET
GOOGL,Alphabet,FY2025Q3,2025-09-30,2025-Q3,ttm_interest_cap,352000000,trailing 12 months,FNAM calculation,,,FNAM calculation,no,2026-10-09 18:30 ET
GOOGL,Alphabet,FY2025Q3,2025-09-30,2025-Q3,ttm_debt_proceeds,42897000000,trailing 12 months,FNAM calculation,,,FNAM calculation,no,2026-10-09 18:30 ET
GOOGL,Alphabet,FY2025Q3,2025-09-30,2025-Q3,ttm_debt_repaid,29844000000,trailing 12 months,FNAM calculation,,,FNAM calculation,no,2026-10-09 18:30 ET
GOOGL,Alphabet,FY2025Q3,2025-09-30,2025-Q3,ttm_buybacks,55761000000,trailing 12 months,FNAM calculation,,,FNAM calculation,no,2026-10-09 18:30 ET
GOOGL,Alphabet,FY2025Q3,2025-09-30,2025-Q3,ttm_dividends,9955000000,trailing 12 months,FNAM calculation,,,FNAM calculation,no,2026-10-09 18:30 ET
GOOGL,Alphabet,FY2025Q3,2025-09-30,2025-Q3,ttm_ebitda,143378000000,trailing 12 months,FNAM calculation,,,FNAM calculation,no,2026-10-09 18:30 ET
GOOGL,Alphabet,FY2025Q3,2025-09-30,2025-Q3,ttm_capex_incl_fl,78931000000,trailing 12 months,FNAM calculation,,,FNAM calculation,no,2026-10-09 18:30 ET
GOOGL,Alphabet,FY2025Q3,2025-09-30,2025-Q3,ttm_fcf,73552000000,trailing 12 months,FNAM calculation,,,FNAM calculation,no,2026-10-09 18:30 ET
GOOGL,Alphabet,FY2025Q3,2025-09-30,2025-Q3,ttm_capex_ocf,0.5142645815722738,trailing 12 months,FNAM calculation,,,FNAM calculation,no,2026-10-09 18:30 ET
GOOGL,Alphabet,FY2025Q3,2025-09-30,2025-Q3,ttm_fcf_after_fl,73067000000,trailing 12 months,FNAM calculation,,,FNAM calculation,no,2026-10-09 18:30 ET
GOOGL,Alphabet,FY2025Q3,2025-09-30,2025-Q3,ttm_int_cov,252.70264765784114,trailing 12 months,FNAM calculation,,,FNAM calculation,no,2026-10-09 18:30 ET
GOOGL,Alphabet,FY2025Q3,2025-09-30,2025-Q3,ttm_ebitda_int,292.0122199592668,trailing 12 months,FNAM calculation,,,FNAM calculation,no,2026-10-09 18:30 ET
GOOGL,Alphabet,FY2025Q3,2025-09-30,2025-Q3,ttm_nd_ebitda,-0.5014297869966103,trailing 12 months,FNAM calculation,,,FNAM calculation,no,2026-10-09 18:30 ET
GOOGL,Alphabet,FY2025Q3,2025-09-30,2025-Q3,ttm_land_ebitda,-0.3787261644045809,trailing 12 months,FNAM calculation,,,FNAM calculation,no,2026-10-09 18:30 ET
GOOGL,Alphabet,FY2025Q4,2025-12-31,2025-Q4,capex_cash,27851000000,quarter,fy_minus_9m,PaymentsToAcquirePropertyPlantAndEquipment,0001652044-26-000018 0001652044-25-000091,T1 (XBRL),no,2026-10-09 18:30 ET
GOOGL,Alphabet,FY2025Q4,2025-12-31,2025-Q4,fl_additions,617000000,quarter,fy_minus_9m,RightOfUseAssetObtainedInExchangeForFinanceLeaseLiability,0001652044-26-000018 0001652044-25-000091,T1 (XBRL),no,2026-10-09 18:30 ET
GOOGL,Alphabet,FY2025Q4,2025-12-31,2025-Q4,ol_additions,1481000000,quarter,fy_minus_9m,RightOfUseAssetObtainedInExchangeForOperatingLeaseLiability,0001652044-26-000018 0001652044-25-000091,T1 (XBRL),no,2026-10-09 18:30 ET
GOOGL,Alphabet,FY2025Q4,2025-12-31,2025-Q4,fl_principal,1594000000,quarter,fy_minus_9m,FinanceLeasePrincipalPayments,0001652044-26-000018 0001652044-25-000091,T1 (XBRL),no,2026-10-09 18:30 ET
GOOGL,Alphabet,FY2025Q4,2025-12-31,2025-Q4,ocf,52402000000,quarter,fy_minus_9m,NetCashProvidedByUsedInOperatingActivities,0001652044-26-000018 0001652044-25-000091,T1 (XBRL),no,2026-10-09 18:30 ET
GOOGL,Alphabet,FY2025Q4,2025-12-31,2025-Q4,op_income,35934000000,quarter,fy_minus_9m,OperatingIncomeLoss,0001652044-26-000018 0001652044-25-000091,T1 (XBRL),no,2026-10-09 18:30 ET
GOOGL,Alphabet,FY2025Q4,2025-12-31,2025-Q4,da,6040000000,quarter,fy_minus_9m,Depreciation,0001652044-26-000018 0001652044-25-000091,T1 (XBRL),no,2026-10-09 18:30 ET
GOOGL,Alphabet,FY2025Q4,2025-12-31,2025-Q4,interest_exp,298000000,quarter,fy_minus_9m,InterestExpenseNonoperating,0001652044-26-000018 0001652044-25-000091,T1 (XBRL),no,2026-10-09 18:30 ET
GOOGL,Alphabet,FY2025Q4,2025-12-31,2025-Q4,interest_cap,146000000,quarter,fy_minus_9m,InterestCostsCapitalized,0001652044-26-000018 0001652044-25-000091,T1 (XBRL),no,2026-10-09 18:30 ET
GOOGL,Alphabet,FY2025Q4,2025-12-31,2025-Q4,debt_proceeds,26562000000,quarter,fy_minus_9m,ProceedsFromDebtNetOfIssuanceCosts,0001652044-26-000018 0001652044-25-000091,T1 (XBRL),no,2026-10-09 18:30 ET
GOOGL,Alphabet,FY2025Q4,2025-12-31,2025-Q4,debt_repaid,6333000000,quarter,fy_minus_9m,RepaymentsOfDebtAndCapitalLeaseObligations,0001652044-26-000018 0001652044-25-000091,T1 (XBRL),no,2026-10-09 18:30 ET
GOOGL,Alphabet,FY2025Q4,2025-12-31,2025-Q4,buybacks,5499000000,quarter,fy_minus_9m,PaymentsForRepurchaseOfCommonStock,0001652044-26-000018 0001652044-25-000091,T1 (XBRL),no,2026-10-09 18:30 ET
GOOGL,Alphabet,FY2025Q4,2025-12-31,2025-Q4,dividends,2536000000,quarter,fy_minus_9m,PaymentsOfDividends,0001652044-26-000018 0001652044-25-000091,T1 (XBRL),no,2026-10-09 18:30 ET
GOOGL,Alphabet,FY2025Q4,2025-12-31,2025-Q4,capex_incl_fl,28468000000,quarter,FNAM calculation,,,FNAM calculation,no,2026-10-09 18:30 ET
GOOGL,Alphabet,FY2025Q4,2025-12-31,2025-Q4,fcf,24551000000,quarter,FNAM calculation,,,FNAM calculation,no,2026-10-09 18:30 ET
GOOGL,Alphabet,FY2025Q4,2025-12-31,2025-Q4,capex_ocf,0.5314873478111523,ratio,FNAM calculation,,,FNAM calculation,no,2026-10-09 18:30 ET
GOOGL,Alphabet,FY2025Q4,2025-12-31,2025-Q4,fcf_after_fl,22957000000,quarter,FNAM calculation,,,FNAM calculation,no,2026-10-09 18:30 ET
GOOGL,Alphabet,FY2025Q4,2025-12-31,2025-Q4,ttm_capex_cash,91447000000,trailing 12 months,FNAM calculation,,,FNAM calculation,no,2026-10-09 18:30 ET
GOOGL,Alphabet,FY2025Q4,2025-12-31,2025-Q4,ttm_fl_additions,1606000000,trailing 12 months,FNAM calculation,,,FNAM calculation,no,2026-10-09 18:30 ET
GOOGL,Alphabet,FY2025Q4,2025-12-31,2025-Q4,ttm_ol_additions,4070000000,trailing 12 months,FNAM calculation,,,FNAM calculation,no,2026-10-09 18:30 ET
GOOGL,Alphabet,FY2025Q4,2025-12-31,2025-Q4,ttm_fl_principal,1988000000,trailing 12 months,FNAM calculation,,,FNAM calculation,no,2026-10-09 18:30 ET
GOOGL,Alphabet,FY2025Q4,2025-12-31,2025-Q4,ttm_revenue,402837000000,trailing 12 months,FNAM calculation,,,FNAM calculation,no,2026-10-09 18:30 ET
GOOGL,Alphabet,FY2025Q4,2025-12-31,2025-Q4,ttm_ocf,164713000000,trailing 12 months,FNAM calculation,,,FNAM calculation,no,2026-10-09 18:30 ET
GOOGL,Alphabet,FY2025Q4,2025-12-31,2025-Q4,ttm_op_income,129039000000,trailing 12 months,FNAM calculation,,,FNAM calculation,no,2026-10-09 18:30 ET
GOOGL,Alphabet,FY2025Q4,2025-12-31,2025-Q4,ttm_da,21136000000,trailing 12 months,FNAM calculation,,,FNAM calculation,no,2026-10-09 18:30 ET
GOOGL,Alphabet,FY2025Q4,2025-12-31,2025-Q4,ttm_interest_exp,736000000,trailing 12 months,FNAM calculation,,,FNAM calculation,no,2026-10-09 18:30 ET
GOOGL,Alphabet,FY2025Q4,2025-12-31,2025-Q4,ttm_interest_cap,447000000,trailing 12 months,FNAM calculation,,,FNAM calculation,no,2026-10-09 18:30 ET
GOOGL,Alphabet,FY2025Q4,2025-12-31,2025-Q4,ttm_debt_proceeds,64564000000,trailing 12 months,FNAM calculation,,,FNAM calculation,no,2026-10-09 18:30 ET
GOOGL,Alphabet,FY2025Q4,2025-12-31,2025-Q4,ttm_debt_repaid,32427000000,trailing 12 months,FNAM calculation,,,FNAM calculation,no,2026-10-09 18:30 ET
GOOGL,Alphabet,FY2025Q4,2025-12-31,2025-Q4,ttm_buybacks,45709000000,trailing 12 months,FNAM calculation,,,FNAM calculation,no,2026-10-09 18:30 ET
GOOGL,Alphabet,FY2025Q4,2025-12-31,2025-Q4,ttm_dividends,10049000000,trailing 12 months,FNAM calculation,,,FNAM calculation,no,2026-10-09 18:30 ET
GOOGL,Alphabet,FY2025Q4,2025-12-31,2025-Q4,ttm_ebitda,150175000000,trailing 12 months,FNAM calculation,,,FNAM calculation,no,2026-10-09 18:30 ET
GOOGL,Alphabet,FY2025Q4,2025-12-31,2025-Q4,ttm_capex_incl_fl,93053000000,trailing 12 months,FNAM calculation,,,FNAM calculation,no,2026-10-09 18:30 ET
GOOGL,Alphabet,FY2025Q4,2025-12-31,2025-Q4,ttm_fcf,73266000000,trailing 12 months,FNAM calculation,,,FNAM calculation,no,2026-10-09 18:30 ET
GOOGL,Alphabet,FY2025Q4,2025-12-31,2025-Q4,ttm_capex_ocf,0.5551899364348898,trailing 12 months,FNAM calculation,,,FNAM calculation,no,2026-10-09 18:30 ET
GOOGL,Alphabet,FY2025Q4,2025-12-31,2025-Q4,ttm_fcf_after_fl,71278000000,trailing 12 months,FNAM calculation,,,FNAM calculation,no,2026-10-09 18:30 ET
GOOGL,Alphabet,FY2025Q4,2025-12-31,2025-Q4,ttm_int_cov,175.32472826086956,trailing 12 months,FNAM calculation,,,FNAM calculation,no,2026-10-09 18:30 ET
GOOGL,Alphabet,FY2025Q4,2025-12-31,2025-Q4,ttm_ebitda_int,204.0421195652174,trailing 12 months,FNAM calculation,,,FNAM calculation,no,2026-10-09 18:30 ET
GOOGL,Alphabet,FY2025Q4,2025-12-31,2025-Q4,ttm_nd_ebitda,-0.5177825869818545,trailing 12 months,FNAM calculation,,,FNAM calculation,no,2026-10-09 18:30 ET
GOOGL,Alphabet,FY2025Q4,2025-12-31,2025-Q4,ttm_land_ebitda,-0.39489928416847014,trailing 12 months,FNAM calculation,,,FNAM calculation,no,2026-10-09 18:30 ET
GOOGL,Alphabet,FY2026Q1,2026-03-31,2026-Q1,capex_cash,35674000000,quarter,reported,PaymentsToAcquirePropertyPlantAndEquipment,0001652044-26-000048,T1 (XBRL),no,2026-10-09 18:30 ET
GOOGL,Alphabet,FY2026Q1,2026-03-31,2026-Q1,fl_additions,211000000,quarter,reported,RightOfUseAssetObtainedInExchangeForFinanceLeaseLiability,0001652044-26-000048,T1 (XBRL),no,2026-10-09 18:30 ET
GOOGL,Alphabet,FY2026Q1,2026-03-31,2026-Q1,ol_additions,1075000000,quarter,reported,RightOfUseAssetObtainedInExchangeForOperatingLeaseLiability,0001652044-26-000048,T1 (XBRL),no,2026-10-09 18:30 ET
GOOGL,Alphabet,FY2026Q1,2026-03-31,2026-Q1,fl_principal,522000000,quarter,reported,FinanceLeasePrincipalPayments,0001652044-26-000048,T1 (XBRL),no,2026-10-09 18:30 ET
GOOGL,Alphabet,FY2026Q1,2026-03-31,2026-Q1,ocf,45790000000,quarter,reported,NetCashProvidedByUsedInOperatingActivities,0001652044-26-000048,T1 (XBRL),no,2026-10-09 18:30 ET
GOOGL,Alphabet,FY2026Q1,2026-03-31,2026-Q1,op_income,39696000000,quarter,reported,OperatingIncomeLoss,0001652044-26-000048,T1 (XBRL),no,2026-10-09 18:30 ET
GOOGL,Alphabet,FY2026Q1,2026-03-31,2026-Q1,da,6482000000,quarter,reported,Depreciation,0001652044-26-000048,T1 (XBRL),no,2026-10-09 18:30 ET
GOOGL,Alphabet,FY2026Q1,2026-03-31,2026-Q1,interest_exp,533000000,quarter,reported,InterestExpenseNonoperating,0001652044-26-000048,T1 (XBRL),no,2026-10-09 18:30 ET
GOOGL,Alphabet,FY2026Q1,2026-03-31,2026-Q1,interest_cap,265000000,quarter,reported,InterestCostsCapitalized,0001652044-26-000048,T1 (XBRL),no,2026-10-09 18:30 ET
GOOGL,Alphabet,FY2026Q1,2026-03-31,2026-Q1,debt_proceeds,31379000000,quarter,reported,ProceedsFromDebtNetOfIssuanceCosts,0001652044-26-000048,T1 (XBRL),no,2026-10-09 18:30 ET
GOOGL,Alphabet,FY2026Q1,2026-03-31,2026-Q1,debt_repaid,1477000000,quarter,reported,RepaymentsOfDebtAndCapitalLeaseObligations,0001652044-26-000048,T1 (XBRL),no,2026-10-09 18:30 ET
GOOGL,Alphabet,FY2026Q1,2026-03-31,2026-Q1,buybacks,0,quarter,reported,PaymentsForRepurchaseOfCommonStock,0001652044-26-000048,T1 (XBRL),no,2026-10-09 18:30 ET
GOOGL,Alphabet,FY2026Q1,2026-03-31,2026-Q1,dividends,2542000000,quarter,reported,PaymentsOfDividends,0001652044-26-000048,T1 (XBRL),no,2026-10-09 18:30 ET
GOOGL,Alphabet,FY2026Q1,2026-03-31,2026-Q1,capex_incl_fl,35885000000,quarter,FNAM calculation,,,FNAM calculation,no,2026-10-09 18:30 ET
GOOGL,Alphabet,FY2026Q1,2026-03-31,2026-Q1,fcf,10116000000,quarter,FNAM calculation,,,FNAM calculation,no,2026-10-09 18:30 ET
GOOGL,Alphabet,FY2026Q1,2026-03-31,2026-Q1,capex_ocf,0.7790784013976851,ratio,FNAM calculation,,,FNAM calculation,no,2026-10-09 18:30 ET
GOOGL,Alphabet,FY2026Q1,2026-03-31,2026-Q1,fcf_after_fl,9594000000,quarter,FNAM calculation,,,FNAM calculation,no,2026-10-09 18:30 ET
GOOGL,Alphabet,FY2026Q1,2026-03-31,2026-Q1,ttm_capex_cash,109924000000,trailing 12 months,FNAM calculation,,,FNAM calculation,no,2026-10-09 18:30 ET
GOOGL,Alphabet,FY2026Q1,2026-03-31,2026-Q1,ttm_fl_additions,1294000000,trailing 12 months,FNAM calculation,,,FNAM calculation,no,2026-10-09 18:30 ET
GOOGL,Alphabet,FY2026Q1,2026-03-31,2026-Q1,ttm_ol_additions,4448000000,trailing 12 months,FNAM calculation,,,FNAM calculation,no,2026-10-09 18:30 ET
GOOGL,Alphabet,FY2026Q1,2026-03-31,2026-Q1,ttm_fl_principal,2318000000,trailing 12 months,FNAM calculation,,,FNAM calculation,no,2026-10-09 18:30 ET
GOOGL,Alphabet,FY2026Q1,2026-03-31,2026-Q1,ttm_revenue,422499000000,trailing 12 months,FNAM calculation,,,FNAM calculation,no,2026-10-09 18:30 ET
GOOGL,Alphabet,FY2026Q1,2026-03-31,2026-Q1,ttm_ocf,174353000000,trailing 12 months,FNAM calculation,,,FNAM calculation,no,2026-10-09 18:30 ET
GOOGL,Alphabet,FY2026Q1,2026-03-31,2026-Q1,ttm_op_income,138129000000,trailing 12 months,FNAM calculation,,,FNAM calculation,no,2026-10-09 18:30 ET
GOOGL,Alphabet,FY2026Q1,2026-03-31,2026-Q1,ttm_da,23131000000,trailing 12 months,FNAM calculation,,,FNAM calculation,no,2026-10-09 18:30 ET
GOOGL,Alphabet,FY2026Q1,2026-03-31,2026-Q1,ttm_interest_exp,1235000000,trailing 12 months,FNAM calculation,,,FNAM calculation,no,2026-10-09 18:30 ET
GOOGL,Alphabet,FY2026Q1,2026-03-31,2026-Q1,ttm_interest_cap,633000000,trailing 12 months,FNAM calculation,,,FNAM calculation,no,2026-10-09 18:30 ET
GOOGL,Alphabet,FY2026Q1,2026-03-31,2026-Q1,ttm_debt_proceeds,91411000000,trailing 12 months,FNAM calculation,,,FNAM calculation,no,2026-10-09 18:30 ET
GOOGL,Alphabet,FY2026Q1,2026-03-31,2026-Q1,ttm_debt_repaid,29383000000,trailing 12 months,FNAM calculation,,,FNAM calculation,no,2026-10-09 18:30 ET
GOOGL,Alphabet,FY2026Q1,2026-03-31,2026-Q1,ttm_buybacks,30641000000,trailing 12 months,FNAM calculation,,,FNAM calculation,no,2026-10-09 18:30 ET
GOOGL,Alphabet,FY2026Q1,2026-03-31,2026-Q1,ttm_dividends,10157000000,trailing 12 months,FNAM calculation,,,FNAM calculation,no,2026-10-09 18:30 ET
GOOGL,Alphabet,FY2026Q1,2026-03-31,2026-Q1,ttm_ebitda,161260000000,trailing 12 months,FNAM calculation,,,FNAM calculation,no,2026-10-09 18:30 ET
GOOGL,Alphabet,FY2026Q1,2026-03-31,2026-Q1,ttm_capex_incl_fl,111218000000,trailing 12 months,FNAM calculation,,,FNAM calculation,no,2026-10-09 18:30 ET
GOOGL,Alphabet,FY2026Q1,2026-03-31,2026-Q1,ttm_fcf,64429000000,trailing 12 months,FNAM calculation,,,FNAM calculation,no,2026-10-09 18:30 ET
GOOGL,Alphabet,FY2026Q1,2026-03-31,2026-Q1,ttm_capex_ocf,0.6304680733913383,trailing 12 months,FNAM calculation,,,FNAM calculation,no,2026-10-09 18:30 ET
GOOGL,Alphabet,FY2026Q1,2026-03-31,2026-Q1,ttm_fcf_after_fl,62111000000,trailing 12 months,FNAM calculation,,,FNAM calculation,no,2026-10-09 18:30 ET
GOOGL,Alphabet,FY2026Q1,2026-03-31,2026-Q1,ttm_int_cov,111.84534412955466,trailing 12 months,FNAM calculation,,,FNAM calculation,no,2026-10-09 18:30 ET
GOOGL,Alphabet,FY2026Q1,2026-03-31,2026-Q1,ttm_ebitda_int,130.5748987854251,trailing 12 months,FNAM calculation,,,FNAM calculation,no,2026-10-09 18:30 ET
GOOGL,Alphabet,FY2026Q1,2026-03-31,2026-Q1,ttm_nd_ebitda,-0.29356939104551655,trailing 12 months,FNAM calculation,,,FNAM calculation,no,2026-10-09 18:30 ET
GOOGL,Alphabet,FY2026Q1,2026-03-31,2026-Q1,ttm_land_ebitda,-0.17962296911819423,trailing 12 months,FNAM calculation,,,FNAM calculation,no,2026-10-09 18:30 ET
GOOGL,Alphabet,FY2026Q2,2026-06-30,2026-Q2,capex_cash,44924000000,quarter,ytd_subtraction,PaymentsToAcquirePropertyPlantAndEquipment,0001652044-26-000071 0001652044-26-000048,T1 (XBRL),no,2026-10-09 18:30 ET
GOOGL,Alphabet,FY2026Q2,2026-06-30,2026-Q2,fl_additions,691000000,quarter,reported,RightOfUseAssetObtainedInExchangeForFinanceLeaseLiability,0001652044-26-000071,T1 (XBRL),no,2026-10-09 18:30 ET
GOOGL,Alphabet,FY2026Q2,2026-06-30,2026-Q2,ol_additions,2664000000,quarter,reported,RightOfUseAssetObtainedInExchangeForOperatingLeaseLiability,0001652044-26-000071,T1 (XBRL),no,2026-10-09 18:30 ET
GOOGL,Alphabet,FY2026Q2,2026-06-30,2026-Q2,fl_principal,318000000,quarter,reported,FinanceLeasePrincipalPayments,0001652044-26-000071,T1 (XBRL),no,2026-10-09 18:30 ET
GOOGL,Alphabet,FY2026Q2,2026-06-30,2026-Q2,ocf,39069000000,quarter,ytd_subtraction,NetCashProvidedByUsedInOperatingActivities,0001652044-26-000071 0001652044-26-000048,T1 (XBRL),no,2026-10-09 18:30 ET
GOOGL,Alphabet,FY2026Q2,2026-06-30,2026-Q2,op_income,40770000000,quarter,reported,OperatingIncomeLoss,0001652044-26-000071,T1 (XBRL),no,2026-10-09 18:30 ET
GOOGL,Alphabet,FY2026Q2,2026-06-30,2026-Q2,da,7104000000,quarter,ytd_subtraction,Depreciation,0001652044-26-000071 0001652044-26-000048,T1 (XBRL),no,2026-10-09 18:30 ET
GOOGL,Alphabet,FY2026Q2,2026-06-30,2026-Q2,interest_exp,1278000000,quarter,reported,InterestExpenseNonoperating,0001652044-26-000071,T1 (XBRL),no,2026-10-09 18:30 ET
GOOGL,Alphabet,FY2026Q2,2026-06-30,2026-Q2,interest_cap,363000000,quarter,reported,InterestCostsCapitalized,0001652044-26-000071,T1 (XBRL),no,2026-10-09 18:30 ET
GOOGL,Alphabet,FY2026Q2,2026-06-30,2026-Q2,debt_proceeds,24847000000,quarter,ytd_subtraction,ProceedsFromDebtNetOfIssuanceCosts,0001652044-26-000071 0001652044-26-000048,T1 (XBRL),no,2026-10-09 18:30 ET
GOOGL,Alphabet,FY2026Q2,2026-06-30,2026-Q2,debt_repaid,3776000000,quarter,ytd_subtraction,RepaymentsOfDebtAndCapitalLeaseObligations,0001652044-26-000071 0001652044-26-000048,T1 (XBRL),no,2026-10-09 18:30 ET
GOOGL,Alphabet,FY2026Q2,2026-06-30,2026-Q2,buybacks,0,quarter,ytd_subtraction,PaymentsForRepurchaseOfCommonStock,0001652044-26-000071 0001652044-26-000048,T1 (XBRL),no,2026-10-09 18:30 ET
GOOGL,Alphabet,FY2026Q2,2026-06-30,2026-Q2,dividends,2689000000,quarter,ytd_subtraction,PaymentsOfOrdinaryDividends − PaymentsOfDividends,0001652044-26-000071 0001652044-26-000048,T1 (XBRL),no,2026-10-09 18:30 ET
GOOGL,Alphabet,FY2026Q2,2026-06-30,2026-Q2,capex_incl_fl,45615000000,quarter,FNAM calculation,,,FNAM calculation,no,2026-10-09 18:30 ET
GOOGL,Alphabet,FY2026Q2,2026-06-30,2026-Q2,fcf,-5855000000,quarter,FNAM calculation,,,FNAM calculation,no,2026-10-09 18:30 ET
GOOGL,Alphabet,FY2026Q2,2026-06-30,2026-Q2,capex_ocf,1.1498630627863524,ratio,FNAM calculation,,,FNAM calculation,no,2026-10-09 18:30 ET
GOOGL,Alphabet,FY2026Q2,2026-06-30,2026-Q2,fcf_after_fl,-6173000000,quarter,FNAM calculation,,,FNAM calculation,no,2026-10-09 18:30 ET
GOOGL,Alphabet,FY2026Q2,2026-06-30,2026-Q2,ttm_capex_cash,132402000000,trailing 12 months,FNAM calculation,,,FNAM calculation,no,2026-10-09 18:30 ET
GOOGL,Alphabet,FY2026Q2,2026-06-30,2026-Q2,ttm_fl_additions,1902000000,trailing 12 months,FNAM calculation,,,FNAM calculation,no,2026-10-09 18:30 ET
GOOGL,Alphabet,FY2026Q2,2026-06-30,2026-Q2,ttm_ol_additions,6281000000,trailing 12 months,FNAM calculation,,,FNAM calculation,no,2026-10-09 18:30 ET
GOOGL,Alphabet,FY2026Q2,2026-06-30,2026-Q2,ttm_fl_principal,2526000000,trailing 12 months,FNAM calculation,,,FNAM calculation,no,2026-10-09 18:30 ET
GOOGL,Alphabet,FY2026Q2,2026-06-30,2026-Q2,ttm_revenue,445867000000,trailing 12 months,FNAM calculation,,,FNAM calculation,no,2026-10-09 18:30 ET
GOOGL,Alphabet,FY2026Q2,2026-06-30,2026-Q2,ttm_ocf,185675000000,trailing 12 months,FNAM calculation,,,FNAM calculation,no,2026-10-09 18:30 ET
GOOGL,Alphabet,FY2026Q2,2026-06-30,2026-Q2,ttm_op_income,147628000000,trailing 12 months,FNAM calculation,,,FNAM calculation,no,2026-10-09 18:30 ET
GOOGL,Alphabet,FY2026Q2,2026-06-30,2026-Q2,ttm_da,25237000000,trailing 12 months,FNAM calculation,,,FNAM calculation,no,2026-10-09 18:30 ET
GOOGL,Alphabet,FY2026Q2,2026-06-30,2026-Q2,ttm_interest_exp,2252000000,trailing 12 months,FNAM calculation,,,FNAM calculation,no,2026-10-09 18:30 ET
GOOGL,Alphabet,FY2026Q2,2026-06-30,2026-Q2,ttm_interest_cap,904000000,trailing 12 months,FNAM calculation,,,FNAM calculation,no,2026-10-09 18:30 ET
GOOGL,Alphabet,FY2026Q2,2026-06-30,2026-Q2,ttm_debt_proceeds,89412000000,trailing 12 months,FNAM calculation,,,FNAM calculation,no,2026-10-09 18:30 ET
GOOGL,Alphabet,FY2026Q2,2026-06-30,2026-Q2,ttm_debt_repaid,19283000000,trailing 12 months,FNAM calculation,,,FNAM calculation,no,2026-10-09 18:30 ET
GOOGL,Alphabet,FY2026Q2,2026-06-30,2026-Q2,ttm_buybacks,17403000000,trailing 12 months,FNAM calculation,,,FNAM calculation,no,2026-10-09 18:30 ET
GOOGL,Alphabet,FY2026Q2,2026-06-30,2026-Q2,ttm_dividends,10303000000,trailing 12 months,FNAM calculation,,,FNAM calculation,no,2026-10-09 18:30 ET
GOOGL,Alphabet,FY2026Q2,2026-06-30,2026-Q2,ttm_ebitda,172865000000,trailing 12 months,FNAM calculation,,,FNAM calculation,no,2026-10-09 18:30 ET
GOOGL,Alphabet,FY2026Q2,2026-06-30,2026-Q2,ttm_capex_incl_fl,134304000000,trailing 12 months,FNAM calculation,,,FNAM calculation,no,2026-10-09 18:30 ET
GOOGL,Alphabet,FY2026Q2,2026-06-30,2026-Q2,ttm_fcf,53273000000,trailing 12 months,FNAM calculation,,,FNAM calculation,no,2026-10-09 18:30 ET
GOOGL,Alphabet,FY2026Q2,2026-06-30,2026-Q2,ttm_capex_ocf,0.7130846909923253,trailing 12 months,FNAM calculation,,,FNAM calculation,no,2026-10-09 18:30 ET
GOOGL,Alphabet,FY2026Q2,2026-06-30,2026-Q2,ttm_fcf_after_fl,50747000000,trailing 12 months,FNAM calculation,,,FNAM calculation,no,2026-10-09 18:30 ET
GOOGL,Alphabet,FY2026Q2,2026-06-30,2026-Q2,ttm_int_cov,65.55417406749557,trailing 12 months,FNAM calculation,,,FNAM calculation,no,2026-10-09 18:30 ET
GOOGL,Alphabet,FY2026Q2,2026-06-30,2026-Q2,ttm_ebitda_int,76.76065719360568,trailing 12 months,FNAM calculation,,,FNAM calculation,no,2026-10-09 18:30 ET
GOOGL,Alphabet,FY2026Q2,2026-06-30,2026-Q2,ttm_nd_ebitda,-0.823243571573193,trailing 12 months,FNAM calculation,,,FNAM calculation,no,2026-10-09 18:30 ET
GOOGL,Alphabet,FY2026Q2,2026-06-30,2026-Q2,ttm_land_ebitda,-0.7039192433401787,trailing 12 months,FNAM calculation,,,FNAM calculation,no,2026-10-09 18:30 ET
AMZN,Amazon,FY2022Q2,2022-06-30,2022-Q2,capex_cash,15724000000,quarter,reported,PaymentsToAcquireProductiveAssets,0001018724-23-000012,T1 (XBRL),no,2026-10-09 18:30 ET
AMZN,Amazon,FY2022Q2,2022-06-30,2022-Q2,fl_additions,61000000,quarter,reported,RightOfUseAssetObtainedInExchangeForFinanceLeaseLiability,0001018724-23-000012,T1 (XBRL),no,2026-10-09 18:30 ET
AMZN,Amazon,FY2022Q2,2022-06-30,2022-Q2,ol_additions,5101000000,quarter,reported,RightOfUseAssetObtainedInExchangeForOperatingLeaseLiability,0001018724-23-000012,T1 (XBRL),no,2026-10-09 18:30 ET
AMZN,Amazon,FY2022Q2,2022-06-30,2022-Q2,fl_principal,2059000000,quarter,reported,FinanceLeasePrincipalPayments,0001018724-23-000012,T1 (XBRL),no,2026-10-09 18:30 ET
AMZN,Amazon,FY2022Q2,2022-06-30,2022-Q2,ocf,8965000000,quarter,reported,NetCashProvidedByUsedInOperatingActivities,0001018724-23-000012,T1 (XBRL),no,2026-10-09 18:30 ET
AMZN,Amazon,FY2022Q2,2022-06-30,2022-Q2,op_income,3317000000,quarter,reported,OperatingIncomeLoss,0001018724-23-000012,T1 (XBRL),no,2026-10-09 18:30 ET
AMZN,Amazon,FY2022Q2,2022-06-30,2022-Q2,da,9716000000,quarter,reported,DepreciationDepletionAndAmortization,0001018724-23-000012,T1 (XBRL),no,2026-10-09 18:30 ET
AMZN,Amazon,FY2022Q2,2022-06-30,2022-Q2,interest_exp,584000000,quarter,reported,InterestExpense,0001018724-23-000012,T1 (XBRL),no,2026-10-09 18:30 ET
AMZN,Amazon,FY2022Q2,2022-06-30,2022-Q2,debt_proceeds,12824000000,quarter,reported,ProceedsFromIssuanceOfLongTermDebt,0001018724-23-000012,T1 (XBRL),no,2026-10-09 18:30 ET
AMZN,Amazon,FY2022Q2,2022-06-30,2022-Q2,debt_repaid,1000000,quarter,reported,RepaymentsOfLongTermDebt,0001018724-23-000012,T1 (XBRL),no,2026-10-09 18:30 ET
AMZN,Amazon,FY2022Q2,2022-06-30,2022-Q2,buybacks,3334000000,quarter,reported,PaymentsForRepurchaseOfCommonStock,0001018724-23-000012,T1 (XBRL),no,2026-10-09 18:30 ET
AMZN,Amazon,FY2022Q2,2022-06-30,2022-Q2,capex_incl_fl,15785000000,quarter,FNAM calculation,,,FNAM calculation,no,2026-10-09 18:30 ET
AMZN,Amazon,FY2022Q2,2022-06-30,2022-Q2,fcf,-6759000000,quarter,FNAM calculation,,,FNAM calculation,no,2026-10-09 18:30 ET
AMZN,Amazon,FY2022Q2,2022-06-30,2022-Q2,capex_ocf,1.7539319576129393,ratio,FNAM calculation,,,FNAM calculation,no,2026-10-09 18:30 ET
AMZN,Amazon,FY2022Q2,2022-06-30,2022-Q2,fcf_after_fl,-8818000000,quarter,FNAM calculation,,,FNAM calculation,no,2026-10-09 18:30 ET
AMZN,Amazon,FY2022Q3,2022-09-30,2022-Q3,capex_cash,16378000000,quarter,reported,PaymentsToAcquireProductiveAssets,0001018724-23-000018,T1 (XBRL),no,2026-10-09 18:30 ET
AMZN,Amazon,FY2022Q3,2022-09-30,2022-Q3,fl_additions,131000000,quarter,reported,RightOfUseAssetObtainedInExchangeForFinanceLeaseLiability,0001018724-23-000018,T1 (XBRL),no,2026-10-09 18:30 ET
AMZN,Amazon,FY2022Q3,2022-09-30,2022-Q3,ol_additions,6755000000,quarter,reported,RightOfUseAssetObtainedInExchangeForOperatingLeaseLiability,0001018724-23-000018,T1 (XBRL),no,2026-10-09 18:30 ET
AMZN,Amazon,FY2022Q3,2022-09-30,2022-Q3,fl_principal,1465000000,quarter,reported,FinanceLeasePrincipalPayments,0001018724-23-000018,T1 (XBRL),no,2026-10-09 18:30 ET
AMZN,Amazon,FY2022Q3,2022-09-30,2022-Q3,ocf,11404000000,quarter,reported,NetCashProvidedByUsedInOperatingActivities,0001018724-23-000018,T1 (XBRL),no,2026-10-09 18:30 ET
AMZN,Amazon,FY2022Q3,2022-09-30,2022-Q3,op_income,2525000000,quarter,reported,OperatingIncomeLoss,0001018724-23-000018,T1 (XBRL),no,2026-10-09 18:30 ET
AMZN,Amazon,FY2022Q3,2022-09-30,2022-Q3,da,10327000000,quarter,reported,DepreciationDepletionAndAmortization,0001018724-23-000018,T1 (XBRL),no,2026-10-09 18:30 ET
AMZN,Amazon,FY2022Q3,2022-09-30,2022-Q3,interest_exp,617000000,quarter,reported,InterestExpense,0001018724-23-000018,T1 (XBRL),no,2026-10-09 18:30 ET
AMZN,Amazon,FY2022Q3,2022-09-30,2022-Q3,debt_proceeds,107000000,quarter,reported,ProceedsFromIssuanceOfLongTermDebt,0001018724-23-000018,T1 (XBRL),no,2026-10-09 18:30 ET
AMZN,Amazon,FY2022Q3,2022-09-30,2022-Q3,debt_repaid,0,quarter,reported,RepaymentsOfLongTermDebt,0001018724-23-000018,T1 (XBRL),no,2026-10-09 18:30 ET
AMZN,Amazon,FY2022Q3,2022-09-30,2022-Q3,buybacks,0,quarter,reported,PaymentsForRepurchaseOfCommonStock,0001018724-23-000018,T1 (XBRL),no,2026-10-09 18:30 ET
AMZN,Amazon,FY2022Q3,2022-09-30,2022-Q3,capex_incl_fl,16509000000,quarter,FNAM calculation,,,FNAM calculation,no,2026-10-09 18:30 ET
AMZN,Amazon,FY2022Q3,2022-09-30,2022-Q3,fcf,-4974000000,quarter,FNAM calculation,,,FNAM calculation,no,2026-10-09 18:30 ET
AMZN,Amazon,FY2022Q3,2022-09-30,2022-Q3,capex_ocf,1.4361627499123115,ratio,FNAM calculation,,,FNAM calculation,no,2026-10-09 18:30 ET
AMZN,Amazon,FY2022Q3,2022-09-30,2022-Q3,fcf_after_fl,-6439000000,quarter,FNAM calculation,,,FNAM calculation,no,2026-10-09 18:30 ET
AMZN,Amazon,FY2022Q4,2022-12-31,2022-Q4,capex_cash,16592000000,quarter,fy_minus_9m,PaymentsToAcquireProductiveAssets,0001018724-25-000004 0001018724-23-000018,T1 (XBRL),no,2026-10-09 18:30 ET
AMZN,Amazon,FY2022Q4,2022-12-31,2022-Q4,fl_additions,317000000,quarter,fy_minus_9m,RightOfUseAssetObtainedInExchangeForFinanceLeaseLiability,0001018724-25-000004 0001018724-23-000018,T1 (XBRL),no,2026-10-09 18:30 ET
AMZN,Amazon,FY2022Q4,2022-12-31,2022-Q4,ol_additions,4769000000,quarter,fy_minus_9m,RightOfUseAssetObtainedInExchangeForOperatingLeaseLiability,0001018724-25-000004 0001018724-23-000018,T1 (XBRL),no,2026-10-09 18:30 ET
AMZN,Amazon,FY2022Q4,2022-12-31,2022-Q4,fl_principal,1640000000,quarter,fy_minus_9m,FinanceLeasePrincipalPayments,0001018724-25-000004 0001018724-23-000018,T1 (XBRL),no,2026-10-09 18:30 ET
AMZN,Amazon,FY2022Q4,2022-12-31,2022-Q4,ocf,29173000000,quarter,fy_minus_9m,NetCashProvidedByUsedInOperatingActivities,0001018724-25-000004 0001018724-23-000018,T1 (XBRL),no,2026-10-09 18:30 ET
AMZN,Amazon,FY2022Q4,2022-12-31,2022-Q4,op_income,2737000000,quarter,fy_minus_9m,OperatingIncomeLoss,0001018724-25-000004 0001018724-23-000018,T1 (XBRL),no,2026-10-09 18:30 ET
AMZN,Amazon,FY2022Q4,2022-12-31,2022-Q4,da,12685000000,quarter,fy_minus_9m,DepreciationDepletionAndAmortization,0001018724-25-000004 0001018724-23-000018,T1 (XBRL),no,2026-10-09 18:30 ET
AMZN,Amazon,FY2022Q4,2022-12-31,2022-Q4,interest_exp,694000000,quarter,fy_minus_9m,InterestExpense,0001018724-24-000008 0001018724-23-000018,T1 (XBRL),no,2026-10-09 18:30 ET
AMZN,Amazon,FY2022Q4,2022-12-31,2022-Q4,debt_proceeds,8235000000,quarter,fy_minus_9m,ProceedsFromIssuanceOfLongTermDebt,0001018724-25-000004 0001018724-23-000018,T1 (XBRL),no,2026-10-09 18:30 ET
AMZN,Amazon,FY2022Q4,2022-12-31,2022-Q4,debt_repaid,1257000000,quarter,fy_minus_9m,RepaymentsOfLongTermDebt,0001018724-25-000004 0001018724-23-000018,T1 (XBRL),no,2026-10-09 18:30 ET
AMZN,Amazon,FY2022Q4,2022-12-31,2022-Q4,buybacks,0,quarter,fy_minus_9m,PaymentsForRepurchaseOfCommonStock,0001018724-25-000004 0001018724-23-000018,T1 (XBRL),no,2026-10-09 18:30 ET
AMZN,Amazon,FY2022Q4,2022-12-31,2022-Q4,capex_incl_fl,16909000000,quarter,FNAM calculation,,,FNAM calculation,no,2026-10-09 18:30 ET
AMZN,Amazon,FY2022Q4,2022-12-31,2022-Q4,fcf,12581000000,quarter,FNAM calculation,,,FNAM calculation,no,2026-10-09 18:30 ET
AMZN,Amazon,FY2022Q4,2022-12-31,2022-Q4,capex_ocf,0.5687450724985432,ratio,FNAM calculation,,,FNAM calculation,no,2026-10-09 18:30 ET
AMZN,Amazon,FY2022Q4,2022-12-31,2022-Q4,fcf_after_fl,10941000000,quarter,FNAM calculation,,,FNAM calculation,no,2026-10-09 18:30 ET
AMZN,Amazon,FY2022Q4,2022-12-31,2022-Q4,ttm_capex_cash,63645000000,trailing 12 months,FNAM calculation,,,FNAM calculation,no,2026-10-09 18:30 ET
AMZN,Amazon,FY2022Q4,2022-12-31,2022-Q4,ttm__fromFY,"capex_cash,fl_additions,ol_additions,fl_principal,revenue,ocf,op_income,da,interest_exp,debt_proceeds,debt_repaid,buybacks",trailing 12 months,FNAM calculation,,,FNAM calculation,no,2026-10-09 18:30 ET
AMZN,Amazon,FY2022Q4,2022-12-31,2022-Q4,ttm_fl_additions,675000000,trailing 12 months,FNAM calculation,,,FNAM calculation,no,2026-10-09 18:30 ET
AMZN,Amazon,FY2022Q4,2022-12-31,2022-Q4,ttm_ol_additions,18800000000,trailing 12 months,FNAM calculation,,,FNAM calculation,no,2026-10-09 18:30 ET
AMZN,Amazon,FY2022Q4,2022-12-31,2022-Q4,ttm_fl_principal,7941000000,trailing 12 months,FNAM calculation,,,FNAM calculation,no,2026-10-09 18:30 ET
AMZN,Amazon,FY2022Q4,2022-12-31,2022-Q4,ttm_revenue,513983000000,trailing 12 months,FNAM calculation,,,FNAM calculation,no,2026-10-09 18:30 ET
AMZN,Amazon,FY2022Q4,2022-12-31,2022-Q4,ttm_ocf,46752000000,trailing 12 months,FNAM calculation,,,FNAM calculation,no,2026-10-09 18:30 ET
AMZN,Amazon,FY2022Q4,2022-12-31,2022-Q4,ttm_op_income,12248000000,trailing 12 months,FNAM calculation,,,FNAM calculation,no,2026-10-09 18:30 ET
AMZN,Amazon,FY2022Q4,2022-12-31,2022-Q4,ttm_da,41921000000,trailing 12 months,FNAM calculation,,,FNAM calculation,no,2026-10-09 18:30 ET
AMZN,Amazon,FY2022Q4,2022-12-31,2022-Q4,ttm_interest_exp,2367000000,trailing 12 months,FNAM calculation,,,FNAM calculation,no,2026-10-09 18:30 ET
AMZN,Amazon,FY2022Q4,2022-12-31,2022-Q4,ttm_debt_proceeds,21166000000,trailing 12 months,FNAM calculation,,,FNAM calculation,no,2026-10-09 18:30 ET
AMZN,Amazon,FY2022Q4,2022-12-31,2022-Q4,ttm_debt_repaid,1258000000,trailing 12 months,FNAM calculation,,,FNAM calculation,no,2026-10-09 18:30 ET
AMZN,Amazon,FY2022Q4,2022-12-31,2022-Q4,ttm_buybacks,6000000000,trailing 12 months,FNAM calculation,,,FNAM calculation,no,2026-10-09 18:30 ET
AMZN,Amazon,FY2022Q4,2022-12-31,2022-Q4,ttm_ebitda,54169000000,trailing 12 months,FNAM calculation,,,FNAM calculation,no,2026-10-09 18:30 ET
AMZN,Amazon,FY2022Q4,2022-12-31,2022-Q4,ttm_capex_incl_fl,64320000000,trailing 12 months,FNAM calculation,,,FNAM calculation,no,2026-10-09 18:30 ET
AMZN,Amazon,FY2022Q4,2022-12-31,2022-Q4,ttm_fcf,-16893000000,trailing 12 months,FNAM calculation,,,FNAM calculation,no,2026-10-09 18:30 ET
AMZN,Amazon,FY2022Q4,2022-12-31,2022-Q4,ttm_capex_ocf,1.3613321355236139,trailing 12 months,FNAM calculation,,,FNAM calculation,no,2026-10-09 18:30 ET
AMZN,Amazon,FY2022Q4,2022-12-31,2022-Q4,ttm_fcf_after_fl,-24834000000,trailing 12 months,FNAM calculation,,,FNAM calculation,no,2026-10-09 18:30 ET
AMZN,Amazon,FY2022Q4,2022-12-31,2022-Q4,ttm_int_cov,5.174482467258133,trailing 12 months,FNAM calculation,,,FNAM calculation,no,2026-10-09 18:30 ET
AMZN,Amazon,FY2022Q4,2022-12-31,2022-Q4,ttm_ebitda_int,22.88508660752007,trailing 12 months,FNAM calculation,,,FNAM calculation,no,2026-10-09 18:30 ET
AMZN,Amazon,FY2022Q4,2022-12-31,2022-Q4,ttm_nd_ebitda,0.03167863538186047,trailing 12 months,FNAM calculation,,,FNAM calculation,no,2026-10-09 18:30 ET
AMZN,Amazon,FY2022Q4,2022-12-31,2022-Q4,ttm_land_ebitda,1.5975742583396408,trailing 12 months,FNAM calculation,,,FNAM calculation,no,2026-10-09 18:30 ET
AMZN,Amazon,FY2023Q1,2023-03-31,2023-Q1,capex_cash,14207000000,quarter,reported,PaymentsToAcquireProductiveAssets,0001018724-24-000083,T1 (XBRL),no,2026-10-09 18:30 ET
AMZN,Amazon,FY2023Q1,2023-03-31,2023-Q1,fl_additions,8000000,quarter,reported,RightOfUseAssetObtainedInExchangeForFinanceLeaseLiability,0001018724-24-000083,T1 (XBRL),no,2026-10-09 18:30 ET
AMZN,Amazon,FY2023Q1,2023-03-31,2023-Q1,ol_additions,3626000000,quarter,reported,RightOfUseAssetObtainedInExchangeForOperatingLeaseLiability,0001018724-24-000083,T1 (XBRL),no,2026-10-09 18:30 ET
AMZN,Amazon,FY2023Q1,2023-03-31,2023-Q1,fl_principal,1380000000,quarter,reported,FinanceLeasePrincipalPayments,0001018724-24-000083,T1 (XBRL),no,2026-10-09 18:30 ET
AMZN,Amazon,FY2023Q1,2023-03-31,2023-Q1,ocf,4788000000,quarter,reported,NetCashProvidedByUsedInOperatingActivities,0001018724-24-000083,T1 (XBRL),no,2026-10-09 18:30 ET
AMZN,Amazon,FY2023Q1,2023-03-31,2023-Q1,op_income,4774000000,quarter,reported,OperatingIncomeLoss,0001018724-24-000083,T1 (XBRL),no,2026-10-09 18:30 ET
AMZN,Amazon,FY2023Q1,2023-03-31,2023-Q1,da,11123000000,quarter,reported,DepreciationDepletionAndAmortization,0001018724-24-000083,T1 (XBRL),no,2026-10-09 18:30 ET
AMZN,Amazon,FY2023Q1,2023-03-31,2023-Q1,interest_exp,823000000,quarter,reported,InterestExpense,0001018724-24-000083,T1 (XBRL),no,2026-10-09 18:30 ET
AMZN,Amazon,FY2023Q1,2023-03-31,2023-Q1,debt_proceeds,0,quarter,reported,ProceedsFromIssuanceOfLongTermDebt,0001018724-24-000083,T1 (XBRL),no,2026-10-09 18:30 ET
AMZN,Amazon,FY2023Q1,2023-03-31,2023-Q1,debt_repaid,1386000000,quarter,reported,RepaymentsOfLongTermDebt,0001018724-24-000083,T1 (XBRL),no,2026-10-09 18:30 ET
AMZN,Amazon,FY2023Q1,2023-03-31,2023-Q1,buybacks,0,quarter,reported,PaymentsForRepurchaseOfCommonStock,0001018724-24-000083,T1 (XBRL),no,2026-10-09 18:30 ET
AMZN,Amazon,FY2023Q1,2023-03-31,2023-Q1,capex_incl_fl,14215000000,quarter,FNAM calculation,,,FNAM calculation,no,2026-10-09 18:30 ET
AMZN,Amazon,FY2023Q1,2023-03-31,2023-Q1,fcf,-9419000000,quarter,FNAM calculation,,,FNAM calculation,no,2026-10-09 18:30 ET
AMZN,Amazon,FY2023Q1,2023-03-31,2023-Q1,capex_ocf,2.9672096908939016,ratio,FNAM calculation,,,FNAM calculation,no,2026-10-09 18:30 ET
AMZN,Amazon,FY2023Q1,2023-03-31,2023-Q1,fcf_after_fl,-10799000000,quarter,FNAM calculation,,,FNAM calculation,no,2026-10-09 18:30 ET
AMZN,Amazon,FY2023Q1,2023-03-31,2023-Q1,ttm_capex_cash,62901000000,trailing 12 months,FNAM calculation,,,FNAM calculation,no,2026-10-09 18:30 ET
AMZN,Amazon,FY2023Q1,2023-03-31,2023-Q1,ttm_fl_additions,517000000,trailing 12 months,FNAM calculation,,,FNAM calculation,no,2026-10-09 18:30 ET
AMZN,Amazon,FY2023Q1,2023-03-31,2023-Q1,ttm_ol_additions,20251000000,trailing 12 months,FNAM calculation,,,FNAM calculation,no,2026-10-09 18:30 ET
AMZN,Amazon,FY2023Q1,2023-03-31,2023-Q1,ttm_fl_principal,6544000000,trailing 12 months,FNAM calculation,,,FNAM calculation,no,2026-10-09 18:30 ET
AMZN,Amazon,FY2023Q1,2023-03-31,2023-Q1,ttm_revenue,524897000000,trailing 12 months,FNAM calculation,,,FNAM calculation,no,2026-10-09 18:30 ET
AMZN,Amazon,FY2023Q1,2023-03-31,2023-Q1,ttm_ocf,54330000000,trailing 12 months,FNAM calculation,,,FNAM calculation,no,2026-10-09 18:30 ET
AMZN,Amazon,FY2023Q1,2023-03-31,2023-Q1,ttm_op_income,13353000000,trailing 12 months,FNAM calculation,,,FNAM calculation,no,2026-10-09 18:30 ET
AMZN,Amazon,FY2023Q1,2023-03-31,2023-Q1,ttm_da,43851000000,trailing 12 months,FNAM calculation,,,FNAM calculation,no,2026-10-09 18:30 ET
AMZN,Amazon,FY2023Q1,2023-03-31,2023-Q1,ttm_interest_exp,2718000000,trailing 12 months,FNAM calculation,,,FNAM calculation,no,2026-10-09 18:30 ET
AMZN,Amazon,FY2023Q1,2023-03-31,2023-Q1,ttm_debt_proceeds,21166000000,trailing 12 months,FNAM calculation,,,FNAM calculation,no,2026-10-09 18:30 ET
AMZN,Amazon,FY2023Q1,2023-03-31,2023-Q1,ttm_debt_repaid,2644000000,trailing 12 months,FNAM calculation,,,FNAM calculation,no,2026-10-09 18:30 ET
AMZN,Amazon,FY2023Q1,2023-03-31,2023-Q1,ttm_buybacks,3334000000,trailing 12 months,FNAM calculation,,,FNAM calculation,no,2026-10-09 18:30 ET
AMZN,Amazon,FY2023Q1,2023-03-31,2023-Q1,ttm_ebitda,57204000000,trailing 12 months,FNAM calculation,,,FNAM calculation,no,2026-10-09 18:30 ET
AMZN,Amazon,FY2023Q1,2023-03-31,2023-Q1,ttm_capex_incl_fl,63418000000,trailing 12 months,FNAM calculation,,,FNAM calculation,no,2026-10-09 18:30 ET
AMZN,Amazon,FY2023Q1,2023-03-31,2023-Q1,ttm_fcf,-8571000000,trailing 12 months,FNAM calculation,,,FNAM calculation,no,2026-10-09 18:30 ET
AMZN,Amazon,FY2023Q1,2023-03-31,2023-Q1,ttm_capex_ocf,1.1577581446714522,trailing 12 months,FNAM calculation,,,FNAM calculation,no,2026-10-09 18:30 ET
AMZN,Amazon,FY2023Q1,2023-03-31,2023-Q1,ttm_fcf_after_fl,-15115000000,trailing 12 months,FNAM calculation,,,FNAM calculation,no,2026-10-09 18:30 ET
AMZN,Amazon,FY2023Q1,2023-03-31,2023-Q1,ttm_int_cov,4.91280353200883,trailing 12 months,FNAM calculation,,,FNAM calculation,no,2026-10-09 18:30 ET
AMZN,Amazon,FY2023Q1,2023-03-31,2023-Q1,ttm_ebitda_int,21.04635761589404,trailing 12 months,FNAM calculation,,,FNAM calculation,no,2026-10-09 18:30 ET
AMZN,Amazon,FY2023Q1,2023-03-31,2023-Q1,ttm_nd_ebitda,0.10780714635340186,trailing 12 months,FNAM calculation,,,FNAM calculation,no,2026-10-09 18:30 ET
AMZN,Amazon,FY2023Q1,2023-03-31,2023-Q1,ttm_land_ebitda,1.6058667226068106,trailing 12 months,FNAM calculation,,,FNAM calculation,no,2026-10-09 18:30 ET
AMZN,Amazon,FY2023Q2,2023-06-30,2023-Q2,capex_cash,11455000000,quarter,reported,PaymentsToAcquireProductiveAssets,0001018724-24-000130,T1 (XBRL),no,2026-10-09 18:30 ET
AMZN,Amazon,FY2023Q2,2023-06-30,2023-Q2,fl_additions,240000000,quarter,reported,RightOfUseAssetObtainedInExchangeForFinanceLeaseLiability,0001018724-24-000130,T1 (XBRL),no,2026-10-09 18:30 ET
AMZN,Amazon,FY2023Q2,2023-06-30,2023-Q2,ol_additions,4104000000,quarter,reported,RightOfUseAssetObtainedInExchangeForOperatingLeaseLiability,0001018724-24-000130,T1 (XBRL),no,2026-10-09 18:30 ET
AMZN,Amazon,FY2023Q2,2023-06-30,2023-Q2,fl_principal,1220000000,quarter,reported,FinanceLeasePrincipalPayments,0001018724-24-000130,T1 (XBRL),no,2026-10-09 18:30 ET
AMZN,Amazon,FY2023Q2,2023-06-30,2023-Q2,ocf,16476000000,quarter,reported,NetCashProvidedByUsedInOperatingActivities,0001018724-24-000130,T1 (XBRL),no,2026-10-09 18:30 ET
AMZN,Amazon,FY2023Q2,2023-06-30,2023-Q2,op_income,7681000000,quarter,reported,OperatingIncomeLoss,0001018724-24-000130,T1 (XBRL),no,2026-10-09 18:30 ET
AMZN,Amazon,FY2023Q2,2023-06-30,2023-Q2,da,11589000000,quarter,reported,DepreciationDepletionAndAmortization,0001018724-24-000130,T1 (XBRL),no,2026-10-09 18:30 ET
AMZN,Amazon,FY2023Q2,2023-06-30,2023-Q2,interest_exp,840000000,quarter,reported,InterestExpense,0001018724-23-000012,T1 (XBRL),no,2026-10-09 18:30 ET
AMZN,Amazon,FY2023Q2,2023-06-30,2023-Q2,debt_proceeds,0,quarter,reported,ProceedsFromIssuanceOfLongTermDebt,0001018724-24-000130,T1 (XBRL),no,2026-10-09 18:30 ET
AMZN,Amazon,FY2023Q2,2023-06-30,2023-Q2,debt_repaid,2000000000,quarter,reported,RepaymentsOfLongTermDebt,0001018724-24-000130,T1 (XBRL),no,2026-10-09 18:30 ET
AMZN,Amazon,FY2023Q2,2023-06-30,2023-Q2,buybacks,0,quarter,reported,PaymentsForRepurchaseOfCommonStock,0001018724-23-000012,T1 (XBRL),no,2026-10-09 18:30 ET
AMZN,Amazon,FY2023Q2,2023-06-30,2023-Q2,capex_incl_fl,11695000000,quarter,FNAM calculation,,,FNAM calculation,no,2026-10-09 18:30 ET
AMZN,Amazon,FY2023Q2,2023-06-30,2023-Q2,fcf,5021000000,quarter,FNAM calculation,,,FNAM calculation,no,2026-10-09 18:30 ET
AMZN,Amazon,FY2023Q2,2023-06-30,2023-Q2,capex_ocf,0.6952537023549406,ratio,FNAM calculation,,,FNAM calculation,no,2026-10-09 18:30 ET
AMZN,Amazon,FY2023Q2,2023-06-30,2023-Q2,fcf_after_fl,3801000000,quarter,FNAM calculation,,,FNAM calculation,no,2026-10-09 18:30 ET
AMZN,Amazon,FY2023Q2,2023-06-30,2023-Q2,ttm_capex_cash,58632000000,trailing 12 months,FNAM calculation,,,FNAM calculation,no,2026-10-09 18:30 ET
AMZN,Amazon,FY2023Q2,2023-06-30,2023-Q2,ttm_fl_additions,696000000,trailing 12 months,FNAM calculation,,,FNAM calculation,no,2026-10-09 18:30 ET
AMZN,Amazon,FY2023Q2,2023-06-30,2023-Q2,ttm_ol_additions,19254000000,trailing 12 months,FNAM calculation,,,FNAM calculation,no,2026-10-09 18:30 ET
AMZN,Amazon,FY2023Q2,2023-06-30,2023-Q2,ttm_fl_principal,5705000000,trailing 12 months,FNAM calculation,,,FNAM calculation,no,2026-10-09 18:30 ET
AMZN,Amazon,FY2023Q2,2023-06-30,2023-Q2,ttm_revenue,538046000000,trailing 12 months,FNAM calculation,,,FNAM calculation,no,2026-10-09 18:30 ET
AMZN,Amazon,FY2023Q2,2023-06-30,2023-Q2,ttm_ocf,61841000000,trailing 12 months,FNAM calculation,,,FNAM calculation,no,2026-10-09 18:30 ET
AMZN,Amazon,FY2023Q2,2023-06-30,2023-Q2,ttm_op_income,17717000000,trailing 12 months,FNAM calculation,,,FNAM calculation,no,2026-10-09 18:30 ET
AMZN,Amazon,FY2023Q2,2023-06-30,2023-Q2,ttm_da,45724000000,trailing 12 months,FNAM calculation,,,FNAM calculation,no,2026-10-09 18:30 ET
AMZN,Amazon,FY2023Q2,2023-06-30,2023-Q2,ttm_interest_exp,2974000000,trailing 12 months,FNAM calculation,,,FNAM calculation,no,2026-10-09 18:30 ET
AMZN,Amazon,FY2023Q2,2023-06-30,2023-Q2,ttm_debt_proceeds,8342000000,trailing 12 months,FNAM calculation,,,FNAM calculation,no,2026-10-09 18:30 ET
AMZN,Amazon,FY2023Q2,2023-06-30,2023-Q2,ttm_debt_repaid,4643000000,trailing 12 months,FNAM calculation,,,FNAM calculation,no,2026-10-09 18:30 ET
AMZN,Amazon,FY2023Q2,2023-06-30,2023-Q2,ttm_buybacks,0,trailing 12 months,FNAM calculation,,,FNAM calculation,no,2026-10-09 18:30 ET
AMZN,Amazon,FY2023Q2,2023-06-30,2023-Q2,ttm_ebitda,63441000000,trailing 12 months,FNAM calculation,,,FNAM calculation,no,2026-10-09 18:30 ET
AMZN,Amazon,FY2023Q2,2023-06-30,2023-Q2,ttm_capex_incl_fl,59328000000,trailing 12 months,FNAM calculation,,,FNAM calculation,no,2026-10-09 18:30 ET
AMZN,Amazon,FY2023Q2,2023-06-30,2023-Q2,ttm_fcf,3209000000,trailing 12 months,FNAM calculation,,,FNAM calculation,no,2026-10-09 18:30 ET
AMZN,Amazon,FY2023Q2,2023-06-30,2023-Q2,ttm_capex_ocf,0.9481088598179201,trailing 12 months,FNAM calculation,,,FNAM calculation,no,2026-10-09 18:30 ET
AMZN,Amazon,FY2023Q2,2023-06-30,2023-Q2,ttm_fcf_after_fl,-2496000000,trailing 12 months,FNAM calculation,,,FNAM calculation,no,2026-10-09 18:30 ET
AMZN,Amazon,FY2023Q2,2023-06-30,2023-Q2,ttm_int_cov,5.957296570275723,trailing 12 months,FNAM calculation,,,FNAM calculation,no,2026-10-09 18:30 ET
AMZN,Amazon,FY2023Q2,2023-06-30,2023-Q2,ttm_ebitda_int,21.331876260928045,trailing 12 months,FNAM calculation,,,FNAM calculation,no,2026-10-09 18:30 ET
AMZN,Amazon,FY2023Q2,2023-06-30,2023-Q2,ttm_nd_ebitda,0.07253984016645387,trailing 12 months,FNAM calculation,,,FNAM calculation,no,2026-10-09 18:30 ET
AMZN,Amazon,FY2023Q2,2023-06-30,2023-Q2,ttm_land_ebitda,1.441181570277896,trailing 12 months,FNAM calculation,,,FNAM calculation,no,2026-10-09 18:30 ET
AMZN,Amazon,FY2023Q3,2023-09-30,2023-Q3,capex_cash,12479000000,quarter,reported,PaymentsToAcquireProductiveAssets,0001018724-24-000161,T1 (XBRL),no,2026-10-09 18:30 ET
AMZN,Amazon,FY2023Q3,2023-09-30,2023-Q3,fl_additions,183000000,quarter,reported,RightOfUseAssetObtainedInExchangeForFinanceLeaseLiability,0001018724-24-000161,T1 (XBRL),no,2026-10-09 18:30 ET
AMZN,Amazon,FY2023Q3,2023-09-30,2023-Q3,ol_additions,3345000000,quarter,reported,RightOfUseAssetObtainedInExchangeForOperatingLeaseLiability,0001018724-24-000161,T1 (XBRL),no,2026-10-09 18:30 ET
AMZN,Amazon,FY2023Q3,2023-09-30,2023-Q3,fl_principal,1005000000,quarter,reported,FinanceLeasePrincipalPayments,0001018724-24-000161,T1 (XBRL),no,2026-10-09 18:30 ET
AMZN,Amazon,FY2023Q3,2023-09-30,2023-Q3,ocf,21217000000,quarter,reported,NetCashProvidedByUsedInOperatingActivities,0001018724-24-000161,T1 (XBRL),no,2026-10-09 18:30 ET
AMZN,Amazon,FY2023Q3,2023-09-30,2023-Q3,op_income,11188000000,quarter,reported,OperatingIncomeLoss,0001018724-24-000161,T1 (XBRL),no,2026-10-09 18:30 ET
AMZN,Amazon,FY2023Q3,2023-09-30,2023-Q3,da,12131000000,quarter,reported,DepreciationDepletionAndAmortization,0001018724-24-000161,T1 (XBRL),no,2026-10-09 18:30 ET
AMZN,Amazon,FY2023Q3,2023-09-30,2023-Q3,interest_exp,806000000,quarter,reported,InterestExpense,0001018724-23-000018,T1 (XBRL),no,2026-10-09 18:30 ET
AMZN,Amazon,FY2023Q3,2023-09-30,2023-Q3,debt_proceeds,0,quarter,reported,ProceedsFromIssuanceOfLongTermDebt,0001018724-24-000161,T1 (XBRL),no,2026-10-09 18:30 ET
AMZN,Amazon,FY2023Q3,2023-09-30,2023-Q3,debt_repaid,0,quarter,reported,RepaymentsOfLongTermDebt,0001018724-24-000161,T1 (XBRL),no,2026-10-09 18:30 ET
AMZN,Amazon,FY2023Q3,2023-09-30,2023-Q3,buybacks,0,quarter,reported,PaymentsForRepurchaseOfCommonStock,0001018724-23-000018,T1 (XBRL),no,2026-10-09 18:30 ET
AMZN,Amazon,FY2023Q3,2023-09-30,2023-Q3,capex_incl_fl,12662000000,quarter,FNAM calculation,,,FNAM calculation,no,2026-10-09 18:30 ET
AMZN,Amazon,FY2023Q3,2023-09-30,2023-Q3,fcf,8738000000,quarter,FNAM calculation,,,FNAM calculation,no,2026-10-09 18:30 ET
AMZN,Amazon,FY2023Q3,2023-09-30,2023-Q3,capex_ocf,0.5881604373851157,ratio,FNAM calculation,,,FNAM calculation,no,2026-10-09 18:30 ET
AMZN,Amazon,FY2023Q3,2023-09-30,2023-Q3,fcf_after_fl,7733000000,quarter,FNAM calculation,,,FNAM calculation,no,2026-10-09 18:30 ET
AMZN,Amazon,FY2023Q3,2023-09-30,2023-Q3,ttm_capex_cash,54733000000,trailing 12 months,FNAM calculation,,,FNAM calculation,no,2026-10-09 18:30 ET
AMZN,Amazon,FY2023Q3,2023-09-30,2023-Q3,ttm_fl_additions,748000000,trailing 12 months,FNAM calculation,,,FNAM calculation,no,2026-10-09 18:30 ET
AMZN,Amazon,FY2023Q3,2023-09-30,2023-Q3,ttm_ol_additions,15844000000,trailing 12 months,FNAM calculation,,,FNAM calculation,no,2026-10-09 18:30 ET
AMZN,Amazon,FY2023Q3,2023-09-30,2023-Q3,ttm_fl_principal,5245000000,trailing 12 months,FNAM calculation,,,FNAM calculation,no,2026-10-09 18:30 ET
AMZN,Amazon,FY2023Q3,2023-09-30,2023-Q3,ttm_revenue,554028000000,trailing 12 months,FNAM calculation,,,FNAM calculation,no,2026-10-09 18:30 ET
AMZN,Amazon,FY2023Q3,2023-09-30,2023-Q3,ttm_ocf,71654000000,trailing 12 months,FNAM calculation,,,FNAM calculation,no,2026-10-09 18:30 ET
AMZN,Amazon,FY2023Q3,2023-09-30,2023-Q3,ttm_op_income,26380000000,trailing 12 months,FNAM calculation,,,FNAM calculation,no,2026-10-09 18:30 ET
AMZN,Amazon,FY2023Q3,2023-09-30,2023-Q3,ttm_da,47528000000,trailing 12 months,FNAM calculation,,,FNAM calculation,no,2026-10-09 18:30 ET
AMZN,Amazon,FY2023Q3,2023-09-30,2023-Q3,ttm_interest_exp,3163000000,trailing 12 months,FNAM calculation,,,FNAM calculation,no,2026-10-09 18:30 ET
AMZN,Amazon,FY2023Q3,2023-09-30,2023-Q3,ttm_debt_proceeds,8235000000,trailing 12 months,FNAM calculation,,,FNAM calculation,no,2026-10-09 18:30 ET
AMZN,Amazon,FY2023Q3,2023-09-30,2023-Q3,ttm_debt_repaid,4643000000,trailing 12 months,FNAM calculation,,,FNAM calculation,no,2026-10-09 18:30 ET
AMZN,Amazon,FY2023Q3,2023-09-30,2023-Q3,ttm_buybacks,0,trailing 12 months,FNAM calculation,,,FNAM calculation,no,2026-10-09 18:30 ET
AMZN,Amazon,FY2023Q3,2023-09-30,2023-Q3,ttm_ebitda,73908000000,trailing 12 months,FNAM calculation,,,FNAM calculation,no,2026-10-09 18:30 ET
AMZN,Amazon,FY2023Q3,2023-09-30,2023-Q3,ttm_capex_incl_fl,55481000000,trailing 12 months,FNAM calculation,,,FNAM calculation,no,2026-10-09 18:30 ET
AMZN,Amazon,FY2023Q3,2023-09-30,2023-Q3,ttm_fcf,16921000000,trailing 12 months,FNAM calculation,,,FNAM calculation,no,2026-10-09 18:30 ET
AMZN,Amazon,FY2023Q3,2023-09-30,2023-Q3,ttm_capex_ocf,0.763851285343456,trailing 12 months,FNAM calculation,,,FNAM calculation,no,2026-10-09 18:30 ET
AMZN,Amazon,FY2023Q3,2023-09-30,2023-Q3,ttm_fcf_after_fl,11676000000,trailing 12 months,FNAM calculation,,,FNAM calculation,no,2026-10-09 18:30 ET
AMZN,Amazon,FY2023Q3,2023-09-30,2023-Q3,ttm_int_cov,8.340183370218147,trailing 12 months,FNAM calculation,,,FNAM calculation,no,2026-10-09 18:30 ET
AMZN,Amazon,FY2023Q3,2023-09-30,2023-Q3,ttm_ebitda_int,23.366424280746127,trailing 12 months,FNAM calculation,,,FNAM calculation,no,2026-10-09 18:30 ET
AMZN,Amazon,FY2023Q3,2023-09-30,2023-Q3,ttm_nd_ebitda,0.04693673215348812,trailing 12 months,FNAM calculation,,,FNAM calculation,no,2026-10-09 18:30 ET
AMZN,Amazon,FY2023Q3,2023-09-30,2023-Q3,ttm_land_ebitda,1.2155247063917303,trailing 12 months,FNAM calculation,,,FNAM calculation,no,2026-10-09 18:30 ET
AMZN,Amazon,FY2023Q4,2023-12-31,2023-Q4,capex_cash,14588000000,quarter,fy_minus_9m,PaymentsToAcquireProductiveAssets,0001018724-26-000004 0001018724-24-000161,T1 (XBRL),no,2026-10-09 18:30 ET
AMZN,Amazon,FY2023Q4,2023-12-31,2023-Q4,fl_additions,211000000,quarter,fy_minus_9m,RightOfUseAssetObtainedInExchangeForFinanceLeaseLiability,0001018724-26-000004 0001018724-24-000161,T1 (XBRL),no,2026-10-09 18:30 ET
AMZN,Amazon,FY2023Q4,2023-12-31,2023-Q4,ol_additions,2977000000,quarter,fy_minus_9m,RightOfUseAssetObtainedInExchangeForOperatingLeaseLiability,0001018724-26-000004 0001018724-24-000161,T1 (XBRL),no,2026-10-09 18:30 ET
AMZN,Amazon,FY2023Q4,2023-12-31,2023-Q4,fl_principal,779000000,quarter,fy_minus_9m,FinanceLeasePrincipalPayments,0001018724-26-000004 0001018724-24-000161,T1 (XBRL),no,2026-10-09 18:30 ET
AMZN,Amazon,FY2023Q4,2023-12-31,2023-Q4,ocf,42465000000,quarter,fy_minus_9m,NetCashProvidedByUsedInOperatingActivities,0001018724-26-000004 0001018724-24-000161,T1 (XBRL),no,2026-10-09 18:30 ET
AMZN,Amazon,FY2023Q4,2023-12-31,2023-Q4,op_income,13209000000,quarter,fy_minus_9m,OperatingIncomeLoss,0001018724-26-000004 0001018724-24-000161,T1 (XBRL),no,2026-10-09 18:30 ET
AMZN,Amazon,FY2023Q4,2023-12-31,2023-Q4,da,13820000000,quarter,fy_minus_9m,DepreciationDepletionAndAmortization,0001018724-26-000004 0001018724-24-000161,T1 (XBRL),no,2026-10-09 18:30 ET
AMZN,Amazon,FY2023Q4,2023-12-31,2023-Q4,interest_exp,713000000,quarter,fy_minus_9m,InterestExpense,0001018724-24-000008 0001018724-23-000018,T1 (XBRL),no,2026-10-09 18:30 ET
AMZN,Amazon,FY2023Q4,2023-12-31,2023-Q4,debt_proceeds,0,quarter,fy_minus_9m,ProceedsFromIssuanceOfLongTermDebt,0001018724-26-000004 0001018724-24-000161,T1 (XBRL),no,2026-10-09 18:30 ET
AMZN,Amazon,FY2023Q4,2023-12-31,2023-Q4,debt_repaid,290000000,quarter,fy_minus_9m,RepaymentsOfLongTermDebt,0001018724-26-000004 0001018724-24-000161,T1 (XBRL),no,2026-10-09 18:30 ET
AMZN,Amazon,FY2023Q4,2023-12-31,2023-Q4,buybacks,0,quarter,fy_minus_9m,PaymentsForRepurchaseOfCommonStock,0001018724-25-000004 0001018724-23-000018,T1 (XBRL),no,2026-10-09 18:30 ET
AMZN,Amazon,FY2023Q4,2023-12-31,2023-Q4,capex_incl_fl,14799000000,quarter,FNAM calculation,,,FNAM calculation,no,2026-10-09 18:30 ET
AMZN,Amazon,FY2023Q4,2023-12-31,2023-Q4,fcf,27877000000,quarter,FNAM calculation,,,FNAM calculation,no,2026-10-09 18:30 ET
AMZN,Amazon,FY2023Q4,2023-12-31,2023-Q4,capex_ocf,0.3435299658542329,ratio,FNAM calculation,,,FNAM calculation,no,2026-10-09 18:30 ET
AMZN,Amazon,FY2023Q4,2023-12-31,2023-Q4,fcf_after_fl,27098000000,quarter,FNAM calculation,,,FNAM calculation,no,2026-10-09 18:30 ET
AMZN,Amazon,FY2023Q4,2023-12-31,2023-Q4,ttm_capex_cash,52729000000,trailing 12 months,FNAM calculation,,,FNAM calculation,no,2026-10-09 18:30 ET
AMZN,Amazon,FY2023Q4,2023-12-31,2023-Q4,ttm_fl_additions,642000000,trailing 12 months,FNAM calculation,,,FNAM calculation,no,2026-10-09 18:30 ET
AMZN,Amazon,FY2023Q4,2023-12-31,2023-Q4,ttm_ol_additions,14052000000,trailing 12 months,FNAM calculation,,,FNAM calculation,no,2026-10-09 18:30 ET
AMZN,Amazon,FY2023Q4,2023-12-31,2023-Q4,ttm_fl_principal,4384000000,trailing 12 months,FNAM calculation,,,FNAM calculation,no,2026-10-09 18:30 ET
AMZN,Amazon,FY2023Q4,2023-12-31,2023-Q4,ttm_revenue,574785000000,trailing 12 months,FNAM calculation,,,FNAM calculation,no,2026-10-09 18:30 ET
AMZN,Amazon,FY2023Q4,2023-12-31,2023-Q4,ttm_ocf,84946000000,trailing 12 months,FNAM calculation,,,FNAM calculation,no,2026-10-09 18:30 ET
AMZN,Amazon,FY2023Q4,2023-12-31,2023-Q4,ttm_op_income,36852000000,trailing 12 months,FNAM calculation,,,FNAM calculation,no,2026-10-09 18:30 ET
AMZN,Amazon,FY2023Q4,2023-12-31,2023-Q4,ttm_da,48663000000,trailing 12 months,FNAM calculation,,,FNAM calculation,no,2026-10-09 18:30 ET
AMZN,Amazon,FY2023Q4,2023-12-31,2023-Q4,ttm_interest_exp,3182000000,trailing 12 months,FNAM calculation,,,FNAM calculation,no,2026-10-09 18:30 ET
AMZN,Amazon,FY2023Q4,2023-12-31,2023-Q4,ttm_debt_proceeds,0,trailing 12 months,FNAM calculation,,,FNAM calculation,no,2026-10-09 18:30 ET
AMZN,Amazon,FY2023Q4,2023-12-31,2023-Q4,ttm_debt_repaid,3676000000,trailing 12 months,FNAM calculation,,,FNAM calculation,no,2026-10-09 18:30 ET
AMZN,Amazon,FY2023Q4,2023-12-31,2023-Q4,ttm_buybacks,0,trailing 12 months,FNAM calculation,,,FNAM calculation,no,2026-10-09 18:30 ET
AMZN,Amazon,FY2023Q4,2023-12-31,2023-Q4,ttm_ebitda,85515000000,trailing 12 months,FNAM calculation,,,FNAM calculation,no,2026-10-09 18:30 ET
AMZN,Amazon,FY2023Q4,2023-12-31,2023-Q4,ttm_capex_incl_fl,53371000000,trailing 12 months,FNAM calculation,,,FNAM calculation,no,2026-10-09 18:30 ET
AMZN,Amazon,FY2023Q4,2023-12-31,2023-Q4,ttm_fcf,32217000000,trailing 12 months,FNAM calculation,,,FNAM calculation,no,2026-10-09 18:30 ET
AMZN,Amazon,FY2023Q4,2023-12-31,2023-Q4,ttm_capex_ocf,0.6207355260989335,trailing 12 months,FNAM calculation,,,FNAM calculation,no,2026-10-09 18:30 ET
AMZN,Amazon,FY2023Q4,2023-12-31,2023-Q4,ttm_fcf_after_fl,27833000000,trailing 12 months,FNAM calculation,,,FNAM calculation,no,2026-10-09 18:30 ET
AMZN,Amazon,FY2023Q4,2023-12-31,2023-Q4,ttm_int_cov,11.581395348837209,trailing 12 months,FNAM calculation,,,FNAM calculation,no,2026-10-09 18:30 ET
AMZN,Amazon,FY2023Q4,2023-12-31,2023-Q4,ttm_ebitda_int,26.87460716530484,trailing 12 months,FNAM calculation,,,FNAM calculation,no,2026-10-09 18:30 ET
AMZN,Amazon,FY2023Q4,2023-12-31,2023-Q4,ttm_nd_ebitda,-0.22745717125650472,trailing 12 months,FNAM calculation,,,FNAM calculation,no,2026-10-09 18:30 ET
AMZN,Amazon,FY2023Q4,2023-12-31,2023-Q4,ttm_land_ebitda,0.798655206688885,trailing 12 months,FNAM calculation,,,FNAM calculation,no,2026-10-09 18:30 ET
AMZN,Amazon,FY2024Q1,2024-03-31,2024-Q1,capex_cash,14925000000,quarter,reported,PaymentsToAcquireProductiveAssets,0001018724-25-000036,T1 (XBRL),no,2026-10-09 18:30 ET
AMZN,Amazon,FY2024Q1,2024-03-31,2024-Q1,fl_additions,42000000,quarter,reported,RightOfUseAssetObtainedInExchangeForFinanceLeaseLiability,0001018724-25-000036,T1 (XBRL),no,2026-10-09 18:30 ET
AMZN,Amazon,FY2024Q1,2024-03-31,2024-Q1,ol_additions,3753000000,quarter,reported,RightOfUseAssetObtainedInExchangeForOperatingLeaseLiability,0001018724-25-000036,T1 (XBRL),no,2026-10-09 18:30 ET
AMZN,Amazon,FY2024Q1,2024-03-31,2024-Q1,fl_principal,770000000,quarter,reported,FinanceLeasePrincipalPayments,0001018724-25-000036,T1 (XBRL),no,2026-10-09 18:30 ET
AMZN,Amazon,FY2024Q1,2024-03-31,2024-Q1,ocf,18989000000,quarter,reported,NetCashProvidedByUsedInOperatingActivities,0001018724-25-000036,T1 (XBRL),no,2026-10-09 18:30 ET
AMZN,Amazon,FY2024Q1,2024-03-31,2024-Q1,op_income,15307000000,quarter,reported,OperatingIncomeLoss,0001018724-25-000036,T1 (XBRL),no,2026-10-09 18:30 ET
AMZN,Amazon,FY2024Q1,2024-03-31,2024-Q1,da,11684000000,quarter,reported,DepreciationDepletionAndAmortization,0001018724-25-000036,T1 (XBRL),no,2026-10-09 18:30 ET
AMZN,Amazon,FY2024Q1,2024-03-31,2024-Q1,interest_exp,644000000,quarter,reported,InterestExpenseNonoperating,0001018724-25-000036,T1 (XBRL),no,2026-10-09 18:30 ET
AMZN,Amazon,FY2024Q1,2024-03-31,2024-Q1,debt_proceeds,0,quarter,reported,ProceedsFromIssuanceOfLongTermDebt,0001018724-25-000036,T1 (XBRL),no,2026-10-09 18:30 ET
AMZN,Amazon,FY2024Q1,2024-03-31,2024-Q1,debt_repaid,330000000,quarter,reported,RepaymentsOfLongTermDebt,0001018724-25-000036,T1 (XBRL),no,2026-10-09 18:30 ET
AMZN,Amazon,FY2024Q1,2024-03-31,2024-Q1,buybacks,0,quarter,reported,PaymentsForRepurchaseOfCommonStock,0001018724-24-000083,T1 (XBRL),no,2026-10-09 18:30 ET
AMZN,Amazon,FY2024Q1,2024-03-31,2024-Q1,capex_incl_fl,14967000000,quarter,FNAM calculation,,,FNAM calculation,no,2026-10-09 18:30 ET
AMZN,Amazon,FY2024Q1,2024-03-31,2024-Q1,fcf,4064000000,quarter,FNAM calculation,,,FNAM calculation,no,2026-10-09 18:30 ET
AMZN,Amazon,FY2024Q1,2024-03-31,2024-Q1,capex_ocf,0.7859813576281005,ratio,FNAM calculation,,,FNAM calculation,no,2026-10-09 18:30 ET
AMZN,Amazon,FY2024Q1,2024-03-31,2024-Q1,fcf_after_fl,3294000000,quarter,FNAM calculation,,,FNAM calculation,no,2026-10-09 18:30 ET
AMZN,Amazon,FY2024Q1,2024-03-31,2024-Q1,ttm_capex_cash,53447000000,trailing 12 months,FNAM calculation,,,FNAM calculation,no,2026-10-09 18:30 ET
AMZN,Amazon,FY2024Q1,2024-03-31,2024-Q1,ttm_fl_additions,676000000,trailing 12 months,FNAM calculation,,,FNAM calculation,no,2026-10-09 18:30 ET
AMZN,Amazon,FY2024Q1,2024-03-31,2024-Q1,ttm_ol_additions,14179000000,trailing 12 months,FNAM calculation,,,FNAM calculation,no,2026-10-09 18:30 ET
AMZN,Amazon,FY2024Q1,2024-03-31,2024-Q1,ttm_fl_principal,3774000000,trailing 12 months,FNAM calculation,,,FNAM calculation,no,2026-10-09 18:30 ET
AMZN,Amazon,FY2024Q1,2024-03-31,2024-Q1,ttm_revenue,590740000000,trailing 12 months,FNAM calculation,,,FNAM calculation,no,2026-10-09 18:30 ET
AMZN,Amazon,FY2024Q1,2024-03-31,2024-Q1,ttm_ocf,99147000000,trailing 12 months,FNAM calculation,,,FNAM calculation,no,2026-10-09 18:30 ET
AMZN,Amazon,FY2024Q1,2024-03-31,2024-Q1,ttm_op_income,47385000000,trailing 12 months,FNAM calculation,,,FNAM calculation,no,2026-10-09 18:30 ET
AMZN,Amazon,FY2024Q1,2024-03-31,2024-Q1,ttm_da,49224000000,trailing 12 months,FNAM calculation,,,FNAM calculation,no,2026-10-09 18:30 ET
AMZN,Amazon,FY2024Q1,2024-03-31,2024-Q1,ttm_interest_exp,3003000000,trailing 12 months,FNAM calculation,,,FNAM calculation,no,2026-10-09 18:30 ET
AMZN,Amazon,FY2024Q1,2024-03-31,2024-Q1,ttm_debt_proceeds,0,trailing 12 months,FNAM calculation,,,FNAM calculation,no,2026-10-09 18:30 ET
AMZN,Amazon,FY2024Q1,2024-03-31,2024-Q1,ttm_debt_repaid,2620000000,trailing 12 months,FNAM calculation,,,FNAM calculation,no,2026-10-09 18:30 ET
AMZN,Amazon,FY2024Q1,2024-03-31,2024-Q1,ttm_buybacks,0,trailing 12 months,FNAM calculation,,,FNAM calculation,no,2026-10-09 18:30 ET
AMZN,Amazon,FY2024Q1,2024-03-31,2024-Q1,ttm_ebitda,96609000000,trailing 12 months,FNAM calculation,,,FNAM calculation,no,2026-10-09 18:30 ET
AMZN,Amazon,FY2024Q1,2024-03-31,2024-Q1,ttm_capex_incl_fl,54123000000,trailing 12 months,FNAM calculation,,,FNAM calculation,no,2026-10-09 18:30 ET
AMZN,Amazon,FY2024Q1,2024-03-31,2024-Q1,ttm_fcf,45700000000,trailing 12 months,FNAM calculation,,,FNAM calculation,no,2026-10-09 18:30 ET
AMZN,Amazon,FY2024Q1,2024-03-31,2024-Q1,ttm_capex_ocf,0.5390682521911908,trailing 12 months,FNAM calculation,,,FNAM calculation,no,2026-10-09 18:30 ET
AMZN,Amazon,FY2024Q1,2024-03-31,2024-Q1,ttm_fcf_after_fl,41926000000,trailing 12 months,FNAM calculation,,,FNAM calculation,no,2026-10-09 18:30 ET
AMZN,Amazon,FY2024Q1,2024-03-31,2024-Q1,ttm_int_cov,15.779220779220779,trailing 12 months,FNAM calculation,,,FNAM calculation,no,2026-10-09 18:30 ET
AMZN,Amazon,FY2024Q1,2024-03-31,2024-Q1,ttm_ebitda_int,32.17082917082917,trailing 12 months,FNAM calculation,,,FNAM calculation,no,2026-10-09 18:30 ET
AMZN,Amazon,FY2024Q1,2024-03-31,2024-Q1,ttm_nd_ebitda,-0.1880984173317186,trailing 12 months,FNAM calculation,,,FNAM calculation,no,2026-10-09 18:30 ET
AMZN,Amazon,FY2024Q1,2024-03-31,2024-Q1,ttm_land_ebitda,0.7151197093438499,trailing 12 months,FNAM calculation,,,FNAM calculation,no,2026-10-09 18:30 ET
AMZN,Amazon,FY2024Q2,2024-06-30,2024-Q2,capex_cash,17620000000,quarter,reported,PaymentsToAcquireProductiveAssets,0001018724-25-000086,T1 (XBRL),no,2026-10-09 18:30 ET
AMZN,Amazon,FY2024Q2,2024-06-30,2024-Q2,fl_additions,181000000,quarter,reported,RightOfUseAssetObtainedInExchangeForFinanceLeaseLiability,0001018724-25-000086,T1 (XBRL),no,2026-10-09 18:30 ET
AMZN,Amazon,FY2024Q2,2024-06-30,2024-Q2,ol_additions,3911000000,quarter,reported,RightOfUseAssetObtainedInExchangeForOperatingLeaseLiability,0001018724-25-000086,T1 (XBRL),no,2026-10-09 18:30 ET
AMZN,Amazon,FY2024Q2,2024-06-30,2024-Q2,fl_principal,538000000,quarter,reported,FinanceLeasePrincipalPayments,0001018724-25-000086,T1 (XBRL),no,2026-10-09 18:30 ET
AMZN,Amazon,FY2024Q2,2024-06-30,2024-Q2,ocf,25281000000,quarter,reported,NetCashProvidedByUsedInOperatingActivities,0001018724-25-000086,T1 (XBRL),no,2026-10-09 18:30 ET
AMZN,Amazon,FY2024Q2,2024-06-30,2024-Q2,op_income,14672000000,quarter,reported,OperatingIncomeLoss,0001018724-25-000086,T1 (XBRL),no,2026-10-09 18:30 ET
AMZN,Amazon,FY2024Q2,2024-06-30,2024-Q2,da,12038000000,quarter,reported,DepreciationDepletionAndAmortization,0001018724-25-000086,T1 (XBRL),no,2026-10-09 18:30 ET
AMZN,Amazon,FY2024Q2,2024-06-30,2024-Q2,interest_exp,589000000,quarter,reported,InterestExpenseNonoperating,0001018724-25-000086,T1 (XBRL),no,2026-10-09 18:30 ET
AMZN,Amazon,FY2024Q2,2024-06-30,2024-Q2,debt_proceeds,0,quarter,reported,ProceedsFromIssuanceOfLongTermDebt,0001018724-25-000086,T1 (XBRL),no,2026-10-09 18:30 ET
AMZN,Amazon,FY2024Q2,2024-06-30,2024-Q2,debt_repaid,4169000000,quarter,reported,RepaymentsOfLongTermDebt,0001018724-25-000086,T1 (XBRL),no,2026-10-09 18:30 ET
AMZN,Amazon,FY2024Q2,2024-06-30,2024-Q2,capex_incl_fl,17801000000,quarter,FNAM calculation,,,FNAM calculation,no,2026-10-09 18:30 ET
AMZN,Amazon,FY2024Q2,2024-06-30,2024-Q2,fcf,7661000000,quarter,FNAM calculation,,,FNAM calculation,no,2026-10-09 18:30 ET
AMZN,Amazon,FY2024Q2,2024-06-30,2024-Q2,capex_ocf,0.6969661010244848,ratio,FNAM calculation,,,FNAM calculation,no,2026-10-09 18:30 ET
AMZN,Amazon,FY2024Q2,2024-06-30,2024-Q2,fcf_after_fl,7123000000,quarter,FNAM calculation,,,FNAM calculation,no,2026-10-09 18:30 ET
AMZN,Amazon,FY2024Q2,2024-06-30,2024-Q2,ttm_capex_cash,59612000000,trailing 12 months,FNAM calculation,,,FNAM calculation,no,2026-10-09 18:30 ET
AMZN,Amazon,FY2024Q2,2024-06-30,2024-Q2,ttm_fl_additions,617000000,trailing 12 months,FNAM calculation,,,FNAM calculation,no,2026-10-09 18:30 ET
AMZN,Amazon,FY2024Q2,2024-06-30,2024-Q2,ttm_ol_additions,13986000000,trailing 12 months,FNAM calculation,,,FNAM calculation,no,2026-10-09 18:30 ET
AMZN,Amazon,FY2024Q2,2024-06-30,2024-Q2,ttm_fl_principal,3092000000,trailing 12 months,FNAM calculation,,,FNAM calculation,no,2026-10-09 18:30 ET
AMZN,Amazon,FY2024Q2,2024-06-30,2024-Q2,ttm_revenue,604334000000,trailing 12 months,FNAM calculation,,,FNAM calculation,no,2026-10-09 18:30 ET
AMZN,Amazon,FY2024Q2,2024-06-30,2024-Q2,ttm_ocf,107952000000,trailing 12 months,FNAM calculation,,,FNAM calculation,no,2026-10-09 18:30 ET
AMZN,Amazon,FY2024Q2,2024-06-30,2024-Q2,ttm_op_income,54376000000,trailing 12 months,FNAM calculation,,,FNAM calculation,no,2026-10-09 18:30 ET
AMZN,Amazon,FY2024Q2,2024-06-30,2024-Q2,ttm_da,49673000000,trailing 12 months,FNAM calculation,,,FNAM calculation,no,2026-10-09 18:30 ET
AMZN,Amazon,FY2024Q2,2024-06-30,2024-Q2,ttm_interest_exp,2752000000,trailing 12 months,FNAM calculation,,,FNAM calculation,no,2026-10-09 18:30 ET
AMZN,Amazon,FY2024Q2,2024-06-30,2024-Q2,ttm_debt_proceeds,0,trailing 12 months,FNAM calculation,,,FNAM calculation,no,2026-10-09 18:30 ET
AMZN,Amazon,FY2024Q2,2024-06-30,2024-Q2,ttm_debt_repaid,4789000000,trailing 12 months,FNAM calculation,,,FNAM calculation,no,2026-10-09 18:30 ET
AMZN,Amazon,FY2024Q2,2024-06-30,2024-Q2,ttm_ebitda,104049000000,trailing 12 months,FNAM calculation,,,FNAM calculation,no,2026-10-09 18:30 ET
AMZN,Amazon,FY2024Q2,2024-06-30,2024-Q2,ttm_capex_incl_fl,60229000000,trailing 12 months,FNAM calculation,,,FNAM calculation,no,2026-10-09 18:30 ET
AMZN,Amazon,FY2024Q2,2024-06-30,2024-Q2,ttm_fcf,48340000000,trailing 12 months,FNAM calculation,,,FNAM calculation,no,2026-10-09 18:30 ET
AMZN,Amazon,FY2024Q2,2024-06-30,2024-Q2,ttm_capex_ocf,0.5522083889135913,trailing 12 months,FNAM calculation,,,FNAM calculation,no,2026-10-09 18:30 ET
AMZN,Amazon,FY2024Q2,2024-06-30,2024-Q2,ttm_fcf_after_fl,45248000000,trailing 12 months,FNAM calculation,,,FNAM calculation,no,2026-10-09 18:30 ET
AMZN,Amazon,FY2024Q2,2024-06-30,2024-Q2,ttm_int_cov,19.75872093023256,trailing 12 months,FNAM calculation,,,FNAM calculation,no,2026-10-09 18:30 ET
AMZN,Amazon,FY2024Q2,2024-06-30,2024-Q2,ttm_ebitda_int,37.80850290697674,trailing 12 months,FNAM calculation,,,FNAM calculation,no,2026-10-09 18:30 ET
AMZN,Amazon,FY2024Q2,2024-06-30,2024-Q2,ttm_nd_ebitda,-0.25308268219781066,trailing 12 months,FNAM calculation,,,FNAM calculation,no,2026-10-09 18:30 ET
AMZN,Amazon,FY2024Q2,2024-06-30,2024-Q2,ttm_land_ebitda,0.5951618948764524,trailing 12 months,FNAM calculation,,,FNAM calculation,no,2026-10-09 18:30 ET
AMZN,Amazon,FY2024Q3,2024-09-30,2024-Q3,capex_cash,22620000000,quarter,reported,PaymentsToAcquireProductiveAssets,0001018724-25-000123,T1 (XBRL),no,2026-10-09 18:30 ET
AMZN,Amazon,FY2024Q3,2024-09-30,2024-Q3,fl_additions,186000000,quarter,reported,RightOfUseAssetObtainedInExchangeForFinanceLeaseLiability,0001018724-25-000123,T1 (XBRL),no,2026-10-09 18:30 ET
AMZN,Amazon,FY2024Q3,2024-09-30,2024-Q3,ol_additions,3571000000,quarter,reported,RightOfUseAssetObtainedInExchangeForOperatingLeaseLiability,0001018724-25-000123,T1 (XBRL),no,2026-10-09 18:30 ET
AMZN,Amazon,FY2024Q3,2024-09-30,2024-Q3,fl_principal,402000000,quarter,reported,FinanceLeasePrincipalPayments,0001018724-25-000123,T1 (XBRL),no,2026-10-09 18:30 ET
AMZN,Amazon,FY2024Q3,2024-09-30,2024-Q3,ocf,25971000000,quarter,reported,NetCashProvidedByUsedInOperatingActivities,0001018724-25-000123,T1 (XBRL),no,2026-10-09 18:30 ET
AMZN,Amazon,FY2024Q3,2024-09-30,2024-Q3,op_income,17411000000,quarter,reported,OperatingIncomeLoss,0001018724-25-000123,T1 (XBRL),no,2026-10-09 18:30 ET
AMZN,Amazon,FY2024Q3,2024-09-30,2024-Q3,da,13442000000,quarter,reported,DepreciationDepletionAndAmortization,0001018724-25-000123,T1 (XBRL),no,2026-10-09 18:30 ET
AMZN,Amazon,FY2024Q3,2024-09-30,2024-Q3,interest_exp,603000000,quarter,reported,InterestExpenseNonoperating,0001018724-25-000123,T1 (XBRL),no,2026-10-09 18:30 ET
AMZN,Amazon,FY2024Q3,2024-09-30,2024-Q3,debt_proceeds,0,quarter,reported,ProceedsFromIssuanceOfLongTermDebt,0001018724-25-000123,T1 (XBRL),no,2026-10-09 18:30 ET
AMZN,Amazon,FY2024Q3,2024-09-30,2024-Q3,debt_repaid,2183000000,quarter,reported,RepaymentsOfLongTermDebt,0001018724-25-000123,T1 (XBRL),no,2026-10-09 18:30 ET
AMZN,Amazon,FY2024Q3,2024-09-30,2024-Q3,capex_incl_fl,22806000000,quarter,FNAM calculation,,,FNAM calculation,no,2026-10-09 18:30 ET
AMZN,Amazon,FY2024Q3,2024-09-30,2024-Q3,fcf,3351000000,quarter,FNAM calculation,,,FNAM calculation,no,2026-10-09 18:30 ET
AMZN,Amazon,FY2024Q3,2024-09-30,2024-Q3,capex_ocf,0.8709714681760425,ratio,FNAM calculation,,,FNAM calculation,no,2026-10-09 18:30 ET
AMZN,Amazon,FY2024Q3,2024-09-30,2024-Q3,fcf_after_fl,2949000000,quarter,FNAM calculation,,,FNAM calculation,no,2026-10-09 18:30 ET
AMZN,Amazon,FY2024Q3,2024-09-30,2024-Q3,ttm_capex_cash,69753000000,trailing 12 months,FNAM calculation,,,FNAM calculation,no,2026-10-09 18:30 ET
AMZN,Amazon,FY2024Q3,2024-09-30,2024-Q3,ttm_fl_additions,620000000,trailing 12 months,FNAM calculation,,,FNAM calculation,no,2026-10-09 18:30 ET
AMZN,Amazon,FY2024Q3,2024-09-30,2024-Q3,ttm_ol_additions,14212000000,trailing 12 months,FNAM calculation,,,FNAM calculation,no,2026-10-09 18:30 ET
AMZN,Amazon,FY2024Q3,2024-09-30,2024-Q3,ttm_fl_principal,2489000000,trailing 12 months,FNAM calculation,,,FNAM calculation,no,2026-10-09 18:30 ET
AMZN,Amazon,FY2024Q3,2024-09-30,2024-Q3,ttm_revenue,620128000000,trailing 12 months,FNAM calculation,,,FNAM calculation,no,2026-10-09 18:30 ET
AMZN,Amazon,FY2024Q3,2024-09-30,2024-Q3,ttm_ocf,112706000000,trailing 12 months,FNAM calculation,,,FNAM calculation,no,2026-10-09 18:30 ET
AMZN,Amazon,FY2024Q3,2024-09-30,2024-Q3,ttm_op_income,60599000000,trailing 12 months,FNAM calculation,,,FNAM calculation,no,2026-10-09 18:30 ET
AMZN,Amazon,FY2024Q3,2024-09-30,2024-Q3,ttm_da,50984000000,trailing 12 months,FNAM calculation,,,FNAM calculation,no,2026-10-09 18:30 ET
AMZN,Amazon,FY2024Q3,2024-09-30,2024-Q3,ttm_interest_exp,2549000000,trailing 12 months,FNAM calculation,,,FNAM calculation,no,2026-10-09 18:30 ET
AMZN,Amazon,FY2024Q3,2024-09-30,2024-Q3,ttm_debt_proceeds,0,trailing 12 months,FNAM calculation,,,FNAM calculation,no,2026-10-09 18:30 ET
AMZN,Amazon,FY2024Q3,2024-09-30,2024-Q3,ttm_debt_repaid,6972000000,trailing 12 months,FNAM calculation,,,FNAM calculation,no,2026-10-09 18:30 ET
AMZN,Amazon,FY2024Q3,2024-09-30,2024-Q3,ttm_ebitda,111583000000,trailing 12 months,FNAM calculation,,,FNAM calculation,no,2026-10-09 18:30 ET
AMZN,Amazon,FY2024Q3,2024-09-30,2024-Q3,ttm_capex_incl_fl,70373000000,trailing 12 months,FNAM calculation,,,FNAM calculation,no,2026-10-09 18:30 ET
AMZN,Amazon,FY2024Q3,2024-09-30,2024-Q3,ttm_fcf,42953000000,trailing 12 months,FNAM calculation,,,FNAM calculation,no,2026-10-09 18:30 ET
AMZN,Amazon,FY2024Q3,2024-09-30,2024-Q3,ttm_capex_ocf,0.6188934040778663,trailing 12 months,FNAM calculation,,,FNAM calculation,no,2026-10-09 18:30 ET
AMZN,Amazon,FY2024Q3,2024-09-30,2024-Q3,ttm_fcf_after_fl,40464000000,trailing 12 months,FNAM calculation,,,FNAM calculation,no,2026-10-09 18:30 ET
AMZN,Amazon,FY2024Q3,2024-09-30,2024-Q3,ttm_int_cov,23.773636720282465,trailing 12 months,FNAM calculation,,,FNAM calculation,no,2026-10-09 18:30 ET
AMZN,Amazon,FY2024Q3,2024-09-30,2024-Q3,ttm_ebitda_int,43.775205963122794,trailing 12 months,FNAM calculation,,,FNAM calculation,no,2026-10-09 18:30 ET
AMZN,Amazon,FY2024Q3,2024-09-30,2024-Q3,ttm_nd_ebitda,-0.24612172105069768,trailing 12 months,FNAM calculation,,,FNAM calculation,no,2026-10-09 18:30 ET
AMZN,Amazon,FY2024Q3,2024-09-30,2024-Q3,ttm_land_ebitda,0.5648978787091223,trailing 12 months,FNAM calculation,,,FNAM calculation,no,2026-10-09 18:30 ET
AMZN,Amazon,FY2024Q4,2024-12-31,2024-Q4,capex_cash,27834000000,quarter,fy_minus_9m,PaymentsToAcquireProductiveAssets,0001018724-26-000004 0001018724-25-000123,T1 (XBRL),no,2026-10-09 18:30 ET
AMZN,Amazon,FY2024Q4,2024-12-31,2024-Q4,fl_additions,445000000,quarter,fy_minus_9m,RightOfUseAssetObtainedInExchangeForFinanceLeaseLiability,0001018724-26-000004 0001018724-25-000123,T1 (XBRL),no,2026-10-09 18:30 ET
AMZN,Amazon,FY2024Q4,2024-12-31,2024-Q4,ol_additions,4189000000,quarter,fy_minus_9m,RightOfUseAssetObtainedInExchangeForOperatingLeaseLiability,0001018724-26-000004 0001018724-25-000123,T1 (XBRL),no,2026-10-09 18:30 ET
AMZN,Amazon,FY2024Q4,2024-12-31,2024-Q4,fl_principal,333000000,quarter,fy_minus_9m,FinanceLeasePrincipalPayments,0001018724-26-000004 0001018724-25-000123,T1 (XBRL),no,2026-10-09 18:30 ET
AMZN,Amazon,FY2024Q4,2024-12-31,2024-Q4,ocf,45636000000,quarter,fy_minus_9m,NetCashProvidedByUsedInOperatingActivities,0001018724-26-000004 0001018724-25-000123,T1 (XBRL),no,2026-10-09 18:30 ET
AMZN,Amazon,FY2024Q4,2024-12-31,2024-Q4,op_income,21203000000,quarter,fy_minus_9m,OperatingIncomeLoss,0001018724-26-000004 0001018724-25-000123,T1 (XBRL),no,2026-10-09 18:30 ET
AMZN,Amazon,FY2024Q4,2024-12-31,2024-Q4,da,15631000000,quarter,fy_minus_9m,DepreciationDepletionAndAmortization,0001018724-26-000004 0001018724-25-000123,T1 (XBRL),no,2026-10-09 18:30 ET
AMZN,Amazon,FY2024Q4,2024-12-31,2024-Q4,interest_exp,570000000,quarter,fy_minus_9m,InterestExpenseNonoperating,0001018724-26-000004 0001018724-25-000123,T1 (XBRL),no,2026-10-09 18:30 ET
AMZN,Amazon,FY2024Q4,2024-12-31,2024-Q4,debt_proceeds,0,quarter,fy_minus_9m,ProceedsFromIssuanceOfLongTermDebt,0001018724-26-000004 0001018724-25-000123,T1 (XBRL),no,2026-10-09 18:30 ET
AMZN,Amazon,FY2024Q4,2024-12-31,2024-Q4,debt_repaid,2500000000,quarter,fy_minus_9m,RepaymentsOfLongTermDebt,0001018724-26-000004 0001018724-25-000123,T1 (XBRL),no,2026-10-09 18:30 ET
AMZN,Amazon,FY2024Q4,2024-12-31,2024-Q4,capex_incl_fl,28279000000,quarter,FNAM calculation,,,FNAM calculation,no,2026-10-09 18:30 ET
AMZN,Amazon,FY2024Q4,2024-12-31,2024-Q4,fcf,17802000000,quarter,FNAM calculation,,,FNAM calculation,no,2026-10-09 18:30 ET
AMZN,Amazon,FY2024Q4,2024-12-31,2024-Q4,capex_ocf,0.6099132264002104,ratio,FNAM calculation,,,FNAM calculation,no,2026-10-09 18:30 ET
AMZN,Amazon,FY2024Q4,2024-12-31,2024-Q4,fcf_after_fl,17469000000,quarter,FNAM calculation,,,FNAM calculation,no,2026-10-09 18:30 ET
AMZN,Amazon,FY2024Q4,2024-12-31,2024-Q4,ttm_capex_cash,82999000000,trailing 12 months,FNAM calculation,,,FNAM calculation,no,2026-10-09 18:30 ET
AMZN,Amazon,FY2024Q4,2024-12-31,2024-Q4,ttm_fl_additions,854000000,trailing 12 months,FNAM calculation,,,FNAM calculation,no,2026-10-09 18:30 ET
AMZN,Amazon,FY2024Q4,2024-12-31,2024-Q4,ttm_ol_additions,15424000000,trailing 12 months,FNAM calculation,,,FNAM calculation,no,2026-10-09 18:30 ET
AMZN,Amazon,FY2024Q4,2024-12-31,2024-Q4,ttm_fl_principal,2043000000,trailing 12 months,FNAM calculation,,,FNAM calculation,no,2026-10-09 18:30 ET
AMZN,Amazon,FY2024Q4,2024-12-31,2024-Q4,ttm_revenue,637959000000,trailing 12 months,FNAM calculation,,,FNAM calculation,no,2026-10-09 18:30 ET
AMZN,Amazon,FY2024Q4,2024-12-31,2024-Q4,ttm_ocf,115877000000,trailing 12 months,FNAM calculation,,,FNAM calculation,no,2026-10-09 18:30 ET
AMZN,Amazon,FY2024Q4,2024-12-31,2024-Q4,ttm_op_income,68593000000,trailing 12 months,FNAM calculation,,,FNAM calculation,no,2026-10-09 18:30 ET
AMZN,Amazon,FY2024Q4,2024-12-31,2024-Q4,ttm_da,52795000000,trailing 12 months,FNAM calculation,,,FNAM calculation,no,2026-10-09 18:30 ET
AMZN,Amazon,FY2024Q4,2024-12-31,2024-Q4,ttm_interest_exp,2406000000,trailing 12 months,FNAM calculation,,,FNAM calculation,no,2026-10-09 18:30 ET
AMZN,Amazon,FY2024Q4,2024-12-31,2024-Q4,ttm_debt_proceeds,0,trailing 12 months,FNAM calculation,,,FNAM calculation,no,2026-10-09 18:30 ET
AMZN,Amazon,FY2024Q4,2024-12-31,2024-Q4,ttm_debt_repaid,9182000000,trailing 12 months,FNAM calculation,,,FNAM calculation,no,2026-10-09 18:30 ET
AMZN,Amazon,FY2024Q4,2024-12-31,2024-Q4,ttm_buybacks,0,trailing 12 months,FNAM calculation,,,FNAM calculation,no,2026-10-09 18:30 ET
AMZN,Amazon,FY2024Q4,2024-12-31,2024-Q4,ttm__fromFY,buybacks,trailing 12 months,FNAM calculation,,,FNAM calculation,no,2026-10-09 18:30 ET
AMZN,Amazon,FY2024Q4,2024-12-31,2024-Q4,ttm_ebitda,121388000000,trailing 12 months,FNAM calculation,,,FNAM calculation,no,2026-10-09 18:30 ET
AMZN,Amazon,FY2024Q4,2024-12-31,2024-Q4,ttm_capex_incl_fl,83853000000,trailing 12 months,FNAM calculation,,,FNAM calculation,no,2026-10-09 18:30 ET
AMZN,Amazon,FY2024Q4,2024-12-31,2024-Q4,ttm_fcf,32878000000,trailing 12 months,FNAM calculation,,,FNAM calculation,no,2026-10-09 18:30 ET
AMZN,Amazon,FY2024Q4,2024-12-31,2024-Q4,ttm_capex_ocf,0.7162681118772491,trailing 12 months,FNAM calculation,,,FNAM calculation,no,2026-10-09 18:30 ET
AMZN,Amazon,FY2024Q4,2024-12-31,2024-Q4,ttm_fcf_after_fl,30835000000,trailing 12 months,FNAM calculation,,,FNAM calculation,no,2026-10-09 18:30 ET
AMZN,Amazon,FY2024Q4,2024-12-31,2024-Q4,ttm_int_cov,28.509143807148796,trailing 12 months,FNAM calculation,,,FNAM calculation,no,2026-10-09 18:30 ET
AMZN,Amazon,FY2024Q4,2024-12-31,2024-Q4,ttm_ebitda_int,50.452202826267666,trailing 12 months,FNAM calculation,,,FNAM calculation,no,2026-10-09 18:30 ET
AMZN,Amazon,FY2024Q4,2024-12-31,2024-Q4,ttm_nd_ebitda,-0.3546561439351501,trailing 12 months,FNAM calculation,,,FNAM calculation,no,2026-10-09 18:30 ET
AMZN,Amazon,FY2024Q4,2024-12-31,2024-Q4,ttm_land_ebitda,0.38839918278577784,trailing 12 months,FNAM calculation,,,FNAM calculation,no,2026-10-09 18:30 ET
AMZN,Amazon,FY2025Q1,2025-03-31,2025-Q1,capex_cash,25019000000,quarter,reported,PaymentsToAcquireProductiveAssets,0001018724-26-000014,T1 (XBRL),no,2026-10-09 18:30 ET
AMZN,Amazon,FY2025Q1,2025-03-31,2025-Q1,fl_additions,54000000,quarter,reported,RightOfUseAssetObtainedInExchangeForFinanceLeaseLiability,0001018724-26-000014,T1 (XBRL),no,2026-10-09 18:30 ET
AMZN,Amazon,FY2025Q1,2025-03-31,2025-Q1,ol_additions,4321000000,quarter,reported,RightOfUseAssetObtainedInExchangeForOperatingLeaseLiability,0001018724-26-000014,T1 (XBRL),no,2026-10-09 18:30 ET
AMZN,Amazon,FY2025Q1,2025-03-31,2025-Q1,fl_principal,410000000,quarter,reported,FinanceLeasePrincipalPayments,0001018724-26-000014,T1 (XBRL),no,2026-10-09 18:30 ET
AMZN,Amazon,FY2025Q1,2025-03-31,2025-Q1,ocf,17015000000,quarter,reported,NetCashProvidedByUsedInOperatingActivities,0001018724-26-000014,T1 (XBRL),no,2026-10-09 18:30 ET
AMZN,Amazon,FY2025Q1,2025-03-31,2025-Q1,op_income,18405000000,quarter,reported,OperatingIncomeLoss,0001018724-26-000014,T1 (XBRL),no,2026-10-09 18:30 ET
AMZN,Amazon,FY2025Q1,2025-03-31,2025-Q1,da,14262000000,quarter,reported,DepreciationDepletionAndAmortization,0001018724-26-000014,T1 (XBRL),no,2026-10-09 18:30 ET
AMZN,Amazon,FY2025Q1,2025-03-31,2025-Q1,interest_exp,541000000,quarter,reported,InterestExpenseNonoperating,0001018724-26-000014,T1 (XBRL),no,2026-10-09 18:30 ET
AMZN,Amazon,FY2025Q1,2025-03-31,2025-Q1,debt_proceeds,746000000,quarter,reported,ProceedsFromIssuanceOfLongTermDebt,0001018724-26-000014,T1 (XBRL),no,2026-10-09 18:30 ET
AMZN,Amazon,FY2025Q1,2025-03-31,2025-Q1,debt_repaid,0,quarter,reported,RepaymentsOfLongTermDebt,0001018724-26-000014,T1 (XBRL),no,2026-10-09 18:30 ET
AMZN,Amazon,FY2025Q1,2025-03-31,2025-Q1,capex_incl_fl,25073000000,quarter,FNAM calculation,,,FNAM calculation,no,2026-10-09 18:30 ET
AMZN,Amazon,FY2025Q1,2025-03-31,2025-Q1,fcf,-8004000000,quarter,FNAM calculation,,,FNAM calculation,no,2026-10-09 18:30 ET
AMZN,Amazon,FY2025Q1,2025-03-31,2025-Q1,capex_ocf,1.4704084631207759,ratio,FNAM calculation,,,FNAM calculation,no,2026-10-09 18:30 ET
AMZN,Amazon,FY2025Q1,2025-03-31,2025-Q1,fcf_after_fl,-8414000000,quarter,FNAM calculation,,,FNAM calculation,no,2026-10-09 18:30 ET
AMZN,Amazon,FY2025Q1,2025-03-31,2025-Q1,ttm_capex_cash,93093000000,trailing 12 months,FNAM calculation,,,FNAM calculation,no,2026-10-09 18:30 ET
AMZN,Amazon,FY2025Q1,2025-03-31,2025-Q1,ttm_fl_additions,866000000,trailing 12 months,FNAM calculation,,,FNAM calculation,no,2026-10-09 18:30 ET
AMZN,Amazon,FY2025Q1,2025-03-31,2025-Q1,ttm_ol_additions,15992000000,trailing 12 months,FNAM calculation,,,FNAM calculation,no,2026-10-09 18:30 ET
AMZN,Amazon,FY2025Q1,2025-03-31,2025-Q1,ttm_fl_principal,1683000000,trailing 12 months,FNAM calculation,,,FNAM calculation,no,2026-10-09 18:30 ET
AMZN,Amazon,FY2025Q1,2025-03-31,2025-Q1,ttm_revenue,650313000000,trailing 12 months,FNAM calculation,,,FNAM calculation,no,2026-10-09 18:30 ET
AMZN,Amazon,FY2025Q1,2025-03-31,2025-Q1,ttm_ocf,113903000000,trailing 12 months,FNAM calculation,,,FNAM calculation,no,2026-10-09 18:30 ET
AMZN,Amazon,FY2025Q1,2025-03-31,2025-Q1,ttm_op_income,71691000000,trailing 12 months,FNAM calculation,,,FNAM calculation,no,2026-10-09 18:30 ET
AMZN,Amazon,FY2025Q1,2025-03-31,2025-Q1,ttm_da,55373000000,trailing 12 months,FNAM calculation,,,FNAM calculation,no,2026-10-09 18:30 ET
AMZN,Amazon,FY2025Q1,2025-03-31,2025-Q1,ttm_interest_exp,2303000000,trailing 12 months,FNAM calculation,,,FNAM calculation,no,2026-10-09 18:30 ET
AMZN,Amazon,FY2025Q1,2025-03-31,2025-Q1,ttm_debt_proceeds,746000000,trailing 12 months,FNAM calculation,,,FNAM calculation,no,2026-10-09 18:30 ET
AMZN,Amazon,FY2025Q1,2025-03-31,2025-Q1,ttm_debt_repaid,8852000000,trailing 12 months,FNAM calculation,,,FNAM calculation,no,2026-10-09 18:30 ET
AMZN,Amazon,FY2025Q1,2025-03-31,2025-Q1,ttm_ebitda,127064000000,trailing 12 months,FNAM calculation,,,FNAM calculation,no,2026-10-09 18:30 ET
AMZN,Amazon,FY2025Q1,2025-03-31,2025-Q1,ttm_capex_incl_fl,93959000000,trailing 12 months,FNAM calculation,,,FNAM calculation,no,2026-10-09 18:30 ET
AMZN,Amazon,FY2025Q1,2025-03-31,2025-Q1,ttm_fcf,20810000000,trailing 12 months,FNAM calculation,,,FNAM calculation,no,2026-10-09 18:30 ET
AMZN,Amazon,FY2025Q1,2025-03-31,2025-Q1,ttm_capex_ocf,0.8173006856711412,trailing 12 months,FNAM calculation,,,FNAM calculation,no,2026-10-09 18:30 ET
AMZN,Amazon,FY2025Q1,2025-03-31,2025-Q1,ttm_fcf_after_fl,19127000000,trailing 12 months,FNAM calculation,,,FNAM calculation,no,2026-10-09 18:30 ET
AMZN,Amazon,FY2025Q1,2025-03-31,2025-Q1,ttm_int_cov,31.129396439426834,trailing 12 months,FNAM calculation,,,FNAM calculation,no,2026-10-09 18:30 ET
AMZN,Amazon,FY2025Q1,2025-03-31,2025-Q1,ttm_ebitda_int,55.17325227963526,trailing 12 months,FNAM calculation,,,FNAM calculation,no,2026-10-09 18:30 ET
AMZN,Amazon,FY2025Q1,2025-03-31,2025-Q1,ttm_nd_ebitda,-0.2812677076119121,trailing 12 months,FNAM calculation,,,FNAM calculation,no,2026-10-09 18:30 ET
AMZN,Amazon,FY2025Q1,2025-03-31,2025-Q1,ttm_land_ebitda,0.4436740540200214,trailing 12 months,FNAM calculation,,,FNAM calculation,no,2026-10-09 18:30 ET
AMZN,Amazon,FY2025Q2,2025-06-30,2025-Q2,capex_cash,32183000000,quarter,reported,PaymentsToAcquireProductiveAssets,0001018724-26-000026,T1 (XBRL),no,2026-10-09 18:30 ET
AMZN,Amazon,FY2025Q2,2025-06-30,2025-Q2,fl_additions,937000000,quarter,reported,RightOfUseAssetObtainedInExchangeForFinanceLeaseLiability,0001018724-26-000026,T1 (XBRL),no,2026-10-09 18:30 ET
AMZN,Amazon,FY2025Q2,2025-06-30,2025-Q2,ol_additions,4621000000,quarter,reported,RightOfUseAssetObtainedInExchangeForOperatingLeaseLiability,0001018724-26-000026,T1 (XBRL),no,2026-10-09 18:30 ET
AMZN,Amazon,FY2025Q2,2025-06-30,2025-Q2,fl_principal,411000000,quarter,reported,FinanceLeasePrincipalPayments,0001018724-26-000026,T1 (XBRL),no,2026-10-09 18:30 ET
AMZN,Amazon,FY2025Q2,2025-06-30,2025-Q2,ocf,32515000000,quarter,reported,NetCashProvidedByUsedInOperatingActivities,0001018724-26-000026,T1 (XBRL),no,2026-10-09 18:30 ET
AMZN,Amazon,FY2025Q2,2025-06-30,2025-Q2,op_income,19171000000,quarter,reported,OperatingIncomeLoss,0001018724-26-000026,T1 (XBRL),no,2026-10-09 18:30 ET
AMZN,Amazon,FY2025Q2,2025-06-30,2025-Q2,da,15227000000,quarter,reported,DepreciationDepletionAndAmortization,0001018724-26-000026,T1 (XBRL),no,2026-10-09 18:30 ET
AMZN,Amazon,FY2025Q2,2025-06-30,2025-Q2,interest_exp,516000000,quarter,reported,InterestExpenseNonoperating,0001018724-26-000026,T1 (XBRL),no,2026-10-09 18:30 ET
AMZN,Amazon,FY2025Q2,2025-06-30,2025-Q2,debt_proceeds,0,quarter,reported,ProceedsFromIssuanceOfLongTermDebt,0001018724-26-000026,T1 (XBRL),no,2026-10-09 18:30 ET
AMZN,Amazon,FY2025Q2,2025-06-30,2025-Q2,debt_repaid,2751000000,quarter,reported,RepaymentsOfLongTermDebt,0001018724-26-000026,T1 (XBRL),no,2026-10-09 18:30 ET
AMZN,Amazon,FY2025Q2,2025-06-30,2025-Q2,capex_incl_fl,33120000000,quarter,FNAM calculation,,,FNAM calculation,no,2026-10-09 18:30 ET
AMZN,Amazon,FY2025Q2,2025-06-30,2025-Q2,fcf,332000000,quarter,FNAM calculation,,,FNAM calculation,no,2026-10-09 18:30 ET
AMZN,Amazon,FY2025Q2,2025-06-30,2025-Q2,capex_ocf,0.9897893280024604,ratio,FNAM calculation,,,FNAM calculation,no,2026-10-09 18:30 ET
AMZN,Amazon,FY2025Q2,2025-06-30,2025-Q2,fcf_after_fl,-79000000,quarter,FNAM calculation,,,FNAM calculation,no,2026-10-09 18:30 ET
AMZN,Amazon,FY2025Q2,2025-06-30,2025-Q2,ttm_capex_cash,107656000000,trailing 12 months,FNAM calculation,,,FNAM calculation,no,2026-10-09 18:30 ET
AMZN,Amazon,FY2025Q2,2025-06-30,2025-Q2,ttm_fl_additions,1622000000,trailing 12 months,FNAM calculation,,,FNAM calculation,no,2026-10-09 18:30 ET
AMZN,Amazon,FY2025Q2,2025-06-30,2025-Q2,ttm_ol_additions,16702000000,trailing 12 months,FNAM calculation,,,FNAM calculation,no,2026-10-09 18:30 ET
AMZN,Amazon,FY2025Q2,2025-06-30,2025-Q2,ttm_fl_principal,1556000000,trailing 12 months,FNAM calculation,,,FNAM calculation,no,2026-10-09 18:30 ET
AMZN,Amazon,FY2025Q2,2025-06-30,2025-Q2,ttm_revenue,670038000000,trailing 12 months,FNAM calculation,,,FNAM calculation,no,2026-10-09 18:30 ET
AMZN,Amazon,FY2025Q2,2025-06-30,2025-Q2,ttm_ocf,121137000000,trailing 12 months,FNAM calculation,,,FNAM calculation,no,2026-10-09 18:30 ET
AMZN,Amazon,FY2025Q2,2025-06-30,2025-Q2,ttm_op_income,76190000000,trailing 12 months,FNAM calculation,,,FNAM calculation,no,2026-10-09 18:30 ET
AMZN,Amazon,FY2025Q2,2025-06-30,2025-Q2,ttm_da,58562000000,trailing 12 months,FNAM calculation,,,FNAM calculation,no,2026-10-09 18:30 ET
AMZN,Amazon,FY2025Q2,2025-06-30,2025-Q2,ttm_interest_exp,2230000000,trailing 12 months,FNAM calculation,,,FNAM calculation,no,2026-10-09 18:30 ET
AMZN,Amazon,FY2025Q2,2025-06-30,2025-Q2,ttm_debt_proceeds,746000000,trailing 12 months,FNAM calculation,,,FNAM calculation,no,2026-10-09 18:30 ET
AMZN,Amazon,FY2025Q2,2025-06-30,2025-Q2,ttm_debt_repaid,7434000000,trailing 12 months,FNAM calculation,,,FNAM calculation,no,2026-10-09 18:30 ET
AMZN,Amazon,FY2025Q2,2025-06-30,2025-Q2,ttm_ebitda,134752000000,trailing 12 months,FNAM calculation,,,FNAM calculation,no,2026-10-09 18:30 ET
AMZN,Amazon,FY2025Q2,2025-06-30,2025-Q2,ttm_capex_incl_fl,109278000000,trailing 12 months,FNAM calculation,,,FNAM calculation,no,2026-10-09 18:30 ET
AMZN,Amazon,FY2025Q2,2025-06-30,2025-Q2,ttm_fcf,13481000000,trailing 12 months,FNAM calculation,,,FNAM calculation,no,2026-10-09 18:30 ET
AMZN,Amazon,FY2025Q2,2025-06-30,2025-Q2,ttm_capex_ocf,0.8887127797452471,trailing 12 months,FNAM calculation,,,FNAM calculation,no,2026-10-09 18:30 ET
AMZN,Amazon,FY2025Q2,2025-06-30,2025-Q2,ttm_fcf_after_fl,11925000000,trailing 12 months,FNAM calculation,,,FNAM calculation,no,2026-10-09 18:30 ET
AMZN,Amazon,FY2025Q2,2025-06-30,2025-Q2,ttm_int_cov,34.16591928251121,trailing 12 months,FNAM calculation,,,FNAM calculation,no,2026-10-09 18:30 ET
AMZN,Amazon,FY2025Q2,2025-06-30,2025-Q2,ttm_ebitda_int,60.426905829596414,trailing 12 months,FNAM calculation,,,FNAM calculation,no,2026-10-09 18:30 ET
AMZN,Amazon,FY2025Q2,2025-06-30,2025-Q2,ttm_nd_ebitda,-0.27402190691047257,trailing 12 months,FNAM calculation,,,FNAM calculation,no,2026-10-09 18:30 ET
AMZN,Amazon,FY2025Q2,2025-06-30,2025-Q2,ttm_land_ebitda,0.43983762764189027,trailing 12 months,FNAM calculation,,,FNAM calculation,no,2026-10-09 18:30 ET
AMZN,Amazon,FY2025Q3,2025-09-30,2025-Q3,capex_cash,35095000000,quarter,reported,PaymentsToAcquireProductiveAssets,0001018724-25-000123,T1 (XBRL),no,2026-10-09 18:30 ET
AMZN,Amazon,FY2025Q3,2025-09-30,2025-Q3,fl_additions,977000000,quarter,reported,RightOfUseAssetObtainedInExchangeForFinanceLeaseLiability,0001018724-25-000123,T1 (XBRL),no,2026-10-09 18:30 ET
AMZN,Amazon,FY2025Q3,2025-09-30,2025-Q3,ol_additions,5057000000,quarter,reported,RightOfUseAssetObtainedInExchangeForOperatingLeaseLiability,0001018724-25-000123,T1 (XBRL),no,2026-10-09 18:30 ET
AMZN,Amazon,FY2025Q3,2025-09-30,2025-Q3,fl_principal,351000000,quarter,reported,FinanceLeasePrincipalPayments,0001018724-25-000123,T1 (XBRL),no,2026-10-09 18:30 ET
AMZN,Amazon,FY2025Q3,2025-09-30,2025-Q3,ocf,35525000000,quarter,reported,NetCashProvidedByUsedInOperatingActivities,0001018724-25-000123,T1 (XBRL),no,2026-10-09 18:30 ET
AMZN,Amazon,FY2025Q3,2025-09-30,2025-Q3,op_income,17422000000,quarter,reported,OperatingIncomeLoss,0001018724-25-000123,T1 (XBRL),no,2026-10-09 18:30 ET
AMZN,Amazon,FY2025Q3,2025-09-30,2025-Q3,da,16796000000,quarter,reported,DepreciationDepletionAndAmortization,0001018724-25-000123,T1 (XBRL),no,2026-10-09 18:30 ET
AMZN,Amazon,FY2025Q3,2025-09-30,2025-Q3,interest_exp,538000000,quarter,reported,InterestExpenseNonoperating,0001018724-25-000123,T1 (XBRL),no,2026-10-09 18:30 ET
AMZN,Amazon,FY2025Q3,2025-09-30,2025-Q3,debt_proceeds,0,quarter,reported,ProceedsFromIssuanceOfLongTermDebt,0001018724-25-000123,T1 (XBRL),no,2026-10-09 18:30 ET
AMZN,Amazon,FY2025Q3,2025-09-30,2025-Q3,debt_repaid,1008000000,quarter,reported,RepaymentsOfLongTermDebt,0001018724-25-000123,T1 (XBRL),no,2026-10-09 18:30 ET
AMZN,Amazon,FY2025Q3,2025-09-30,2025-Q3,capex_incl_fl,36072000000,quarter,FNAM calculation,,,FNAM calculation,no,2026-10-09 18:30 ET
AMZN,Amazon,FY2025Q3,2025-09-30,2025-Q3,fcf,430000000,quarter,FNAM calculation,,,FNAM calculation,no,2026-10-09 18:30 ET
AMZN,Amazon,FY2025Q3,2025-09-30,2025-Q3,capex_ocf,0.9878958479943701,ratio,FNAM calculation,,,FNAM calculation,no,2026-10-09 18:30 ET
AMZN,Amazon,FY2025Q3,2025-09-30,2025-Q3,fcf_after_fl,79000000,quarter,FNAM calculation,,,FNAM calculation,no,2026-10-09 18:30 ET
AMZN,Amazon,FY2025Q3,2025-09-30,2025-Q3,ttm_capex_cash,120131000000,trailing 12 months,FNAM calculation,,,FNAM calculation,no,2026-10-09 18:30 ET
AMZN,Amazon,FY2025Q3,2025-09-30,2025-Q3,ttm_fl_additions,2413000000,trailing 12 months,FNAM calculation,,,FNAM calculation,no,2026-10-09 18:30 ET
AMZN,Amazon,FY2025Q3,2025-09-30,2025-Q3,ttm_ol_additions,18188000000,trailing 12 months,FNAM calculation,,,FNAM calculation,no,2026-10-09 18:30 ET
AMZN,Amazon,FY2025Q3,2025-09-30,2025-Q3,ttm_fl_principal,1505000000,trailing 12 months,FNAM calculation,,,FNAM calculation,no,2026-10-09 18:30 ET
AMZN,Amazon,FY2025Q3,2025-09-30,2025-Q3,ttm_revenue,691330000000,trailing 12 months,FNAM calculation,,,FNAM calculation,no,2026-10-09 18:30 ET
AMZN,Amazon,FY2025Q3,2025-09-30,2025-Q3,ttm_ocf,130691000000,trailing 12 months,FNAM calculation,,,FNAM calculation,no,2026-10-09 18:30 ET
AMZN,Amazon,FY2025Q3,2025-09-30,2025-Q3,ttm_op_income,76201000000,trailing 12 months,FNAM calculation,,,FNAM calculation,no,2026-10-09 18:30 ET
AMZN,Amazon,FY2025Q3,2025-09-30,2025-Q3,ttm_da,61916000000,trailing 12 months,FNAM calculation,,,FNAM calculation,no,2026-10-09 18:30 ET
AMZN,Amazon,FY2025Q3,2025-09-30,2025-Q3,ttm_interest_exp,2165000000,trailing 12 months,FNAM calculation,,,FNAM calculation,no,2026-10-09 18:30 ET
AMZN,Amazon,FY2025Q3,2025-09-30,2025-Q3,ttm_debt_proceeds,746000000,trailing 12 months,FNAM calculation,,,FNAM calculation,no,2026-10-09 18:30 ET
AMZN,Amazon,FY2025Q3,2025-09-30,2025-Q3,ttm_debt_repaid,6259000000,trailing 12 months,FNAM calculation,,,FNAM calculation,no,2026-10-09 18:30 ET
AMZN,Amazon,FY2025Q3,2025-09-30,2025-Q3,ttm_ebitda,138117000000,trailing 12 months,FNAM calculation,,,FNAM calculation,no,2026-10-09 18:30 ET
AMZN,Amazon,FY2025Q3,2025-09-30,2025-Q3,ttm_capex_incl_fl,122544000000,trailing 12 months,FNAM calculation,,,FNAM calculation,no,2026-10-09 18:30 ET
AMZN,Amazon,FY2025Q3,2025-09-30,2025-Q3,ttm_fcf,10560000000,trailing 12 months,FNAM calculation,,,FNAM calculation,no,2026-10-09 18:30 ET
AMZN,Amazon,FY2025Q3,2025-09-30,2025-Q3,ttm_capex_ocf,0.9191987206464103,trailing 12 months,FNAM calculation,,,FNAM calculation,no,2026-10-09 18:30 ET
AMZN,Amazon,FY2025Q3,2025-09-30,2025-Q3,ttm_fcf_after_fl,9055000000,trailing 12 months,FNAM calculation,,,FNAM calculation,no,2026-10-09 18:30 ET
AMZN,Amazon,FY2025Q3,2025-09-30,2025-Q3,ttm_int_cov,35.19676674364896,trailing 12 months,FNAM calculation,,,FNAM calculation,no,2026-10-09 18:30 ET
AMZN,Amazon,FY2025Q3,2025-09-30,2025-Q3,ttm_ebitda_int,63.79538106235566,trailing 12 months,FNAM calculation,,,FNAM calculation,no,2026-10-09 18:30 ET
AMZN,Amazon,FY2025Q3,2025-09-30,2025-Q3,ttm_nd_ebitda,-0.2815004669953735,trailing 12 months,FNAM calculation,,,FNAM calculation,no,2026-10-09 18:30 ET
AMZN,Amazon,FY2025Q3,2025-09-30,2025-Q3,ttm_land_ebitda,0.4280284106952801,trailing 12 months,FNAM calculation,,,FNAM calculation,no,2026-10-09 18:30 ET
AMZN,Amazon,FY2025Q4,2025-12-31,2025-Q4,capex_cash,39522000000,quarter,fy_minus_9m,PaymentsToAcquireProductiveAssets,0001018724-26-000004 0001018724-25-000123,T1 (XBRL),no,2026-10-09 18:30 ET
AMZN,Amazon,FY2025Q4,2025-12-31,2025-Q4,fl_additions,943000000,quarter,fy_minus_9m,RightOfUseAssetObtainedInExchangeForFinanceLeaseLiability,0001018724-26-000004 0001018724-25-000123,T1 (XBRL),no,2026-10-09 18:30 ET
AMZN,Amazon,FY2025Q4,2025-12-31,2025-Q4,ol_additions,5931000000,quarter,fy_minus_9m,RightOfUseAssetObtainedInExchangeForOperatingLeaseLiability,0001018724-26-000004 0001018724-25-000123,T1 (XBRL),no,2026-10-09 18:30 ET
AMZN,Amazon,FY2025Q4,2025-12-31,2025-Q4,fl_principal,385000000,quarter,fy_minus_9m,FinanceLeasePrincipalPayments,0001018724-26-000004 0001018724-25-000123,T1 (XBRL),no,2026-10-09 18:30 ET
AMZN,Amazon,FY2025Q4,2025-12-31,2025-Q4,ocf,54459000000,quarter,fy_minus_9m,NetCashProvidedByUsedInOperatingActivities,0001018724-26-000004 0001018724-25-000123,T1 (XBRL),no,2026-10-09 18:30 ET
AMZN,Amazon,FY2025Q4,2025-12-31,2025-Q4,op_income,24977000000,quarter,fy_minus_9m,OperatingIncomeLoss,0001018724-26-000004 0001018724-25-000123,T1 (XBRL),no,2026-10-09 18:30 ET
AMZN,Amazon,FY2025Q4,2025-12-31,2025-Q4,da,19471000000,quarter,fy_minus_9m,DepreciationDepletionAndAmortization,0001018724-26-000004 0001018724-25-000123,T1 (XBRL),no,2026-10-09 18:30 ET
AMZN,Amazon,FY2025Q4,2025-12-31,2025-Q4,interest_exp,679000000,quarter,fy_minus_9m,InterestExpenseNonoperating,0001018724-26-000004 0001018724-25-000123,T1 (XBRL),no,2026-10-09 18:30 ET
AMZN,Amazon,FY2025Q4,2025-12-31,2025-Q4,debt_proceeds,14927000000,quarter,fy_minus_9m,ProceedsFromIssuanceOfLongTermDebt,0001018724-26-000004 0001018724-25-000123,T1 (XBRL),no,2026-10-09 18:30 ET
AMZN,Amazon,FY2025Q4,2025-12-31,2025-Q4,debt_repaid,1262000000,quarter,fy_minus_9m,RepaymentsOfLongTermDebt,0001018724-26-000004 0001018724-25-000123,T1 (XBRL),no,2026-10-09 18:30 ET
AMZN,Amazon,FY2025Q4,2025-12-31,2025-Q4,capex_incl_fl,40465000000,quarter,FNAM calculation,,,FNAM calculation,no,2026-10-09 18:30 ET
AMZN,Amazon,FY2025Q4,2025-12-31,2025-Q4,fcf,14937000000,quarter,FNAM calculation,,,FNAM calculation,no,2026-10-09 18:30 ET
AMZN,Amazon,FY2025Q4,2025-12-31,2025-Q4,capex_ocf,0.7257202666225968,ratio,FNAM calculation,,,FNAM calculation,no,2026-10-09 18:30 ET
AMZN,Amazon,FY2025Q4,2025-12-31,2025-Q4,fcf_after_fl,14552000000,quarter,FNAM calculation,,,FNAM calculation,no,2026-10-09 18:30 ET
AMZN,Amazon,FY2025Q4,2025-12-31,2025-Q4,ttm_capex_cash,131819000000,trailing 12 months,FNAM calculation,,,FNAM calculation,no,2026-10-09 18:30 ET
AMZN,Amazon,FY2025Q4,2025-12-31,2025-Q4,ttm_fl_additions,2911000000,trailing 12 months,FNAM calculation,,,FNAM calculation,no,2026-10-09 18:30 ET
AMZN,Amazon,FY2025Q4,2025-12-31,2025-Q4,ttm_ol_additions,19930000000,trailing 12 months,FNAM calculation,,,FNAM calculation,no,2026-10-09 18:30 ET
AMZN,Amazon,FY2025Q4,2025-12-31,2025-Q4,ttm_fl_principal,1557000000,trailing 12 months,FNAM calculation,,,FNAM calculation,no,2026-10-09 18:30 ET
AMZN,Amazon,FY2025Q4,2025-12-31,2025-Q4,ttm_revenue,716924000000,trailing 12 months,FNAM calculation,,,FNAM calculation,no,2026-10-09 18:30 ET
AMZN,Amazon,FY2025Q4,2025-12-31,2025-Q4,ttm_ocf,139514000000,trailing 12 months,FNAM calculation,,,FNAM calculation,no,2026-10-09 18:30 ET
AMZN,Amazon,FY2025Q4,2025-12-31,2025-Q4,ttm_op_income,79975000000,trailing 12 months,FNAM calculation,,,FNAM calculation,no,2026-10-09 18:30 ET
AMZN,Amazon,FY2025Q4,2025-12-31,2025-Q4,ttm_da,65756000000,trailing 12 months,FNAM calculation,,,FNAM calculation,no,2026-10-09 18:30 ET
AMZN,Amazon,FY2025Q4,2025-12-31,2025-Q4,ttm_interest_exp,2274000000,trailing 12 months,FNAM calculation,,,FNAM calculation,no,2026-10-09 18:30 ET
AMZN,Amazon,FY2025Q4,2025-12-31,2025-Q4,ttm_debt_proceeds,15673000000,trailing 12 months,FNAM calculation,,,FNAM calculation,no,2026-10-09 18:30 ET
AMZN,Amazon,FY2025Q4,2025-12-31,2025-Q4,ttm_debt_repaid,5021000000,trailing 12 months,FNAM calculation,,,FNAM calculation,no,2026-10-09 18:30 ET
AMZN,Amazon,FY2025Q4,2025-12-31,2025-Q4,ttm_ebitda,145731000000,trailing 12 months,FNAM calculation,,,FNAM calculation,no,2026-10-09 18:30 ET
AMZN,Amazon,FY2025Q4,2025-12-31,2025-Q4,ttm_capex_incl_fl,134730000000,trailing 12 months,FNAM calculation,,,FNAM calculation,no,2026-10-09 18:30 ET
AMZN,Amazon,FY2025Q4,2025-12-31,2025-Q4,ttm_fcf,7695000000,trailing 12 months,FNAM calculation,,,FNAM calculation,no,2026-10-09 18:30 ET
AMZN,Amazon,FY2025Q4,2025-12-31,2025-Q4,ttm_capex_ocf,0.9448442450220049,trailing 12 months,FNAM calculation,,,FNAM calculation,no,2026-10-09 18:30 ET
AMZN,Amazon,FY2025Q4,2025-12-31,2025-Q4,ttm_fcf_after_fl,6138000000,trailing 12 months,FNAM calculation,,,FNAM calculation,no,2026-10-09 18:30 ET
AMZN,Amazon,FY2025Q4,2025-12-31,2025-Q4,ttm_int_cov,35.16930518909411,trailing 12 months,FNAM calculation,,,FNAM calculation,no,2026-10-09 18:30 ET
AMZN,Amazon,FY2025Q4,2025-12-31,2025-Q4,ttm_ebitda_int,64.08575197889182,trailing 12 months,FNAM calculation,,,FNAM calculation,no,2026-10-09 18:30 ET
AMZN,Amazon,FY2025Q4,2025-12-31,2025-Q4,ttm_nd_ebitda,-0.3687478985253652,trailing 12 months,FNAM calculation,,,FNAM calculation,no,2026-10-09 18:30 ET
AMZN,Amazon,FY2025Q4,2025-12-31,2025-Q4,ttm_land_ebitda,0.32800159197425394,trailing 12 months,FNAM calculation,,,FNAM calculation,no,2026-10-09 18:30 ET
AMZN,Amazon,FY2026Q1,2026-03-31,2026-Q1,capex_cash,44203000000,quarter,reported,PaymentsToAcquireProductiveAssets,0001018724-26-000014,T1 (XBRL),no,2026-10-09 18:30 ET
AMZN,Amazon,FY2026Q1,2026-03-31,2026-Q1,fl_additions,1565000000,quarter,reported,RightOfUseAssetObtainedInExchangeForFinanceLeaseLiability,0001018724-26-000014,T1 (XBRL),no,2026-10-09 18:30 ET
AMZN,Amazon,FY2026Q1,2026-03-31,2026-Q1,ol_additions,6239000000,quarter,reported,RightOfUseAssetObtainedInExchangeForOperatingLeaseLiability,0001018724-26-000014,T1 (XBRL),no,2026-10-09 18:30 ET
AMZN,Amazon,FY2026Q1,2026-03-31,2026-Q1,fl_principal,468000000,quarter,reported,FinanceLeasePrincipalPayments,0001018724-26-000014,T1 (XBRL),no,2026-10-09 18:30 ET
AMZN,Amazon,FY2026Q1,2026-03-31,2026-Q1,ocf,26032000000,quarter,reported,NetCashProvidedByUsedInOperatingActivities,0001018724-26-000014,T1 (XBRL),no,2026-10-09 18:30 ET
AMZN,Amazon,FY2026Q1,2026-03-31,2026-Q1,op_income,23852000000,quarter,reported,OperatingIncomeLoss,0001018724-26-000014,T1 (XBRL),no,2026-10-09 18:30 ET
AMZN,Amazon,FY2026Q1,2026-03-31,2026-Q1,da,18945000000,quarter,reported,DepreciationDepletionAndAmortization,0001018724-26-000014,T1 (XBRL),no,2026-10-09 18:30 ET
AMZN,Amazon,FY2026Q1,2026-03-31,2026-Q1,interest_exp,800000000,quarter,reported,InterestExpenseNonoperating,0001018724-26-000014,T1 (XBRL),no,2026-10-09 18:30 ET
AMZN,Amazon,FY2026Q1,2026-03-31,2026-Q1,debt_proceeds,53441000000,quarter,reported,ProceedsFromIssuanceOfLongTermDebt,0001018724-26-000014,T1 (XBRL),no,2026-10-09 18:30 ET
AMZN,Amazon,FY2026Q1,2026-03-31,2026-Q1,debt_repaid,0,quarter,reported,RepaymentsOfLongTermDebt,0001018724-26-000014,T1 (XBRL),no,2026-10-09 18:30 ET
AMZN,Amazon,FY2026Q1,2026-03-31,2026-Q1,capex_incl_fl,45768000000,quarter,FNAM calculation,,,FNAM calculation,no,2026-10-09 18:30 ET
AMZN,Amazon,FY2026Q1,2026-03-31,2026-Q1,fcf,-18171000000,quarter,FNAM calculation,,,FNAM calculation,no,2026-10-09 18:30 ET
AMZN,Amazon,FY2026Q1,2026-03-31,2026-Q1,capex_ocf,1.6980255070682237,ratio,FNAM calculation,,,FNAM calculation,no,2026-10-09 18:30 ET
AMZN,Amazon,FY2026Q1,2026-03-31,2026-Q1,fcf_after_fl,-18639000000,quarter,FNAM calculation,,,FNAM calculation,no,2026-10-09 18:30 ET
AMZN,Amazon,FY2026Q1,2026-03-31,2026-Q1,ttm_capex_cash,151003000000,trailing 12 months,FNAM calculation,,,FNAM calculation,no,2026-10-09 18:30 ET
AMZN,Amazon,FY2026Q1,2026-03-31,2026-Q1,ttm_fl_additions,4422000000,trailing 12 months,FNAM calculation,,,FNAM calculation,no,2026-10-09 18:30 ET
AMZN,Amazon,FY2026Q1,2026-03-31,2026-Q1,ttm_ol_additions,21848000000,trailing 12 months,FNAM calculation,,,FNAM calculation,no,2026-10-09 18:30 ET
AMZN,Amazon,FY2026Q1,2026-03-31,2026-Q1,ttm_fl_principal,1615000000,trailing 12 months,FNAM calculation,,,FNAM calculation,no,2026-10-09 18:30 ET
AMZN,Amazon,FY2026Q1,2026-03-31,2026-Q1,ttm_revenue,742776000000,trailing 12 months,FNAM calculation,,,FNAM calculation,no,2026-10-09 18:30 ET
AMZN,Amazon,FY2026Q1,2026-03-31,2026-Q1,ttm_ocf,148531000000,trailing 12 months,FNAM calculation,,,FNAM calculation,no,2026-10-09 18:30 ET
AMZN,Amazon,FY2026Q1,2026-03-31,2026-Q1,ttm_op_income,85422000000,trailing 12 months,FNAM calculation,,,FNAM calculation,no,2026-10-09 18:30 ET
AMZN,Amazon,FY2026Q1,2026-03-31,2026-Q1,ttm_da,70439000000,trailing 12 months,FNAM calculation,,,FNAM calculation,no,2026-10-09 18:30 ET
AMZN,Amazon,FY2026Q1,2026-03-31,2026-Q1,ttm_interest_exp,2533000000,trailing 12 months,FNAM calculation,,,FNAM calculation,no,2026-10-09 18:30 ET
AMZN,Amazon,FY2026Q1,2026-03-31,2026-Q1,ttm_debt_proceeds,68368000000,trailing 12 months,FNAM calculation,,,FNAM calculation,no,2026-10-09 18:30 ET
AMZN,Amazon,FY2026Q1,2026-03-31,2026-Q1,ttm_debt_repaid,5021000000,trailing 12 months,FNAM calculation,,,FNAM calculation,no,2026-10-09 18:30 ET
AMZN,Amazon,FY2026Q1,2026-03-31,2026-Q1,ttm_ebitda,155861000000,trailing 12 months,FNAM calculation,,,FNAM calculation,no,2026-10-09 18:30 ET
AMZN,Amazon,FY2026Q1,2026-03-31,2026-Q1,ttm_capex_incl_fl,155425000000,trailing 12 months,FNAM calculation,,,FNAM calculation,no,2026-10-09 18:30 ET
AMZN,Amazon,FY2026Q1,2026-03-31,2026-Q1,ttm_fcf,-2472000000,trailing 12 months,FNAM calculation,,,FNAM calculation,no,2026-10-09 18:30 ET
AMZN,Amazon,FY2026Q1,2026-03-31,2026-Q1,ttm_capex_ocf,1.0166429903521823,trailing 12 months,FNAM calculation,,,FNAM calculation,no,2026-10-09 18:30 ET
AMZN,Amazon,FY2026Q1,2026-03-31,2026-Q1,ttm_fcf_after_fl,-4087000000,trailing 12 months,FNAM calculation,,,FNAM calculation,no,2026-10-09 18:30 ET
AMZN,Amazon,FY2026Q1,2026-03-31,2026-Q1,ttm_int_cov,33.72364784840111,trailing 12 months,FNAM calculation,,,FNAM calculation,no,2026-10-09 18:30 ET
AMZN,Amazon,FY2026Q1,2026-03-31,2026-Q1,ttm_ebitda_int,61.53217528622187,trailing 12 months,FNAM calculation,,,FNAM calculation,no,2026-10-09 18:30 ET
AMZN,Amazon,FY2026Q1,2026-03-31,2026-Q1,ttm_nd_ebitda,-0.130276335966021,trailing 12 months,FNAM calculation,,,FNAM calculation,no,2026-10-09 18:30 ET
AMZN,Amazon,FY2026Q1,2026-03-31,2026-Q1,ttm_land_ebitda,0.5430287243120473,trailing 12 months,FNAM calculation,,,FNAM calculation,no,2026-10-09 18:30 ET
AMZN,Amazon,FY2026Q2,2026-06-30,2026-Q2,capex_cash,54208000000,quarter,reported,PaymentsToAcquireProductiveAssets,0001018724-26-000026,T1 (XBRL),no,2026-10-09 18:30 ET
AMZN,Amazon,FY2026Q2,2026-06-30,2026-Q2,fl_additions,563000000,quarter,reported,RightOfUseAssetObtainedInExchangeForFinanceLeaseLiability,0001018724-26-000026,T1 (XBRL),no,2026-10-09 18:30 ET
AMZN,Amazon,FY2026Q2,2026-06-30,2026-Q2,ol_additions,7670000000,quarter,reported,RightOfUseAssetObtainedInExchangeForOperatingLeaseLiability,0001018724-26-000026,T1 (XBRL),no,2026-10-09 18:30 ET
AMZN,Amazon,FY2026Q2,2026-06-30,2026-Q2,fl_principal,395000000,quarter,reported,FinanceLeasePrincipalPayments,0001018724-26-000026,T1 (XBRL),no,2026-10-09 18:30 ET
AMZN,Amazon,FY2026Q2,2026-06-30,2026-Q2,ocf,45387000000,quarter,reported,NetCashProvidedByUsedInOperatingActivities,0001018724-26-000026,T1 (XBRL),no,2026-10-09 18:30 ET
AMZN,Amazon,FY2026Q2,2026-06-30,2026-Q2,op_income,27461000000,quarter,reported,OperatingIncomeLoss,0001018724-26-000026,T1 (XBRL),no,2026-10-09 18:30 ET
AMZN,Amazon,FY2026Q2,2026-06-30,2026-Q2,da,19988000000,quarter,reported,DepreciationDepletionAndAmortization,0001018724-26-000026,T1 (XBRL),no,2026-10-09 18:30 ET
AMZN,Amazon,FY2026Q2,2026-06-30,2026-Q2,interest_exp,1314000000,quarter,reported,InterestExpenseNonoperating,0001018724-26-000026,T1 (XBRL),no,2026-10-09 18:30 ET
AMZN,Amazon,FY2026Q2,2026-06-30,2026-Q2,debt_proceeds,13557000000,quarter,reported,ProceedsFromIssuanceOfLongTermDebt,0001018724-26-000026,T1 (XBRL),no,2026-10-09 18:30 ET
AMZN,Amazon,FY2026Q2,2026-06-30,2026-Q2,debt_repaid,2752000000,quarter,reported,RepaymentsOfLongTermDebt,0001018724-26-000026,T1 (XBRL),no,2026-10-09 18:30 ET
AMZN,Amazon,FY2026Q2,2026-06-30,2026-Q2,capex_incl_fl,54771000000,quarter,FNAM calculation,,,FNAM calculation,no,2026-10-09 18:30 ET
AMZN,Amazon,FY2026Q2,2026-06-30,2026-Q2,fcf,-8821000000,quarter,FNAM calculation,,,FNAM calculation,no,2026-10-09 18:30 ET
AMZN,Amazon,FY2026Q2,2026-06-30,2026-Q2,capex_ocf,1.194350805296671,ratio,FNAM calculation,,,FNAM calculation,no,2026-10-09 18:30 ET
AMZN,Amazon,FY2026Q2,2026-06-30,2026-Q2,fcf_after_fl,-9216000000,quarter,FNAM calculation,,,FNAM calculation,no,2026-10-09 18:30 ET
AMZN,Amazon,FY2026Q2,2026-06-30,2026-Q2,ttm_capex_cash,173028000000,trailing 12 months,FNAM calculation,,,FNAM calculation,no,2026-10-09 18:30 ET
AMZN,Amazon,FY2026Q2,2026-06-30,2026-Q2,ttm_fl_additions,4048000000,trailing 12 months,FNAM calculation,,,FNAM calculation,no,2026-10-09 18:30 ET
AMZN,Amazon,FY2026Q2,2026-06-30,2026-Q2,ttm_ol_additions,24897000000,trailing 12 months,FNAM calculation,,,FNAM calculation,no,2026-10-09 18:30 ET
AMZN,Amazon,FY2026Q2,2026-06-30,2026-Q2,ttm_fl_principal,1599000000,trailing 12 months,FNAM calculation,,,FNAM calculation,no,2026-10-09 18:30 ET
AMZN,Amazon,FY2026Q2,2026-06-30,2026-Q2,ttm_revenue,775680000000,trailing 12 months,FNAM calculation,,,FNAM calculation,no,2026-10-09 18:30 ET
AMZN,Amazon,FY2026Q2,2026-06-30,2026-Q2,ttm_ocf,161403000000,trailing 12 months,FNAM calculation,,,FNAM calculation,no,2026-10-09 18:30 ET
AMZN,Amazon,FY2026Q2,2026-06-30,2026-Q2,ttm_op_income,93712000000,trailing 12 months,FNAM calculation,,,FNAM calculation,no,2026-10-09 18:30 ET
AMZN,Amazon,FY2026Q2,2026-06-30,2026-Q2,ttm_da,75200000000,trailing 12 months,FNAM calculation,,,FNAM calculation,no,2026-10-09 18:30 ET
AMZN,Amazon,FY2026Q2,2026-06-30,2026-Q2,ttm_interest_exp,3331000000,trailing 12 months,FNAM calculation,,,FNAM calculation,no,2026-10-09 18:30 ET
AMZN,Amazon,FY2026Q2,2026-06-30,2026-Q2,ttm_debt_proceeds,81925000000,trailing 12 months,FNAM calculation,,,FNAM calculation,no,2026-10-09 18:30 ET
AMZN,Amazon,FY2026Q2,2026-06-30,2026-Q2,ttm_debt_repaid,5022000000,trailing 12 months,FNAM calculation,,,FNAM calculation,no,2026-10-09 18:30 ET
AMZN,Amazon,FY2026Q2,2026-06-30,2026-Q2,ttm_ebitda,168912000000,trailing 12 months,FNAM calculation,,,FNAM calculation,no,2026-10-09 18:30 ET
AMZN,Amazon,FY2026Q2,2026-06-30,2026-Q2,ttm_capex_incl_fl,177076000000,trailing 12 months,FNAM calculation,,,FNAM calculation,no,2026-10-09 18:30 ET
AMZN,Amazon,FY2026Q2,2026-06-30,2026-Q2,ttm_fcf,-11625000000,trailing 12 months,FNAM calculation,,,FNAM calculation,no,2026-10-09 18:30 ET
AMZN,Amazon,FY2026Q2,2026-06-30,2026-Q2,ttm_capex_ocf,1.0720246835560678,trailing 12 months,FNAM calculation,,,FNAM calculation,no,2026-10-09 18:30 ET
AMZN,Amazon,FY2026Q2,2026-06-30,2026-Q2,ttm_fcf_after_fl,-13224000000,trailing 12 months,FNAM calculation,,,FNAM calculation,no,2026-10-09 18:30 ET
AMZN,Amazon,FY2026Q2,2026-06-30,2026-Q2,ttm_int_cov,28.13329330531372,trailing 12 months,FNAM calculation,,,FNAM calculation,no,2026-10-09 18:30 ET
AMZN,Amazon,FY2026Q2,2026-06-30,2026-Q2,ttm_ebitda_int,50.70909636745722,trailing 12 months,FNAM calculation,,,FNAM calculation,no,2026-10-09 18:30 ET
AMZN,Amazon,FY2026Q2,2026-06-30,2026-Q2,ttm_nd_ebitda,0.061167945439045183,trailing 12 months,FNAM calculation,,,FNAM calculation,no,2026-10-09 18:30 ET
AMZN,Amazon,FY2026Q2,2026-06-30,2026-Q2,ttm_land_ebitda,0.7110388841526949,trailing 12 months,FNAM calculation,,,FNAM calculation,no,2026-10-09 18:30 ET
META,Meta,FY2022Q2,2022-06-30,2022-Q2,capex_cash,7572000000,quarter,ytd_subtraction,PaymentsToAcquirePropertyPlantAndEquipment,0001326801-23-000093 0001326801-23-000067,T1 (XBRL),no,2026-10-09 18:30 ET
META,Meta,FY2022Q2,2022-06-30,2022-Q2,fl_additions,51000000,quarter,ytd_subtraction,RightOfUseAssetObtainedInExchangeForFinanceLeaseLiability,0001326801-23-000093 0001326801-23-000067,T1 (XBRL),no,2026-10-09 18:30 ET
META,Meta,FY2022Q2,2022-06-30,2022-Q2,ol_additions,2534000000,quarter,ytd_subtraction,RightOfUseAssetObtainedInExchangeForOperatingLeaseLiability,0001326801-23-000093 0001326801-23-000067,T1 (XBRL),no,2026-10-09 18:30 ET
META,Meta,FY2022Q2,2022-06-30,2022-Q2,fl_principal,219000000,quarter,ytd_subtraction,FinanceLeasePrincipalPayments,0001326801-23-000093 0001326801-23-000067,T1 (XBRL),no,2026-10-09 18:30 ET
META,Meta,FY2022Q2,2022-06-30,2022-Q2,ocf,12196000000,quarter,ytd_subtraction,NetCashProvidedByUsedInOperatingActivities,0001326801-23-000093 0001326801-23-000067,T1 (XBRL),no,2026-10-09 18:30 ET
META,Meta,FY2022Q2,2022-06-30,2022-Q2,op_income,8358000000,quarter,reported,OperatingIncomeLoss,0001326801-23-000093,T1 (XBRL),no,2026-10-09 18:30 ET
META,Meta,FY2022Q2,2022-06-30,2022-Q2,da,1979000000,quarter,ytd_subtraction,DepreciationDepletionAndAmortization,0001326801-23-000093 0001326801-23-000067,T1 (XBRL),no,2026-10-09 18:30 ET
META,Meta,FY2022Q2,2022-06-30,2022-Q2,buybacks,5233000000,quarter,ytd_subtraction,PaymentsForRepurchaseOfCommonStock,0001326801-23-000093 0001326801-23-000067,T1 (XBRL),no,2026-10-09 18:30 ET
META,Meta,FY2022Q2,2022-06-30,2022-Q2,interest_paid,0,quarter,ytd_subtraction,InterestPaidNet,0001326801-23-000093 0001326801-23-000067,T1 (XBRL),no,2026-10-09 18:30 ET
META,Meta,FY2022Q2,2022-06-30,2022-Q2,capex_incl_fl,7623000000,quarter,FNAM calculation,,,FNAM calculation,no,2026-10-09 18:30 ET
META,Meta,FY2022Q2,2022-06-30,2022-Q2,fcf,4624000000,quarter,FNAM calculation,,,FNAM calculation,no,2026-10-09 18:30 ET
META,Meta,FY2022Q2,2022-06-30,2022-Q2,capex_ocf,0.6208592981305346,ratio,FNAM calculation,,,FNAM calculation,no,2026-10-09 18:30 ET
META,Meta,FY2022Q2,2022-06-30,2022-Q2,fcf_after_fl,4405000000,quarter,FNAM calculation,,,FNAM calculation,no,2026-10-09 18:30 ET
META,Meta,FY2022Q3,2022-09-30,2022-Q3,capex_cash,9375000000,quarter,ytd_subtraction,PaymentsToAcquirePropertyPlantAndEquipment,0001326801-23-000103 0001326801-23-000093,T1 (XBRL),no,2026-10-09 18:30 ET
META,Meta,FY2022Q3,2022-09-30,2022-Q3,fl_additions,11000000,quarter,ytd_subtraction,RightOfUseAssetObtainedInExchangeForFinanceLeaseLiability,0001326801-23-000103 0001326801-23-000093,T1 (XBRL),no,2026-10-09 18:30 ET
META,Meta,FY2022Q3,2022-09-30,2022-Q3,ol_additions,492000000,quarter,ytd_subtraction,RightOfUseAssetObtainedInExchangeForOperatingLeaseLiability,0001326801-23-000103 0001326801-23-000093,T1 (XBRL),no,2026-10-09 18:30 ET
META,Meta,FY2022Q3,2022-09-30,2022-Q3,fl_principal,163000000,quarter,ytd_subtraction,FinanceLeasePrincipalPayments,0001326801-23-000103 0001326801-23-000093,T1 (XBRL),no,2026-10-09 18:30 ET
META,Meta,FY2022Q3,2022-09-30,2022-Q3,ocf,9692000000,quarter,ytd_subtraction,NetCashProvidedByUsedInOperatingActivities,0001326801-23-000103 0001326801-23-000093,T1 (XBRL),no,2026-10-09 18:30 ET
META,Meta,FY2022Q3,2022-09-30,2022-Q3,op_income,5664000000,quarter,reported,OperatingIncomeLoss,0001326801-23-000103,T1 (XBRL),no,2026-10-09 18:30 ET
META,Meta,FY2022Q3,2022-09-30,2022-Q3,da,2175000000,quarter,ytd_subtraction,DepreciationDepletionAndAmortization,0001326801-23-000103 0001326801-23-000093,T1 (XBRL),no,2026-10-09 18:30 ET
META,Meta,FY2022Q3,2022-09-30,2022-Q3,debt_proceeds,9921000000,quarter,ytd_subtraction,ProceedsFromIssuanceOfLongTermDebt,0001326801-23-000103 0001326801-23-000093,T1 (XBRL),no,2026-10-09 18:30 ET
META,Meta,FY2022Q3,2022-09-30,2022-Q3,buybacks,6354000000,quarter,ytd_subtraction,PaymentsForRepurchaseOfCommonStock,0001326801-23-000103 0001326801-23-000093,T1 (XBRL),no,2026-10-09 18:30 ET
META,Meta,FY2022Q3,2022-09-30,2022-Q3,interest_paid,0,quarter,ytd_subtraction,InterestPaidNet,0001326801-23-000103 0001326801-23-000093,T1 (XBRL),no,2026-10-09 18:30 ET
META,Meta,FY2022Q3,2022-09-30,2022-Q3,capex_incl_fl,9386000000,quarter,FNAM calculation,,,FNAM calculation,no,2026-10-09 18:30 ET
META,Meta,FY2022Q3,2022-09-30,2022-Q3,fcf,317000000,quarter,FNAM calculation,,,FNAM calculation,no,2026-10-09 18:30 ET
META,Meta,FY2022Q3,2022-09-30,2022-Q3,capex_ocf,0.9672926124638878,ratio,FNAM calculation,,,FNAM calculation,no,2026-10-09 18:30 ET
META,Meta,FY2022Q3,2022-09-30,2022-Q3,fcf_after_fl,154000000,quarter,FNAM calculation,,,FNAM calculation,no,2026-10-09 18:30 ET
META,Meta,FY2022Q4,2022-12-31,2022-Q4,capex_cash,8798000000,quarter,fy_minus_9m,PaymentsToAcquirePropertyPlantAndEquipment,0001326801-25-000017 0001326801-23-000103,T1 (XBRL),no,2026-10-09 18:30 ET
META,Meta,FY2022Q4,2022-12-31,2022-Q4,fl_additions,109000000,quarter,fy_minus_9m,RightOfUseAssetObtainedInExchangeForFinanceLeaseLiability,0001326801-25-000017 0001326801-23-000103,T1 (XBRL),no,2026-10-09 18:30 ET
META,Meta,FY2022Q4,2022-12-31,2022-Q4,ol_additions,801000000,quarter,fy_minus_9m,RightOfUseAssetObtainedInExchangeForOperatingLeaseLiability,0001326801-25-000017 0001326801-23-000103,T1 (XBRL),no,2026-10-09 18:30 ET
META,Meta,FY2022Q4,2022-12-31,2022-Q4,fl_principal,235000000,quarter,fy_minus_9m,FinanceLeasePrincipalPayments,0001326801-25-000017 0001326801-23-000103,T1 (XBRL),no,2026-10-09 18:30 ET
META,Meta,FY2022Q4,2022-12-31,2022-Q4,ocf,14511000000,quarter,fy_minus_9m,NetCashProvidedByUsedInOperatingActivities,0001326801-25-000017 0001326801-23-000103,T1 (XBRL),no,2026-10-09 18:30 ET
META,Meta,FY2022Q4,2022-12-31,2022-Q4,op_income,6399000000,quarter,fy_minus_9m,OperatingIncomeLoss,0001326801-25-000017 0001326801-23-000103,T1 (XBRL),no,2026-10-09 18:30 ET
META,Meta,FY2022Q4,2022-12-31,2022-Q4,da,2376000000,quarter,fy_minus_9m,DepreciationDepletionAndAmortization,0001326801-25-000017 0001326801-23-000103,T1 (XBRL),no,2026-10-09 18:30 ET
META,Meta,FY2022Q4,2022-12-31,2022-Q4,debt_proceeds,0,quarter,fy_minus_9m,ProceedsFromIssuanceOfLongTermDebt,0001326801-25-000017 0001326801-23-000103,T1 (XBRL),no,2026-10-09 18:30 ET
META,Meta,FY2022Q4,2022-12-31,2022-Q4,buybacks,6863000000,quarter,fy_minus_9m,PaymentsForRepurchaseOfCommonStock,0001326801-25-000017 0001326801-23-000103,T1 (XBRL),no,2026-10-09 18:30 ET
META,Meta,FY2022Q4,2022-12-31,2022-Q4,interest_paid,0,quarter,fy_minus_9m,InterestPaidNet,0001326801-25-000017 0001326801-23-000103,T1 (XBRL),no,2026-10-09 18:30 ET
META,Meta,FY2022Q4,2022-12-31,2022-Q4,capex_incl_fl,8907000000,quarter,FNAM calculation,,,FNAM calculation,no,2026-10-09 18:30 ET
META,Meta,FY2022Q4,2022-12-31,2022-Q4,fcf,5713000000,quarter,FNAM calculation,,,FNAM calculation,no,2026-10-09 18:30 ET
META,Meta,FY2022Q4,2022-12-31,2022-Q4,capex_ocf,0.6062986699745021,ratio,FNAM calculation,,,FNAM calculation,no,2026-10-09 18:30 ET
META,Meta,FY2022Q4,2022-12-31,2022-Q4,fcf_after_fl,5478000000,quarter,FNAM calculation,,,FNAM calculation,no,2026-10-09 18:30 ET
META,Meta,FY2022Q4,2022-12-31,2022-Q4,ttm_capex_cash,31186000000,trailing 12 months,FNAM calculation,,,FNAM calculation,no,2026-10-09 18:30 ET
META,Meta,FY2022Q4,2022-12-31,2022-Q4,ttm__fromFY,"capex_cash,fl_additions,ol_additions,fl_principal,revenue,ocf,op_income,da,interest_exp,debt_proceeds,buybacks,interest_paid,dividends",trailing 12 months,FNAM calculation,,,FNAM calculation,no,2026-10-09 18:30 ET
META,Meta,FY2022Q4,2022-12-31,2022-Q4,ttm_fl_additions,223000000,trailing 12 months,FNAM calculation,,,FNAM calculation,no,2026-10-09 18:30 ET
META,Meta,FY2022Q4,2022-12-31,2022-Q4,ttm_ol_additions,4366000000,trailing 12 months,FNAM calculation,,,FNAM calculation,no,2026-10-09 18:30 ET
META,Meta,FY2022Q4,2022-12-31,2022-Q4,ttm_fl_principal,850000000,trailing 12 months,FNAM calculation,,,FNAM calculation,no,2026-10-09 18:30 ET
META,Meta,FY2022Q4,2022-12-31,2022-Q4,ttm_revenue,116609000000,trailing 12 months,FNAM calculation,,,FNAM calculation,no,2026-10-09 18:30 ET
META,Meta,FY2022Q4,2022-12-31,2022-Q4,ttm_ocf,50475000000,trailing 12 months,FNAM calculation,,,FNAM calculation,no,2026-10-09 18:30 ET
META,Meta,FY2022Q4,2022-12-31,2022-Q4,ttm_op_income,28944000000,trailing 12 months,FNAM calculation,,,FNAM calculation,no,2026-10-09 18:30 ET
META,Meta,FY2022Q4,2022-12-31,2022-Q4,ttm_da,8686000000,trailing 12 months,FNAM calculation,,,FNAM calculation,no,2026-10-09 18:30 ET
META,Meta,FY2022Q4,2022-12-31,2022-Q4,ttm_interest_exp,185000000,trailing 12 months,FNAM calculation,,,FNAM calculation,no,2026-10-09 18:30 ET
META,Meta,FY2022Q4,2022-12-31,2022-Q4,ttm_debt_proceeds,9921000000,trailing 12 months,FNAM calculation,,,FNAM calculation,no,2026-10-09 18:30 ET
META,Meta,FY2022Q4,2022-12-31,2022-Q4,ttm_buybacks,27956000000,trailing 12 months,FNAM calculation,,,FNAM calculation,no,2026-10-09 18:30 ET
META,Meta,FY2022Q4,2022-12-31,2022-Q4,ttm_interest_paid,0,trailing 12 months,FNAM calculation,,,FNAM calculation,no,2026-10-09 18:30 ET
META,Meta,FY2022Q4,2022-12-31,2022-Q4,ttm_dividends,0,trailing 12 months,FNAM calculation,,,FNAM calculation,no,2026-10-09 18:30 ET
META,Meta,FY2022Q4,2022-12-31,2022-Q4,ttm_ebitda,37630000000,trailing 12 months,FNAM calculation,,,FNAM calculation,no,2026-10-09 18:30 ET
META,Meta,FY2022Q4,2022-12-31,2022-Q4,ttm_capex_incl_fl,31409000000,trailing 12 months,FNAM calculation,,,FNAM calculation,no,2026-10-09 18:30 ET
META,Meta,FY2022Q4,2022-12-31,2022-Q4,ttm_fcf,19289000000,trailing 12 months,FNAM calculation,,,FNAM calculation,no,2026-10-09 18:30 ET
META,Meta,FY2022Q4,2022-12-31,2022-Q4,ttm_capex_ocf,0.6178504210004953,trailing 12 months,FNAM calculation,,,FNAM calculation,no,2026-10-09 18:30 ET
META,Meta,FY2022Q4,2022-12-31,2022-Q4,ttm_fcf_after_fl,18439000000,trailing 12 months,FNAM calculation,,,FNAM calculation,no,2026-10-09 18:30 ET
META,Meta,FY2022Q4,2022-12-31,2022-Q4,ttm_int_cov,156.45405405405404,trailing 12 months,FNAM calculation,,,FNAM calculation,no,2026-10-09 18:30 ET
META,Meta,FY2022Q4,2022-12-31,2022-Q4,ttm_ebitda_int,203.40540540540542,trailing 12 months,FNAM calculation,,,FNAM calculation,no,2026-10-09 18:30 ET
META,Meta,FY2022Q4,2022-12-31,2022-Q4,ttm_nd_ebitda,-0.8188944990698911,trailing 12 months,FNAM calculation,,,FNAM calculation,no,2026-10-09 18:30 ET
META,Meta,FY2022Q4,2022-12-31,2022-Q4,ttm_land_ebitda,-0.35769332979006113,trailing 12 months,FNAM calculation,,,FNAM calculation,no,2026-10-09 18:30 ET
META,Meta,FY2023Q1,2023-03-31,2023-Q1,capex_cash,6823000000,quarter,reported,PaymentsToAcquirePropertyPlantAndEquipment,0001326801-24-000049,T1 (XBRL),no,2026-10-09 18:30 ET
META,Meta,FY2023Q1,2023-03-31,2023-Q1,fl_additions,70000000,quarter,reported,RightOfUseAssetObtainedInExchangeForFinanceLeaseLiability,0001326801-23-000067,T1 (XBRL),no,2026-10-09 18:30 ET
META,Meta,FY2023Q1,2023-03-31,2023-Q1,ol_additions,1282000000,quarter,reported,RightOfUseAssetObtainedInExchangeForOperatingLeaseLiability,0001326801-24-000049,T1 (XBRL),no,2026-10-09 18:30 ET
META,Meta,FY2023Q1,2023-03-31,2023-Q1,fl_principal,264000000,quarter,reported,FinanceLeasePrincipalPayments,0001326801-24-000049,T1 (XBRL),no,2026-10-09 18:30 ET
META,Meta,FY2023Q1,2023-03-31,2023-Q1,ocf,13998000000,quarter,reported,NetCashProvidedByUsedInOperatingActivities,0001326801-24-000049,T1 (XBRL),no,2026-10-09 18:30 ET
META,Meta,FY2023Q1,2023-03-31,2023-Q1,op_income,7227000000,quarter,reported,OperatingIncomeLoss,0001326801-24-000049,T1 (XBRL),no,2026-10-09 18:30 ET
META,Meta,FY2023Q1,2023-03-31,2023-Q1,da,2524000000,quarter,reported,DepreciationDepletionAndAmortization,0001326801-24-000049,T1 (XBRL),no,2026-10-09 18:30 ET
META,Meta,FY2023Q1,2023-03-31,2023-Q1,interest_exp,49000000,quarter,reported,InterestExpenseDebt,0001326801-23-000067,T1 (XBRL),no,2026-10-09 18:30 ET
META,Meta,FY2023Q1,2023-03-31,2023-Q1,buybacks,9365000000,quarter,reported,PaymentsForRepurchaseOfCommonStock,0001326801-24-000049,T1 (XBRL),no,2026-10-09 18:30 ET
META,Meta,FY2023Q1,2023-03-31,2023-Q1,interest_paid,182000000,quarter,reported,InterestPaidNet,0001326801-24-000049,T1 (XBRL),no,2026-10-09 18:30 ET
META,Meta,FY2023Q1,2023-03-31,2023-Q1,dividends,0,quarter,reported,PaymentsOfDividends,0001326801-24-000049,T1 (XBRL),no,2026-10-09 18:30 ET
META,Meta,FY2023Q1,2023-03-31,2023-Q1,capex_incl_fl,6893000000,quarter,FNAM calculation,,,FNAM calculation,no,2026-10-09 18:30 ET
META,Meta,FY2023Q1,2023-03-31,2023-Q1,fcf,7175000000,quarter,FNAM calculation,,,FNAM calculation,no,2026-10-09 18:30 ET
META,Meta,FY2023Q1,2023-03-31,2023-Q1,capex_ocf,0.48742677525360767,ratio,FNAM calculation,,,FNAM calculation,no,2026-10-09 18:30 ET
META,Meta,FY2023Q1,2023-03-31,2023-Q1,fcf_after_fl,6911000000,quarter,FNAM calculation,,,FNAM calculation,no,2026-10-09 18:30 ET
META,Meta,FY2023Q1,2023-03-31,2023-Q1,ttm_capex_cash,32568000000,trailing 12 months,FNAM calculation,,,FNAM calculation,no,2026-10-09 18:30 ET
META,Meta,FY2023Q1,2023-03-31,2023-Q1,ttm_fl_additions,241000000,trailing 12 months,FNAM calculation,,,FNAM calculation,no,2026-10-09 18:30 ET
META,Meta,FY2023Q1,2023-03-31,2023-Q1,ttm_ol_additions,5109000000,trailing 12 months,FNAM calculation,,,FNAM calculation,no,2026-10-09 18:30 ET
META,Meta,FY2023Q1,2023-03-31,2023-Q1,ttm_fl_principal,881000000,trailing 12 months,FNAM calculation,,,FNAM calculation,no,2026-10-09 18:30 ET
META,Meta,FY2023Q1,2023-03-31,2023-Q1,ttm_revenue,117346000000,trailing 12 months,FNAM calculation,,,FNAM calculation,no,2026-10-09 18:30 ET
META,Meta,FY2023Q1,2023-03-31,2023-Q1,ttm_ocf,50397000000,trailing 12 months,FNAM calculation,,,FNAM calculation,no,2026-10-09 18:30 ET
META,Meta,FY2023Q1,2023-03-31,2023-Q1,ttm_op_income,27648000000,trailing 12 months,FNAM calculation,,,FNAM calculation,no,2026-10-09 18:30 ET
META,Meta,FY2023Q1,2023-03-31,2023-Q1,ttm_da,9054000000,trailing 12 months,FNAM calculation,,,FNAM calculation,no,2026-10-09 18:30 ET
META,Meta,FY2023Q1,2023-03-31,2023-Q1,ttm_buybacks,27815000000,trailing 12 months,FNAM calculation,,,FNAM calculation,no,2026-10-09 18:30 ET
META,Meta,FY2023Q1,2023-03-31,2023-Q1,ttm_interest_paid,182000000,trailing 12 months,FNAM calculation,,,FNAM calculation,no,2026-10-09 18:30 ET
META,Meta,FY2023Q1,2023-03-31,2023-Q1,ttm_ebitda,36702000000,trailing 12 months,FNAM calculation,,,FNAM calculation,no,2026-10-09 18:30 ET
META,Meta,FY2023Q1,2023-03-31,2023-Q1,ttm_capex_incl_fl,32809000000,trailing 12 months,FNAM calculation,,,FNAM calculation,no,2026-10-09 18:30 ET
META,Meta,FY2023Q1,2023-03-31,2023-Q1,ttm_fcf,17829000000,trailing 12 months,FNAM calculation,,,FNAM calculation,no,2026-10-09 18:30 ET
META,Meta,FY2023Q1,2023-03-31,2023-Q1,ttm_capex_ocf,0.6462289421989404,trailing 12 months,FNAM calculation,,,FNAM calculation,no,2026-10-09 18:30 ET
META,Meta,FY2023Q1,2023-03-31,2023-Q1,ttm_fcf_after_fl,16948000000,trailing 12 months,FNAM calculation,,,FNAM calculation,no,2026-10-09 18:30 ET
META,Meta,FY2023Q1,2023-03-31,2023-Q1,ttm_nd_ebitda,-0.7496594191052258,trailing 12 months,FNAM calculation,,,FNAM calculation,no,2026-10-09 18:30 ET
META,Meta,FY2023Q1,2023-03-31,2023-Q1,ttm_land_ebitda,-0.2500408697073729,trailing 12 months,FNAM calculation,,,FNAM calculation,no,2026-10-09 18:30 ET
META,Meta,FY2023Q2,2023-06-30,2023-Q2,capex_cash,6134000000,quarter,ytd_subtraction,PaymentsToAcquirePropertyPlantAndEquipment,0001326801-24-000069 0001326801-24-000049,T1 (XBRL),no,2026-10-09 18:30 ET
META,Meta,FY2023Q2,2023-06-30,2023-Q2,fl_additions,268000000,quarter,ytd_subtraction,RightOfUseAssetObtainedInExchangeForFinanceLeaseLiability,0001326801-23-000093 0001326801-23-000067,T1 (XBRL),no,2026-10-09 18:30 ET
META,Meta,FY2023Q2,2023-06-30,2023-Q2,ol_additions,586000000,quarter,ytd_subtraction,RightOfUseAssetObtainedInExchangeForOperatingLeaseLiability,0001326801-24-000069 0001326801-24-000049,T1 (XBRL),no,2026-10-09 18:30 ET
META,Meta,FY2023Q2,2023-06-30,2023-Q2,fl_principal,220000000,quarter,ytd_subtraction,FinanceLeasePrincipalPayments,0001326801-24-000069 0001326801-24-000049,T1 (XBRL),no,2026-10-09 18:30 ET
META,Meta,FY2023Q2,2023-06-30,2023-Q2,ocf,17309000000,quarter,ytd_subtraction,NetCashProvidedByUsedInOperatingActivities,0001326801-24-000069 0001326801-24-000049,T1 (XBRL),no,2026-10-09 18:30 ET
META,Meta,FY2023Q2,2023-06-30,2023-Q2,op_income,9392000000,quarter,reported,OperatingIncomeLoss,0001326801-24-000069,T1 (XBRL),no,2026-10-09 18:30 ET
META,Meta,FY2023Q2,2023-06-30,2023-Q2,da,2623000000,quarter,ytd_subtraction,DepreciationDepletionAndAmortization,0001326801-24-000069 0001326801-24-000049,T1 (XBRL),no,2026-10-09 18:30 ET
META,Meta,FY2023Q2,2023-06-30,2023-Q2,interest_exp,110000000,quarter,reported,InterestExpenseDebt,0001326801-23-000093,T1 (XBRL),no,2026-10-09 18:30 ET
META,Meta,FY2023Q2,2023-06-30,2023-Q2,buybacks,898000000,quarter,ytd_subtraction,PaymentsForRepurchaseOfCommonStock,0001326801-24-000069 0001326801-24-000049,T1 (XBRL),no,2026-10-09 18:30 ET
META,Meta,FY2023Q2,2023-06-30,2023-Q2,interest_paid,0,quarter,ytd_subtraction,InterestPaidNet,0001326801-24-000069 0001326801-24-000049,T1 (XBRL),no,2026-10-09 18:30 ET
META,Meta,FY2023Q2,2023-06-30,2023-Q2,dividends,0,quarter,reported,PaymentsOfDividends,0001326801-24-000069,T1 (XBRL),no,2026-10-09 18:30 ET
META,Meta,FY2023Q2,2023-06-30,2023-Q2,capex_incl_fl,6402000000,quarter,FNAM calculation,,,FNAM calculation,no,2026-10-09 18:30 ET
META,Meta,FY2023Q2,2023-06-30,2023-Q2,fcf,11175000000,quarter,FNAM calculation,,,FNAM calculation,no,2026-10-09 18:30 ET
META,Meta,FY2023Q2,2023-06-30,2023-Q2,capex_ocf,0.35438211335143566,ratio,FNAM calculation,,,FNAM calculation,no,2026-10-09 18:30 ET
META,Meta,FY2023Q2,2023-06-30,2023-Q2,fcf_after_fl,10955000000,quarter,FNAM calculation,,,FNAM calculation,no,2026-10-09 18:30 ET
META,Meta,FY2023Q2,2023-06-30,2023-Q2,ttm_capex_cash,31130000000,trailing 12 months,FNAM calculation,,,FNAM calculation,no,2026-10-09 18:30 ET
META,Meta,FY2023Q2,2023-06-30,2023-Q2,ttm_fl_additions,458000000,trailing 12 months,FNAM calculation,,,FNAM calculation,no,2026-10-09 18:30 ET
META,Meta,FY2023Q2,2023-06-30,2023-Q2,ttm_ol_additions,3161000000,trailing 12 months,FNAM calculation,,,FNAM calculation,no,2026-10-09 18:30 ET
META,Meta,FY2023Q2,2023-06-30,2023-Q2,ttm_fl_principal,882000000,trailing 12 months,FNAM calculation,,,FNAM calculation,no,2026-10-09 18:30 ET
META,Meta,FY2023Q2,2023-06-30,2023-Q2,ttm_revenue,120523000000,trailing 12 months,FNAM calculation,,,FNAM calculation,no,2026-10-09 18:30 ET
META,Meta,FY2023Q2,2023-06-30,2023-Q2,ttm_ocf,55510000000,trailing 12 months,FNAM calculation,,,FNAM calculation,no,2026-10-09 18:30 ET
META,Meta,FY2023Q2,2023-06-30,2023-Q2,ttm_op_income,28682000000,trailing 12 months,FNAM calculation,,,FNAM calculation,no,2026-10-09 18:30 ET
META,Meta,FY2023Q2,2023-06-30,2023-Q2,ttm_da,9698000000,trailing 12 months,FNAM calculation,,,FNAM calculation,no,2026-10-09 18:30 ET
META,Meta,FY2023Q2,2023-06-30,2023-Q2,ttm_buybacks,23480000000,trailing 12 months,FNAM calculation,,,FNAM calculation,no,2026-10-09 18:30 ET
META,Meta,FY2023Q2,2023-06-30,2023-Q2,ttm_interest_paid,182000000,trailing 12 months,FNAM calculation,,,FNAM calculation,no,2026-10-09 18:30 ET
META,Meta,FY2023Q2,2023-06-30,2023-Q2,ttm_ebitda,38380000000,trailing 12 months,FNAM calculation,,,FNAM calculation,no,2026-10-09 18:30 ET
META,Meta,FY2023Q2,2023-06-30,2023-Q2,ttm_capex_incl_fl,31588000000,trailing 12 months,FNAM calculation,,,FNAM calculation,no,2026-10-09 18:30 ET
META,Meta,FY2023Q2,2023-06-30,2023-Q2,ttm_fcf,24380000000,trailing 12 months,FNAM calculation,,,FNAM calculation,no,2026-10-09 18:30 ET
META,Meta,FY2023Q2,2023-06-30,2023-Q2,ttm_capex_ocf,0.5607998558818231,trailing 12 months,FNAM calculation,,,FNAM calculation,no,2026-10-09 18:30 ET
META,Meta,FY2023Q2,2023-06-30,2023-Q2,ttm_fcf_after_fl,23498000000,trailing 12 months,FNAM calculation,,,FNAM calculation,no,2026-10-09 18:30 ET
META,Meta,FY2023Q2,2023-06-30,2023-Q2,ttm_nd_ebitda,-0.9136008337675873,trailing 12 months,FNAM calculation,,,FNAM calculation,no,2026-10-09 18:30 ET
META,Meta,FY2023Q2,2023-06-30,2023-Q2,ttm_land_ebitda,-0.42907764460656594,trailing 12 months,FNAM calculation,,,FNAM calculation,no,2026-10-09 18:30 ET
META,Meta,FY2023Q3,2023-09-30,2023-Q3,capex_cash,6496000000,quarter,ytd_subtraction,PaymentsToAcquirePropertyPlantAndEquipment,0001326801-24-000081 0001326801-24-000069,T1 (XBRL),no,2026-10-09 18:30 ET
META,Meta,FY2023Q3,2023-09-30,2023-Q3,fl_additions,122000000,quarter,ytd_subtraction,RightOfUseAssetObtainedInExchangeForFinanceLeaseLiability,0001326801-23-000103 0001326801-23-000093,T1 (XBRL),no,2026-10-09 18:30 ET
META,Meta,FY2023Q3,2023-09-30,2023-Q3,ol_additions,1174000000,quarter,ytd_subtraction,RightOfUseAssetObtainedInExchangeForOperatingLeaseLiability,0001326801-24-000081 0001326801-24-000069,T1 (XBRL),no,2026-10-09 18:30 ET
META,Meta,FY2023Q3,2023-09-30,2023-Q3,fl_principal,267000000,quarter,ytd_subtraction,FinanceLeasePrincipalPayments,0001326801-24-000081 0001326801-24-000069,T1 (XBRL),no,2026-10-09 18:30 ET
META,Meta,FY2023Q3,2023-09-30,2023-Q3,ocf,20402000000,quarter,ytd_subtraction,NetCashProvidedByUsedInOperatingActivities,0001326801-24-000081 0001326801-24-000069,T1 (XBRL),no,2026-10-09 18:30 ET
META,Meta,FY2023Q3,2023-09-30,2023-Q3,op_income,13748000000,quarter,reported,OperatingIncomeLoss,0001326801-24-000081,T1 (XBRL),no,2026-10-09 18:30 ET
META,Meta,FY2023Q3,2023-09-30,2023-Q3,da,2859000000,quarter,ytd_subtraction,DepreciationDepletionAndAmortization,0001326801-24-000081 0001326801-24-000069,T1 (XBRL),no,2026-10-09 18:30 ET
META,Meta,FY2023Q3,2023-09-30,2023-Q3,interest_exp,132000000,quarter,reported,InterestExpenseDebt,0001326801-24-000081,T1 (XBRL),no,2026-10-09 18:30 ET
META,Meta,FY2023Q3,2023-09-30,2023-Q3,debt_proceeds,0,quarter,ytd_subtraction,ProceedsFromIssuanceOfLongTermDebt,0001326801-24-000081 0001326801-24-000069,T1 (XBRL),no,2026-10-09 18:30 ET
META,Meta,FY2023Q3,2023-09-30,2023-Q3,buybacks,3569000000,quarter,ytd_subtraction,PaymentsForRepurchaseOfCommonStock,0001326801-24-000081 0001326801-24-000069,T1 (XBRL),no,2026-10-09 18:30 ET
META,Meta,FY2023Q3,2023-09-30,2023-Q3,interest_paid,120000000,quarter,ytd_subtraction,InterestPaidNet,0001326801-24-000081 0001326801-24-000069,T1 (XBRL),no,2026-10-09 18:30 ET
META,Meta,FY2023Q3,2023-09-30,2023-Q3,dividends,0,quarter,reported,PaymentsOfDividends,0001326801-24-000081,T1 (XBRL),no,2026-10-09 18:30 ET
META,Meta,FY2023Q3,2023-09-30,2023-Q3,capex_incl_fl,6618000000,quarter,FNAM calculation,,,FNAM calculation,no,2026-10-09 18:30 ET
META,Meta,FY2023Q3,2023-09-30,2023-Q3,fcf,13906000000,quarter,FNAM calculation,,,FNAM calculation,no,2026-10-09 18:30 ET
META,Meta,FY2023Q3,2023-09-30,2023-Q3,capex_ocf,0.3184001568473679,ratio,FNAM calculation,,,FNAM calculation,no,2026-10-09 18:30 ET
META,Meta,FY2023Q3,2023-09-30,2023-Q3,fcf_after_fl,13639000000,quarter,FNAM calculation,,,FNAM calculation,no,2026-10-09 18:30 ET
META,Meta,FY2023Q3,2023-09-30,2023-Q3,ttm_capex_cash,28251000000,trailing 12 months,FNAM calculation,,,FNAM calculation,no,2026-10-09 18:30 ET
META,Meta,FY2023Q3,2023-09-30,2023-Q3,ttm_fl_additions,569000000,trailing 12 months,FNAM calculation,,,FNAM calculation,no,2026-10-09 18:30 ET
META,Meta,FY2023Q3,2023-09-30,2023-Q3,ttm_ol_additions,3843000000,trailing 12 months,FNAM calculation,,,FNAM calculation,no,2026-10-09 18:30 ET
META,Meta,FY2023Q3,2023-09-30,2023-Q3,ttm_fl_principal,986000000,trailing 12 months,FNAM calculation,,,FNAM calculation,no,2026-10-09 18:30 ET
META,Meta,FY2023Q3,2023-09-30,2023-Q3,ttm_revenue,126955000000,trailing 12 months,FNAM calculation,,,FNAM calculation,no,2026-10-09 18:30 ET
META,Meta,FY2023Q3,2023-09-30,2023-Q3,ttm_ocf,66220000000,trailing 12 months,FNAM calculation,,,FNAM calculation,no,2026-10-09 18:30 ET
META,Meta,FY2023Q3,2023-09-30,2023-Q3,ttm_op_income,36766000000,trailing 12 months,FNAM calculation,,,FNAM calculation,no,2026-10-09 18:30 ET
META,Meta,FY2023Q3,2023-09-30,2023-Q3,ttm_da,10382000000,trailing 12 months,FNAM calculation,,,FNAM calculation,no,2026-10-09 18:30 ET
META,Meta,FY2023Q3,2023-09-30,2023-Q3,ttm_buybacks,20695000000,trailing 12 months,FNAM calculation,,,FNAM calculation,no,2026-10-09 18:30 ET
META,Meta,FY2023Q3,2023-09-30,2023-Q3,ttm_interest_paid,302000000,trailing 12 months,FNAM calculation,,,FNAM calculation,no,2026-10-09 18:30 ET
META,Meta,FY2023Q3,2023-09-30,2023-Q3,ttm_ebitda,47148000000,trailing 12 months,FNAM calculation,,,FNAM calculation,no,2026-10-09 18:30 ET
META,Meta,FY2023Q3,2023-09-30,2023-Q3,ttm_capex_incl_fl,28820000000,trailing 12 months,FNAM calculation,,,FNAM calculation,no,2026-10-09 18:30 ET
META,Meta,FY2023Q3,2023-09-30,2023-Q3,ttm_fcf,37969000000,trailing 12 months,FNAM calculation,,,FNAM calculation,no,2026-10-09 18:30 ET
META,Meta,FY2023Q3,2023-09-30,2023-Q3,ttm_capex_ocf,0.4266233766233766,trailing 12 months,FNAM calculation,,,FNAM calculation,no,2026-10-09 18:30 ET
META,Meta,FY2023Q3,2023-09-30,2023-Q3,ttm_fcf_after_fl,36983000000,trailing 12 months,FNAM calculation,,,FNAM calculation,no,2026-10-09 18:30 ET
META,Meta,FY2023Q3,2023-09-30,2023-Q3,ttm_nd_ebitda,-0.9065071689149062,trailing 12 months,FNAM calculation,,,FNAM calculation,no,2026-10-09 18:30 ET
META,Meta,FY2023Q3,2023-09-30,2023-Q3,ttm_land_ebitda,-0.5142742003902605,trailing 12 months,FNAM calculation,,,FNAM calculation,no,2026-10-09 18:30 ET
META,Meta,FY2023Q4,2023-12-31,2023-Q4,capex_cash,7592000000,quarter,fy_minus_9m,PaymentsToAcquirePropertyPlantAndEquipment,0001628280-26-003942 0001326801-24-000081,T1 (XBRL),no,2026-10-09 18:30 ET
META,Meta,FY2023Q4,2023-12-31,2023-Q4,fl_additions,128000000,quarter,fy_minus_9m,RightOfUseAssetObtainedInExchangeForFinanceLeaseLiability,0001628280-26-003942 0001326801-23-000103,T1 (XBRL),no,2026-10-09 18:30 ET
META,Meta,FY2023Q4,2023-12-31,2023-Q4,ol_additions,1328000000,quarter,fy_minus_9m,RightOfUseAssetObtainedInExchangeForOperatingLeaseLiability,0001628280-26-003942 0001326801-24-000081,T1 (XBRL),no,2026-10-09 18:30 ET
META,Meta,FY2023Q4,2023-12-31,2023-Q4,fl_principal,307000000,quarter,fy_minus_9m,FinanceLeasePrincipalPayments,0001628280-26-003942 0001326801-24-000081,T1 (XBRL),no,2026-10-09 18:30 ET
META,Meta,FY2023Q4,2023-12-31,2023-Q4,ocf,19404000000,quarter,fy_minus_9m,NetCashProvidedByUsedInOperatingActivities,0001628280-26-003942 0001326801-24-000081,T1 (XBRL),no,2026-10-09 18:30 ET
META,Meta,FY2023Q4,2023-12-31,2023-Q4,op_income,16384000000,quarter,fy_minus_9m,OperatingIncomeLoss,0001628280-26-003942 0001326801-24-000081,T1 (XBRL),no,2026-10-09 18:30 ET
META,Meta,FY2023Q4,2023-12-31,2023-Q4,da,3172000000,quarter,fy_minus_9m,DepreciationDepletionAndAmortization,0001628280-26-003942 0001326801-24-000081,T1 (XBRL),no,2026-10-09 18:30 ET
META,Meta,FY2023Q4,2023-12-31,2023-Q4,interest_exp,129000000,quarter,fy_minus_9m,InterestExpenseDebt,0001628280-26-003942 0001326801-24-000081,T1 (XBRL),no,2026-10-09 18:30 ET
META,Meta,FY2023Q4,2023-12-31,2023-Q4,debt_proceeds,0,quarter,fy_minus_9m,ProceedsFromIssuanceOfLongTermDebt,0001628280-26-003942 0001326801-24-000081,T1 (XBRL),no,2026-10-09 18:30 ET
META,Meta,FY2023Q4,2023-12-31,2023-Q4,buybacks,5942000000,quarter,fy_minus_9m,PaymentsForRepurchaseOfCommonStock,0001628280-26-003942 0001326801-24-000081,T1 (XBRL),no,2026-10-09 18:30 ET
META,Meta,FY2023Q4,2023-12-31,2023-Q4,interest_paid,146000000,quarter,fy_minus_9m,InterestPaidNet,0001628280-26-003942 0001326801-24-000081,T1 (XBRL),no,2026-10-09 18:30 ET
META,Meta,FY2023Q4,2023-12-31,2023-Q4,dividends,0,quarter,fy_minus_9m,PaymentsOfDividends,0001628280-26-003942 0001326801-24-000081,T1 (XBRL),no,2026-10-09 18:30 ET
META,Meta,FY2023Q4,2023-12-31,2023-Q4,capex_incl_fl,7720000000,quarter,FNAM calculation,,,FNAM calculation,no,2026-10-09 18:30 ET
META,Meta,FY2023Q4,2023-12-31,2023-Q4,fcf,11812000000,quarter,FNAM calculation,,,FNAM calculation,no,2026-10-09 18:30 ET
META,Meta,FY2023Q4,2023-12-31,2023-Q4,capex_ocf,0.39125953411667697,ratio,FNAM calculation,,,FNAM calculation,no,2026-10-09 18:30 ET
META,Meta,FY2023Q4,2023-12-31,2023-Q4,fcf_after_fl,11505000000,quarter,FNAM calculation,,,FNAM calculation,no,2026-10-09 18:30 ET
META,Meta,FY2023Q4,2023-12-31,2023-Q4,ttm_capex_cash,27045000000,trailing 12 months,FNAM calculation,,,FNAM calculation,no,2026-10-09 18:30 ET
META,Meta,FY2023Q4,2023-12-31,2023-Q4,ttm_fl_additions,588000000,trailing 12 months,FNAM calculation,,,FNAM calculation,no,2026-10-09 18:30 ET
META,Meta,FY2023Q4,2023-12-31,2023-Q4,ttm_ol_additions,4370000000,trailing 12 months,FNAM calculation,,,FNAM calculation,no,2026-10-09 18:30 ET
META,Meta,FY2023Q4,2023-12-31,2023-Q4,ttm_fl_principal,1058000000,trailing 12 months,FNAM calculation,,,FNAM calculation,no,2026-10-09 18:30 ET
META,Meta,FY2023Q4,2023-12-31,2023-Q4,ttm_revenue,134901000000,trailing 12 months,FNAM calculation,,,FNAM calculation,no,2026-10-09 18:30 ET
META,Meta,FY2023Q4,2023-12-31,2023-Q4,ttm_ocf,71113000000,trailing 12 months,FNAM calculation,,,FNAM calculation,no,2026-10-09 18:30 ET
META,Meta,FY2023Q4,2023-12-31,2023-Q4,ttm_op_income,46751000000,trailing 12 months,FNAM calculation,,,FNAM calculation,no,2026-10-09 18:30 ET
META,Meta,FY2023Q4,2023-12-31,2023-Q4,ttm_da,11178000000,trailing 12 months,FNAM calculation,,,FNAM calculation,no,2026-10-09 18:30 ET
META,Meta,FY2023Q4,2023-12-31,2023-Q4,ttm_interest_exp,420000000,trailing 12 months,FNAM calculation,,,FNAM calculation,no,2026-10-09 18:30 ET
META,Meta,FY2023Q4,2023-12-31,2023-Q4,ttm_debt_proceeds,8455000000,trailing 12 months,FNAM calculation,,,FNAM calculation,no,2026-10-09 18:30 ET
META,Meta,FY2023Q4,2023-12-31,2023-Q4,ttm__fromFY,debt_proceeds,trailing 12 months,FNAM calculation,,,FNAM calculation,no,2026-10-09 18:30 ET
META,Meta,FY2023Q4,2023-12-31,2023-Q4,ttm_buybacks,19774000000,trailing 12 months,FNAM calculation,,,FNAM calculation,no,2026-10-09 18:30 ET
META,Meta,FY2023Q4,2023-12-31,2023-Q4,ttm_interest_paid,448000000,trailing 12 months,FNAM calculation,,,FNAM calculation,no,2026-10-09 18:30 ET
META,Meta,FY2023Q4,2023-12-31,2023-Q4,ttm_dividends,0,trailing 12 months,FNAM calculation,,,FNAM calculation,no,2026-10-09 18:30 ET
META,Meta,FY2023Q4,2023-12-31,2023-Q4,ttm_ebitda,57929000000,trailing 12 months,FNAM calculation,,,FNAM calculation,no,2026-10-09 18:30 ET
META,Meta,FY2023Q4,2023-12-31,2023-Q4,ttm_capex_incl_fl,27633000000,trailing 12 months,FNAM calculation,,,FNAM calculation,no,2026-10-09 18:30 ET
META,Meta,FY2023Q4,2023-12-31,2023-Q4,ttm_fcf,44068000000,trailing 12 months,FNAM calculation,,,FNAM calculation,no,2026-10-09 18:30 ET
META,Meta,FY2023Q4,2023-12-31,2023-Q4,ttm_capex_ocf,0.38031021051003333,trailing 12 months,FNAM calculation,,,FNAM calculation,no,2026-10-09 18:30 ET
META,Meta,FY2023Q4,2023-12-31,2023-Q4,ttm_fcf_after_fl,43010000000,trailing 12 months,FNAM calculation,,,FNAM calculation,no,2026-10-09 18:30 ET
META,Meta,FY2023Q4,2023-12-31,2023-Q4,ttm_int_cov,111.31190476190476,trailing 12 months,FNAM calculation,,,FNAM calculation,no,2026-10-09 18:30 ET
META,Meta,FY2023Q4,2023-12-31,2023-Q4,ttm_ebitda_int,137.92619047619047,trailing 12 months,FNAM calculation,,,FNAM calculation,no,2026-10-09 18:30 ET
META,Meta,FY2023Q4,2023-12-31,2023-Q4,ttm_nd_ebitda,-0.8116487424260733,trailing 12 months,FNAM calculation,,,FNAM calculation,no,2026-10-09 18:30 ET
META,Meta,FY2023Q4,2023-12-31,2023-Q4,ttm_land_ebitda,-0.4743565399022942,trailing 12 months,FNAM calculation,,,FNAM calculation,no,2026-10-09 18:30 ET
META,Meta,FY2024Q1,2024-03-31,2024-Q1,capex_cash,6400000000,quarter,reported,PaymentsToAcquirePropertyPlantAndEquipment,0001326801-25-000054,T1 (XBRL),no,2026-10-09 18:30 ET
META,Meta,FY2024Q1,2024-03-31,2024-Q1,ol_additions,908000000,quarter,reported,RightOfUseAssetObtainedInExchangeForOperatingLeaseLiability,0001326801-24-000049,T1 (XBRL),no,2026-10-09 18:30 ET
META,Meta,FY2024Q1,2024-03-31,2024-Q1,fl_principal,315000000,quarter,reported,FinanceLeasePrincipalPayments,0001326801-25-000054,T1 (XBRL),no,2026-10-09 18:30 ET
META,Meta,FY2024Q1,2024-03-31,2024-Q1,ocf,19246000000,quarter,reported,NetCashProvidedByUsedInOperatingActivities,0001326801-25-000054,T1 (XBRL),no,2026-10-09 18:30 ET
META,Meta,FY2024Q1,2024-03-31,2024-Q1,op_income,13818000000,quarter,reported,OperatingIncomeLoss,0001326801-25-000054,T1 (XBRL),no,2026-10-09 18:30 ET
META,Meta,FY2024Q1,2024-03-31,2024-Q1,da,3374000000,quarter,reported,DepreciationDepletionAndAmortization,0001326801-25-000054,T1 (XBRL),no,2026-10-09 18:30 ET
META,Meta,FY2024Q1,2024-03-31,2024-Q1,buybacks,15008000000,quarter,reported,PaymentsForRepurchaseOfCommonStock,0001326801-25-000054,T1 (XBRL),no,2026-10-09 18:30 ET
META,Meta,FY2024Q1,2024-03-31,2024-Q1,interest_paid,121000000,quarter,reported,InterestPaidNet,0001326801-25-000054,T1 (XBRL),no,2026-10-09 18:30 ET
META,Meta,FY2024Q1,2024-03-31,2024-Q1,dividends,1273000000,quarter,reported,PaymentsOfDividends,0001326801-25-000054,T1 (XBRL),no,2026-10-09 18:30 ET
META,Meta,FY2024Q1,2024-03-31,2024-Q1,fcf,12846000000,quarter,FNAM calculation,,,FNAM calculation,no,2026-10-09 18:30 ET
META,Meta,FY2024Q1,2024-03-31,2024-Q1,capex_ocf,0.3325366309882573,ratio,FNAM calculation,,,FNAM calculation,no,2026-10-09 18:30 ET
META,Meta,FY2024Q1,2024-03-31,2024-Q1,fcf_after_fl,12531000000,quarter,FNAM calculation,,,FNAM calculation,no,2026-10-09 18:30 ET
META,Meta,FY2024Q1,2024-03-31,2024-Q1,ttm_capex_cash,26622000000,trailing 12 months,FNAM calculation,,,FNAM calculation,no,2026-10-09 18:30 ET
META,Meta,FY2024Q1,2024-03-31,2024-Q1,ttm_ol_additions,3996000000,trailing 12 months,FNAM calculation,,,FNAM calculation,no,2026-10-09 18:30 ET
META,Meta,FY2024Q1,2024-03-31,2024-Q1,ttm_fl_principal,1109000000,trailing 12 months,FNAM calculation,,,FNAM calculation,no,2026-10-09 18:30 ET
META,Meta,FY2024Q1,2024-03-31,2024-Q1,ttm_revenue,142711000000,trailing 12 months,FNAM calculation,,,FNAM calculation,no,2026-10-09 18:30 ET
META,Meta,FY2024Q1,2024-03-31,2024-Q1,ttm_ocf,76361000000,trailing 12 months,FNAM calculation,,,FNAM calculation,no,2026-10-09 18:30 ET
META,Meta,FY2024Q1,2024-03-31,2024-Q1,ttm_op_income,53342000000,trailing 12 months,FNAM calculation,,,FNAM calculation,no,2026-10-09 18:30 ET
META,Meta,FY2024Q1,2024-03-31,2024-Q1,ttm_da,12028000000,trailing 12 months,FNAM calculation,,,FNAM calculation,no,2026-10-09 18:30 ET
META,Meta,FY2024Q1,2024-03-31,2024-Q1,ttm_buybacks,25417000000,trailing 12 months,FNAM calculation,,,FNAM calculation,no,2026-10-09 18:30 ET
META,Meta,FY2024Q1,2024-03-31,2024-Q1,ttm_interest_paid,387000000,trailing 12 months,FNAM calculation,,,FNAM calculation,no,2026-10-09 18:30 ET
META,Meta,FY2024Q1,2024-03-31,2024-Q1,ttm_dividends,1273000000,trailing 12 months,FNAM calculation,,,FNAM calculation,no,2026-10-09 18:30 ET
META,Meta,FY2024Q1,2024-03-31,2024-Q1,ttm_ebitda,65370000000,trailing 12 months,FNAM calculation,,,FNAM calculation,no,2026-10-09 18:30 ET
META,Meta,FY2024Q1,2024-03-31,2024-Q1,ttm_fcf,49739000000,trailing 12 months,FNAM calculation,,,FNAM calculation,no,2026-10-09 18:30 ET
META,Meta,FY2024Q1,2024-03-31,2024-Q1,ttm_capex_ocf,0.34863346472675844,trailing 12 months,FNAM calculation,,,FNAM calculation,no,2026-10-09 18:30 ET
META,Meta,FY2024Q1,2024-03-31,2024-Q1,ttm_fcf_after_fl,48630000000,trailing 12 months,FNAM calculation,,,FNAM calculation,no,2026-10-09 18:30 ET
META,Meta,FY2024Q1,2024-03-31,2024-Q1,ttm_nd_ebitda,-0.6078170414563255,trailing 12 months,FNAM calculation,,,FNAM calculation,no,2026-10-09 18:30 ET
META,Meta,FY2024Q2,2024-06-30,2024-Q2,capex_cash,8173000000,quarter,ytd_subtraction,PaymentsToAcquirePropertyPlantAndEquipment,0001628280-25-036791 0001326801-25-000054,T1 (XBRL),no,2026-10-09 18:30 ET
META,Meta,FY2024Q2,2024-06-30,2024-Q2,ol_additions,889000000,quarter,ytd_subtraction,RightOfUseAssetObtainedInExchangeForOperatingLeaseLiability,0001326801-24-000069 0001326801-24-000049,T1 (XBRL),no,2026-10-09 18:30 ET
META,Meta,FY2024Q2,2024-06-30,2024-Q2,fl_principal,299000000,quarter,ytd_subtraction,FinanceLeasePrincipalPayments,0001628280-25-036791 0001326801-25-000054,T1 (XBRL),no,2026-10-09 18:30 ET
META,Meta,FY2024Q2,2024-06-30,2024-Q2,ocf,19370000000,quarter,ytd_subtraction,NetCashProvidedByUsedInOperatingActivities,0001628280-25-036791 0001326801-25-000054,T1 (XBRL),no,2026-10-09 18:30 ET
META,Meta,FY2024Q2,2024-06-30,2024-Q2,op_income,14847000000,quarter,reported,OperatingIncomeLoss,0001628280-25-036791,T1 (XBRL),no,2026-10-09 18:30 ET
META,Meta,FY2024Q2,2024-06-30,2024-Q2,da,3637000000,quarter,ytd_subtraction,DepreciationDepletionAndAmortization,0001628280-25-036791 0001326801-25-000054,T1 (XBRL),no,2026-10-09 18:30 ET
META,Meta,FY2024Q2,2024-06-30,2024-Q2,buybacks,6299000000,quarter,ytd_subtraction,PaymentsForRepurchaseOfCommonStock,0001628280-25-036791 0001326801-25-000054,T1 (XBRL),no,2026-10-09 18:30 ET
META,Meta,FY2024Q2,2024-06-30,2024-Q2,interest_paid,124000000,quarter,ytd_subtraction,InterestPaidNet,0001628280-25-036791 0001326801-25-000054,T1 (XBRL),no,2026-10-09 18:30 ET
META,Meta,FY2024Q2,2024-06-30,2024-Q2,dividends,1266000000,quarter,reported,PaymentsOfDividends,0001628280-25-036791,T1 (XBRL),no,2026-10-09 18:30 ET
META,Meta,FY2024Q2,2024-06-30,2024-Q2,fcf,11197000000,quarter,FNAM calculation,,,FNAM calculation,no,2026-10-09 18:30 ET
META,Meta,FY2024Q2,2024-06-30,2024-Q2,capex_ocf,0.42194114610221994,ratio,FNAM calculation,,,FNAM calculation,no,2026-10-09 18:30 ET
META,Meta,FY2024Q2,2024-06-30,2024-Q2,fcf_after_fl,10898000000,quarter,FNAM calculation,,,FNAM calculation,no,2026-10-09 18:30 ET
META,Meta,FY2024Q2,2024-06-30,2024-Q2,ttm_capex_cash,28661000000,trailing 12 months,FNAM calculation,,,FNAM calculation,no,2026-10-09 18:30 ET
META,Meta,FY2024Q2,2024-06-30,2024-Q2,ttm_ol_additions,4299000000,trailing 12 months,FNAM calculation,,,FNAM calculation,no,2026-10-09 18:30 ET
META,Meta,FY2024Q2,2024-06-30,2024-Q2,ttm_fl_principal,1188000000,trailing 12 months,FNAM calculation,,,FNAM calculation,no,2026-10-09 18:30 ET
META,Meta,FY2024Q2,2024-06-30,2024-Q2,ttm_revenue,149783000000,trailing 12 months,FNAM calculation,,,FNAM calculation,no,2026-10-09 18:30 ET
META,Meta,FY2024Q2,2024-06-30,2024-Q2,ttm_ocf,78422000000,trailing 12 months,FNAM calculation,,,FNAM calculation,no,2026-10-09 18:30 ET
META,Meta,FY2024Q2,2024-06-30,2024-Q2,ttm_op_income,58797000000,trailing 12 months,FNAM calculation,,,FNAM calculation,no,2026-10-09 18:30 ET
META,Meta,FY2024Q2,2024-06-30,2024-Q2,ttm_da,13042000000,trailing 12 months,FNAM calculation,,,FNAM calculation,no,2026-10-09 18:30 ET
META,Meta,FY2024Q2,2024-06-30,2024-Q2,ttm_buybacks,30818000000,trailing 12 months,FNAM calculation,,,FNAM calculation,no,2026-10-09 18:30 ET
META,Meta,FY2024Q2,2024-06-30,2024-Q2,ttm_interest_paid,511000000,trailing 12 months,FNAM calculation,,,FNAM calculation,no,2026-10-09 18:30 ET
META,Meta,FY2024Q2,2024-06-30,2024-Q2,ttm_dividends,2539000000,trailing 12 months,FNAM calculation,,,FNAM calculation,no,2026-10-09 18:30 ET
META,Meta,FY2024Q2,2024-06-30,2024-Q2,ttm_ebitda,71839000000,trailing 12 months,FNAM calculation,,,FNAM calculation,no,2026-10-09 18:30 ET
META,Meta,FY2024Q2,2024-06-30,2024-Q2,ttm_fcf,49761000000,trailing 12 months,FNAM calculation,,,FNAM calculation,no,2026-10-09 18:30 ET
META,Meta,FY2024Q2,2024-06-30,2024-Q2,ttm_capex_ocf,0.3654714238351483,trailing 12 months,FNAM calculation,,,FNAM calculation,no,2026-10-09 18:30 ET
META,Meta,FY2024Q2,2024-06-30,2024-Q2,ttm_fcf_after_fl,48573000000,trailing 12 months,FNAM calculation,,,FNAM calculation,no,2026-10-09 18:30 ET
META,Meta,FY2024Q2,2024-06-30,2024-Q2,ttm_nd_ebitda,-0.5524993387992595,trailing 12 months,FNAM calculation,,,FNAM calculation,no,2026-10-09 18:30 ET
META,Meta,FY2024Q3,2024-09-30,2024-Q3,capex_cash,8258000000,quarter,ytd_subtraction,PaymentsToAcquirePropertyPlantAndEquipment,0001628280-25-047240 0001628280-25-036791,T1 (XBRL),no,2026-10-09 18:30 ET
META,Meta,FY2024Q3,2024-09-30,2024-Q3,ol_additions,1103000000,quarter,ytd_subtraction,RightOfUseAssetObtainedInExchangeForOperatingLeaseLiability,0001326801-24-000081 0001326801-24-000069,T1 (XBRL),no,2026-10-09 18:30 ET
META,Meta,FY2024Q3,2024-09-30,2024-Q3,fl_principal,944000000,quarter,ytd_subtraction,FinanceLeasePrincipalPayments,0001628280-25-047240 0001628280-25-036791,T1 (XBRL),no,2026-10-09 18:30 ET
META,Meta,FY2024Q3,2024-09-30,2024-Q3,ocf,24724000000,quarter,ytd_subtraction,NetCashProvidedByUsedInOperatingActivities,0001628280-25-047240 0001628280-25-036791,T1 (XBRL),no,2026-10-09 18:30 ET
META,Meta,FY2024Q3,2024-09-30,2024-Q3,op_income,17350000000,quarter,reported,OperatingIncomeLoss,0001628280-25-047240,T1 (XBRL),no,2026-10-09 18:30 ET
META,Meta,FY2024Q3,2024-09-30,2024-Q3,da,4027000000,quarter,ytd_subtraction,DepreciationDepletionAndAmortization,0001628280-25-047240 0001628280-25-036791,T1 (XBRL),no,2026-10-09 18:30 ET
META,Meta,FY2024Q3,2024-09-30,2024-Q3,interest_exp,200000000,quarter,reported,InterestExpenseDebt,0001326801-24-000081,T1 (XBRL),no,2026-10-09 18:30 ET
META,Meta,FY2024Q3,2024-09-30,2024-Q3,debt_proceeds,10432000000,quarter,ytd_subtraction,ProceedsFromIssuanceOfLongTermDebt,0001628280-25-047240 0001326801-24-000069,T1 (XBRL),no,2026-10-09 18:30 ET
META,Meta,FY2024Q3,2024-09-30,2024-Q3,buybacks,8818000000,quarter,ytd_subtraction,PaymentsForRepurchaseOfCommonStock,0001628280-25-047240 0001628280-25-036791,T1 (XBRL),no,2026-10-09 18:30 ET
META,Meta,FY2024Q3,2024-09-30,2024-Q3,interest_paid,111000000,quarter,ytd_subtraction,InterestPaidNet,0001628280-25-047240 0001628280-25-036791,T1 (XBRL),no,2026-10-09 18:30 ET
META,Meta,FY2024Q3,2024-09-30,2024-Q3,dividends,1263000000,quarter,reported,PaymentsOfDividends,0001628280-25-047240,T1 (XBRL),no,2026-10-09 18:30 ET
META,Meta,FY2024Q3,2024-09-30,2024-Q3,fcf,16466000000,quarter,FNAM calculation,,,FNAM calculation,no,2026-10-09 18:30 ET
META,Meta,FY2024Q3,2024-09-30,2024-Q3,capex_ocf,0.33400744216146255,ratio,FNAM calculation,,,FNAM calculation,no,2026-10-09 18:30 ET
META,Meta,FY2024Q3,2024-09-30,2024-Q3,fcf_after_fl,15522000000,quarter,FNAM calculation,,,FNAM calculation,no,2026-10-09 18:30 ET
META,Meta,FY2024Q3,2024-09-30,2024-Q3,ttm_capex_cash,30423000000,trailing 12 months,FNAM calculation,,,FNAM calculation,no,2026-10-09 18:30 ET
META,Meta,FY2024Q3,2024-09-30,2024-Q3,ttm_ol_additions,4228000000,trailing 12 months,FNAM calculation,,,FNAM calculation,no,2026-10-09 18:30 ET
META,Meta,FY2024Q3,2024-09-30,2024-Q3,ttm_fl_principal,1865000000,trailing 12 months,FNAM calculation,,,FNAM calculation,no,2026-10-09 18:30 ET
META,Meta,FY2024Q3,2024-09-30,2024-Q3,ttm_revenue,156226000000,trailing 12 months,FNAM calculation,,,FNAM calculation,no,2026-10-09 18:30 ET
META,Meta,FY2024Q3,2024-09-30,2024-Q3,ttm_ocf,82744000000,trailing 12 months,FNAM calculation,,,FNAM calculation,no,2026-10-09 18:30 ET
META,Meta,FY2024Q3,2024-09-30,2024-Q3,ttm_op_income,62399000000,trailing 12 months,FNAM calculation,,,FNAM calculation,no,2026-10-09 18:30 ET
META,Meta,FY2024Q3,2024-09-30,2024-Q3,ttm_da,14210000000,trailing 12 months,FNAM calculation,,,FNAM calculation,no,2026-10-09 18:30 ET
META,Meta,FY2024Q3,2024-09-30,2024-Q3,ttm_buybacks,36067000000,trailing 12 months,FNAM calculation,,,FNAM calculation,no,2026-10-09 18:30 ET
META,Meta,FY2024Q3,2024-09-30,2024-Q3,ttm_interest_paid,502000000,trailing 12 months,FNAM calculation,,,FNAM calculation,no,2026-10-09 18:30 ET
META,Meta,FY2024Q3,2024-09-30,2024-Q3,ttm_dividends,3802000000,trailing 12 months,FNAM calculation,,,FNAM calculation,no,2026-10-09 18:30 ET
META,Meta,FY2024Q3,2024-09-30,2024-Q3,ttm_ebitda,76609000000,trailing 12 months,FNAM calculation,,,FNAM calculation,no,2026-10-09 18:30 ET
META,Meta,FY2024Q3,2024-09-30,2024-Q3,ttm_fcf,52321000000,trailing 12 months,FNAM calculation,,,FNAM calculation,no,2026-10-09 18:30 ET
META,Meta,FY2024Q3,2024-09-30,2024-Q3,ttm_capex_ocf,0.3676762061297496,trailing 12 months,FNAM calculation,,,FNAM calculation,no,2026-10-09 18:30 ET
META,Meta,FY2024Q3,2024-09-30,2024-Q3,ttm_fcf_after_fl,50456000000,trailing 12 months,FNAM calculation,,,FNAM calculation,no,2026-10-09 18:30 ET
META,Meta,FY2024Q3,2024-09-30,2024-Q3,ttm_nd_ebitda,-0.549243561461447,trailing 12 months,FNAM calculation,,,FNAM calculation,no,2026-10-09 18:30 ET
META,Meta,FY2024Q4,2024-12-31,2024-Q4,capex_cash,14425000000,quarter,fy_minus_9m,PaymentsToAcquirePropertyPlantAndEquipment,0001628280-26-003942 0001628280-25-047240,T1 (XBRL),no,2026-10-09 18:30 ET
META,Meta,FY2024Q4,2024-12-31,2024-Q4,ol_additions,884000000,quarter,fy_minus_9m,RightOfUseAssetObtainedInExchangeForOperatingLeaseLiability,0001628280-26-003942 0001326801-24-000081,T1 (XBRL),no,2026-10-09 18:30 ET
META,Meta,FY2024Q4,2024-12-31,2024-Q4,fl_principal,411000000,quarter,fy_minus_9m,FinanceLeasePrincipalPayments,0001628280-26-003942 0001628280-25-047240,T1 (XBRL),no,2026-10-09 18:30 ET
META,Meta,FY2024Q4,2024-12-31,2024-Q4,ocf,27988000000,quarter,fy_minus_9m,NetCashProvidedByUsedInOperatingActivities,0001628280-26-003942 0001628280-25-047240,T1 (XBRL),no,2026-10-09 18:30 ET
META,Meta,FY2024Q4,2024-12-31,2024-Q4,op_income,23364000000,quarter,fy_minus_9m,OperatingIncomeLoss,0001628280-26-003942 0001628280-25-047240,T1 (XBRL),no,2026-10-09 18:30 ET
META,Meta,FY2024Q4,2024-12-31,2024-Q4,da,4460000000,quarter,fy_minus_9m,DepreciationDepletionAndAmortization,0001628280-26-003942 0001628280-25-047240,T1 (XBRL),no,2026-10-09 18:30 ET
META,Meta,FY2024Q4,2024-12-31,2024-Q4,interest_exp,243000000,quarter,fy_minus_9m,InterestExpenseDebt,0001628280-26-003942 0001326801-24-000081,T1 (XBRL),no,2026-10-09 18:30 ET
META,Meta,FY2024Q4,2024-12-31,2024-Q4,debt_proceeds,0,quarter,fy_minus_9m,ProceedsFromIssuanceOfLongTermDebt,0001628280-26-003942 0001628280-25-047240,T1 (XBRL),no,2026-10-09 18:30 ET
META,Meta,FY2024Q4,2024-12-31,2024-Q4,buybacks,0,quarter,fy_minus_9m,PaymentsForRepurchaseOfCommonStock,0001628280-26-003942 0001628280-25-047240,T1 (XBRL),no,2026-10-09 18:30 ET
META,Meta,FY2024Q4,2024-12-31,2024-Q4,interest_paid,130000000,quarter,fy_minus_9m,InterestPaidNet,0001628280-26-003942 0001628280-25-047240,T1 (XBRL),no,2026-10-09 18:30 ET
META,Meta,FY2024Q4,2024-12-31,2024-Q4,dividends,1270000000,quarter,fy_minus_9m,PaymentsOfDividends,0001628280-26-003942 0001628280-25-047240,T1 (XBRL),no,2026-10-09 18:30 ET
META,Meta,FY2024Q4,2024-12-31,2024-Q4,fcf,13563000000,quarter,FNAM calculation,,,FNAM calculation,no,2026-10-09 18:30 ET
META,Meta,FY2024Q4,2024-12-31,2024-Q4,capex_ocf,0.5153994569101044,ratio,FNAM calculation,,,FNAM calculation,no,2026-10-09 18:30 ET
META,Meta,FY2024Q4,2024-12-31,2024-Q4,fcf_after_fl,13152000000,quarter,FNAM calculation,,,FNAM calculation,no,2026-10-09 18:30 ET
META,Meta,FY2024Q4,2024-12-31,2024-Q4,ttm_capex_cash,37256000000,trailing 12 months,FNAM calculation,,,FNAM calculation,no,2026-10-09 18:30 ET
META,Meta,FY2024Q4,2024-12-31,2024-Q4,ttm_fl_additions,181000000,trailing 12 months,FNAM calculation,,,FNAM calculation,no,2026-10-09 18:30 ET
META,Meta,FY2024Q4,2024-12-31,2024-Q4,ttm__fromFY,"fl_additions,interest_exp,debt_proceeds",trailing 12 months,FNAM calculation,,,FNAM calculation,no,2026-10-09 18:30 ET
META,Meta,FY2024Q4,2024-12-31,2024-Q4,ttm_ol_additions,3784000000,trailing 12 months,FNAM calculation,,,FNAM calculation,no,2026-10-09 18:30 ET
META,Meta,FY2024Q4,2024-12-31,2024-Q4,ttm_fl_principal,1969000000,trailing 12 months,FNAM calculation,,,FNAM calculation,no,2026-10-09 18:30 ET
META,Meta,FY2024Q4,2024-12-31,2024-Q4,ttm_revenue,164500000000,trailing 12 months,FNAM calculation,,,FNAM calculation,no,2026-10-09 18:30 ET
META,Meta,FY2024Q4,2024-12-31,2024-Q4,ttm_ocf,91328000000,trailing 12 months,FNAM calculation,,,FNAM calculation,no,2026-10-09 18:30 ET
META,Meta,FY2024Q4,2024-12-31,2024-Q4,ttm_op_income,69379000000,trailing 12 months,FNAM calculation,,,FNAM calculation,no,2026-10-09 18:30 ET
META,Meta,FY2024Q4,2024-12-31,2024-Q4,ttm_da,15498000000,trailing 12 months,FNAM calculation,,,FNAM calculation,no,2026-10-09 18:30 ET
META,Meta,FY2024Q4,2024-12-31,2024-Q4,ttm_interest_exp,683000000,trailing 12 months,FNAM calculation,,,FNAM calculation,no,2026-10-09 18:30 ET
META,Meta,FY2024Q4,2024-12-31,2024-Q4,ttm_debt_proceeds,10432000000,trailing 12 months,FNAM calculation,,,FNAM calculation,no,2026-10-09 18:30 ET
META,Meta,FY2024Q4,2024-12-31,2024-Q4,ttm_buybacks,30125000000,trailing 12 months,FNAM calculation,,,FNAM calculation,no,2026-10-09 18:30 ET
META,Meta,FY2024Q4,2024-12-31,2024-Q4,ttm_interest_paid,486000000,trailing 12 months,FNAM calculation,,,FNAM calculation,no,2026-10-09 18:30 ET
META,Meta,FY2024Q4,2024-12-31,2024-Q4,ttm_dividends,5072000000,trailing 12 months,FNAM calculation,,,FNAM calculation,no,2026-10-09 18:30 ET
META,Meta,FY2024Q4,2024-12-31,2024-Q4,ttm_ebitda,84877000000,trailing 12 months,FNAM calculation,,,FNAM calculation,no,2026-10-09 18:30 ET
META,Meta,FY2024Q4,2024-12-31,2024-Q4,ttm_capex_incl_fl,37437000000,trailing 12 months,FNAM calculation,,,FNAM calculation,no,2026-10-09 18:30 ET
META,Meta,FY2024Q4,2024-12-31,2024-Q4,ttm_fcf,54072000000,trailing 12 months,FNAM calculation,,,FNAM calculation,no,2026-10-09 18:30 ET
META,Meta,FY2024Q4,2024-12-31,2024-Q4,ttm_capex_ocf,0.4079362298528381,trailing 12 months,FNAM calculation,,,FNAM calculation,no,2026-10-09 18:30 ET
META,Meta,FY2024Q4,2024-12-31,2024-Q4,ttm_fcf_after_fl,52103000000,trailing 12 months,FNAM calculation,,,FNAM calculation,no,2026-10-09 18:30 ET
META,Meta,FY2024Q4,2024-12-31,2024-Q4,ttm_int_cov,101.57979502196193,trailing 12 months,FNAM calculation,,,FNAM calculation,no,2026-10-09 18:30 ET
META,Meta,FY2024Q4,2024-12-31,2024-Q4,ttm_ebitda_int,124.27086383601757,trailing 12 months,FNAM calculation,,,FNAM calculation,no,2026-10-09 18:30 ET
META,Meta,FY2024Q4,2024-12-31,2024-Q4,ttm_nd_ebitda,-0.5771763846507298,trailing 12 months,FNAM calculation,,,FNAM calculation,no,2026-10-09 18:30 ET
META,Meta,FY2024Q4,2024-12-31,2024-Q4,ttm_land_ebitda,-0.33043109440720103,trailing 12 months,FNAM calculation,,,FNAM calculation,no,2026-10-09 18:30 ET
META,Meta,FY2025Q1,2025-03-31,2025-Q1,capex_cash,12941000000,quarter,reported,PaymentsToAcquirePropertyPlantAndEquipment,0001628280-26-028526,T1 (XBRL),no,2026-10-09 18:30 ET
META,Meta,FY2025Q1,2025-03-31,2025-Q1,fl_principal,751000000,quarter,reported,FinanceLeasePrincipalPayments,0001628280-26-028526,T1 (XBRL),no,2026-10-09 18:30 ET
META,Meta,FY2025Q1,2025-03-31,2025-Q1,ocf,24026000000,quarter,reported,NetCashProvidedByUsedInOperatingActivities,0001628280-26-028526,T1 (XBRL),no,2026-10-09 18:30 ET
META,Meta,FY2025Q1,2025-03-31,2025-Q1,op_income,17555000000,quarter,reported,OperatingIncomeLoss,0001628280-26-028526,T1 (XBRL),no,2026-10-09 18:30 ET
META,Meta,FY2025Q1,2025-03-31,2025-Q1,da,3900000000,quarter,reported,DepreciationDepletionAndAmortization,0001628280-26-028526,T1 (XBRL),no,2026-10-09 18:30 ET
META,Meta,FY2025Q1,2025-03-31,2025-Q1,buybacks,12754000000,quarter,reported,PaymentsForRepurchaseOfCommonStock,0001628280-26-028526,T1 (XBRL),no,2026-10-09 18:30 ET
META,Meta,FY2025Q1,2025-03-31,2025-Q1,interest_paid,352000000,quarter,reported,InterestPaidNet,0001628280-26-028526,T1 (XBRL),no,2026-10-09 18:30 ET
META,Meta,FY2025Q1,2025-03-31,2025-Q1,dividends,1329000000,quarter,reported,PaymentsOfDividends,0001628280-26-028526,T1 (XBRL),no,2026-10-09 18:30 ET
META,Meta,FY2025Q1,2025-03-31,2025-Q1,fcf,11085000000,quarter,FNAM calculation,,,FNAM calculation,no,2026-10-09 18:30 ET
META,Meta,FY2025Q1,2025-03-31,2025-Q1,capex_ocf,0.5386248231082993,ratio,FNAM calculation,,,FNAM calculation,no,2026-10-09 18:30 ET
META,Meta,FY2025Q1,2025-03-31,2025-Q1,fcf_after_fl,10334000000,quarter,FNAM calculation,,,FNAM calculation,no,2026-10-09 18:30 ET
META,Meta,FY2025Q1,2025-03-31,2025-Q1,ttm_capex_cash,43797000000,trailing 12 months,FNAM calculation,,,FNAM calculation,no,2026-10-09 18:30 ET
META,Meta,FY2025Q1,2025-03-31,2025-Q1,ttm_fl_principal,2405000000,trailing 12 months,FNAM calculation,,,FNAM calculation,no,2026-10-09 18:30 ET
META,Meta,FY2025Q1,2025-03-31,2025-Q1,ttm_revenue,170359000000,trailing 12 months,FNAM calculation,,,FNAM calculation,no,2026-10-09 18:30 ET
META,Meta,FY2025Q1,2025-03-31,2025-Q1,ttm_ocf,96108000000,trailing 12 months,FNAM calculation,,,FNAM calculation,no,2026-10-09 18:30 ET
META,Meta,FY2025Q1,2025-03-31,2025-Q1,ttm_op_income,73116000000,trailing 12 months,FNAM calculation,,,FNAM calculation,no,2026-10-09 18:30 ET
META,Meta,FY2025Q1,2025-03-31,2025-Q1,ttm_da,16024000000,trailing 12 months,FNAM calculation,,,FNAM calculation,no,2026-10-09 18:30 ET
META,Meta,FY2025Q1,2025-03-31,2025-Q1,ttm_buybacks,27871000000,trailing 12 months,FNAM calculation,,,FNAM calculation,no,2026-10-09 18:30 ET
META,Meta,FY2025Q1,2025-03-31,2025-Q1,ttm_interest_paid,717000000,trailing 12 months,FNAM calculation,,,FNAM calculation,no,2026-10-09 18:30 ET
META,Meta,FY2025Q1,2025-03-31,2025-Q1,ttm_dividends,5128000000,trailing 12 months,FNAM calculation,,,FNAM calculation,no,2026-10-09 18:30 ET
META,Meta,FY2025Q1,2025-03-31,2025-Q1,ttm_ebitda,89140000000,trailing 12 months,FNAM calculation,,,FNAM calculation,no,2026-10-09 18:30 ET
META,Meta,FY2025Q1,2025-03-31,2025-Q1,ttm_fcf,52311000000,trailing 12 months,FNAM calculation,,,FNAM calculation,no,2026-10-09 18:30 ET
META,Meta,FY2025Q1,2025-03-31,2025-Q1,ttm_capex_ocf,0.45570608065925833,trailing 12 months,FNAM calculation,,,FNAM calculation,no,2026-10-09 18:30 ET
META,Meta,FY2025Q1,2025-03-31,2025-Q1,ttm_fcf_after_fl,49906000000,trailing 12 months,FNAM calculation,,,FNAM calculation,no,2026-10-09 18:30 ET
META,Meta,FY2025Q1,2025-03-31,2025-Q1,ttm_nd_ebitda,-0.46444918106349564,trailing 12 months,FNAM calculation,,,FNAM calculation,no,2026-10-09 18:30 ET
META,Meta,FY2025Q2,2025-06-30,2025-Q2,capex_cash,16538000000,quarter,ytd_subtraction,PaymentsToAcquirePropertyPlantAndEquipment,0001628280-26-050705 0001628280-26-028526,T1 (XBRL),no,2026-10-09 18:30 ET
META,Meta,FY2025Q2,2025-06-30,2025-Q2,fl_principal,474000000,quarter,ytd_subtraction,FinanceLeasePrincipalPayments,0001628280-26-050705 0001628280-26-028526,T1 (XBRL),no,2026-10-09 18:30 ET
META,Meta,FY2025Q2,2025-06-30,2025-Q2,ocf,25561000000,quarter,ytd_subtraction,NetCashProvidedByUsedInOperatingActivities,0001628280-26-050705 0001628280-26-028526,T1 (XBRL),no,2026-10-09 18:30 ET
META,Meta,FY2025Q2,2025-06-30,2025-Q2,op_income,20441000000,quarter,reported,OperatingIncomeLoss,0001628280-26-050705,T1 (XBRL),no,2026-10-09 18:30 ET
META,Meta,FY2025Q2,2025-06-30,2025-Q2,da,4342000000,quarter,ytd_subtraction,DepreciationDepletionAndAmortization,0001628280-26-050705 0001628280-26-028526,T1 (XBRL),no,2026-10-09 18:30 ET
META,Meta,FY2025Q2,2025-06-30,2025-Q2,interest_exp,232000000,quarter,reported,InterestExpenseDebt,0001628280-26-050705,T1 (XBRL),no,2026-10-09 18:30 ET
META,Meta,FY2025Q2,2025-06-30,2025-Q2,buybacks,10167000000,quarter,ytd_subtraction,PaymentsForRepurchaseOfCommonStock,0001628280-26-050705 0001628280-26-028526,T1 (XBRL),no,2026-10-09 18:30 ET
META,Meta,FY2025Q2,2025-06-30,2025-Q2,interest_paid,126000000,quarter,ytd_subtraction,InterestPaidNet,0001628280-26-050705 0001628280-26-028526,T1 (XBRL),no,2026-10-09 18:30 ET
META,Meta,FY2025Q2,2025-06-30,2025-Q2,dividends,1327000000,quarter,reported,PaymentsOfDividends,0001628280-26-050705,T1 (XBRL),no,2026-10-09 18:30 ET
META,Meta,FY2025Q2,2025-06-30,2025-Q2,fcf,9023000000,quarter,FNAM calculation,,,FNAM calculation,no,2026-10-09 18:30 ET
META,Meta,FY2025Q2,2025-06-30,2025-Q2,capex_ocf,0.6470012910293025,ratio,FNAM calculation,,,FNAM calculation,no,2026-10-09 18:30 ET
META,Meta,FY2025Q2,2025-06-30,2025-Q2,fcf_after_fl,8549000000,quarter,FNAM calculation,,,FNAM calculation,no,2026-10-09 18:30 ET
META,Meta,FY2025Q2,2025-06-30,2025-Q2,ttm_capex_cash,52162000000,trailing 12 months,FNAM calculation,,,FNAM calculation,no,2026-10-09 18:30 ET
META,Meta,FY2025Q2,2025-06-30,2025-Q2,ttm_fl_principal,2580000000,trailing 12 months,FNAM calculation,,,FNAM calculation,no,2026-10-09 18:30 ET
META,Meta,FY2025Q2,2025-06-30,2025-Q2,ttm_revenue,178804000000,trailing 12 months,FNAM calculation,,,FNAM calculation,no,2026-10-09 18:30 ET
META,Meta,FY2025Q2,2025-06-30,2025-Q2,ttm_ocf,102299000000,trailing 12 months,FNAM calculation,,,FNAM calculation,no,2026-10-09 18:30 ET
META,Meta,FY2025Q2,2025-06-30,2025-Q2,ttm_op_income,78710000000,trailing 12 months,FNAM calculation,,,FNAM calculation,no,2026-10-09 18:30 ET
META,Meta,FY2025Q2,2025-06-30,2025-Q2,ttm_da,16729000000,trailing 12 months,FNAM calculation,,,FNAM calculation,no,2026-10-09 18:30 ET
META,Meta,FY2025Q2,2025-06-30,2025-Q2,ttm_buybacks,31739000000,trailing 12 months,FNAM calculation,,,FNAM calculation,no,2026-10-09 18:30 ET
META,Meta,FY2025Q2,2025-06-30,2025-Q2,ttm_interest_paid,719000000,trailing 12 months,FNAM calculation,,,FNAM calculation,no,2026-10-09 18:30 ET
META,Meta,FY2025Q2,2025-06-30,2025-Q2,ttm_dividends,5189000000,trailing 12 months,FNAM calculation,,,FNAM calculation,no,2026-10-09 18:30 ET
META,Meta,FY2025Q2,2025-06-30,2025-Q2,ttm_ebitda,95439000000,trailing 12 months,FNAM calculation,,,FNAM calculation,no,2026-10-09 18:30 ET
META,Meta,FY2025Q2,2025-06-30,2025-Q2,ttm_fcf,50137000000,trailing 12 months,FNAM calculation,,,FNAM calculation,no,2026-10-09 18:30 ET
META,Meta,FY2025Q2,2025-06-30,2025-Q2,ttm_capex_ocf,0.5098974574531521,trailing 12 months,FNAM calculation,,,FNAM calculation,no,2026-10-09 18:30 ET
META,Meta,FY2025Q2,2025-06-30,2025-Q2,ttm_fcf_after_fl,47557000000,trailing 12 months,FNAM calculation,,,FNAM calculation,no,2026-10-09 18:30 ET
META,Meta,FY2025Q2,2025-06-30,2025-Q2,ttm_nd_ebitda,-0.19110636113119375,trailing 12 months,FNAM calculation,,,FNAM calculation,no,2026-10-09 18:30 ET
META,Meta,FY2025Q3,2025-09-30,2025-Q3,capex_cash,18829000000,quarter,ytd_subtraction,PaymentsToAcquirePropertyPlantAndEquipment,0001628280-25-047240 0001628280-26-050705,T1 (XBRL),no,2026-10-09 18:30 ET
META,Meta,FY2025Q3,2025-09-30,2025-Q3,fl_principal,545000000,quarter,ytd_subtraction,FinanceLeasePrincipalPayments,0001628280-25-047240 0001628280-26-050705,T1 (XBRL),no,2026-10-09 18:30 ET
META,Meta,FY2025Q3,2025-09-30,2025-Q3,ocf,29999000000,quarter,ytd_subtraction,NetCashProvidedByUsedInOperatingActivities,0001628280-25-047240 0001628280-26-050705,T1 (XBRL),no,2026-10-09 18:30 ET
META,Meta,FY2025Q3,2025-09-30,2025-Q3,op_income,20535000000,quarter,reported,OperatingIncomeLoss,0001628280-25-047240,T1 (XBRL),no,2026-10-09 18:30 ET
META,Meta,FY2025Q3,2025-09-30,2025-Q3,da,4963000000,quarter,ytd_subtraction,DepreciationDepletionAndAmortization,0001628280-25-047240 0001628280-26-050705,T1 (XBRL),no,2026-10-09 18:30 ET
META,Meta,FY2025Q3,2025-09-30,2025-Q3,debt_proceeds,0,quarter,ytd_subtraction,ProceedsFromIssuanceOfLongTermDebt,0001628280-25-047240 0001628280-26-050705,T1 (XBRL),no,2026-10-09 18:30 ET
META,Meta,FY2025Q3,2025-09-30,2025-Q3,buybacks,3327000000,quarter,ytd_subtraction,PaymentsForRepurchaseOfCommonStock,0001628280-25-047240 0001628280-26-050705,T1 (XBRL),no,2026-10-09 18:30 ET
META,Meta,FY2025Q3,2025-09-30,2025-Q3,interest_paid,125000000,quarter,ytd_subtraction,InterestPaidNet,0001628280-25-047240 0001628280-26-050705,T1 (XBRL),no,2026-10-09 18:30 ET
META,Meta,FY2025Q3,2025-09-30,2025-Q3,dividends,1330000000,quarter,reported,PaymentsOfDividends,0001628280-25-047240,T1 (XBRL),no,2026-10-09 18:30 ET
META,Meta,FY2025Q3,2025-09-30,2025-Q3,fcf,11170000000,quarter,FNAM calculation,,,FNAM calculation,no,2026-10-09 18:30 ET
META,Meta,FY2025Q3,2025-09-30,2025-Q3,capex_ocf,0.627654255141838,ratio,FNAM calculation,,,FNAM calculation,no,2026-10-09 18:30 ET
META,Meta,FY2025Q3,2025-09-30,2025-Q3,fcf_after_fl,10625000000,quarter,FNAM calculation,,,FNAM calculation,no,2026-10-09 18:30 ET
META,Meta,FY2025Q3,2025-09-30,2025-Q3,ttm_capex_cash,62733000000,trailing 12 months,FNAM calculation,,,FNAM calculation,no,2026-10-09 18:30 ET
META,Meta,FY2025Q3,2025-09-30,2025-Q3,ttm_fl_principal,2181000000,trailing 12 months,FNAM calculation,,,FNAM calculation,no,2026-10-09 18:30 ET
META,Meta,FY2025Q3,2025-09-30,2025-Q3,ttm_revenue,189457000000,trailing 12 months,FNAM calculation,,,FNAM calculation,no,2026-10-09 18:30 ET
META,Meta,FY2025Q3,2025-09-30,2025-Q3,ttm_ocf,107574000000,trailing 12 months,FNAM calculation,,,FNAM calculation,no,2026-10-09 18:30 ET
META,Meta,FY2025Q3,2025-09-30,2025-Q3,ttm_op_income,81895000000,trailing 12 months,FNAM calculation,,,FNAM calculation,no,2026-10-09 18:30 ET
META,Meta,FY2025Q3,2025-09-30,2025-Q3,ttm_da,17665000000,trailing 12 months,FNAM calculation,,,FNAM calculation,no,2026-10-09 18:30 ET
META,Meta,FY2025Q3,2025-09-30,2025-Q3,ttm_buybacks,26248000000,trailing 12 months,FNAM calculation,,,FNAM calculation,no,2026-10-09 18:30 ET
META,Meta,FY2025Q3,2025-09-30,2025-Q3,ttm_interest_paid,733000000,trailing 12 months,FNAM calculation,,,FNAM calculation,no,2026-10-09 18:30 ET
META,Meta,FY2025Q3,2025-09-30,2025-Q3,ttm_dividends,5256000000,trailing 12 months,FNAM calculation,,,FNAM calculation,no,2026-10-09 18:30 ET
META,Meta,FY2025Q3,2025-09-30,2025-Q3,ttm_ebitda,99560000000,trailing 12 months,FNAM calculation,,,FNAM calculation,no,2026-10-09 18:30 ET
META,Meta,FY2025Q3,2025-09-30,2025-Q3,ttm_fcf,44841000000,trailing 12 months,FNAM calculation,,,FNAM calculation,no,2026-10-09 18:30 ET
META,Meta,FY2025Q3,2025-09-30,2025-Q3,ttm_capex_ocf,0.5831613586926209,trailing 12 months,FNAM calculation,,,FNAM calculation,no,2026-10-09 18:30 ET
META,Meta,FY2025Q3,2025-09-30,2025-Q3,ttm_fcf_after_fl,42660000000,trailing 12 months,FNAM calculation,,,FNAM calculation,no,2026-10-09 18:30 ET
META,Meta,FY2025Q3,2025-09-30,2025-Q3,ttm_nd_ebitda,-0.15683005222981117,trailing 12 months,FNAM calculation,,,FNAM calculation,no,2026-10-09 18:30 ET
META,Meta,FY2025Q4,2025-12-31,2025-Q4,capex_cash,21383000000,quarter,fy_minus_9m,PaymentsToAcquirePropertyPlantAndEquipment,0001628280-26-003942 0001628280-25-047240,T1 (XBRL),no,2026-10-09 18:30 ET
META,Meta,FY2025Q4,2025-12-31,2025-Q4,fl_principal,754000000,quarter,fy_minus_9m,FinanceLeasePrincipalPayments,0001628280-26-003942 0001628280-25-047240,T1 (XBRL),no,2026-10-09 18:30 ET
META,Meta,FY2025Q4,2025-12-31,2025-Q4,ocf,36214000000,quarter,fy_minus_9m,NetCashProvidedByUsedInOperatingActivities,0001628280-26-003942 0001628280-25-047240,T1 (XBRL),no,2026-10-09 18:30 ET
META,Meta,FY2025Q4,2025-12-31,2025-Q4,op_income,24745000000,quarter,fy_minus_9m,OperatingIncomeLoss,0001628280-26-003942 0001628280-25-047240,T1 (XBRL),no,2026-10-09 18:30 ET
META,Meta,FY2025Q4,2025-12-31,2025-Q4,da,5411000000,quarter,fy_minus_9m,DepreciationDepletionAndAmortization,0001628280-26-003942 0001628280-25-047240,T1 (XBRL),no,2026-10-09 18:30 ET
META,Meta,FY2025Q4,2025-12-31,2025-Q4,debt_proceeds,29906000000,quarter,fy_minus_9m,ProceedsFromIssuanceOfLongTermDebt,0001628280-26-003942 0001628280-25-047240,T1 (XBRL),no,2026-10-09 18:30 ET
META,Meta,FY2025Q4,2025-12-31,2025-Q4,buybacks,0,quarter,fy_minus_9m,PaymentsForRepurchaseOfCommonStock,0001628280-26-003942 0001628280-25-047240,T1 (XBRL),no,2026-10-09 18:30 ET
META,Meta,FY2025Q4,2025-12-31,2025-Q4,interest_paid,93000000,quarter,fy_minus_9m,InterestPaidNet,0001628280-26-003942 0001628280-25-047240,T1 (XBRL),no,2026-10-09 18:30 ET
META,Meta,FY2025Q4,2025-12-31,2025-Q4,dividends,1338000000,quarter,fy_minus_9m,PaymentsOfDividends,0001628280-26-003942 0001628280-25-047240,T1 (XBRL),no,2026-10-09 18:30 ET
META,Meta,FY2025Q4,2025-12-31,2025-Q4,fcf,14831000000,quarter,FNAM calculation,,,FNAM calculation,no,2026-10-09 18:30 ET
META,Meta,FY2025Q4,2025-12-31,2025-Q4,capex_ocf,0.59046225216767,ratio,FNAM calculation,,,FNAM calculation,no,2026-10-09 18:30 ET
META,Meta,FY2025Q4,2025-12-31,2025-Q4,fcf_after_fl,14077000000,quarter,FNAM calculation,,,FNAM calculation,no,2026-10-09 18:30 ET
META,Meta,FY2025Q4,2025-12-31,2025-Q4,ttm_capex_cash,69691000000,trailing 12 months,FNAM calculation,,,FNAM calculation,no,2026-10-09 18:30 ET
META,Meta,FY2025Q4,2025-12-31,2025-Q4,ttm_fl_additions,613000000,trailing 12 months,FNAM calculation,,,FNAM calculation,no,2026-10-09 18:30 ET
META,Meta,FY2025Q4,2025-12-31,2025-Q4,ttm__fromFY,"fl_additions,ol_additions,interest_exp,debt_proceeds",trailing 12 months,FNAM calculation,,,FNAM calculation,no,2026-10-09 18:30 ET
META,Meta,FY2025Q4,2025-12-31,2025-Q4,ttm_ol_additions,7017000000,trailing 12 months,FNAM calculation,,,FNAM calculation,no,2026-10-09 18:30 ET
META,Meta,FY2025Q4,2025-12-31,2025-Q4,ttm_fl_principal,2524000000,trailing 12 months,FNAM calculation,,,FNAM calculation,no,2026-10-09 18:30 ET
META,Meta,FY2025Q4,2025-12-31,2025-Q4,ttm_revenue,200965000000,trailing 12 months,FNAM calculation,,,FNAM calculation,no,2026-10-09 18:30 ET
META,Meta,FY2025Q4,2025-12-31,2025-Q4,ttm_ocf,115800000000,trailing 12 months,FNAM calculation,,,FNAM calculation,no,2026-10-09 18:30 ET
META,Meta,FY2025Q4,2025-12-31,2025-Q4,ttm_op_income,83276000000,trailing 12 months,FNAM calculation,,,FNAM calculation,no,2026-10-09 18:30 ET
META,Meta,FY2025Q4,2025-12-31,2025-Q4,ttm_da,18616000000,trailing 12 months,FNAM calculation,,,FNAM calculation,no,2026-10-09 18:30 ET
META,Meta,FY2025Q4,2025-12-31,2025-Q4,ttm_interest_exp,1090000000,trailing 12 months,FNAM calculation,,,FNAM calculation,no,2026-10-09 18:30 ET
META,Meta,FY2025Q4,2025-12-31,2025-Q4,ttm_debt_proceeds,29906000000,trailing 12 months,FNAM calculation,,,FNAM calculation,no,2026-10-09 18:30 ET
META,Meta,FY2025Q4,2025-12-31,2025-Q4,ttm_buybacks,26248000000,trailing 12 months,FNAM calculation,,,FNAM calculation,no,2026-10-09 18:30 ET
META,Meta,FY2025Q4,2025-12-31,2025-Q4,ttm_interest_paid,696000000,trailing 12 months,FNAM calculation,,,FNAM calculation,no,2026-10-09 18:30 ET
META,Meta,FY2025Q4,2025-12-31,2025-Q4,ttm_dividends,5324000000,trailing 12 months,FNAM calculation,,,FNAM calculation,no,2026-10-09 18:30 ET
META,Meta,FY2025Q4,2025-12-31,2025-Q4,ttm_ebitda,101892000000,trailing 12 months,FNAM calculation,,,FNAM calculation,no,2026-10-09 18:30 ET
META,Meta,FY2025Q4,2025-12-31,2025-Q4,ttm_capex_incl_fl,70304000000,trailing 12 months,FNAM calculation,,,FNAM calculation,no,2026-10-09 18:30 ET
META,Meta,FY2025Q4,2025-12-31,2025-Q4,ttm_fcf,46109000000,trailing 12 months,FNAM calculation,,,FNAM calculation,no,2026-10-09 18:30 ET
META,Meta,FY2025Q4,2025-12-31,2025-Q4,ttm_capex_ocf,0.6018221070811745,trailing 12 months,FNAM calculation,,,FNAM calculation,no,2026-10-09 18:30 ET
META,Meta,FY2025Q4,2025-12-31,2025-Q4,ttm_fcf_after_fl,43585000000,trailing 12 months,FNAM calculation,,,FNAM calculation,no,2026-10-09 18:30 ET
META,Meta,FY2025Q4,2025-12-31,2025-Q4,ttm_int_cov,76.4,trailing 12 months,FNAM calculation,,,FNAM calculation,no,2026-10-09 18:30 ET
META,Meta,FY2025Q4,2025-12-31,2025-Q4,ttm_ebitda_int,93.4788990825688,trailing 12 months,FNAM calculation,,,FNAM calculation,no,2026-10-09 18:30 ET
META,Meta,FY2025Q4,2025-12-31,2025-Q4,ttm_nd_ebitda,-0.22423742786479803,trailing 12 months,FNAM calculation,,,FNAM calculation,no,2026-10-09 18:30 ET
META,Meta,FY2025Q4,2025-12-31,2025-Q4,ttm_land_ebitda,0.034242138735131315,trailing 12 months,FNAM calculation,,,FNAM calculation,no,2026-10-09 18:30 ET
META,Meta,FY2026Q1,2026-03-31,2026-Q1,capex_cash,18997000000,quarter,reported,PaymentsToAcquirePropertyPlantAndEquipment,0001628280-26-028526,T1 (XBRL),no,2026-10-09 18:30 ET
META,Meta,FY2026Q1,2026-03-31,2026-Q1,fl_principal,843000000,quarter,reported,FinanceLeasePrincipalPayments,0001628280-26-028526,T1 (XBRL),no,2026-10-09 18:30 ET
META,Meta,FY2026Q1,2026-03-31,2026-Q1,ocf,32226000000,quarter,reported,NetCashProvidedByUsedInOperatingActivities,0001628280-26-028526,T1 (XBRL),no,2026-10-09 18:30 ET
META,Meta,FY2026Q1,2026-03-31,2026-Q1,op_income,22872000000,quarter,reported,OperatingIncomeLoss,0001628280-26-028526,T1 (XBRL),no,2026-10-09 18:30 ET
META,Meta,FY2026Q1,2026-03-31,2026-Q1,da,5999000000,quarter,reported,DepreciationDepletionAndAmortization,0001628280-26-028526,T1 (XBRL),no,2026-10-09 18:30 ET
META,Meta,FY2026Q1,2026-03-31,2026-Q1,buybacks,0,quarter,reported,PaymentsForRepurchaseOfCommonStock,0001628280-26-028526,T1 (XBRL),no,2026-10-09 18:30 ET
META,Meta,FY2026Q1,2026-03-31,2026-Q1,interest_paid,284000000,quarter,reported,InterestPaidNet,0001628280-26-028526,T1 (XBRL),no,2026-10-09 18:30 ET
META,Meta,FY2026Q1,2026-03-31,2026-Q1,dividends,1346000000,quarter,reported,PaymentsOfDividends,0001628280-26-028526,T1 (XBRL),no,2026-10-09 18:30 ET
META,Meta,FY2026Q1,2026-03-31,2026-Q1,fcf,13229000000,quarter,FNAM calculation,,,FNAM calculation,no,2026-10-09 18:30 ET
META,Meta,FY2026Q1,2026-03-31,2026-Q1,capex_ocf,0.5894929559982622,ratio,FNAM calculation,,,FNAM calculation,no,2026-10-09 18:30 ET
META,Meta,FY2026Q1,2026-03-31,2026-Q1,fcf_after_fl,12386000000,quarter,FNAM calculation,,,FNAM calculation,no,2026-10-09 18:30 ET
META,Meta,FY2026Q1,2026-03-31,2026-Q1,ttm_capex_cash,75747000000,trailing 12 months,FNAM calculation,,,FNAM calculation,no,2026-10-09 18:30 ET
META,Meta,FY2026Q1,2026-03-31,2026-Q1,ttm_fl_principal,2616000000,trailing 12 months,FNAM calculation,,,FNAM calculation,no,2026-10-09 18:30 ET
META,Meta,FY2026Q1,2026-03-31,2026-Q1,ttm_revenue,214962000000,trailing 12 months,FNAM calculation,,,FNAM calculation,no,2026-10-09 18:30 ET
META,Meta,FY2026Q1,2026-03-31,2026-Q1,ttm_ocf,124000000000,trailing 12 months,FNAM calculation,,,FNAM calculation,no,2026-10-09 18:30 ET
META,Meta,FY2026Q1,2026-03-31,2026-Q1,ttm_op_income,88593000000,trailing 12 months,FNAM calculation,,,FNAM calculation,no,2026-10-09 18:30 ET
META,Meta,FY2026Q1,2026-03-31,2026-Q1,ttm_da,20715000000,trailing 12 months,FNAM calculation,,,FNAM calculation,no,2026-10-09 18:30 ET
META,Meta,FY2026Q1,2026-03-31,2026-Q1,ttm_buybacks,13494000000,trailing 12 months,FNAM calculation,,,FNAM calculation,no,2026-10-09 18:30 ET
META,Meta,FY2026Q1,2026-03-31,2026-Q1,ttm_interest_paid,628000000,trailing 12 months,FNAM calculation,,,FNAM calculation,no,2026-10-09 18:30 ET
META,Meta,FY2026Q1,2026-03-31,2026-Q1,ttm_dividends,5341000000,trailing 12 months,FNAM calculation,,,FNAM calculation,no,2026-10-09 18:30 ET
META,Meta,FY2026Q1,2026-03-31,2026-Q1,ttm_ebitda,109308000000,trailing 12 months,FNAM calculation,,,FNAM calculation,no,2026-10-09 18:30 ET
META,Meta,FY2026Q1,2026-03-31,2026-Q1,ttm_fcf,48253000000,trailing 12 months,FNAM calculation,,,FNAM calculation,no,2026-10-09 18:30 ET
META,Meta,FY2026Q1,2026-03-31,2026-Q1,ttm_capex_ocf,0.6108629032258065,trailing 12 months,FNAM calculation,,,FNAM calculation,no,2026-10-09 18:30 ET
META,Meta,FY2026Q1,2026-03-31,2026-Q1,ttm_fcf_after_fl,45637000000,trailing 12 months,FNAM calculation,,,FNAM calculation,no,2026-10-09 18:30 ET
META,Meta,FY2026Q1,2026-03-31,2026-Q1,ttm_nd_ebitda,-0.20521828228491967,trailing 12 months,FNAM calculation,,,FNAM calculation,no,2026-10-09 18:30 ET
META,Meta,FY2026Q2,2026-06-30,2026-Q2,capex_cash,30116000000,quarter,ytd_subtraction,PaymentsToAcquirePropertyPlantAndEquipment,0001628280-26-050705 0001628280-26-028526,T1 (XBRL),no,2026-10-09 18:30 ET
META,Meta,FY2026Q2,2026-06-30,2026-Q2,fl_principal,962000000,quarter,ytd_subtraction,FinanceLeasePrincipalPayments,0001628280-26-050705 0001628280-26-028526,T1 (XBRL),no,2026-10-09 18:30 ET
META,Meta,FY2026Q2,2026-06-30,2026-Q2,ocf,31862000000,quarter,ytd_subtraction,NetCashProvidedByUsedInOperatingActivities,0001628280-26-050705 0001628280-26-028526,T1 (XBRL),no,2026-10-09 18:30 ET
META,Meta,FY2026Q2,2026-06-30,2026-Q2,op_income,18775000000,quarter,reported,OperatingIncomeLoss,0001628280-26-050705,T1 (XBRL),no,2026-10-09 18:30 ET
META,Meta,FY2026Q2,2026-06-30,2026-Q2,da,6356000000,quarter,ytd_subtraction,DepreciationDepletionAndAmortization,0001628280-26-050705 0001628280-26-028526,T1 (XBRL),no,2026-10-09 18:30 ET
META,Meta,FY2026Q2,2026-06-30,2026-Q2,interest_exp,754000000,quarter,reported,InterestExpenseDebt,0001628280-26-050705,T1 (XBRL),no,2026-10-09 18:30 ET
META,Meta,FY2026Q2,2026-06-30,2026-Q2,buybacks,0,quarter,ytd_subtraction,PaymentsForRepurchaseOfCommonStock,0001628280-26-050705 0001628280-26-028526,T1 (XBRL),no,2026-10-09 18:30 ET
META,Meta,FY2026Q2,2026-06-30,2026-Q2,interest_paid,813000000,quarter,ytd_subtraction,InterestPaidNet,0001628280-26-050705 0001628280-26-028526,T1 (XBRL),no,2026-10-09 18:30 ET
META,Meta,FY2026Q2,2026-06-30,2026-Q2,dividends,1353000000,quarter,reported,PaymentsOfDividends,0001628280-26-050705,T1 (XBRL),no,2026-10-09 18:30 ET
META,Meta,FY2026Q2,2026-06-30,2026-Q2,fcf,1746000000,quarter,FNAM calculation,,,FNAM calculation,no,2026-10-09 18:30 ET
META,Meta,FY2026Q2,2026-06-30,2026-Q2,capex_ocf,0.9452011800891343,ratio,FNAM calculation,,,FNAM calculation,no,2026-10-09 18:30 ET
META,Meta,FY2026Q2,2026-06-30,2026-Q2,fcf_after_fl,784000000,quarter,FNAM calculation,,,FNAM calculation,no,2026-10-09 18:30 ET
META,Meta,FY2026Q2,2026-06-30,2026-Q2,ttm_capex_cash,89325000000,trailing 12 months,FNAM calculation,,,FNAM calculation,no,2026-10-09 18:30 ET
META,Meta,FY2026Q2,2026-06-30,2026-Q2,ttm_fl_principal,3104000000,trailing 12 months,FNAM calculation,,,FNAM calculation,no,2026-10-09 18:30 ET
META,Meta,FY2026Q2,2026-06-30,2026-Q2,ttm_revenue,228247000000,trailing 12 months,FNAM calculation,,,FNAM calculation,no,2026-10-09 18:30 ET
META,Meta,FY2026Q2,2026-06-30,2026-Q2,ttm_ocf,130301000000,trailing 12 months,FNAM calculation,,,FNAM calculation,no,2026-10-09 18:30 ET
META,Meta,FY2026Q2,2026-06-30,2026-Q2,ttm_op_income,86927000000,trailing 12 months,FNAM calculation,,,FNAM calculation,no,2026-10-09 18:30 ET
META,Meta,FY2026Q2,2026-06-30,2026-Q2,ttm_da,22729000000,trailing 12 months,FNAM calculation,,,FNAM calculation,no,2026-10-09 18:30 ET
META,Meta,FY2026Q2,2026-06-30,2026-Q2,ttm_buybacks,3327000000,trailing 12 months,FNAM calculation,,,FNAM calculation,no,2026-10-09 18:30 ET
META,Meta,FY2026Q2,2026-06-30,2026-Q2,ttm_interest_paid,1315000000,trailing 12 months,FNAM calculation,,,FNAM calculation,no,2026-10-09 18:30 ET
META,Meta,FY2026Q2,2026-06-30,2026-Q2,ttm_dividends,5367000000,trailing 12 months,FNAM calculation,,,FNAM calculation,no,2026-10-09 18:30 ET
META,Meta,FY2026Q2,2026-06-30,2026-Q2,ttm_ebitda,109656000000,trailing 12 months,FNAM calculation,,,FNAM calculation,no,2026-10-09 18:30 ET
META,Meta,FY2026Q2,2026-06-30,2026-Q2,ttm_fcf,40976000000,trailing 12 months,FNAM calculation,,,FNAM calculation,no,2026-10-09 18:30 ET
META,Meta,FY2026Q2,2026-06-30,2026-Q2,ttm_capex_ocf,0.6855281233451777,trailing 12 months,FNAM calculation,,,FNAM calculation,no,2026-10-09 18:30 ET
META,Meta,FY2026Q2,2026-06-30,2026-Q2,ttm_fcf_after_fl,37872000000,trailing 12 months,FNAM calculation,,,FNAM calculation,no,2026-10-09 18:30 ET
META,Meta,FY2026Q2,2026-06-30,2026-Q2,ttm_nd_ebitda,-0.06015174728241045,trailing 12 months,FNAM calculation,,,FNAM calculation,no,2026-10-09 18:30 ET
ORCL,Oracle,FY2023Q1,2022-08-31,2022-Q3,capex_cash,1719000000,quarter,reported,PaymentsToAcquirePropertyPlantAndEquipment,0000950170-23-047713,T1 (XBRL),no,2026-10-09 18:30 ET
ORCL,Oracle,FY2023Q1,2022-08-31,2022-Q3,ocf,6394000000,quarter,reported,NetCashProvidedByUsedInOperatingActivities,0000950170-23-047713,T1 (XBRL),no,2026-10-09 18:30 ET
ORCL,Oracle,FY2023Q1,2022-08-31,2022-Q3,op_income,2623000000,quarter,reported,OperatingIncomeLoss,0000950170-23-047713,T1 (XBRL),no,2026-10-09 18:30 ET
ORCL,Oracle,FY2023Q1,2022-08-31,2022-Q3,da,547000000,quarter,reported,Depreciation,0000950170-23-047713,T1 (XBRL),no,2026-10-09 18:30 ET
ORCL,Oracle,FY2023Q1,2022-08-31,2022-Q3,interest_exp,787000000,quarter,reported,InterestExpense,0000950170-23-047713,T1 (XBRL),no,2026-10-09 18:30 ET
ORCL,Oracle,FY2023Q1,2022-08-31,2022-Q3,debt_proceeds,20046000000,quarter,reported,ProceedsFromIssuanceOfSeniorLongTermDebt,0000950170-23-047713,T1 (XBRL),no,2026-10-09 18:30 ET
ORCL,Oracle,FY2023Q1,2022-08-31,2022-Q3,debt_repaid,5883000000,quarter,reported,RepaymentsOfDebt,0000950170-23-047713,T1 (XBRL),no,2026-10-09 18:30 ET
ORCL,Oracle,FY2023Q1,2022-08-31,2022-Q3,equity_proceeds,515000000,quarter,reported,ProceedsFromIssuanceOfCommonStock,0000950170-23-047713,T1 (XBRL),no,2026-10-09 18:30 ET
ORCL,Oracle,FY2023Q1,2022-08-31,2022-Q3,buybacks,552000000,quarter,reported,PaymentsForRepurchaseOfCommonStock,0000950170-23-047713,T1 (XBRL),no,2026-10-09 18:30 ET
ORCL,Oracle,FY2023Q1,2022-08-31,2022-Q3,dividends,860000000,quarter,reported,PaymentsOfDividendsCommonStock,0000950170-23-047713,T1 (XBRL),no,2026-10-09 18:30 ET
ORCL,Oracle,FY2023Q1,2022-08-31,2022-Q3,fcf,4675000000,quarter,FNAM calculation,,,FNAM calculation,no,2026-10-09 18:30 ET
ORCL,Oracle,FY2023Q1,2022-08-31,2022-Q3,capex_ocf,0.2688457929308727,ratio,FNAM calculation,,,FNAM calculation,no,2026-10-09 18:30 ET
ORCL,Oracle,FY2023Q2,2022-11-30,2022-Q4,capex_cash,2435000000,quarter,ytd_subtraction,PaymentsToAcquirePropertyPlantAndEquipment,0000950170-23-069682 0000950170-23-047713,T1 (XBRL),no,2026-10-09 18:30 ET
ORCL,Oracle,FY2023Q2,2022-11-30,2022-Q4,ocf,849000000,quarter,ytd_subtraction,NetCashProvidedByUsedInOperatingActivities,0000950170-23-069682 0000950170-23-047713,T1 (XBRL),no,2026-10-09 18:30 ET
ORCL,Oracle,FY2023Q2,2022-11-30,2022-Q4,op_income,3071000000,quarter,reported,OperatingIncomeLoss,0000950170-23-069682,T1 (XBRL),no,2026-10-09 18:30 ET
ORCL,Oracle,FY2023Q2,2022-11-30,2022-Q4,da,591000000,quarter,ytd_subtraction,Depreciation,0000950170-23-069682 0000950170-23-047713,T1 (XBRL),no,2026-10-09 18:30 ET
ORCL,Oracle,FY2023Q2,2022-11-30,2022-Q4,interest_exp,856000000,quarter,reported,InterestExpense,0000950170-23-069682,T1 (XBRL),no,2026-10-09 18:30 ET
ORCL,Oracle,FY2023Q2,2022-11-30,2022-Q4,debt_proceeds,8234000000,quarter,ytd_subtraction,ProceedsFromIssuanceOfSeniorLongTermDebt,0000950170-23-069682 0000950170-23-047713,T1 (XBRL),no,2026-10-09 18:30 ET
ORCL,Oracle,FY2023Q2,2022-11-30,2022-Q4,debt_repaid,10809000000,quarter,ytd_subtraction,RepaymentsOfDebt,0000950170-23-069682 0000950170-23-047713,T1 (XBRL),no,2026-10-09 18:30 ET
ORCL,Oracle,FY2023Q2,2022-11-30,2022-Q4,equity_proceeds,146000000,quarter,ytd_subtraction,ProceedsFromIssuanceOfCommonStock,0000950170-23-069682 0000950170-23-047713,T1 (XBRL),no,2026-10-09 18:30 ET
ORCL,Oracle,FY2023Q2,2022-11-30,2022-Q4,buybacks,448000000,quarter,ytd_subtraction,PaymentsForRepurchaseOfCommonStock,0000950170-23-069682 0000950170-23-047713,T1 (XBRL),no,2026-10-09 18:30 ET
ORCL,Oracle,FY2023Q2,2022-11-30,2022-Q4,dividends,863000000,quarter,ytd_subtraction,PaymentsOfDividendsCommonStock,0000950170-23-069682 0000950170-23-047713,T1 (XBRL),no,2026-10-09 18:30 ET
ORCL,Oracle,FY2023Q2,2022-11-30,2022-Q4,fcf,-1586000000,quarter,FNAM calculation,,,FNAM calculation,no,2026-10-09 18:30 ET
ORCL,Oracle,FY2023Q2,2022-11-30,2022-Q4,capex_ocf,2.868080094228504,ratio,FNAM calculation,,,FNAM calculation,no,2026-10-09 18:30 ET
ORCL,Oracle,FY2023Q3,2023-02-28,2023-Q1,capex_cash,2628000000,quarter,ytd_subtraction,PaymentsToAcquirePropertyPlantAndEquipment,0000950170-24-029904 0000950170-23-069682,T1 (XBRL),no,2026-10-09 18:30 ET
ORCL,Oracle,FY2023Q3,2023-02-28,2023-Q1,ocf,4275000000,quarter,ytd_subtraction,NetCashProvidedByUsedInOperatingActivities,0000950170-24-029904 0000950170-23-069682,T1 (XBRL),no,2026-10-09 18:30 ET
ORCL,Oracle,FY2023Q3,2023-02-28,2023-Q1,op_income,3260000000,quarter,reported,OperatingIncomeLoss,0000950170-24-029904,T1 (XBRL),no,2026-10-09 18:30 ET
ORCL,Oracle,FY2023Q3,2023-02-28,2023-Q1,da,672000000,quarter,ytd_subtraction,Depreciation,0000950170-24-029904 0000950170-23-069682,T1 (XBRL),no,2026-10-09 18:30 ET
ORCL,Oracle,FY2023Q3,2023-02-28,2023-Q1,interest_exp,908000000,quarter,reported,InterestExpense,0000950170-24-029904,T1 (XBRL),no,2026-10-09 18:30 ET
ORCL,Oracle,FY2023Q3,2023-02-28,2023-Q1,debt_proceeds,5214000000,quarter,ytd_subtraction,ProceedsFromIssuanceOfSeniorLongTermDebt,0000950170-24-029904 0000950170-23-069682,T1 (XBRL),no,2026-10-09 18:30 ET
ORCL,Oracle,FY2023Q3,2023-02-28,2023-Q1,debt_repaid,4358000000,quarter,ytd_subtraction,RepaymentsOfDebt,0000950170-24-029904 0000950170-23-069682,T1 (XBRL),no,2026-10-09 18:30 ET
ORCL,Oracle,FY2023Q3,2023-02-28,2023-Q1,equity_proceeds,98000000,quarter,ytd_subtraction,ProceedsFromIssuanceOfCommonStock,0000950170-24-029904 0000950170-23-069682,T1 (XBRL),no,2026-10-09 18:30 ET
ORCL,Oracle,FY2023Q3,2023-02-28,2023-Q1,buybacks,150000000,quarter,ytd_subtraction,PaymentsForRepurchaseOfCommonStock,0000950170-24-029904 0000950170-23-069682,T1 (XBRL),no,2026-10-09 18:30 ET
ORCL,Oracle,FY2023Q3,2023-02-28,2023-Q1,dividends,863000000,quarter,ytd_subtraction,PaymentsOfDividendsCommonStock,0000950170-24-029904 0000950170-23-069682,T1 (XBRL),no,2026-10-09 18:30 ET
ORCL,Oracle,FY2023Q3,2023-02-28,2023-Q1,fcf,1647000000,quarter,FNAM calculation,,,FNAM calculation,no,2026-10-09 18:30 ET
ORCL,Oracle,FY2023Q3,2023-02-28,2023-Q1,capex_ocf,0.6147368421052631,ratio,FNAM calculation,,,FNAM calculation,no,2026-10-09 18:30 ET
ORCL,Oracle,FY2023Q4,2023-05-31,2023-Q2,capex_cash,1913000000,quarter,fy_minus_9m,PaymentsToAcquirePropertyPlantAndEquipment,0000950170-25-087926 0000950170-24-029904,T1 (XBRL),no,2026-10-09 18:30 ET
ORCL,Oracle,FY2023Q4,2023-05-31,2023-Q2,ocf,5647000000,quarter,fy_minus_9m,NetCashProvidedByUsedInOperatingActivities,0000950170-25-087926 0000950170-24-029904,T1 (XBRL),no,2026-10-09 18:30 ET
ORCL,Oracle,FY2023Q4,2023-05-31,2023-Q2,op_income,4140000000,quarter,fy_minus_9m,OperatingIncomeLoss,0000950170-25-087926 0000950170-24-029904,T1 (XBRL),no,2026-10-09 18:30 ET
ORCL,Oracle,FY2023Q4,2023-05-31,2023-Q2,da,716000000,quarter,fy_minus_9m,Depreciation,0000950170-25-087926 0000950170-24-029904,T1 (XBRL),no,2026-10-09 18:30 ET
ORCL,Oracle,FY2023Q4,2023-05-31,2023-Q2,interest_exp,955000000,quarter,fy_minus_9m,InterestExpense,0000950170-25-087926 0000950170-24-029904,T1 (XBRL),no,2026-10-09 18:30 ET
ORCL,Oracle,FY2023Q4,2023-05-31,2023-Q2,debt_proceeds,0,quarter,fy_minus_9m,ProceedsFromIssuanceOfSeniorLongTermDebt,0000950170-25-087926 0000950170-24-029904,T1 (XBRL),no,2026-10-09 18:30 ET
ORCL,Oracle,FY2023Q4,2023-05-31,2023-Q2,debt_repaid,0,quarter,fy_minus_9m,RepaymentsOfDebt,0000950170-25-087926 0000950170-24-029904,T1 (XBRL),no,2026-10-09 18:30 ET
ORCL,Oracle,FY2023Q4,2023-05-31,2023-Q2,equity_proceeds,433000000,quarter,fy_minus_9m,ProceedsFromIssuanceOfCommonStock,0000950170-25-087926 0000950170-24-029904,T1 (XBRL),no,2026-10-09 18:30 ET
ORCL,Oracle,FY2023Q4,2023-05-31,2023-Q2,buybacks,150000000,quarter,fy_minus_9m,PaymentsForRepurchaseOfCommonStock,0000950170-25-087926 0000950170-24-029904,T1 (XBRL),no,2026-10-09 18:30 ET
ORCL,Oracle,FY2023Q4,2023-05-31,2023-Q2,dividends,1082000000,quarter,fy_minus_9m,PaymentsOfDividendsCommonStock,0000950170-25-087926 0000950170-24-029904,T1 (XBRL),no,2026-10-09 18:30 ET
ORCL,Oracle,FY2023Q4,2023-05-31,2023-Q2,fcf,3734000000,quarter,FNAM calculation,,,FNAM calculation,no,2026-10-09 18:30 ET
ORCL,Oracle,FY2023Q4,2023-05-31,2023-Q2,capex_ocf,0.33876394545776517,ratio,FNAM calculation,,,FNAM calculation,no,2026-10-09 18:30 ET
ORCL,Oracle,FY2023Q4,2023-05-31,2023-Q2,ttm_capex_cash,8695000000,trailing 12 months,FNAM calculation,,,FNAM calculation,no,2026-10-09 18:30 ET
ORCL,Oracle,FY2023Q4,2023-05-31,2023-Q2,ttm_ol_additions,2000000000,trailing 12 months,FNAM calculation,,,FNAM calculation,no,2026-10-09 18:30 ET
ORCL,Oracle,FY2023Q4,2023-05-31,2023-Q2,ttm__fromFY,"ol_additions,cp_net,interest_paid",trailing 12 months,FNAM calculation,,,FNAM calculation,no,2026-10-09 18:30 ET
ORCL,Oracle,FY2023Q4,2023-05-31,2023-Q2,ttm_revenue,49954000000,trailing 12 months,FNAM calculation,,,FNAM calculation,no,2026-10-09 18:30 ET
ORCL,Oracle,FY2023Q4,2023-05-31,2023-Q2,ttm_ocf,17165000000,trailing 12 months,FNAM calculation,,,FNAM calculation,no,2026-10-09 18:30 ET
ORCL,Oracle,FY2023Q4,2023-05-31,2023-Q2,ttm_op_income,13094000000,trailing 12 months,FNAM calculation,,,FNAM calculation,no,2026-10-09 18:30 ET
ORCL,Oracle,FY2023Q4,2023-05-31,2023-Q2,ttm_da,2526000000,trailing 12 months,FNAM calculation,,,FNAM calculation,no,2026-10-09 18:30 ET
ORCL,Oracle,FY2023Q4,2023-05-31,2023-Q2,ttm_interest_exp,3506000000,trailing 12 months,FNAM calculation,,,FNAM calculation,no,2026-10-09 18:30 ET
ORCL,Oracle,FY2023Q4,2023-05-31,2023-Q2,ttm_debt_proceeds,33494000000,trailing 12 months,FNAM calculation,,,FNAM calculation,no,2026-10-09 18:30 ET
ORCL,Oracle,FY2023Q4,2023-05-31,2023-Q2,ttm_debt_repaid,21050000000,trailing 12 months,FNAM calculation,,,FNAM calculation,no,2026-10-09 18:30 ET
ORCL,Oracle,FY2023Q4,2023-05-31,2023-Q2,ttm_cp_net,500000000,trailing 12 months,FNAM calculation,,,FNAM calculation,no,2026-10-09 18:30 ET
ORCL,Oracle,FY2023Q4,2023-05-31,2023-Q2,ttm_equity_proceeds,1192000000,trailing 12 months,FNAM calculation,,,FNAM calculation,no,2026-10-09 18:30 ET
ORCL,Oracle,FY2023Q4,2023-05-31,2023-Q2,ttm_buybacks,1300000000,trailing 12 months,FNAM calculation,,,FNAM calculation,no,2026-10-09 18:30 ET
ORCL,Oracle,FY2023Q4,2023-05-31,2023-Q2,ttm_interest_paid,3250000000,trailing 12 months,FNAM calculation,,,FNAM calculation,no,2026-10-09 18:30 ET
ORCL,Oracle,FY2023Q4,2023-05-31,2023-Q2,ttm_dividends,3668000000,trailing 12 months,FNAM calculation,,,FNAM calculation,no,2026-10-09 18:30 ET
ORCL,Oracle,FY2023Q4,2023-05-31,2023-Q2,ttm_ebitda,15620000000,trailing 12 months,FNAM calculation,,,FNAM calculation,no,2026-10-09 18:30 ET
ORCL,Oracle,FY2023Q4,2023-05-31,2023-Q2,ttm_fcf,8470000000,trailing 12 months,FNAM calculation,,,FNAM calculation,no,2026-10-09 18:30 ET
ORCL,Oracle,FY2023Q4,2023-05-31,2023-Q2,ttm_capex_ocf,0.5065540343722692,trailing 12 months,FNAM calculation,,,FNAM calculation,no,2026-10-09 18:30 ET
ORCL,Oracle,FY2023Q4,2023-05-31,2023-Q2,ttm_int_cov,3.7347404449515116,trailing 12 months,FNAM calculation,,,FNAM calculation,no,2026-10-09 18:30 ET
ORCL,Oracle,FY2023Q4,2023-05-31,2023-Q2,ttm_ebitda_int,4.455219623502567,trailing 12 months,FNAM calculation,,,FNAM calculation,no,2026-10-09 18:30 ET
ORCL,Oracle,FY2023Q4,2023-05-31,2023-Q2,ttm_nd_ebitda,5.140460947503201,trailing 12 months,FNAM calculation,,,FNAM calculation,no,2026-10-09 18:30 ET
ORCL,Oracle,FY2024Q1,2023-08-31,2023-Q3,capex_cash,1314000000,quarter,reported,PaymentsToAcquirePropertyPlantAndEquipment,0000950170-24-104905,T1 (XBRL),no,2026-10-09 18:30 ET
ORCL,Oracle,FY2024Q1,2023-08-31,2023-Q3,ocf,6974000000,quarter,reported,NetCashProvidedByUsedInOperatingActivities,0000950170-24-104905,T1 (XBRL),no,2026-10-09 18:30 ET
ORCL,Oracle,FY2024Q1,2023-08-31,2023-Q3,op_income,3296000000,quarter,reported,OperatingIncomeLoss,0000950170-24-104905,T1 (XBRL),no,2026-10-09 18:30 ET
ORCL,Oracle,FY2024Q1,2023-08-31,2023-Q3,da,712000000,quarter,reported,Depreciation,0000950170-24-104905,T1 (XBRL),no,2026-10-09 18:30 ET
ORCL,Oracle,FY2024Q1,2023-08-31,2023-Q3,interest_exp,872000000,quarter,reported,InterestExpense,0000950170-24-104905,T1 (XBRL),no,2026-10-09 18:30 ET
ORCL,Oracle,FY2024Q1,2023-08-31,2023-Q3,debt_proceeds,0,quarter,reported,ProceedsFromIssuanceOfSeniorLongTermDebt,0000950170-23-047713,T1 (XBRL),no,2026-10-09 18:30 ET
ORCL,Oracle,FY2024Q1,2023-08-31,2023-Q3,debt_repaid,1000000000,quarter,reported,RepaymentsOfDebt,0000950170-24-104905,T1 (XBRL),no,2026-10-09 18:30 ET
ORCL,Oracle,FY2024Q1,2023-08-31,2023-Q3,equity_proceeds,308000000,quarter,reported,ProceedsFromIssuanceOfCommonStock,0000950170-24-104905,T1 (XBRL),no,2026-10-09 18:30 ET
ORCL,Oracle,FY2024Q1,2023-08-31,2023-Q3,buybacks,150000000,quarter,reported,PaymentsForRepurchaseOfCommonStock,0000950170-24-104905,T1 (XBRL),no,2026-10-09 18:30 ET
ORCL,Oracle,FY2024Q1,2023-08-31,2023-Q3,dividends,1091000000,quarter,reported,PaymentsOfDividendsCommonStock,0000950170-24-104905,T1 (XBRL),no,2026-10-09 18:30 ET
ORCL,Oracle,FY2024Q1,2023-08-31,2023-Q3,fcf,5660000000,quarter,FNAM calculation,,,FNAM calculation,no,2026-10-09 18:30 ET
ORCL,Oracle,FY2024Q1,2023-08-31,2023-Q3,capex_ocf,0.18841410954975624,ratio,FNAM calculation,,,FNAM calculation,no,2026-10-09 18:30 ET
ORCL,Oracle,FY2024Q1,2023-08-31,2023-Q3,ttm_capex_cash,8290000000,trailing 12 months,FNAM calculation,,,FNAM calculation,no,2026-10-09 18:30 ET
ORCL,Oracle,FY2024Q1,2023-08-31,2023-Q3,ttm_revenue,50962000000,trailing 12 months,FNAM calculation,,,FNAM calculation,no,2026-10-09 18:30 ET
ORCL,Oracle,FY2024Q1,2023-08-31,2023-Q3,ttm_ocf,17745000000,trailing 12 months,FNAM calculation,,,FNAM calculation,no,2026-10-09 18:30 ET
ORCL,Oracle,FY2024Q1,2023-08-31,2023-Q3,ttm_op_income,13767000000,trailing 12 months,FNAM calculation,,,FNAM calculation,no,2026-10-09 18:30 ET
ORCL,Oracle,FY2024Q1,2023-08-31,2023-Q3,ttm_da,2691000000,trailing 12 months,FNAM calculation,,,FNAM calculation,no,2026-10-09 18:30 ET
ORCL,Oracle,FY2024Q1,2023-08-31,2023-Q3,ttm_interest_exp,3591000000,trailing 12 months,FNAM calculation,,,FNAM calculation,no,2026-10-09 18:30 ET
ORCL,Oracle,FY2024Q1,2023-08-31,2023-Q3,ttm_debt_proceeds,13448000000,trailing 12 months,FNAM calculation,,,FNAM calculation,no,2026-10-09 18:30 ET
ORCL,Oracle,FY2024Q1,2023-08-31,2023-Q3,ttm_debt_repaid,16167000000,trailing 12 months,FNAM calculation,,,FNAM calculation,no,2026-10-09 18:30 ET
ORCL,Oracle,FY2024Q1,2023-08-31,2023-Q3,ttm_equity_proceeds,985000000,trailing 12 months,FNAM calculation,,,FNAM calculation,no,2026-10-09 18:30 ET
ORCL,Oracle,FY2024Q1,2023-08-31,2023-Q3,ttm_buybacks,898000000,trailing 12 months,FNAM calculation,,,FNAM calculation,no,2026-10-09 18:30 ET
ORCL,Oracle,FY2024Q1,2023-08-31,2023-Q3,ttm_dividends,3899000000,trailing 12 months,FNAM calculation,,,FNAM calculation,no,2026-10-09 18:30 ET
ORCL,Oracle,FY2024Q1,2023-08-31,2023-Q3,ttm_ebitda,16458000000,trailing 12 months,FNAM calculation,,,FNAM calculation,no,2026-10-09 18:30 ET
ORCL,Oracle,FY2024Q1,2023-08-31,2023-Q3,ttm_fcf,9455000000,trailing 12 months,FNAM calculation,,,FNAM calculation,no,2026-10-09 18:30 ET
ORCL,Oracle,FY2024Q1,2023-08-31,2023-Q3,ttm_capex_ocf,0.4671738517892364,trailing 12 months,FNAM calculation,,,FNAM calculation,no,2026-10-09 18:30 ET
ORCL,Oracle,FY2024Q1,2023-08-31,2023-Q3,ttm_int_cov,3.83375104427736,trailing 12 months,FNAM calculation,,,FNAM calculation,no,2026-10-09 18:30 ET
ORCL,Oracle,FY2024Q1,2023-08-31,2023-Q3,ttm_ebitda_int,4.58312447786132,trailing 12 months,FNAM calculation,,,FNAM calculation,no,2026-10-09 18:30 ET
ORCL,Oracle,FY2024Q1,2023-08-31,2023-Q3,ttm_nd_ebitda,4.6699477457771295,trailing 12 months,FNAM calculation,,,FNAM calculation,no,2026-10-09 18:30 ET
ORCL,Oracle,FY2024Q2,2023-11-30,2023-Q4,capex_cash,1080000000,quarter,ytd_subtraction,PaymentsToAcquirePropertyPlantAndEquipment,0000950170-24-134973 0000950170-24-104905,T1 (XBRL),no,2026-10-09 18:30 ET
ORCL,Oracle,FY2024Q2,2023-11-30,2023-Q4,ocf,143000000,quarter,ytd_subtraction,NetCashProvidedByUsedInOperatingActivities,0000950170-24-134973 0000950170-24-104905,T1 (XBRL),no,2026-10-09 18:30 ET
ORCL,Oracle,FY2024Q2,2023-11-30,2023-Q4,op_income,3622000000,quarter,reported,OperatingIncomeLoss,0000950170-24-134973,T1 (XBRL),no,2026-10-09 18:30 ET
ORCL,Oracle,FY2024Q2,2023-11-30,2023-Q4,da,798000000,quarter,ytd_subtraction,Depreciation,0000950170-24-134973 0000950170-24-104905,T1 (XBRL),no,2026-10-09 18:30 ET
ORCL,Oracle,FY2024Q2,2023-11-30,2023-Q4,interest_exp,888000000,quarter,reported,InterestExpense,0000950170-24-134973,T1 (XBRL),no,2026-10-09 18:30 ET
ORCL,Oracle,FY2024Q2,2023-11-30,2023-Q4,debt_proceeds,0,quarter,ytd_subtraction,ProceedsFromIssuanceOfSeniorLongTermDebt,0000950170-24-134973 0000950170-23-047713,T1 (XBRL),no,2026-10-09 18:30 ET
ORCL,Oracle,FY2024Q2,2023-11-30,2023-Q4,debt_repaid,2500000000,quarter,ytd_subtraction,RepaymentsOfDebt,0000950170-24-134973 0000950170-24-104905,T1 (XBRL),no,2026-10-09 18:30 ET
ORCL,Oracle,FY2024Q2,2023-11-30,2023-Q4,equity_proceeds,118000000,quarter,ytd_subtraction,ProceedsFromIssuanceOfCommonStock,0000950170-24-134973 0000950170-24-104905,T1 (XBRL),no,2026-10-09 18:30 ET
ORCL,Oracle,FY2024Q2,2023-11-30,2023-Q4,buybacks,450000000,quarter,ytd_subtraction,PaymentsForRepurchaseOfCommonStock,0000950170-24-134973 0000950170-24-104905,T1 (XBRL),no,2026-10-09 18:30 ET
ORCL,Oracle,FY2024Q2,2023-11-30,2023-Q4,dividends,1099000000,quarter,ytd_subtraction,PaymentsOfDividendsCommonStock,0000950170-24-134973 0000950170-24-104905,T1 (XBRL),no,2026-10-09 18:30 ET
ORCL,Oracle,FY2024Q2,2023-11-30,2023-Q4,fcf,-937000000,quarter,FNAM calculation,,,FNAM calculation,no,2026-10-09 18:30 ET
ORCL,Oracle,FY2024Q2,2023-11-30,2023-Q4,capex_ocf,7.5524475524475525,ratio,FNAM calculation,,,FNAM calculation,no,2026-10-09 18:30 ET
ORCL,Oracle,FY2024Q2,2023-11-30,2023-Q4,ttm_capex_cash,6935000000,trailing 12 months,FNAM calculation,,,FNAM calculation,no,2026-10-09 18:30 ET
ORCL,Oracle,FY2024Q2,2023-11-30,2023-Q4,ttm_revenue,51628000000,trailing 12 months,FNAM calculation,,,FNAM calculation,no,2026-10-09 18:30 ET
ORCL,Oracle,FY2024Q2,2023-11-30,2023-Q4,ttm_ocf,17039000000,trailing 12 months,FNAM calculation,,,FNAM calculation,no,2026-10-09 18:30 ET
ORCL,Oracle,FY2024Q2,2023-11-30,2023-Q4,ttm_op_income,14318000000,trailing 12 months,FNAM calculation,,,FNAM calculation,no,2026-10-09 18:30 ET
ORCL,Oracle,FY2024Q2,2023-11-30,2023-Q4,ttm_da,2898000000,trailing 12 months,FNAM calculation,,,FNAM calculation,no,2026-10-09 18:30 ET
ORCL,Oracle,FY2024Q2,2023-11-30,2023-Q4,ttm_interest_exp,3623000000,trailing 12 months,FNAM calculation,,,FNAM calculation,no,2026-10-09 18:30 ET
ORCL,Oracle,FY2024Q2,2023-11-30,2023-Q4,ttm_debt_proceeds,5214000000,trailing 12 months,FNAM calculation,,,FNAM calculation,no,2026-10-09 18:30 ET
ORCL,Oracle,FY2024Q2,2023-11-30,2023-Q4,ttm_debt_repaid,7858000000,trailing 12 months,FNAM calculation,,,FNAM calculation,no,2026-10-09 18:30 ET
ORCL,Oracle,FY2024Q2,2023-11-30,2023-Q4,ttm_equity_proceeds,957000000,trailing 12 months,FNAM calculation,,,FNAM calculation,no,2026-10-09 18:30 ET
ORCL,Oracle,FY2024Q2,2023-11-30,2023-Q4,ttm_buybacks,900000000,trailing 12 months,FNAM calculation,,,FNAM calculation,no,2026-10-09 18:30 ET
ORCL,Oracle,FY2024Q2,2023-11-30,2023-Q4,ttm_dividends,4135000000,trailing 12 months,FNAM calculation,,,FNAM calculation,no,2026-10-09 18:30 ET
ORCL,Oracle,FY2024Q2,2023-11-30,2023-Q4,ttm_ebitda,17216000000,trailing 12 months,FNAM calculation,,,FNAM calculation,no,2026-10-09 18:30 ET
ORCL,Oracle,FY2024Q2,2023-11-30,2023-Q4,ttm_fcf,10104000000,trailing 12 months,FNAM calculation,,,FNAM calculation,no,2026-10-09 18:30 ET
ORCL,Oracle,FY2024Q2,2023-11-30,2023-Q4,ttm_capex_ocf,0.40700745348905454,trailing 12 months,FNAM calculation,,,FNAM calculation,no,2026-10-09 18:30 ET
ORCL,Oracle,FY2024Q2,2023-11-30,2023-Q4,ttm_int_cov,3.9519735026221365,trailing 12 months,FNAM calculation,,,FNAM calculation,no,2026-10-09 18:30 ET
ORCL,Oracle,FY2024Q2,2023-11-30,2023-Q4,ttm_ebitda_int,4.751863096881038,trailing 12 months,FNAM calculation,,,FNAM calculation,no,2026-10-09 18:30 ET
ORCL,Oracle,FY2024Q2,2023-11-30,2023-Q4,ttm_nd_ebitda,4.6525906133829,trailing 12 months,FNAM calculation,,,FNAM calculation,no,2026-10-09 18:30 ET
ORCL,Oracle,FY2024Q3,2024-02-29,2024-Q1,capex_cash,1674000000,quarter,ytd_subtraction,PaymentsToAcquirePropertyPlantAndEquipment,0000950170-25-037143 0000950170-24-134973,T1 (XBRL),no,2026-10-09 18:30 ET
ORCL,Oracle,FY2024Q3,2024-02-29,2024-Q1,ocf,5475000000,quarter,ytd_subtraction,NetCashProvidedByUsedInOperatingActivities,0000950170-25-037143 0000950170-24-134973,T1 (XBRL),no,2026-10-09 18:30 ET
ORCL,Oracle,FY2024Q3,2024-02-29,2024-Q1,op_income,3750000000,quarter,reported,OperatingIncomeLoss,0000950170-25-037143,T1 (XBRL),no,2026-10-09 18:30 ET
ORCL,Oracle,FY2024Q3,2024-02-29,2024-Q1,da,808000000,quarter,ytd_subtraction,Depreciation,0000950170-25-037143 0000950170-24-134973,T1 (XBRL),no,2026-10-09 18:30 ET
ORCL,Oracle,FY2024Q3,2024-02-29,2024-Q1,interest_exp,876000000,quarter,reported,InterestExpense,0000950170-25-037143,T1 (XBRL),no,2026-10-09 18:30 ET
ORCL,Oracle,FY2024Q3,2024-02-29,2024-Q1,debt_proceeds,0,quarter,ytd_subtraction,ProceedsFromIssuanceOfSeniorLongTermDebt,0000950170-25-037143 0000950170-24-134973,T1 (XBRL),no,2026-10-09 18:30 ET
ORCL,Oracle,FY2024Q3,2024-02-29,2024-Q1,debt_repaid,0,quarter,ytd_subtraction,RepaymentsOfDebt,0000950170-25-037143 0000950170-24-134973,T1 (XBRL),no,2026-10-09 18:30 ET
ORCL,Oracle,FY2024Q3,2024-02-29,2024-Q1,cp_net,-813000000,quarter,ytd_subtraction,ProceedsFromRepaymentsOfCommercialPaper,0000950170-25-037143 0000950170-24-134973,T1 (XBRL),no,2026-10-09 18:30 ET
ORCL,Oracle,FY2024Q3,2024-02-29,2024-Q1,equity_proceeds,28000000,quarter,ytd_subtraction,ProceedsFromIssuanceOfCommonStock,0000950170-25-037143 0000950170-24-134973,T1 (XBRL),no,2026-10-09 18:30 ET
ORCL,Oracle,FY2024Q3,2024-02-29,2024-Q1,buybacks,450000000,quarter,ytd_subtraction,PaymentsForRepurchaseOfCommonStock,0000950170-25-037143 0000950170-24-134973,T1 (XBRL),no,2026-10-09 18:30 ET
ORCL,Oracle,FY2024Q3,2024-02-29,2024-Q1,dividends,1099000000,quarter,ytd_subtraction,PaymentsOfDividendsCommonStock,0000950170-25-037143 0000950170-24-134973,T1 (XBRL),no,2026-10-09 18:30 ET
ORCL,Oracle,FY2024Q3,2024-02-29,2024-Q1,fcf,3801000000,quarter,FNAM calculation,,,FNAM calculation,no,2026-10-09 18:30 ET
ORCL,Oracle,FY2024Q3,2024-02-29,2024-Q1,capex_ocf,0.30575342465753425,ratio,FNAM calculation,,,FNAM calculation,no,2026-10-09 18:30 ET
ORCL,Oracle,FY2024Q3,2024-02-29,2024-Q1,ttm_capex_cash,5981000000,trailing 12 months,FNAM calculation,,,FNAM calculation,no,2026-10-09 18:30 ET
ORCL,Oracle,FY2024Q3,2024-02-29,2024-Q1,ttm_revenue,52510000000,trailing 12 months,FNAM calculation,,,FNAM calculation,no,2026-10-09 18:30 ET
ORCL,Oracle,FY2024Q3,2024-02-29,2024-Q1,ttm_ocf,18239000000,trailing 12 months,FNAM calculation,,,FNAM calculation,no,2026-10-09 18:30 ET
ORCL,Oracle,FY2024Q3,2024-02-29,2024-Q1,ttm_op_income,14808000000,trailing 12 months,FNAM calculation,,,FNAM calculation,no,2026-10-09 18:30 ET
ORCL,Oracle,FY2024Q3,2024-02-29,2024-Q1,ttm_da,3034000000,trailing 12 months,FNAM calculation,,,FNAM calculation,no,2026-10-09 18:30 ET
ORCL,Oracle,FY2024Q3,2024-02-29,2024-Q1,ttm_interest_exp,3591000000,trailing 12 months,FNAM calculation,,,FNAM calculation,no,2026-10-09 18:30 ET
ORCL,Oracle,FY2024Q3,2024-02-29,2024-Q1,ttm_debt_proceeds,0,trailing 12 months,FNAM calculation,,,FNAM calculation,no,2026-10-09 18:30 ET
ORCL,Oracle,FY2024Q3,2024-02-29,2024-Q1,ttm_debt_repaid,3500000000,trailing 12 months,FNAM calculation,,,FNAM calculation,no,2026-10-09 18:30 ET
ORCL,Oracle,FY2024Q3,2024-02-29,2024-Q1,ttm_equity_proceeds,887000000,trailing 12 months,FNAM calculation,,,FNAM calculation,no,2026-10-09 18:30 ET
ORCL,Oracle,FY2024Q3,2024-02-29,2024-Q1,ttm_buybacks,1200000000,trailing 12 months,FNAM calculation,,,FNAM calculation,no,2026-10-09 18:30 ET
ORCL,Oracle,FY2024Q3,2024-02-29,2024-Q1,ttm_dividends,4371000000,trailing 12 months,FNAM calculation,,,FNAM calculation,no,2026-10-09 18:30 ET
ORCL,Oracle,FY2024Q3,2024-02-29,2024-Q1,ttm_ebitda,17842000000,trailing 12 months,FNAM calculation,,,FNAM calculation,no,2026-10-09 18:30 ET
ORCL,Oracle,FY2024Q3,2024-02-29,2024-Q1,ttm_fcf,12258000000,trailing 12 months,FNAM calculation,,,FNAM calculation,no,2026-10-09 18:30 ET
ORCL,Oracle,FY2024Q3,2024-02-29,2024-Q1,ttm_capex_ocf,0.3279236800263172,trailing 12 months,FNAM calculation,,,FNAM calculation,no,2026-10-09 18:30 ET
ORCL,Oracle,FY2024Q3,2024-02-29,2024-Q1,ttm_int_cov,4.123642439431913,trailing 12 months,FNAM calculation,,,FNAM calculation,no,2026-10-09 18:30 ET
ORCL,Oracle,FY2024Q3,2024-02-29,2024-Q1,ttm_ebitda_int,4.968532442216652,trailing 12 months,FNAM calculation,,,FNAM calculation,no,2026-10-09 18:30 ET
ORCL,Oracle,FY2024Q3,2024-02-29,2024-Q1,ttm_nd_ebitda,4.375966819863244,trailing 12 months,FNAM calculation,,,FNAM calculation,no,2026-10-09 18:30 ET
ORCL,Oracle,FY2024Q4,2024-05-31,2024-Q2,capex_cash,2798000000,quarter,fy_minus_9m,PaymentsToAcquirePropertyPlantAndEquipment,0001193125-26-277521 0000950170-25-037143,T1 (XBRL),no,2026-10-09 18:30 ET
ORCL,Oracle,FY2024Q4,2024-05-31,2024-Q2,ocf,6081000000,quarter,fy_minus_9m,NetCashProvidedByUsedInOperatingActivities,0001193125-26-277521 0000950170-25-037143,T1 (XBRL),no,2026-10-09 18:30 ET
ORCL,Oracle,FY2024Q4,2024-05-31,2024-Q2,op_income,4686000000,quarter,fy_minus_9m,OperatingIncomeLoss,0001193125-26-277521 0000950170-25-037143,T1 (XBRL),no,2026-10-09 18:30 ET
ORCL,Oracle,FY2024Q4,2024-05-31,2024-Q2,da,811000000,quarter,fy_minus_9m,Depreciation,0001193125-26-277521 0000950170-25-037143,T1 (XBRL),no,2026-10-09 18:30 ET
ORCL,Oracle,FY2024Q4,2024-05-31,2024-Q2,interest_exp,878000000,quarter,fy_minus_9m,InterestExpense,0001193125-26-277521 0000950170-25-037143,T1 (XBRL),no,2026-10-09 18:30 ET
ORCL,Oracle,FY2024Q4,2024-05-31,2024-Q2,debt_proceeds,0,quarter,fy_minus_9m,ProceedsFromIssuanceOfSeniorLongTermDebt,0001193125-26-277521 0000950170-25-037143,T1 (XBRL),no,2026-10-09 18:30 ET
ORCL,Oracle,FY2024Q4,2024-05-31,2024-Q2,debt_repaid,0,quarter,fy_minus_9m,RepaymentsOfDebt,0001193125-26-277521 0000950170-25-037143,T1 (XBRL),no,2026-10-09 18:30 ET
ORCL,Oracle,FY2024Q4,2024-05-31,2024-Q2,cp_net,-1103000000,quarter,fy_minus_9m,ProceedsFromRepaymentsOfCommercialPaper,0001193125-26-277521 0000950170-25-037143,T1 (XBRL),no,2026-10-09 18:30 ET
ORCL,Oracle,FY2024Q4,2024-05-31,2024-Q2,equity_proceeds,288000000,quarter,fy_minus_9m,ProceedsFromIssuanceOfCommonStock,0001193125-26-277521 0000950170-25-037143,T1 (XBRL),no,2026-10-09 18:30 ET
ORCL,Oracle,FY2024Q4,2024-05-31,2024-Q2,buybacks,152000000,quarter,fy_minus_9m,PaymentsForRepurchaseOfCommonStock,0001193125-26-277521 0000950170-25-037143,T1 (XBRL),no,2026-10-09 18:30 ET
ORCL,Oracle,FY2024Q4,2024-05-31,2024-Q2,dividends,1102000000,quarter,fy_minus_9m,PaymentsOfDividendsCommonStock,0001193125-26-277521 0000950170-25-037143,T1 (XBRL),no,2026-10-09 18:30 ET
ORCL,Oracle,FY2024Q4,2024-05-31,2024-Q2,fcf,3283000000,quarter,FNAM calculation,,,FNAM calculation,no,2026-10-09 18:30 ET
ORCL,Oracle,FY2024Q4,2024-05-31,2024-Q2,capex_ocf,0.46012169051142904,ratio,FNAM calculation,,,FNAM calculation,no,2026-10-09 18:30 ET
ORCL,Oracle,FY2024Q4,2024-05-31,2024-Q2,ttm_capex_cash,6866000000,trailing 12 months,FNAM calculation,,,FNAM calculation,no,2026-10-09 18:30 ET
ORCL,Oracle,FY2024Q4,2024-05-31,2024-Q2,ttm_fl_additions,0,trailing 12 months,FNAM calculation,,,FNAM calculation,no,2026-10-09 18:30 ET
ORCL,Oracle,FY2024Q4,2024-05-31,2024-Q2,ttm__fromFY,"fl_additions,ol_additions,cp_net,pref_proceeds,interest_paid",trailing 12 months,FNAM calculation,,,FNAM calculation,no,2026-10-09 18:30 ET
ORCL,Oracle,FY2024Q4,2024-05-31,2024-Q2,ttm_ol_additions,4246000000,trailing 12 months,FNAM calculation,,,FNAM calculation,no,2026-10-09 18:30 ET
ORCL,Oracle,FY2024Q4,2024-05-31,2024-Q2,ttm_revenue,52961000000,trailing 12 months,FNAM calculation,,,FNAM calculation,no,2026-10-09 18:30 ET
ORCL,Oracle,FY2024Q4,2024-05-31,2024-Q2,ttm_ocf,18673000000,trailing 12 months,FNAM calculation,,,FNAM calculation,no,2026-10-09 18:30 ET
ORCL,Oracle,FY2024Q4,2024-05-31,2024-Q2,ttm_op_income,15354000000,trailing 12 months,FNAM calculation,,,FNAM calculation,no,2026-10-09 18:30 ET
ORCL,Oracle,FY2024Q4,2024-05-31,2024-Q2,ttm_da,3129000000,trailing 12 months,FNAM calculation,,,FNAM calculation,no,2026-10-09 18:30 ET
ORCL,Oracle,FY2024Q4,2024-05-31,2024-Q2,ttm_interest_exp,3514000000,trailing 12 months,FNAM calculation,,,FNAM calculation,no,2026-10-09 18:30 ET
ORCL,Oracle,FY2024Q4,2024-05-31,2024-Q2,ttm_debt_proceeds,0,trailing 12 months,FNAM calculation,,,FNAM calculation,no,2026-10-09 18:30 ET
ORCL,Oracle,FY2024Q4,2024-05-31,2024-Q2,ttm_debt_repaid,3500000000,trailing 12 months,FNAM calculation,,,FNAM calculation,no,2026-10-09 18:30 ET
ORCL,Oracle,FY2024Q4,2024-05-31,2024-Q2,ttm_cp_net,-167000000,trailing 12 months,FNAM calculation,,,FNAM calculation,no,2026-10-09 18:30 ET
ORCL,Oracle,FY2024Q4,2024-05-31,2024-Q2,ttm_equity_proceeds,742000000,trailing 12 months,FNAM calculation,,,FNAM calculation,no,2026-10-09 18:30 ET
ORCL,Oracle,FY2024Q4,2024-05-31,2024-Q2,ttm_pref_proceeds,0,trailing 12 months,FNAM calculation,,,FNAM calculation,no,2026-10-09 18:30 ET
ORCL,Oracle,FY2024Q4,2024-05-31,2024-Q2,ttm_buybacks,1202000000,trailing 12 months,FNAM calculation,,,FNAM calculation,no,2026-10-09 18:30 ET
ORCL,Oracle,FY2024Q4,2024-05-31,2024-Q2,ttm_interest_paid,3655000000,trailing 12 months,FNAM calculation,,,FNAM calculation,no,2026-10-09 18:30 ET
ORCL,Oracle,FY2024Q4,2024-05-31,2024-Q2,ttm_dividends,4391000000,trailing 12 months,FNAM calculation,,,FNAM calculation,no,2026-10-09 18:30 ET
ORCL,Oracle,FY2024Q4,2024-05-31,2024-Q2,ttm_ebitda,18483000000,trailing 12 months,FNAM calculation,,,FNAM calculation,no,2026-10-09 18:30 ET
ORCL,Oracle,FY2024Q4,2024-05-31,2024-Q2,ttm_capex_incl_fl,6866000000,trailing 12 months,FNAM calculation,,,FNAM calculation,no,2026-10-09 18:30 ET
ORCL,Oracle,FY2024Q4,2024-05-31,2024-Q2,ttm_fcf,11807000000,trailing 12 months,FNAM calculation,,,FNAM calculation,no,2026-10-09 18:30 ET
ORCL,Oracle,FY2024Q4,2024-05-31,2024-Q2,ttm_capex_ocf,0.36769667434263376,trailing 12 months,FNAM calculation,,,FNAM calculation,no,2026-10-09 18:30 ET
ORCL,Oracle,FY2024Q4,2024-05-31,2024-Q2,ttm_int_cov,4.369379624359704,trailing 12 months,FNAM calculation,,,FNAM calculation,no,2026-10-09 18:30 ET
ORCL,Oracle,FY2024Q4,2024-05-31,2024-Q2,ttm_ebitda_int,5.259817871371657,trailing 12 months,FNAM calculation,,,FNAM calculation,no,2026-10-09 18:30 ET
ORCL,Oracle,FY2024Q4,2024-05-31,2024-Q2,ttm_nd_ebitda,4.123140182870746,trailing 12 months,FNAM calculation,,,FNAM calculation,no,2026-10-09 18:30 ET
ORCL,Oracle,FY2024Q4,2024-05-31,2024-Q2,ttm_land_ebitda,4.531353135313531,trailing 12 months,FNAM calculation,,,FNAM calculation,no,2026-10-09 18:30 ET
ORCL,Oracle,FY2025Q1,2024-08-31,2024-Q3,capex_cash,2303000000,quarter,reported,PaymentsToAcquirePropertyPlantAndEquipment,0001193125-25-200095,T1 (XBRL),no,2026-10-09 18:30 ET
ORCL,Oracle,FY2025Q1,2024-08-31,2024-Q3,fl_principal,0,quarter,reported,FinanceLeasePrincipalPayments,0001193125-25-200095,T1 (XBRL),no,2026-10-09 18:30 ET
ORCL,Oracle,FY2025Q1,2024-08-31,2024-Q3,ocf,7427000000,quarter,reported,NetCashProvidedByUsedInOperatingActivities,0001193125-25-200095,T1 (XBRL),no,2026-10-09 18:30 ET
ORCL,Oracle,FY2025Q1,2024-08-31,2024-Q3,op_income,3991000000,quarter,reported,OperatingIncomeLoss,0001193125-25-200095,T1 (XBRL),no,2026-10-09 18:30 ET
ORCL,Oracle,FY2025Q1,2024-08-31,2024-Q3,da,804000000,quarter,reported,Depreciation,0001193125-25-200095,T1 (XBRL),no,2026-10-09 18:30 ET
ORCL,Oracle,FY2025Q1,2024-08-31,2024-Q3,interest_exp,842000000,quarter,reported,InterestExpense,0001193125-25-200095,T1 (XBRL),no,2026-10-09 18:30 ET
ORCL,Oracle,FY2025Q1,2024-08-31,2024-Q3,debt_proceeds,5627000000,quarter,reported,ProceedsFromIssuanceOfLongTermDebt,0001193125-25-200095,T1 (XBRL),no,2026-10-09 18:30 ET
ORCL,Oracle,FY2025Q1,2024-08-31,2024-Q3,debt_repaid,7630000000,quarter,reported,RepaymentsOfDebt,0001193125-25-200095,T1 (XBRL),no,2026-10-09 18:30 ET
ORCL,Oracle,FY2025Q1,2024-08-31,2024-Q3,equity_proceeds,179000000,quarter,reported,ProceedsFromIssuanceOfCommonStock,0001193125-25-200095,T1 (XBRL),no,2026-10-09 18:30 ET
ORCL,Oracle,FY2025Q1,2024-08-31,2024-Q3,buybacks,150000000,quarter,reported,PaymentsForRepurchaseOfCommonStock,0001193125-25-200095,T1 (XBRL),no,2026-10-09 18:30 ET
ORCL,Oracle,FY2025Q1,2024-08-31,2024-Q3,dividends,1103000000,quarter,reported,PaymentsOfDividendsCommonStock,0001193125-25-200095,T1 (XBRL),no,2026-10-09 18:30 ET
ORCL,Oracle,FY2025Q1,2024-08-31,2024-Q3,fcf,5124000000,quarter,FNAM calculation,,,FNAM calculation,no,2026-10-09 18:30 ET
ORCL,Oracle,FY2025Q1,2024-08-31,2024-Q3,capex_ocf,0.3100848256361923,ratio,FNAM calculation,,,FNAM calculation,no,2026-10-09 18:30 ET
ORCL,Oracle,FY2025Q1,2024-08-31,2024-Q3,fcf_after_fl,5124000000,quarter,FNAM calculation,,,FNAM calculation,no,2026-10-09 18:30 ET
ORCL,Oracle,FY2025Q1,2024-08-31,2024-Q3,ttm_capex_cash,7855000000,trailing 12 months,FNAM calculation,,,FNAM calculation,no,2026-10-09 18:30 ET
ORCL,Oracle,FY2025Q1,2024-08-31,2024-Q3,ttm_revenue,53815000000,trailing 12 months,FNAM calculation,,,FNAM calculation,no,2026-10-09 18:30 ET
ORCL,Oracle,FY2025Q1,2024-08-31,2024-Q3,ttm_ocf,19126000000,trailing 12 months,FNAM calculation,,,FNAM calculation,no,2026-10-09 18:30 ET
ORCL,Oracle,FY2025Q1,2024-08-31,2024-Q3,ttm_op_income,16049000000,trailing 12 months,FNAM calculation,,,FNAM calculation,no,2026-10-09 18:30 ET
ORCL,Oracle,FY2025Q1,2024-08-31,2024-Q3,ttm_da,3221000000,trailing 12 months,FNAM calculation,,,FNAM calculation,no,2026-10-09 18:30 ET
ORCL,Oracle,FY2025Q1,2024-08-31,2024-Q3,ttm_interest_exp,3484000000,trailing 12 months,FNAM calculation,,,FNAM calculation,no,2026-10-09 18:30 ET
ORCL,Oracle,FY2025Q1,2024-08-31,2024-Q3,ttm_debt_proceeds,5627000000,trailing 12 months,FNAM calculation,,,FNAM calculation,no,2026-10-09 18:30 ET
ORCL,Oracle,FY2025Q1,2024-08-31,2024-Q3,ttm_debt_repaid,10130000000,trailing 12 months,FNAM calculation,,,FNAM calculation,no,2026-10-09 18:30 ET
ORCL,Oracle,FY2025Q1,2024-08-31,2024-Q3,ttm_equity_proceeds,613000000,trailing 12 months,FNAM calculation,,,FNAM calculation,no,2026-10-09 18:30 ET
ORCL,Oracle,FY2025Q1,2024-08-31,2024-Q3,ttm_buybacks,1202000000,trailing 12 months,FNAM calculation,,,FNAM calculation,no,2026-10-09 18:30 ET
ORCL,Oracle,FY2025Q1,2024-08-31,2024-Q3,ttm_dividends,4403000000,trailing 12 months,FNAM calculation,,,FNAM calculation,no,2026-10-09 18:30 ET
ORCL,Oracle,FY2025Q1,2024-08-31,2024-Q3,ttm_ebitda,19270000000,trailing 12 months,FNAM calculation,,,FNAM calculation,no,2026-10-09 18:30 ET
ORCL,Oracle,FY2025Q1,2024-08-31,2024-Q3,ttm_fcf,11271000000,trailing 12 months,FNAM calculation,,,FNAM calculation,no,2026-10-09 18:30 ET
ORCL,Oracle,FY2025Q1,2024-08-31,2024-Q3,ttm_capex_ocf,0.41069747987033356,trailing 12 months,FNAM calculation,,,FNAM calculation,no,2026-10-09 18:30 ET
ORCL,Oracle,FY2025Q1,2024-08-31,2024-Q3,ttm_int_cov,4.606486796785304,trailing 12 months,FNAM calculation,,,FNAM calculation,no,2026-10-09 18:30 ET
ORCL,Oracle,FY2025Q1,2024-08-31,2024-Q3,ttm_ebitda_int,5.530998851894374,trailing 12 months,FNAM calculation,,,FNAM calculation,no,2026-10-09 18:30 ET
ORCL,Oracle,FY2025Q1,2024-08-31,2024-Q3,ttm_nd_ebitda,3.8196159833938763,trailing 12 months,FNAM calculation,,,FNAM calculation,no,2026-10-09 18:30 ET
ORCL,Oracle,FY2025Q2,2024-11-30,2024-Q4,capex_cash,3970000000,quarter,ytd_subtraction,PaymentsToAcquirePropertyPlantAndEquipment,0001193125-25-315925 0001193125-25-200095,T1 (XBRL),no,2026-10-09 18:30 ET
ORCL,Oracle,FY2025Q2,2024-11-30,2024-Q4,fl_principal,0,quarter,ytd_subtraction,FinanceLeasePrincipalPayments,0001193125-25-315925 0001193125-25-200095,T1 (XBRL),no,2026-10-09 18:30 ET
ORCL,Oracle,FY2025Q2,2024-11-30,2024-Q4,ocf,1304000000,quarter,ytd_subtraction,NetCashProvidedByUsedInOperatingActivities,0001193125-25-315925 0001193125-25-200095,T1 (XBRL),no,2026-10-09 18:30 ET
ORCL,Oracle,FY2025Q2,2024-11-30,2024-Q4,op_income,4220000000,quarter,reported,OperatingIncomeLoss,0001193125-25-315925,T1 (XBRL),no,2026-10-09 18:30 ET
ORCL,Oracle,FY2025Q2,2024-11-30,2024-Q4,da,908000000,quarter,ytd_subtraction,Depreciation,0001193125-25-315925 0001193125-25-200095,T1 (XBRL),no,2026-10-09 18:30 ET
ORCL,Oracle,FY2025Q2,2024-11-30,2024-Q4,interest_exp,866000000,quarter,reported,InterestExpense,0001193125-25-315925,T1 (XBRL),no,2026-10-09 18:30 ET
ORCL,Oracle,FY2025Q2,2024-11-30,2024-Q4,debt_proceeds,6210000000,quarter,ytd_subtraction,ProceedsFromIssuanceOfSeniorLongTermDebt − ProceedsFromIssuanceOfLongTermDebt,0001193125-25-315925 0001193125-25-200095,T1 (XBRL),no,2026-10-09 18:30 ET
ORCL,Oracle,FY2025Q2,2024-11-30,2024-Q4,debt_repaid,2070000000,quarter,ytd_subtraction,RepaymentsOfDebt,0001193125-25-315925 0001193125-25-200095,T1 (XBRL),no,2026-10-09 18:30 ET
ORCL,Oracle,FY2025Q2,2024-11-30,2024-Q4,equity_proceeds,128000000,quarter,ytd_subtraction,ProceedsFromIssuanceOfCommonStock,0001193125-25-315925 0001193125-25-200095,T1 (XBRL),no,2026-10-09 18:30 ET
ORCL,Oracle,FY2025Q2,2024-11-30,2024-Q4,buybacks,150000000,quarter,ytd_subtraction,PaymentsForRepurchaseOfCommonStock,0001193125-25-315925 0001193125-25-200095,T1 (XBRL),no,2026-10-09 18:30 ET
ORCL,Oracle,FY2025Q2,2024-11-30,2024-Q4,dividends,1118000000,quarter,ytd_subtraction,PaymentsOfDividendsCommonStock,0001193125-25-315925 0001193125-25-200095,T1 (XBRL),no,2026-10-09 18:30 ET
ORCL,Oracle,FY2025Q2,2024-11-30,2024-Q4,fcf,-2666000000,quarter,FNAM calculation,,,FNAM calculation,no,2026-10-09 18:30 ET
ORCL,Oracle,FY2025Q2,2024-11-30,2024-Q4,capex_ocf,3.044478527607362,ratio,FNAM calculation,,,FNAM calculation,no,2026-10-09 18:30 ET
ORCL,Oracle,FY2025Q2,2024-11-30,2024-Q4,fcf_after_fl,-2666000000,quarter,FNAM calculation,,,FNAM calculation,no,2026-10-09 18:30 ET
ORCL,Oracle,FY2025Q2,2024-11-30,2024-Q4,ttm_capex_cash,10745000000,trailing 12 months,FNAM calculation,,,FNAM calculation,no,2026-10-09 18:30 ET
ORCL,Oracle,FY2025Q2,2024-11-30,2024-Q4,ttm_revenue,54933000000,trailing 12 months,FNAM calculation,,,FNAM calculation,no,2026-10-09 18:30 ET
ORCL,Oracle,FY2025Q2,2024-11-30,2024-Q4,ttm_ocf,20287000000,trailing 12 months,FNAM calculation,,,FNAM calculation,no,2026-10-09 18:30 ET
ORCL,Oracle,FY2025Q2,2024-11-30,2024-Q4,ttm_op_income,16647000000,trailing 12 months,FNAM calculation,,,FNAM calculation,no,2026-10-09 18:30 ET
ORCL,Oracle,FY2025Q2,2024-11-30,2024-Q4,ttm_da,3331000000,trailing 12 months,FNAM calculation,,,FNAM calculation,no,2026-10-09 18:30 ET
ORCL,Oracle,FY2025Q2,2024-11-30,2024-Q4,ttm_interest_exp,3462000000,trailing 12 months,FNAM calculation,,,FNAM calculation,no,2026-10-09 18:30 ET
ORCL,Oracle,FY2025Q2,2024-11-30,2024-Q4,ttm_debt_proceeds,11837000000,trailing 12 months,FNAM calculation,,,FNAM calculation,no,2026-10-09 18:30 ET
ORCL,Oracle,FY2025Q2,2024-11-30,2024-Q4,ttm_debt_repaid,9700000000,trailing 12 months,FNAM calculation,,,FNAM calculation,no,2026-10-09 18:30 ET
ORCL,Oracle,FY2025Q2,2024-11-30,2024-Q4,ttm_equity_proceeds,623000000,trailing 12 months,FNAM calculation,,,FNAM calculation,no,2026-10-09 18:30 ET
ORCL,Oracle,FY2025Q2,2024-11-30,2024-Q4,ttm_buybacks,902000000,trailing 12 months,FNAM calculation,,,FNAM calculation,no,2026-10-09 18:30 ET
ORCL,Oracle,FY2025Q2,2024-11-30,2024-Q4,ttm_dividends,4422000000,trailing 12 months,FNAM calculation,,,FNAM calculation,no,2026-10-09 18:30 ET
ORCL,Oracle,FY2025Q2,2024-11-30,2024-Q4,ttm_ebitda,19978000000,trailing 12 months,FNAM calculation,,,FNAM calculation,no,2026-10-09 18:30 ET
ORCL,Oracle,FY2025Q2,2024-11-30,2024-Q4,ttm_fcf,9542000000,trailing 12 months,FNAM calculation,,,FNAM calculation,no,2026-10-09 18:30 ET
ORCL,Oracle,FY2025Q2,2024-11-30,2024-Q4,ttm_capex_ocf,0.529649529255188,trailing 12 months,FNAM calculation,,,FNAM calculation,no,2026-10-09 18:30 ET
ORCL,Oracle,FY2025Q2,2024-11-30,2024-Q4,ttm_int_cov,4.808492201039861,trailing 12 months,FNAM calculation,,,FNAM calculation,no,2026-10-09 18:30 ET
ORCL,Oracle,FY2025Q2,2024-11-30,2024-Q4,ttm_ebitda_int,5.770652801848643,trailing 12 months,FNAM calculation,,,FNAM calculation,no,2026-10-09 18:30 ET
ORCL,Oracle,FY2025Q2,2024-11-30,2024-Q4,ttm_nd_ebitda,3.869906897587346,trailing 12 months,FNAM calculation,,,FNAM calculation,no,2026-10-09 18:30 ET
ORCL,Oracle,FY2025Q3,2025-02-28,2025-Q1,capex_cash,5862000000,quarter,ytd_subtraction,PaymentsToAcquirePropertyPlantAndEquipment,0001193125-26-101045 0001193125-25-315925,T1 (XBRL),no,2026-10-09 18:30 ET
ORCL,Oracle,FY2025Q3,2025-02-28,2025-Q1,fl_principal,8000000,quarter,ytd_subtraction,FinanceLeasePrincipalPayments,0001193125-26-101045 0001193125-25-315925,T1 (XBRL),no,2026-10-09 18:30 ET
ORCL,Oracle,FY2025Q3,2025-02-28,2025-Q1,ocf,5933000000,quarter,ytd_subtraction,NetCashProvidedByUsedInOperatingActivities,0001193125-26-101045 0001193125-25-315925,T1 (XBRL),no,2026-10-09 18:30 ET
ORCL,Oracle,FY2025Q3,2025-02-28,2025-Q1,op_income,4358000000,quarter,reported,OperatingIncomeLoss,0001193125-26-101045,T1 (XBRL),no,2026-10-09 18:30 ET
ORCL,Oracle,FY2025Q3,2025-02-28,2025-Q1,da,1003000000,quarter,ytd_subtraction,Depreciation,0001193125-26-101045 0001193125-25-315925,T1 (XBRL),no,2026-10-09 18:30 ET
ORCL,Oracle,FY2025Q3,2025-02-28,2025-Q1,interest_exp,892000000,quarter,reported,InterestExpense,0001193125-26-101045,T1 (XBRL),no,2026-10-09 18:30 ET
ORCL,Oracle,FY2025Q3,2025-02-28,2025-Q1,debt_proceeds,7711000000,quarter,ytd_subtraction,ProceedsFromIssuanceOfSeniorLongTermDebt,0001193125-26-101045 0001193125-25-315925,T1 (XBRL),no,2026-10-09 18:30 ET
ORCL,Oracle,FY2025Q3,2025-02-28,2025-Q1,debt_repaid,71000000,quarter,ytd_subtraction,RepaymentsOfDebt,0001193125-26-101045 0001193125-25-315925,T1 (XBRL),no,2026-10-09 18:30 ET
ORCL,Oracle,FY2025Q3,2025-02-28,2025-Q1,cp_net,0,quarter,ytd_subtraction,ProceedsFromRepaymentsOfCommercialPaper,0000950170-25-037143 0000950170-24-134973,T1 (XBRL),no,2026-10-09 18:30 ET
ORCL,Oracle,FY2025Q3,2025-02-28,2025-Q1,equity_proceeds,213000000,quarter,ytd_subtraction,ProceedsFromIssuanceOfCommonStock,0001193125-26-101045 0001193125-25-315925,T1 (XBRL),no,2026-10-09 18:30 ET
ORCL,Oracle,FY2025Q3,2025-02-28,2025-Q1,buybacks,150000000,quarter,ytd_subtraction,PaymentsForRepurchaseOfCommonStock,0001193125-26-101045 0001193125-25-315925,T1 (XBRL),no,2026-10-09 18:30 ET
ORCL,Oracle,FY2025Q3,2025-02-28,2025-Q1,dividends,1119000000,quarter,ytd_subtraction,PaymentsOfDividendsCommonStock,0001193125-26-101045 0001193125-25-315925,T1 (XBRL),no,2026-10-09 18:30 ET
ORCL,Oracle,FY2025Q3,2025-02-28,2025-Q1,fcf,71000000,quarter,FNAM calculation,,,FNAM calculation,no,2026-10-09 18:30 ET
ORCL,Oracle,FY2025Q3,2025-02-28,2025-Q1,capex_ocf,0.9880330355637957,ratio,FNAM calculation,,,FNAM calculation,no,2026-10-09 18:30 ET
ORCL,Oracle,FY2025Q3,2025-02-28,2025-Q1,fcf_after_fl,63000000,quarter,FNAM calculation,,,FNAM calculation,no,2026-10-09 18:30 ET
ORCL,Oracle,FY2025Q3,2025-02-28,2025-Q1,ttm_capex_cash,14933000000,trailing 12 months,FNAM calculation,,,FNAM calculation,no,2026-10-09 18:30 ET
ORCL,Oracle,FY2025Q3,2025-02-28,2025-Q1,ttm_revenue,55783000000,trailing 12 months,FNAM calculation,,,FNAM calculation,no,2026-10-09 18:30 ET
ORCL,Oracle,FY2025Q3,2025-02-28,2025-Q1,ttm_ocf,20745000000,trailing 12 months,FNAM calculation,,,FNAM calculation,no,2026-10-09 18:30 ET
ORCL,Oracle,FY2025Q3,2025-02-28,2025-Q1,ttm_op_income,17255000000,trailing 12 months,FNAM calculation,,,FNAM calculation,no,2026-10-09 18:30 ET
ORCL,Oracle,FY2025Q3,2025-02-28,2025-Q1,ttm_da,3526000000,trailing 12 months,FNAM calculation,,,FNAM calculation,no,2026-10-09 18:30 ET
ORCL,Oracle,FY2025Q3,2025-02-28,2025-Q1,ttm_interest_exp,3478000000,trailing 12 months,FNAM calculation,,,FNAM calculation,no,2026-10-09 18:30 ET
ORCL,Oracle,FY2025Q3,2025-02-28,2025-Q1,ttm_debt_proceeds,19548000000,trailing 12 months,FNAM calculation,,,FNAM calculation,no,2026-10-09 18:30 ET
ORCL,Oracle,FY2025Q3,2025-02-28,2025-Q1,ttm_debt_repaid,9771000000,trailing 12 months,FNAM calculation,,,FNAM calculation,no,2026-10-09 18:30 ET
ORCL,Oracle,FY2025Q3,2025-02-28,2025-Q1,ttm_equity_proceeds,808000000,trailing 12 months,FNAM calculation,,,FNAM calculation,no,2026-10-09 18:30 ET
ORCL,Oracle,FY2025Q3,2025-02-28,2025-Q1,ttm_buybacks,602000000,trailing 12 months,FNAM calculation,,,FNAM calculation,no,2026-10-09 18:30 ET
ORCL,Oracle,FY2025Q3,2025-02-28,2025-Q1,ttm_dividends,4442000000,trailing 12 months,FNAM calculation,,,FNAM calculation,no,2026-10-09 18:30 ET
ORCL,Oracle,FY2025Q3,2025-02-28,2025-Q1,ttm_ebitda,20781000000,trailing 12 months,FNAM calculation,,,FNAM calculation,no,2026-10-09 18:30 ET
ORCL,Oracle,FY2025Q3,2025-02-28,2025-Q1,ttm_fcf,5812000000,trailing 12 months,FNAM calculation,,,FNAM calculation,no,2026-10-09 18:30 ET
ORCL,Oracle,FY2025Q3,2025-02-28,2025-Q1,ttm_capex_ocf,0.7198361050855628,trailing 12 months,FNAM calculation,,,FNAM calculation,no,2026-10-09 18:30 ET
ORCL,Oracle,FY2025Q3,2025-02-28,2025-Q1,ttm_int_cov,4.961184588844163,trailing 12 months,FNAM calculation,,,FNAM calculation,no,2026-10-09 18:30 ET
ORCL,Oracle,FY2025Q3,2025-02-28,2025-Q1,ttm_ebitda_int,5.974985623921794,trailing 12 months,FNAM calculation,,,FNAM calculation,no,2026-10-09 18:30 ET
ORCL,Oracle,FY2025Q3,2025-02-28,2025-Q1,ttm_nd_ebitda,3.775227371156345,trailing 12 months,FNAM calculation,,,FNAM calculation,no,2026-10-09 18:30 ET
ORCL,Oracle,FY2025Q3,2025-02-28,2025-Q1,ttm_land_ebitda,4.395986718637217,trailing 12 months,FNAM calculation,,,FNAM calculation,no,2026-10-09 18:30 ET
ORCL,Oracle,FY2025Q4,2025-05-31,2025-Q2,capex_cash,9080000000,quarter,fy_minus_9m,PaymentsToAcquirePropertyPlantAndEquipment,0001193125-26-277521 0001193125-26-101045,T1 (XBRL),no,2026-10-09 18:30 ET
ORCL,Oracle,FY2025Q4,2025-05-31,2025-Q2,fl_additions,2019000000,quarter,fy_minus_9m,RightOfUseAssetObtainedInExchangeForFinanceLeaseLiability,0001193125-26-277521 0001193125-26-101045,T1 (XBRL),no,2026-10-09 18:30 ET
ORCL,Oracle,FY2025Q4,2025-05-31,2025-Q2,ol_additions,1566000000,quarter,fy_minus_9m,RightOfUseAssetObtainedInExchangeForOperatingLeaseLiability,0001193125-26-277521 0001193125-26-101045,T1 (XBRL),no,2026-10-09 18:30 ET
ORCL,Oracle,FY2025Q4,2025-05-31,2025-Q2,fl_principal,19000000,quarter,fy_minus_9m,FinanceLeasePrincipalPayments,0000950170-25-087926 0001193125-26-101045,T1 (XBRL),no,2026-10-09 18:30 ET
ORCL,Oracle,FY2025Q4,2025-05-31,2025-Q2,ocf,6157000000,quarter,fy_minus_9m,NetCashProvidedByUsedInOperatingActivities,0001193125-26-277521 0001193125-26-101045,T1 (XBRL),no,2026-10-09 18:30 ET
ORCL,Oracle,FY2025Q4,2025-05-31,2025-Q2,op_income,5109000000,quarter,fy_minus_9m,OperatingIncomeLoss,0001193125-26-277521 0001193125-26-101045,T1 (XBRL),no,2026-10-09 18:30 ET
ORCL,Oracle,FY2025Q4,2025-05-31,2025-Q2,da,1152000000,quarter,fy_minus_9m,Depreciation,0001193125-26-277521 0001193125-26-101045,T1 (XBRL),no,2026-10-09 18:30 ET
ORCL,Oracle,FY2025Q4,2025-05-31,2025-Q2,interest_exp,978000000,quarter,fy_minus_9m,InterestExpense,0001193125-26-277521 0001193125-26-101045,T1 (XBRL),no,2026-10-09 18:30 ET
ORCL,Oracle,FY2025Q4,2025-05-31,2025-Q2,debt_proceeds,0,quarter,fy_minus_9m,ProceedsFromIssuanceOfSeniorLongTermDebt,0001193125-26-277521 0001193125-26-101045,T1 (XBRL),no,2026-10-09 18:30 ET
ORCL,Oracle,FY2025Q4,2025-05-31,2025-Q2,debt_repaid,6070000000,quarter,fy_minus_9m,RepaymentsOfDebt,0001193125-26-277521 0001193125-26-101045,T1 (XBRL),no,2026-10-09 18:30 ET
ORCL,Oracle,FY2025Q4,2025-05-31,2025-Q2,cp_net,2285000000,quarter,fy_minus_9m,ProceedsFromRepaymentsOfCommercialPaper,0001193125-26-277521 0000950170-25-037143,T1 (XBRL),no,2026-10-09 18:30 ET
ORCL,Oracle,FY2025Q4,2025-05-31,2025-Q2,equity_proceeds,133000000,quarter,fy_minus_9m,ProceedsFromIssuanceOfCommonStock,0001193125-26-277521 0001193125-26-101045,T1 (XBRL),no,2026-10-09 18:30 ET
ORCL,Oracle,FY2025Q4,2025-05-31,2025-Q2,pref_proceeds,0,quarter,fy_minus_9m,ProceedsFromIssuanceOfConvertiblePreferredStock,0001193125-26-277521 0001193125-26-101045,T1 (XBRL),no,2026-10-09 18:30 ET
ORCL,Oracle,FY2025Q4,2025-05-31,2025-Q2,buybacks,150000000,quarter,fy_minus_9m,PaymentsForRepurchaseOfCommonStock,0001193125-26-277521 0001193125-26-101045,T1 (XBRL),no,2026-10-09 18:30 ET
ORCL,Oracle,FY2025Q4,2025-05-31,2025-Q2,dividends,1403000000,quarter,fy_minus_9m,PaymentsOfDividendsCommonStock,0001193125-26-277521 0001193125-26-101045,T1 (XBRL),no,2026-10-09 18:30 ET
ORCL,Oracle,FY2025Q4,2025-05-31,2025-Q2,capex_incl_fl,11099000000,quarter,FNAM calculation,,,FNAM calculation,no,2026-10-09 18:30 ET
ORCL,Oracle,FY2025Q4,2025-05-31,2025-Q2,fcf,-2923000000,quarter,FNAM calculation,,,FNAM calculation,no,2026-10-09 18:30 ET
ORCL,Oracle,FY2025Q4,2025-05-31,2025-Q2,capex_ocf,1.4747441936007797,ratio,FNAM calculation,,,FNAM calculation,no,2026-10-09 18:30 ET
ORCL,Oracle,FY2025Q4,2025-05-31,2025-Q2,fcf_after_fl,-2942000000,quarter,FNAM calculation,,,FNAM calculation,no,2026-10-09 18:30 ET
ORCL,Oracle,FY2025Q4,2025-05-31,2025-Q2,ttm_capex_cash,21215000000,trailing 12 months,FNAM calculation,,,FNAM calculation,no,2026-10-09 18:30 ET
ORCL,Oracle,FY2025Q4,2025-05-31,2025-Q2,ttm_fl_additions,2921000000,trailing 12 months,FNAM calculation,,,FNAM calculation,no,2026-10-09 18:30 ET
ORCL,Oracle,FY2025Q4,2025-05-31,2025-Q2,ttm__fromFY,"fl_additions,ol_additions,cp_net,pref_proceeds,interest_paid",trailing 12 months,FNAM calculation,,,FNAM calculation,no,2026-10-09 18:30 ET
ORCL,Oracle,FY2025Q4,2025-05-31,2025-Q2,ttm_ol_additions,6970000000,trailing 12 months,FNAM calculation,,,FNAM calculation,no,2026-10-09 18:30 ET
ORCL,Oracle,FY2025Q4,2025-05-31,2025-Q2,ttm_fl_principal,27000000,trailing 12 months,FNAM calculation,,,FNAM calculation,no,2026-10-09 18:30 ET
ORCL,Oracle,FY2025Q4,2025-05-31,2025-Q2,ttm_revenue,57399000000,trailing 12 months,FNAM calculation,,,FNAM calculation,no,2026-10-09 18:30 ET
ORCL,Oracle,FY2025Q4,2025-05-31,2025-Q2,ttm_ocf,20821000000,trailing 12 months,FNAM calculation,,,FNAM calculation,no,2026-10-09 18:30 ET
ORCL,Oracle,FY2025Q4,2025-05-31,2025-Q2,ttm_op_income,17678000000,trailing 12 months,FNAM calculation,,,FNAM calculation,no,2026-10-09 18:30 ET
ORCL,Oracle,FY2025Q4,2025-05-31,2025-Q2,ttm_da,3867000000,trailing 12 months,FNAM calculation,,,FNAM calculation,no,2026-10-09 18:30 ET
ORCL,Oracle,FY2025Q4,2025-05-31,2025-Q2,ttm_interest_exp,3578000000,trailing 12 months,FNAM calculation,,,FNAM calculation,no,2026-10-09 18:30 ET
ORCL,Oracle,FY2025Q4,2025-05-31,2025-Q2,ttm_debt_proceeds,19548000000,trailing 12 months,FNAM calculation,,,FNAM calculation,no,2026-10-09 18:30 ET
ORCL,Oracle,FY2025Q4,2025-05-31,2025-Q2,ttm_debt_repaid,15841000000,trailing 12 months,FNAM calculation,,,FNAM calculation,no,2026-10-09 18:30 ET
ORCL,Oracle,FY2025Q4,2025-05-31,2025-Q2,ttm_cp_net,1889000000,trailing 12 months,FNAM calculation,,,FNAM calculation,no,2026-10-09 18:30 ET
ORCL,Oracle,FY2025Q4,2025-05-31,2025-Q2,ttm_equity_proceeds,653000000,trailing 12 months,FNAM calculation,,,FNAM calculation,no,2026-10-09 18:30 ET
ORCL,Oracle,FY2025Q4,2025-05-31,2025-Q2,ttm_pref_proceeds,0,trailing 12 months,FNAM calculation,,,FNAM calculation,no,2026-10-09 18:30 ET
ORCL,Oracle,FY2025Q4,2025-05-31,2025-Q2,ttm_buybacks,600000000,trailing 12 months,FNAM calculation,,,FNAM calculation,no,2026-10-09 18:30 ET
ORCL,Oracle,FY2025Q4,2025-05-31,2025-Q2,ttm_interest_paid,3374000000,trailing 12 months,FNAM calculation,,,FNAM calculation,no,2026-10-09 18:30 ET
ORCL,Oracle,FY2025Q4,2025-05-31,2025-Q2,ttm_dividends,4743000000,trailing 12 months,FNAM calculation,,,FNAM calculation,no,2026-10-09 18:30 ET
ORCL,Oracle,FY2025Q4,2025-05-31,2025-Q2,ttm_ebitda,21545000000,trailing 12 months,FNAM calculation,,,FNAM calculation,no,2026-10-09 18:30 ET
ORCL,Oracle,FY2025Q4,2025-05-31,2025-Q2,ttm_capex_incl_fl,24136000000,trailing 12 months,FNAM calculation,,,FNAM calculation,no,2026-10-09 18:30 ET
ORCL,Oracle,FY2025Q4,2025-05-31,2025-Q2,ttm_fcf,-394000000,trailing 12 months,FNAM calculation,,,FNAM calculation,no,2026-10-09 18:30 ET
ORCL,Oracle,FY2025Q4,2025-05-31,2025-Q2,ttm_capex_ocf,1.0189232025359012,trailing 12 months,FNAM calculation,,,FNAM calculation,no,2026-10-09 18:30 ET
ORCL,Oracle,FY2025Q4,2025-05-31,2025-Q2,ttm_fcf_after_fl,-421000000,trailing 12 months,FNAM calculation,,,FNAM calculation,no,2026-10-09 18:30 ET
ORCL,Oracle,FY2025Q4,2025-05-31,2025-Q2,ttm_int_cov,4.940749021799888,trailing 12 months,FNAM calculation,,,FNAM calculation,no,2026-10-09 18:30 ET
ORCL,Oracle,FY2025Q4,2025-05-31,2025-Q2,ttm_ebitda_int,6.021520402459474,trailing 12 months,FNAM calculation,,,FNAM calculation,no,2026-10-09 18:30 ET
ORCL,Oracle,FY2025Q4,2025-05-31,2025-Q2,ttm_nd_ebitda,3.776514272453005,trailing 12 months,FNAM calculation,,,FNAM calculation,no,2026-10-09 18:30 ET
ORCL,Oracle,FY2025Q4,2025-05-31,2025-Q2,ttm_land_ebitda,4.536969134369923,trailing 12 months,FNAM calculation,,,FNAM calculation,no,2026-10-09 18:30 ET
ORCL,Oracle,FY2026Q1,2025-08-31,2025-Q3,capex_cash,8502000000,quarter,reported,PaymentsToAcquirePropertyPlantAndEquipment,0001193125-26-389274,T1 (XBRL),no,2026-10-09 18:30 ET
ORCL,Oracle,FY2026Q1,2025-08-31,2025-Q3,fl_additions,1122000000,quarter,reported,RightOfUseAssetObtainedInExchangeForFinanceLeaseLiability,0001193125-26-389274,T1 (XBRL),no,2026-10-09 18:30 ET
ORCL,Oracle,FY2026Q1,2025-08-31,2025-Q3,ol_additions,3181000000,quarter,reported,RightOfUseAssetObtainedInExchangeForOperatingLeaseLiability,0001193125-26-389274,T1 (XBRL),no,2026-10-09 18:30 ET
ORCL,Oracle,FY2026Q1,2025-08-31,2025-Q3,fl_principal,86000000,quarter,reported,FinanceLeasePrincipalPayments,0001193125-25-200095,T1 (XBRL),no,2026-10-09 18:30 ET
ORCL,Oracle,FY2026Q1,2025-08-31,2025-Q3,ocf,8140000000,quarter,reported,NetCashProvidedByUsedInOperatingActivities,0001193125-26-389274,T1 (XBRL),no,2026-10-09 18:30 ET
ORCL,Oracle,FY2026Q1,2025-08-31,2025-Q3,op_income,4277000000,quarter,reported,OperatingIncomeLoss,0001193125-26-389274,T1 (XBRL),no,2026-10-09 18:30 ET
ORCL,Oracle,FY2026Q1,2025-08-31,2025-Q3,da,1351000000,quarter,reported,Depreciation,0001193125-26-389274,T1 (XBRL),no,2026-10-09 18:30 ET
ORCL,Oracle,FY2026Q1,2025-08-31,2025-Q3,interest_exp,923000000,quarter,reported,InterestExpense,0001193125-26-389274,T1 (XBRL),no,2026-10-09 18:30 ET
ORCL,Oracle,FY2026Q1,2025-08-31,2025-Q3,debt_proceeds,0,quarter,reported,ProceedsFromIssuanceOfLongTermDebt,0001193125-25-200095,T1 (XBRL),no,2026-10-09 18:30 ET
ORCL,Oracle,FY2026Q1,2025-08-31,2025-Q3,debt_repaid,1052000000,quarter,reported,RepaymentsOfDebt,0001193125-26-389274,T1 (XBRL),no,2026-10-09 18:30 ET
ORCL,Oracle,FY2026Q1,2025-08-31,2025-Q3,equity_proceeds,0,quarter,reported,ProceedsFromIssuanceOfCommonStock,0001193125-26-389274,T1 (XBRL),no,2026-10-09 18:30 ET
ORCL,Oracle,FY2026Q1,2025-08-31,2025-Q3,buybacks,95000000,quarter,reported,PaymentsForRepurchaseOfCommonStock,0001193125-25-200095,T1 (XBRL),no,2026-10-09 18:30 ET
ORCL,Oracle,FY2026Q1,2025-08-31,2025-Q3,dividends,1413000000,quarter,reported,PaymentsOfDividendsCommonStock,0001193125-26-389274,T1 (XBRL),no,2026-10-09 18:30 ET
ORCL,Oracle,FY2026Q1,2025-08-31,2025-Q3,capex_incl_fl,9624000000,quarter,FNAM calculation,,,FNAM calculation,no,2026-10-09 18:30 ET
ORCL,Oracle,FY2026Q1,2025-08-31,2025-Q3,fcf,-362000000,quarter,FNAM calculation,,,FNAM calculation,no,2026-10-09 18:30 ET
ORCL,Oracle,FY2026Q1,2025-08-31,2025-Q3,capex_ocf,1.0444717444717444,ratio,FNAM calculation,,,FNAM calculation,no,2026-10-09 18:30 ET
ORCL,Oracle,FY2026Q1,2025-08-31,2025-Q3,fcf_after_fl,-448000000,quarter,FNAM calculation,,,FNAM calculation,no,2026-10-09 18:30 ET
ORCL,Oracle,FY2026Q1,2025-08-31,2025-Q3,ttm_capex_cash,27414000000,trailing 12 months,FNAM calculation,,,FNAM calculation,no,2026-10-09 18:30 ET
ORCL,Oracle,FY2026Q1,2025-08-31,2025-Q3,ttm_fl_principal,113000000,trailing 12 months,FNAM calculation,,,FNAM calculation,no,2026-10-09 18:30 ET
ORCL,Oracle,FY2026Q1,2025-08-31,2025-Q3,ttm_revenue,59018000000,trailing 12 months,FNAM calculation,,,FNAM calculation,no,2026-10-09 18:30 ET
ORCL,Oracle,FY2026Q1,2025-08-31,2025-Q3,ttm_ocf,21534000000,trailing 12 months,FNAM calculation,,,FNAM calculation,no,2026-10-09 18:30 ET
ORCL,Oracle,FY2026Q1,2025-08-31,2025-Q3,ttm_op_income,17964000000,trailing 12 months,FNAM calculation,,,FNAM calculation,no,2026-10-09 18:30 ET
ORCL,Oracle,FY2026Q1,2025-08-31,2025-Q3,ttm_da,4414000000,trailing 12 months,FNAM calculation,,,FNAM calculation,no,2026-10-09 18:30 ET
ORCL,Oracle,FY2026Q1,2025-08-31,2025-Q3,ttm_interest_exp,3659000000,trailing 12 months,FNAM calculation,,,FNAM calculation,no,2026-10-09 18:30 ET
ORCL,Oracle,FY2026Q1,2025-08-31,2025-Q3,ttm_debt_proceeds,13921000000,trailing 12 months,FNAM calculation,,,FNAM calculation,no,2026-10-09 18:30 ET
ORCL,Oracle,FY2026Q1,2025-08-31,2025-Q3,ttm_debt_repaid,9263000000,trailing 12 months,FNAM calculation,,,FNAM calculation,no,2026-10-09 18:30 ET
ORCL,Oracle,FY2026Q1,2025-08-31,2025-Q3,ttm_equity_proceeds,474000000,trailing 12 months,FNAM calculation,,,FNAM calculation,no,2026-10-09 18:30 ET
ORCL,Oracle,FY2026Q1,2025-08-31,2025-Q3,ttm_buybacks,545000000,trailing 12 months,FNAM calculation,,,FNAM calculation,no,2026-10-09 18:30 ET
ORCL,Oracle,FY2026Q1,2025-08-31,2025-Q3,ttm_dividends,5053000000,trailing 12 months,FNAM calculation,,,FNAM calculation,no,2026-10-09 18:30 ET
ORCL,Oracle,FY2026Q1,2025-08-31,2025-Q3,ttm_ebitda,22378000000,trailing 12 months,FNAM calculation,,,FNAM calculation,no,2026-10-09 18:30 ET
ORCL,Oracle,FY2026Q1,2025-08-31,2025-Q3,ttm_fcf,-5880000000,trailing 12 months,FNAM calculation,,,FNAM calculation,no,2026-10-09 18:30 ET
ORCL,Oracle,FY2026Q1,2025-08-31,2025-Q3,ttm_capex_ocf,1.2730565617163556,trailing 12 months,FNAM calculation,,,FNAM calculation,no,2026-10-09 18:30 ET
ORCL,Oracle,FY2026Q1,2025-08-31,2025-Q3,ttm_fcf_after_fl,-5993000000,trailing 12 months,FNAM calculation,,,FNAM calculation,no,2026-10-09 18:30 ET
ORCL,Oracle,FY2026Q1,2025-08-31,2025-Q3,ttm_int_cov,4.909538125170812,trailing 12 months,FNAM calculation,,,FNAM calculation,no,2026-10-09 18:30 ET
ORCL,Oracle,FY2026Q1,2025-08-31,2025-Q3,ttm_ebitda_int,6.11587865537032,trailing 12 months,FNAM calculation,,,FNAM calculation,no,2026-10-09 18:30 ET
ORCL,Oracle,FY2026Q1,2025-08-31,2025-Q3,ttm_nd_ebitda,3.5887925641254803,trailing 12 months,FNAM calculation,,,FNAM calculation,no,2026-10-09 18:30 ET
ORCL,Oracle,FY2026Q1,2025-08-31,2025-Q3,ttm_land_ebitda,4.4962463133434625,trailing 12 months,FNAM calculation,,,FNAM calculation,no,2026-10-09 18:30 ET
ORCL,Oracle,FY2026Q2,2025-11-30,2025-Q4,capex_cash,12033000000,quarter,ytd_subtraction,PaymentsToAcquirePropertyPlantAndEquipment,0001193125-25-315925 0001193125-26-389274,T1 (XBRL),no,2026-10-09 18:30 ET
ORCL,Oracle,FY2026Q2,2025-11-30,2025-Q4,fl_principal,113000000,quarter,ytd_subtraction,FinanceLeasePrincipalPayments,0001193125-25-315925 0001193125-25-200095,T1 (XBRL),no,2026-10-09 18:30 ET
ORCL,Oracle,FY2026Q2,2025-11-30,2025-Q4,ocf,2066000000,quarter,ytd_subtraction,NetCashProvidedByUsedInOperatingActivities,0001193125-25-315925 0001193125-26-389274,T1 (XBRL),no,2026-10-09 18:30 ET
ORCL,Oracle,FY2026Q2,2025-11-30,2025-Q4,op_income,4731000000,quarter,reported,OperatingIncomeLoss,0001193125-25-315925,T1 (XBRL),no,2026-10-09 18:30 ET
ORCL,Oracle,FY2026Q2,2025-11-30,2025-Q4,da,1704000000,quarter,ytd_subtraction,Depreciation,0001193125-25-315925 0001193125-26-389274,T1 (XBRL),no,2026-10-09 18:30 ET
ORCL,Oracle,FY2026Q2,2025-11-30,2025-Q4,interest_exp,1057000000,quarter,reported,InterestExpense,0001193125-25-315925,T1 (XBRL),no,2026-10-09 18:30 ET
ORCL,Oracle,FY2026Q2,2025-11-30,2025-Q4,debt_proceeds,17880000000,quarter,ytd_subtraction,ProceedsFromIssuanceOfSeniorLongTermDebt − ProceedsFromIssuanceOfLongTermDebt,0001193125-25-315925 0001193125-25-200095,T1 (XBRL),no,2026-10-09 18:30 ET
ORCL,Oracle,FY2026Q2,2025-11-30,2025-Q4,debt_repaid,1070000000,quarter,ytd_subtraction,RepaymentsOfDebt,0001193125-25-315925 0001193125-26-389274,T1 (XBRL),no,2026-10-09 18:30 ET
ORCL,Oracle,FY2026Q2,2025-11-30,2025-Q4,equity_proceeds,1308000000,quarter,ytd_subtraction,ProceedsFromIssuanceOfCommonStock,0001193125-25-315925 0001193125-26-389274,T1 (XBRL),yes,2026-10-09 18:30 ET
ORCL,Oracle,FY2026Q2,2025-11-30,2025-Q4,buybacks,0,quarter,ytd_subtraction,PaymentsForRepurchaseOfCommonStock,0001193125-25-315925 0001193125-25-200095,T1 (XBRL),no,2026-10-09 18:30 ET
ORCL,Oracle,FY2026Q2,2025-11-30,2025-Q4,dividends,1435000000,quarter,ytd_subtraction,PaymentsOfDividendsCommonStock,0001193125-25-315925 0001193125-26-389274,T1 (XBRL),no,2026-10-09 18:30 ET
ORCL,Oracle,FY2026Q2,2025-11-30,2025-Q4,fcf,-9967000000,quarter,FNAM calculation,,,FNAM calculation,no,2026-10-09 18:30 ET
ORCL,Oracle,FY2026Q2,2025-11-30,2025-Q4,capex_ocf,5.8242981606969995,ratio,FNAM calculation,,,FNAM calculation,no,2026-10-09 18:30 ET
ORCL,Oracle,FY2026Q2,2025-11-30,2025-Q4,fcf_after_fl,-10080000000,quarter,FNAM calculation,,,FNAM calculation,no,2026-10-09 18:30 ET
ORCL,Oracle,FY2026Q2,2025-11-30,2025-Q4,ttm_capex_cash,35477000000,trailing 12 months,FNAM calculation,,,FNAM calculation,no,2026-10-09 18:30 ET
ORCL,Oracle,FY2026Q2,2025-11-30,2025-Q4,ttm_fl_principal,226000000,trailing 12 months,FNAM calculation,,,FNAM calculation,no,2026-10-09 18:30 ET
ORCL,Oracle,FY2026Q2,2025-11-30,2025-Q4,ttm_revenue,61017000000,trailing 12 months,FNAM calculation,,,FNAM calculation,no,2026-10-09 18:30 ET
ORCL,Oracle,FY2026Q2,2025-11-30,2025-Q4,ttm_ocf,22296000000,trailing 12 months,FNAM calculation,,,FNAM calculation,no,2026-10-09 18:30 ET
ORCL,Oracle,FY2026Q2,2025-11-30,2025-Q4,ttm_op_income,18475000000,trailing 12 months,FNAM calculation,,,FNAM calculation,no,2026-10-09 18:30 ET
ORCL,Oracle,FY2026Q2,2025-11-30,2025-Q4,ttm_da,5210000000,trailing 12 months,FNAM calculation,,,FNAM calculation,no,2026-10-09 18:30 ET
ORCL,Oracle,FY2026Q2,2025-11-30,2025-Q4,ttm_interest_exp,3850000000,trailing 12 months,FNAM calculation,,,FNAM calculation,no,2026-10-09 18:30 ET
ORCL,Oracle,FY2026Q2,2025-11-30,2025-Q4,ttm_debt_proceeds,25591000000,trailing 12 months,FNAM calculation,,,FNAM calculation,no,2026-10-09 18:30 ET
ORCL,Oracle,FY2026Q2,2025-11-30,2025-Q4,ttm_debt_repaid,8263000000,trailing 12 months,FNAM calculation,,,FNAM calculation,no,2026-10-09 18:30 ET
ORCL,Oracle,FY2026Q2,2025-11-30,2025-Q4,ttm_equity_proceeds,1654000000,trailing 12 months,FNAM calculation,,,FNAM calculation,no,2026-10-09 18:30 ET
ORCL,Oracle,FY2026Q2,2025-11-30,2025-Q4,ttm_buybacks,395000000,trailing 12 months,FNAM calculation,,,FNAM calculation,no,2026-10-09 18:30 ET
ORCL,Oracle,FY2026Q2,2025-11-30,2025-Q4,ttm_dividends,5370000000,trailing 12 months,FNAM calculation,,,FNAM calculation,no,2026-10-09 18:30 ET
ORCL,Oracle,FY2026Q2,2025-11-30,2025-Q4,ttm_ebitda,23685000000,trailing 12 months,FNAM calculation,,,FNAM calculation,no,2026-10-09 18:30 ET
ORCL,Oracle,FY2026Q2,2025-11-30,2025-Q4,ttm_fcf,-13181000000,trailing 12 months,FNAM calculation,,,FNAM calculation,no,2026-10-09 18:30 ET
ORCL,Oracle,FY2026Q2,2025-11-30,2025-Q4,ttm_capex_ocf,1.5911822748475062,trailing 12 months,FNAM calculation,,,FNAM calculation,no,2026-10-09 18:30 ET
ORCL,Oracle,FY2026Q2,2025-11-30,2025-Q4,ttm_fcf_after_fl,-13407000000,trailing 12 months,FNAM calculation,,,FNAM calculation,no,2026-10-09 18:30 ET
ORCL,Oracle,FY2026Q2,2025-11-30,2025-Q4,ttm_int_cov,4.798701298701299,trailing 12 months,FNAM calculation,,,FNAM calculation,no,2026-10-09 18:30 ET
ORCL,Oracle,FY2026Q2,2025-11-30,2025-Q4,ttm_ebitda_int,6.151948051948052,trailing 12 months,FNAM calculation,,,FNAM calculation,no,2026-10-09 18:30 ET
ORCL,Oracle,FY2026Q2,2025-11-30,2025-Q4,ttm_nd_ebitda,3.7284779396242347,trailing 12 months,FNAM calculation,,,FNAM calculation,no,2026-10-09 18:30 ET
ORCL,Oracle,FY2026Q2,2025-11-30,2025-Q4,ttm_land_ebitda,4.7272113151783826,trailing 12 months,FNAM calculation,,,FNAM calculation,no,2026-10-09 18:30 ET
ORCL,Oracle,FY2026Q3,2026-02-28,2026-Q1,capex_cash,18635000000,quarter,ytd_subtraction,PaymentsToAcquirePropertyPlantAndEquipment,0001193125-26-101045 0001193125-25-315925,T1 (XBRL),no,2026-10-09 18:30 ET
ORCL,Oracle,FY2026Q3,2026-02-28,2026-Q1,fl_principal,87000000,quarter,ytd_subtraction,FinanceLeasePrincipalPayments,0001193125-26-101045 0001193125-25-315925,T1 (XBRL),no,2026-10-09 18:30 ET
ORCL,Oracle,FY2026Q3,2026-02-28,2026-Q1,ocf,7151000000,quarter,ytd_subtraction,NetCashProvidedByUsedInOperatingActivities,0001193125-26-101045 0001193125-25-315925,T1 (XBRL),no,2026-10-09 18:30 ET
ORCL,Oracle,FY2026Q3,2026-02-28,2026-Q1,op_income,5464000000,quarter,reported,OperatingIncomeLoss,0001193125-26-101045,T1 (XBRL),no,2026-10-09 18:30 ET
ORCL,Oracle,FY2026Q3,2026-02-28,2026-Q1,da,2153000000,quarter,ytd_subtraction,Depreciation,0001193125-26-101045 0001193125-25-315925,T1 (XBRL),no,2026-10-09 18:30 ET
ORCL,Oracle,FY2026Q3,2026-02-28,2026-Q1,interest_exp,1180000000,quarter,reported,InterestExpense,0001193125-26-101045,T1 (XBRL),no,2026-10-09 18:30 ET
ORCL,Oracle,FY2026Q3,2026-02-28,2026-Q1,debt_proceeds,26664000000,quarter,ytd_subtraction,ProceedsFromIssuanceOfSeniorLongTermDebt,0001193125-26-101045 0001193125-25-315925,T1 (XBRL),no,2026-10-09 18:30 ET
ORCL,Oracle,FY2026Q3,2026-02-28,2026-Q1,debt_repaid,71000000,quarter,ytd_subtraction,RepaymentsOfDebt,0001193125-26-101045 0001193125-25-315925,T1 (XBRL),no,2026-10-09 18:30 ET
ORCL,Oracle,FY2026Q3,2026-02-28,2026-Q1,equity_proceeds,9000000,quarter,ytd_subtraction,ProceedsFromIssuanceOfCommonStock,0001193125-26-101045 0001193125-25-315925,T1 (XBRL),no,2026-10-09 18:30 ET
ORCL,Oracle,FY2026Q3,2026-02-28,2026-Q1,buybacks,0,quarter,ytd_subtraction,PaymentsForRepurchaseOfCommonStock,0001193125-26-101045 0001193125-25-315925,T1 (XBRL),no,2026-10-09 18:30 ET
ORCL,Oracle,FY2026Q3,2026-02-28,2026-Q1,dividends,1437000000,quarter,ytd_subtraction,PaymentsOfDividendsCommonStock,0001193125-26-101045 0001193125-25-315925,T1 (XBRL),no,2026-10-09 18:30 ET
ORCL,Oracle,FY2026Q3,2026-02-28,2026-Q1,fcf,-11484000000,quarter,FNAM calculation,,,FNAM calculation,no,2026-10-09 18:30 ET
ORCL,Oracle,FY2026Q3,2026-02-28,2026-Q1,capex_ocf,2.6059292406656414,ratio,FNAM calculation,,,FNAM calculation,no,2026-10-09 18:30 ET
ORCL,Oracle,FY2026Q3,2026-02-28,2026-Q1,fcf_after_fl,-11571000000,quarter,FNAM calculation,,,FNAM calculation,no,2026-10-09 18:30 ET
ORCL,Oracle,FY2026Q3,2026-02-28,2026-Q1,ttm_capex_cash,48250000000,trailing 12 months,FNAM calculation,,,FNAM calculation,no,2026-10-09 18:30 ET
ORCL,Oracle,FY2026Q3,2026-02-28,2026-Q1,ttm_fl_principal,305000000,trailing 12 months,FNAM calculation,,,FNAM calculation,no,2026-10-09 18:30 ET
ORCL,Oracle,FY2026Q3,2026-02-28,2026-Q1,ttm_revenue,64077000000,trailing 12 months,FNAM calculation,,,FNAM calculation,no,2026-10-09 18:30 ET
ORCL,Oracle,FY2026Q3,2026-02-28,2026-Q1,ttm_ocf,23514000000,trailing 12 months,FNAM calculation,,,FNAM calculation,no,2026-10-09 18:30 ET
ORCL,Oracle,FY2026Q3,2026-02-28,2026-Q1,ttm_op_income,19581000000,trailing 12 months,FNAM calculation,,,FNAM calculation,no,2026-10-09 18:30 ET
ORCL,Oracle,FY2026Q3,2026-02-28,2026-Q1,ttm_da,6360000000,trailing 12 months,FNAM calculation,,,FNAM calculation,no,2026-10-09 18:30 ET
ORCL,Oracle,FY2026Q3,2026-02-28,2026-Q1,ttm_interest_exp,4138000000,trailing 12 months,FNAM calculation,,,FNAM calculation,no,2026-10-09 18:30 ET
ORCL,Oracle,FY2026Q3,2026-02-28,2026-Q1,ttm_debt_proceeds,44544000000,trailing 12 months,FNAM calculation,,,FNAM calculation,no,2026-10-09 18:30 ET
ORCL,Oracle,FY2026Q3,2026-02-28,2026-Q1,ttm_debt_repaid,8263000000,trailing 12 months,FNAM calculation,,,FNAM calculation,no,2026-10-09 18:30 ET
ORCL,Oracle,FY2026Q3,2026-02-28,2026-Q1,ttm_equity_proceeds,1450000000,trailing 12 months,FNAM calculation,,,FNAM calculation,no,2026-10-09 18:30 ET
ORCL,Oracle,FY2026Q3,2026-02-28,2026-Q1,ttm_buybacks,245000000,trailing 12 months,FNAM calculation,,,FNAM calculation,no,2026-10-09 18:30 ET
ORCL,Oracle,FY2026Q3,2026-02-28,2026-Q1,ttm_dividends,5688000000,trailing 12 months,FNAM calculation,,,FNAM calculation,no,2026-10-09 18:30 ET
ORCL,Oracle,FY2026Q3,2026-02-28,2026-Q1,ttm_ebitda,25941000000,trailing 12 months,FNAM calculation,,,FNAM calculation,no,2026-10-09 18:30 ET
ORCL,Oracle,FY2026Q3,2026-02-28,2026-Q1,ttm_fcf,-24736000000,trailing 12 months,FNAM calculation,,,FNAM calculation,no,2026-10-09 18:30 ET
ORCL,Oracle,FY2026Q3,2026-02-28,2026-Q1,ttm_capex_ocf,2.0519690397210173,trailing 12 months,FNAM calculation,,,FNAM calculation,no,2026-10-09 18:30 ET
ORCL,Oracle,FY2026Q3,2026-02-28,2026-Q1,ttm_fcf_after_fl,-25041000000,trailing 12 months,FNAM calculation,,,FNAM calculation,no,2026-10-09 18:30 ET
ORCL,Oracle,FY2026Q3,2026-02-28,2026-Q1,ttm_int_cov,4.731996133397777,trailing 12 months,FNAM calculation,,,FNAM calculation,no,2026-10-09 18:30 ET
ORCL,Oracle,FY2026Q3,2026-02-28,2026-Q1,ttm_ebitda_int,6.268970517158047,trailing 12 months,FNAM calculation,,,FNAM calculation,no,2026-10-09 18:30 ET
ORCL,Oracle,FY2026Q3,2026-02-28,2026-Q1,ttm_nd_ebitda,3.680390116032535,trailing 12 months,FNAM calculation,,,FNAM calculation,no,2026-10-09 18:30 ET
ORCL,Oracle,FY2026Q3,2026-02-28,2026-Q1,ttm_land_ebitda,4.74280097143518,trailing 12 months,FNAM calculation,,,FNAM calculation,no,2026-10-09 18:30 ET
ORCL,Oracle,FY2026Q4,2026-05-31,2026-Q2,capex_cash,16493000000,quarter,fy_minus_9m,PaymentsToAcquirePropertyPlantAndEquipment,0001193125-26-277521 0001193125-26-101045,T1 (XBRL),no,2026-10-09 18:30 ET
ORCL,Oracle,FY2026Q4,2026-05-31,2026-Q2,fl_additions,1527000000,quarter,fy_minus_9m,RightOfUseAssetObtainedInExchangeForFinanceLeaseLiability,0001193125-26-277521 0001193125-26-101045,T1 (XBRL),no,2026-10-09 18:30 ET
ORCL,Oracle,FY2026Q4,2026-05-31,2026-Q2,ol_additions,9409000000,quarter,fy_minus_9m,RightOfUseAssetObtainedInExchangeForOperatingLeaseLiability,0001193125-26-277521 0001193125-26-101045,T1 (XBRL),no,2026-10-09 18:30 ET
ORCL,Oracle,FY2026Q4,2026-05-31,2026-Q2,ocf,14620000000,quarter,fy_minus_9m,NetCashProvidedByUsedInOperatingActivities,0001193125-26-277521 0001193125-26-101045,T1 (XBRL),no,2026-10-09 18:30 ET
ORCL,Oracle,FY2026Q4,2026-05-31,2026-Q2,op_income,6133000000,quarter,fy_minus_9m,OperatingIncomeLoss,0001193125-26-277521 0001193125-26-101045,T1 (XBRL),no,2026-10-09 18:30 ET
ORCL,Oracle,FY2026Q4,2026-05-31,2026-Q2,da,2415000000,quarter,fy_minus_9m,Depreciation,0001193125-26-277521 0001193125-26-101045,T1 (XBRL),no,2026-10-09 18:30 ET
ORCL,Oracle,FY2026Q4,2026-05-31,2026-Q2,interest_exp,1439000000,quarter,fy_minus_9m,InterestExpense,0001193125-26-277521 0001193125-26-101045,T1 (XBRL),no,2026-10-09 18:30 ET
ORCL,Oracle,FY2026Q4,2026-05-31,2026-Q2,debt_proceeds,1549000000,quarter,fy_minus_9m,ProceedsFromIssuanceOfSeniorLongTermDebt,0001193125-26-277521 0001193125-26-101045,T1 (XBRL),no,2026-10-09 18:30 ET
ORCL,Oracle,FY2026Q4,2026-05-31,2026-Q2,debt_repaid,4749000000,quarter,fy_minus_9m,RepaymentsOfDebt,0001193125-26-277521 0001193125-26-101045,T1 (XBRL),no,2026-10-09 18:30 ET
ORCL,Oracle,FY2026Q4,2026-05-31,2026-Q2,equity_proceeds,132000000,quarter,fy_minus_9m,ProceedsFromIssuanceOfCommonStock,0001193125-26-277521 0001193125-26-101045,T1 (XBRL),no,2026-10-09 18:30 ET
ORCL,Oracle,FY2026Q4,2026-05-31,2026-Q2,pref_proceeds,0,quarter,fy_minus_9m,ProceedsFromIssuanceOfConvertiblePreferredStock,0001193125-26-277521 0001193125-26-101045,T1 (XBRL),no,2026-10-09 18:30 ET
ORCL,Oracle,FY2026Q4,2026-05-31,2026-Q2,buybacks,0,quarter,fy_minus_9m,PaymentsForRepurchaseOfCommonStock,0001193125-26-277521 0001193125-26-101045,T1 (XBRL),no,2026-10-09 18:30 ET
ORCL,Oracle,FY2026Q4,2026-05-31,2026-Q2,dividends,1502000000,quarter,fy_minus_9m,PaymentsOfDividendsCommonStock,0001193125-26-277521 0001193125-26-101045,T1 (XBRL),no,2026-10-09 18:30 ET
ORCL,Oracle,FY2026Q4,2026-05-31,2026-Q2,capex_incl_fl,18020000000,quarter,FNAM calculation,,,FNAM calculation,no,2026-10-09 18:30 ET
ORCL,Oracle,FY2026Q4,2026-05-31,2026-Q2,fcf,-1873000000,quarter,FNAM calculation,,,FNAM calculation,no,2026-10-09 18:30 ET
ORCL,Oracle,FY2026Q4,2026-05-31,2026-Q2,capex_ocf,1.128112175102599,ratio,FNAM calculation,,,FNAM calculation,no,2026-10-09 18:30 ET
ORCL,Oracle,FY2026Q4,2026-05-31,2026-Q2,ttm_capex_cash,55663000000,trailing 12 months,FNAM calculation,,,FNAM calculation,no,2026-10-09 18:30 ET
ORCL,Oracle,FY2026Q4,2026-05-31,2026-Q2,ttm_fl_additions,4946000000,trailing 12 months,FNAM calculation,,,FNAM calculation,no,2026-10-09 18:30 ET
ORCL,Oracle,FY2026Q4,2026-05-31,2026-Q2,ttm__fromFY,"fl_additions,ol_additions,cp_net,pref_proceeds,interest_paid",trailing 12 months,FNAM calculation,,,FNAM calculation,no,2026-10-09 18:30 ET
ORCL,Oracle,FY2026Q4,2026-05-31,2026-Q2,ttm_ol_additions,18246000000,trailing 12 months,FNAM calculation,,,FNAM calculation,no,2026-10-09 18:30 ET
ORCL,Oracle,FY2026Q4,2026-05-31,2026-Q2,ttm_revenue,67358000000,trailing 12 months,FNAM calculation,,,FNAM calculation,no,2026-10-09 18:30 ET
ORCL,Oracle,FY2026Q4,2026-05-31,2026-Q2,ttm_ocf,31977000000,trailing 12 months,FNAM calculation,,,FNAM calculation,no,2026-10-09 18:30 ET
ORCL,Oracle,FY2026Q4,2026-05-31,2026-Q2,ttm_op_income,20605000000,trailing 12 months,FNAM calculation,,,FNAM calculation,no,2026-10-09 18:30 ET
ORCL,Oracle,FY2026Q4,2026-05-31,2026-Q2,ttm_da,7623000000,trailing 12 months,FNAM calculation,,,FNAM calculation,no,2026-10-09 18:30 ET
ORCL,Oracle,FY2026Q4,2026-05-31,2026-Q2,ttm_interest_exp,4599000000,trailing 12 months,FNAM calculation,,,FNAM calculation,no,2026-10-09 18:30 ET
ORCL,Oracle,FY2026Q4,2026-05-31,2026-Q2,ttm_debt_proceeds,46093000000,trailing 12 months,FNAM calculation,,,FNAM calculation,no,2026-10-09 18:30 ET
ORCL,Oracle,FY2026Q4,2026-05-31,2026-Q2,ttm_debt_repaid,6942000000,trailing 12 months,FNAM calculation,,,FNAM calculation,no,2026-10-09 18:30 ET
ORCL,Oracle,FY2026Q4,2026-05-31,2026-Q2,ttm_cp_net,-2285000000,trailing 12 months,FNAM calculation,,,FNAM calculation,no,2026-10-09 18:30 ET
ORCL,Oracle,FY2026Q4,2026-05-31,2026-Q2,ttm_equity_proceeds,1449000000,trailing 12 months,FNAM calculation,,,FNAM calculation,no,2026-10-09 18:30 ET
ORCL,Oracle,FY2026Q4,2026-05-31,2026-Q2,ttm_pref_proceeds,4954000000,trailing 12 months,FNAM calculation,,,FNAM calculation,no,2026-10-09 18:30 ET
ORCL,Oracle,FY2026Q4,2026-05-31,2026-Q2,ttm_buybacks,95000000,trailing 12 months,FNAM calculation,,,FNAM calculation,no,2026-10-09 18:30 ET
ORCL,Oracle,FY2026Q4,2026-05-31,2026-Q2,ttm_interest_paid,3896000000,trailing 12 months,FNAM calculation,,,FNAM calculation,no,2026-10-09 18:30 ET
ORCL,Oracle,FY2026Q4,2026-05-31,2026-Q2,ttm_dividends,5787000000,trailing 12 months,FNAM calculation,,,FNAM calculation,no,2026-10-09 18:30 ET
ORCL,Oracle,FY2026Q4,2026-05-31,2026-Q2,ttm_ebitda,28228000000,trailing 12 months,FNAM calculation,,,FNAM calculation,no,2026-10-09 18:30 ET
ORCL,Oracle,FY2026Q4,2026-05-31,2026-Q2,ttm_capex_incl_fl,60609000000,trailing 12 months,FNAM calculation,,,FNAM calculation,no,2026-10-09 18:30 ET
ORCL,Oracle,FY2026Q4,2026-05-31,2026-Q2,ttm_fcf,-23686000000,trailing 12 months,FNAM calculation,,,FNAM calculation,no,2026-10-09 18:30 ET
ORCL,Oracle,FY2026Q4,2026-05-31,2026-Q2,ttm_capex_ocf,1.7407198924226788,trailing 12 months,FNAM calculation,,,FNAM calculation,no,2026-10-09 18:30 ET
ORCL,Oracle,FY2026Q4,2026-05-31,2026-Q2,ttm_int_cov,4.480321809088933,trailing 12 months,FNAM calculation,,,FNAM calculation,no,2026-10-09 18:30 ET
ORCL,Oracle,FY2026Q4,2026-05-31,2026-Q2,ttm_ebitda_int,6.137856055664275,trailing 12 months,FNAM calculation,,,FNAM calculation,no,2026-10-09 18:30 ET
ORCL,Oracle,FY2026Q4,2026-05-31,2026-Q2,ttm_nd_ebitda,3.4592248830947994,trailing 12 months,FNAM calculation,,,FNAM calculation,no,2026-10-09 18:30 ET
ORCL,Oracle,FY2026Q4,2026-05-31,2026-Q2,ttm_land_ebitda,4.8015445656794675,trailing 12 months,FNAM calculation,,,FNAM calculation,no,2026-10-09 18:30 ET
ORCL,Oracle,FY2027Q1,2026-08-31,2026-Q3,capex_cash,28499000000,quarter,reported,PaymentsToAcquirePropertyPlantAndEquipment,0001193125-26-389274,T1 (XBRL),no,2026-10-09 18:30 ET
ORCL,Oracle,FY2027Q1,2026-08-31,2026-Q3,fl_additions,1539000000,quarter,reported,RightOfUseAssetObtainedInExchangeForFinanceLeaseLiability,0001193125-26-389274,T1 (XBRL),no,2026-10-09 18:30 ET
ORCL,Oracle,FY2027Q1,2026-08-31,2026-Q3,ol_additions,4903000000,quarter,reported,RightOfUseAssetObtainedInExchangeForOperatingLeaseLiability,0001193125-26-389274,T1 (XBRL),no,2026-10-09 18:30 ET
ORCL,Oracle,FY2027Q1,2026-08-31,2026-Q3,ocf,23103000000,quarter,reported,NetCashProvidedByUsedInOperatingActivities,0001193125-26-389274,T1 (XBRL),no,2026-10-09 18:30 ET
ORCL,Oracle,FY2027Q1,2026-08-31,2026-Q3,op_income,6728000000,quarter,reported,OperatingIncomeLoss,0001193125-26-389274,T1 (XBRL),no,2026-10-09 18:30 ET
ORCL,Oracle,FY2027Q1,2026-08-31,2026-Q3,da,3156000000,quarter,reported,Depreciation,0001193125-26-389274,T1 (XBRL),no,2026-10-09 18:30 ET
ORCL,Oracle,FY2027Q1,2026-08-31,2026-Q3,interest_exp,1428000000,quarter,reported,InterestExpense,0001193125-26-389274,T1 (XBRL),no,2026-10-09 18:30 ET
ORCL,Oracle,FY2027Q1,2026-08-31,2026-Q3,debt_repaid,4202000000,quarter,reported,RepaymentsOfDebt,0001193125-26-389274,T1 (XBRL),no,2026-10-09 18:30 ET
ORCL,Oracle,FY2027Q1,2026-08-31,2026-Q3,equity_proceeds,19909000000,quarter,reported,ProceedsFromIssuanceOfCommonStock,0001193125-26-389274,T1 (XBRL),no,2026-10-09 18:30 ET
ORCL,Oracle,FY2027Q1,2026-08-31,2026-Q3,dividends,1565000000,quarter,reported,PaymentsOfDividendsCommonStock,0001193125-26-389274,T1 (XBRL),no,2026-10-09 18:30 ET
ORCL,Oracle,FY2027Q1,2026-08-31,2026-Q3,capex_incl_fl,30038000000,quarter,FNAM calculation,,,FNAM calculation,no,2026-10-09 18:30 ET
ORCL,Oracle,FY2027Q1,2026-08-31,2026-Q3,fcf,-5396000000,quarter,FNAM calculation,,,FNAM calculation,no,2026-10-09 18:30 ET
ORCL,Oracle,FY2027Q1,2026-08-31,2026-Q3,capex_ocf,1.233562740769597,ratio,FNAM calculation,,,FNAM calculation,no,2026-10-09 18:30 ET
ORCL,Oracle,FY2027Q1,2026-08-31,2026-Q3,ttm_capex_cash,75660000000,trailing 12 months,FNAM calculation,,,FNAM calculation,no,2026-10-09 18:30 ET
ORCL,Oracle,FY2027Q1,2026-08-31,2026-Q3,ttm_revenue,71777000000,trailing 12 months,FNAM calculation,,,FNAM calculation,no,2026-10-09 18:30 ET
ORCL,Oracle,FY2027Q1,2026-08-31,2026-Q3,ttm_ocf,46940000000,trailing 12 months,FNAM calculation,,,FNAM calculation,no,2026-10-09 18:30 ET
ORCL,Oracle,FY2027Q1,2026-08-31,2026-Q3,ttm_op_income,23056000000,trailing 12 months,FNAM calculation,,,FNAM calculation,no,2026-10-09 18:30 ET
ORCL,Oracle,FY2027Q1,2026-08-31,2026-Q3,ttm_da,9428000000,trailing 12 months,FNAM calculation,,,FNAM calculation,no,2026-10-09 18:30 ET
ORCL,Oracle,FY2027Q1,2026-08-31,2026-Q3,ttm_interest_exp,5104000000,trailing 12 months,FNAM calculation,,,FNAM calculation,no,2026-10-09 18:30 ET
ORCL,Oracle,FY2027Q1,2026-08-31,2026-Q3,ttm_debt_repaid,10092000000,trailing 12 months,FNAM calculation,,,FNAM calculation,no,2026-10-09 18:30 ET
ORCL,Oracle,FY2027Q1,2026-08-31,2026-Q3,ttm_equity_proceeds,21358000000,trailing 12 months,FNAM calculation,,,FNAM calculation,no,2026-10-09 18:30 ET
ORCL,Oracle,FY2027Q1,2026-08-31,2026-Q3,ttm_dividends,5939000000,trailing 12 months,FNAM calculation,,,FNAM calculation,no,2026-10-09 18:30 ET
ORCL,Oracle,FY2027Q1,2026-08-31,2026-Q3,ttm_ebitda,32484000000,trailing 12 months,FNAM calculation,,,FNAM calculation,no,2026-10-09 18:30 ET
ORCL,Oracle,FY2027Q1,2026-08-31,2026-Q3,ttm_fcf,-28720000000,trailing 12 months,FNAM calculation,,,FNAM calculation,no,2026-10-09 18:30 ET
ORCL,Oracle,FY2027Q1,2026-08-31,2026-Q3,ttm_capex_ocf,1.611844908393694,trailing 12 months,FNAM calculation,,,FNAM calculation,no,2026-10-09 18:30 ET
ORCL,Oracle,FY2027Q1,2026-08-31,2026-Q3,ttm_int_cov,4.517241379310345,trailing 12 months,FNAM calculation,,,FNAM calculation,no,2026-10-09 18:30 ET
ORCL,Oracle,FY2027Q1,2026-08-31,2026-Q3,ttm_ebitda_int,6.364420062695925,trailing 12 months,FNAM calculation,,,FNAM calculation,no,2026-10-09 18:30 ET
ORCL,Oracle,FY2027Q1,2026-08-31,2026-Q3,ttm_nd_ebitda,2.7170299224233467,trailing 12 months,FNAM calculation,,,FNAM calculation,no,2026-10-09 18:30 ET
ORCL,Oracle,FY2027Q1,2026-08-31,2026-Q3,ttm_land_ebitda,4.0655707425193945,trailing 12 months,FNAM calculation,,,FNAM calculation,no,2026-10-09 18:30 ET
